index,Wind.speed.me,Wind.dir.sin.me,Wind.dir.cos.me,Nacelle.ambient.temp.me,turbine
80,2.9236559867858887,0.575560980304192,0.8177588629610061,16.75,1
161,3.1522581577301025,0.9678450084634129,0.25154729096624384,13.670000076293944,1
173,3.685706377029419,0.823302507906324,0.5676028369160582,12.97249984741211,1
403,6.423376560211182,0.20979391250620782,-0.9777456286147934,16.40999984741211,1
455,4.208030223846436,-0.3063910629102819,-0.9519057288243976,15.40999984741211,1
557,6.1475443840026855,-0.15741236093450137,-0.9875329607790447,14.3725004196167,1
762,5.808228492736816,-0.4937437305938626,-0.8696074565568394,10.922499656677246,1
776,5.115053176879883,-0.7078857827943121,-0.7063269204254388,13.627500534057615,1
832,6.869390964508057,-0.077371581148571,-0.9970023261911529,14.600000381469728,1
904,5.889284610748291,0.05676936307861909,-0.9983873193383658,14.449999809265137,1
1021,9.774913787841797,-0.8102040786347973,-0.5861478917163647,14.570000648498535,1
1049,7.70147180557251,-0.8986131313610354,-0.4387418832816335,13.199999809265137,1
1092,12.606940269470217,-0.9950502572882233,-0.09937296146659132,15.015000343322754,1
1101,7.759975910186768,-0.9999558012987666,0.009401885392925425,14.300000190734863,1
1141,7.546468734741211,-0.9788226423140037,-0.204710124061884,11.0,1
1159,7.736791610717773,-0.9952035550336071,0.09782578416997233,9.994999885559082,1
1169,7.998583316802978,-0.9442748346841927,0.32915807233324923,9.93333339691162,1
1189,6.999754428863525,-0.9979590627884665,-0.0638569416615418,9.984999656677246,1
1204,7.574865341186523,-0.9891252593053017,0.1470755635862727,11.855000495910645,1
1297,7.942129135131836,-0.9487593018392906,-0.3159996632489058,10.19499969482422,1
1359,9.573373794555664,-0.892674153200258,-0.4507026250291897,12.640000343322754,1
1382,8.03071117401123,-0.8804977811272788,-0.4740502688849977,14.342499732971191,1
1442,13.928715705871582,-0.8842876488401955,-0.4669425597529947,13.317500114440918,1
1465,12.67867374420166,-0.9541065505078734,-0.29946734425971516,15.399999618530272,1
1493,7.114635467529297,-0.8441275737713021,0.5361423684050486,12.322500228881836,1
1585,8.422359466552734,-0.9075915986620071,0.4198541294761101,9.994999885559082,1
1635,3.990724563598633,-0.36440701166240547,0.9312397810721337,11.460000038146973,1
1713,7.333959579467773,-0.848469371261417,-0.5292444860659918,11.579999923706056,1
1722,7.283073425292969,-0.7845774032480912,-0.6200308849666136,11.434999465942385,1
1885,5.698212146759033,-0.9678337529906289,0.251590593170878,11.732500076293944,1
1890,6.075904846191406,-0.9477384715693902,0.31904825576598306,11.772500038146973,1
1907,4.5361504554748535,-0.7743073762429283,0.6328096768348223,11.71500015258789,1
1942,4.962615489959717,-0.8832871871857945,0.46883232072181985,15.537500381469728,1
1943,4.456047058105469,-0.816663073022649,0.5771147417638918,16.122501373291016,1
1962,5.312288761138916,-0.9323755274982158,0.36149118346430503,15.907500267028809,1
2037,5.747081756591797,-0.8881486829551276,-0.4595562174153149,13.494999885559082,1
2040,4.634291172027588,-0.8112668808181845,-0.5846760197643935,13.19499969482422,1
2067,4.671424388885498,-0.91610405051181,-0.4009406048729103,13.292499542236328,1
2263,8.747136116027832,-0.7476684006679556,-0.6640722570945283,15.81999969482422,1
2437,9.53722858428955,-0.9193948203895179,-0.3933359432354562,12.21500015258789,1
2600,8.752147674560547,-0.39321351492308004,-0.9194471880874054,11.807499885559082,1
2613,9.415349960327148,-0.5390611628189237,-0.8422666221217067,14.037500381469728,1
2757,8.359373092651367,-0.5822815543199634,-0.8129872025430213,16.364999771118164,1
2835,5.844169616699219,-0.4317906497086686,-0.9019738548451202,18.51749992370605,1
2877,8.51941204071045,0.10714409321277285,-0.9942435030160431,14.327500343322754,1
2888,5.63900899887085,-0.18491992045624517,-0.9827535922185459,13.414999961853027,1
2913,8.312195777893066,-0.18970331617011646,-0.9818414596227136,13.902499198913574,1
2938,6.596240520477295,-0.5077726287012039,-0.8614911244707454,15.489999771118164,1
3151,12.996871948242188,-0.6136544825912027,-0.7895746804424033,13.58750057220459,1
3327,2.388457059860229,0.5402773089608697,0.8414870346131311,10.44499969482422,1
3353,3.764694929122925,0.9875912475755467,-0.15704625978410072,9.90999984741211,1
3535,6.24880838394165,0.6212829317602104,-0.7835863186040436,15.545000076293944,1
3544,7.30967378616333,0.3175478553402867,-0.9482422473022305,16.399999618530273,1
3618,6.0385284423828125,-0.027597497193587145,-0.9996191165382192,11.800000190734863,1
3769,9.381590843200684,-0.28615956503431283,-0.9581819781958816,13.58750057220459,1
3780,11.239579200744627,-0.2655321365682857,-0.9641020093586992,12.592500686645508,1
3786,12.493627548217772,-0.20764415317702045,-0.9782044293762925,12.829999923706056,1
3815,12.144298553466797,-0.4716698678345165,-0.8817752183958051,14.05500030517578,1
3885,13.352684020996094,-0.9597964565146697,-0.28069692207411856,11.44499969482422,1
4279,7.725523471832275,-0.6435027922141758,-0.7654437643697669,17.399999618530273,1
4294,11.1353178024292,-0.6679004636014556,-0.7442506101582723,16.375,1
4375,5.861471652984619,-0.9972713803972808,0.07382271899965494,15.125,1
4455,4.351497650146484,-0.9445325282928804,-0.3284178786190835,11.963157653808594,1
4524,0.9446072578430176,-0.8905701300220461,0.45484595580538684,13.567500114440918,1
4669,3.110589504241944,-0.002729204096998377,0.9999962757155633,12.522500038146973,1
4691,4.906986713409424,-0.9266459737414428,0.3759351531165626,13.890000343322754,1
4794,10.348295211791992,-0.9960520803601786,-0.08877079029816312,8.119999885559082,1
5069,6.042641639709473,0.10690024134235487,0.9942697513255375,5.217499732971191,1
5109,0.96936696767807,-0.8701111431421492,0.4928555554925421,10.4975004196167,1
5259,5.925050735473633,-0.7017212259557695,-0.7124516271601404,13.02750015258789,1
5309,5.687090396881104,-0.8634420099591753,-0.5044481097572469,11.0625,1
5428,6.080248832702637,-0.6655539667779599,-0.7463497285496407,13.505000114440918,1
5509,5.725461959838867,-0.7453987430490913,0.6666188670153544,9.4350004196167,1
5523,4.2437520027160645,-0.7330072578230779,0.6802208170724356,10.012499809265137,1
5729,5.7826762199401855,-0.6097037427227328,-0.7926293876143451,10.302499771118164,1
5818,4.306870460510254,-0.6248149916268375,0.7807728390757167,10.800000190734863,1
5822,5.451367378234863,-0.7357829176748434,0.6772174673307642,10.75749969482422,1
5976,8.2986478805542,-0.7906683776378743,0.6122446542057283,8.02750015258789,1
6031,2.7367074489593506,-0.5411630508095091,0.840917684698416,6.904999732971191,1
6220,7.495797157287598,-0.08048704938323839,-0.9967556545520974,9.265000343322754,1
6223,7.396505832672119,0.013539097312268458,-0.9999083422214102,9.136841773986816,1
6399,5.455842018127441,-0.37163418029847445,0.9283792522637938,7.302499771118164,1
6452,6.509441375732422,-0.924378737633867,0.3814760142006552,7.820000171661377,1
6474,6.972134590148926,-0.9059755974648452,-0.4233299148397344,6.25,1
6557,4.15010404586792,-0.9960366513530402,0.088943741552861,13.197500228881836,1
6566,5.410788536071777,-0.7331000017343888,0.6801208623892073,12.494999885559082,1
6579,6.602344989776611,-0.8259044674439737,0.5638100838545601,10.575000762939451,1
6660,8.533133506774902,-0.9932082933963998,-0.11634984283878973,10.27750015258789,1
6856,5.028833389282227,-0.8258849472269971,0.563838677233001,8.994999885559082,1
8244,10.334433555603027,-0.8709237399858696,-0.491418191695246,12.770000457763672,1
8261,8.111725807189941,-0.8698787244702957,-0.493265653288298,12.199999809265137,1
8301,8.874046325683594,-0.6012533741714841,-0.7990584334373835,12.100000381469728,1
8365,10.633987426757812,-0.5934389501581828,-0.8048790048418171,13.457894325256348,1
8414,13.436984062194824,-0.4123535630213482,-0.9110238959893417,14.389999389648438,1
8565,10.344781875610352,-0.6033129977476909,-0.797504499516269,8.907499313354492,1
8647,5.613389492034912,-0.9896581114663902,-0.1434462352548094,6.800000190734863,1
8686,5.561856746673584,-0.9952883179487094,0.09695960063257664,6.264999866485596,1
8934,10.170270919799805,-0.9999850272039615,0.00547223609617268,2.5799999237060547,1
9093,12.192456245422363,-0.7121418981938176,-0.702035552402374,9.237500190734863,1
9152,9.84913158416748,-0.992717820094255,0.1204629804849204,8.167499542236328,1
9288,3.9544074535369873,-0.7045493951419232,0.7096549512299271,6.235000133514404,1
9303,3.1640725135803223,-0.5445554988591754,0.8387248110448591,7.384999752044678,1
9312,6.338615894317627,-0.8224458078827863,0.5688434697665351,4.630000114440918,1
9478,4.57271146774292,-0.40661937304298906,0.9135976606067501,3.684999942779541,1
9578,8.779753684997559,-0.35523223545673094,0.934778080023496,4.267499923706055,1
9604,7.281667232513428,-0.3166009540610971,0.9485588204679787,2.494999885559082,1
9777,4.181061267852783,-0.39193249730786667,0.9199939769118161,3.794999837875366,1
9788,3.734075546264648,-0.6012078335386275,0.7990926985599293,3.615789413452149,1
9834,5.066418647766113,-0.9993168841553977,-0.03695625849497637,3.414999961853028,1
9883,4.321279048919678,-0.9371607335303671,-0.348897921359277,6.079999923706055,1
9908,5.41986894607544,-0.8615840117085418,0.5076150025050632,7.097499847412109,1
10075,7.295628070831299,-0.8214143130043652,0.5703319440392296,6.417500019073486,1
10079,8.012520790100098,-0.8834536914784566,0.4685184895103799,6.320000171661377,1
10086,8.528590202331543,-0.8634545035615209,0.5044267243904982,6.315000057220459,1
10235,6.289154052734375,-0.9995696742327631,-0.02933370679283334,7.792500019073486,1
10449,10.844999313354492,-0.5029803107752271,-0.8642978693554995,10.119999885559082,1
10504,11.993247985839844,-0.4090799047108451,-0.9124985652381958,9.699999809265137,1
10515,12.117809295654297,-0.4526184297458743,-0.891704299111751,9.78499984741211,1
10545,11.812475204467772,-0.3943359211010711,-0.9189663657225817,11.160000801086426,1
10582,12.267498016357422,-0.8549884007201639,0.5186471195658725,8.802499771118164,1
10771,8.968255996704102,-0.9959756852946683,0.08962384895671394,0.4449999928474426,1
10917,6.410120964050293,-0.7436325401818639,-0.6685885470023164,1.9474999904632568,1
10971,6.898407459259033,0.9901674418110334,-0.13988723021560492,-0.1325000077486038,1
10974,7.473659515380859,0.9996486330617006,-0.026506799464919927,-0.1475000083446502,1
11020,5.889090061187744,-0.0953319952750057,0.9954455337570641,1.7699999809265137,1
11094,5.12760066986084,0.6669497203043827,0.7451027248547046,1.065000057220459,1
11326,7.608794212341309,-0.42402273531916485,-0.9056515444322134,1.600000023841858,1
11684,4.357386589050293,-0.37573623917286664,0.9267266471685328,2.134999990463257,1
11692,7.507684230804443,-0.3590376597570915,0.9333230731510664,2.015000104904175,1
11761,5.822253704071045,-0.42801197642844147,0.903773062241744,4.900000095367432,1
11885,6.958512783050537,-0.9982672716807507,0.05884262308114967,3.182500123977661,1
11977,6.514441967010498,-0.9843861855680407,-0.17602226467922433,3.4825000762939453,1
12008,6.990960121154785,-0.48732901870026346,-0.8732184305960555,3.930000066757202,1
12046,9.954456329345703,-0.9381738211773332,-0.34616452917293716,8.914999961853027,1
12078,4.4974212646484375,-0.4598151963614241,0.8880146311830144,7.239999771118164,1
12084,3.4334259033203125,-0.37389880019364713,0.9274695074307032,6.485000133514404,1
12088,3.156858444213867,-0.4925793149237895,0.8702675557029632,6.347500324249268,1
12257,8.6175537109375,-0.9716767157710207,-0.23631411305388222,4.965000152587891,1
12316,6.000640869140625,-0.9757209152120911,-0.219017569198636,7.03000020980835,1
12332,8.452564239501953,-0.9903639027898946,-0.13848949436967506,7.340000152587891,1
12452,5.003314971923828,-0.9991284017683527,-0.0417425056724817,10.22249984741211,1
12642,5.199728965759277,-0.9830524100028889,-0.18332473697652504,10.315000534057615,1
12790,6.063131809234619,-0.9789704560606489,-0.2040020739120196,9.699999809265137,1
12795,5.944659233093262,-0.9826798404825025,-0.18531144354648915,8.899999618530273,1
12807,5.661083698272705,-0.9561631663998299,-0.29283442287451666,9.4399995803833,1
12817,6.115830421447754,-0.9471737441505929,-0.32072090420137456,9.585000038146973,1
12850,6.3322529792785645,-0.9529842675130383,-0.30301977802222374,8.46500015258789,1
12917,8.352460861206055,-0.8668940141630629,-0.49849249563885256,8.010000228881836,1
12926,10.634354591369627,-0.889403371896121,-0.4571232241527556,8.46500015258789,1
13015,10.389127731323242,-0.7097965996881979,-0.7044066915291707,9.799999237060549,1
13068,7.73142147064209,-0.5857281396773906,-0.810507585646219,9.699999809265137,1
13117,10.095674514770508,-0.5924451901969379,-0.8056107599905268,9.88947296142578,1
13189,12.319279670715332,-0.34555856883212155,-0.9383971843024125,11.057499885559082,1
13207,11.46155834197998,-0.12350802891306974,-0.9923435729594908,10.079999923706056,1
13358,7.38890266418457,0.8856908556298961,0.46427546591822244,3.2174999713897705,1
13389,9.6465482711792,0.43005914162621317,0.9028007170487431,0.9350000023841858,1
13481,9.63916015625,-0.7665560424404146,0.6421774161383202,2.3350000381469727,1
13685,7.20557975769043,-0.08242549252887339,-0.9965972296677192,1.1675000190734863,1
13762,11.52565574645996,-0.9923105137407725,-0.12377335868240821,6.257500171661377,1
13763,11.108009338378906,-0.9998661204794237,0.0163627967483151,6.350000381469727,1
13878,12.275396347045898,-0.9371131512444226,-0.3490257035874978,11.864999771118164,1
13942,6.450992584228516,-0.44186993507772104,-0.8970791272091947,10.199999809265137,1
14157,7.836463928222656,-0.560619896879312,-0.8280732644054085,4.954999923706055,1
14223,12.164422035217283,-0.9190017530902362,0.3942534436337526,6.614999771118164,1
14243,9.62679386138916,-0.9996249006445638,-0.027387186992204753,6.164999961853027,1
14319,7.349086284637451,0.3007931708667269,-0.9536893982633654,5.722499847412109,1
14706,4.674263000488281,-0.5205268693183779,-0.8538452894509686,4.862500190734863,1
14858,5.262475490570068,0.2722220480214627,0.9622344602907341,3.487499952316284,1
14989,4.883986473083496,0.5914635734064941,0.8063317191660146,2.365000009536743,1
15025,7.684136390686035,0.8257997974757347,0.5639633804503936,2.8394737243652344,1
15057,9.432503700256348,0.7679281085112364,0.6405360412641546,5.184999942779541,1
15363,4.461949348449707,0.6789352807344501,-0.7341981235157398,4.474999904632568,1
15660,4.8885040283203125,-0.2125430516657327,0.9771517032624042,6.400000095367432,1
15678,4.303109645843506,-0.3510174666430776,0.9363689113332822,6.300000190734863,1
15955,5.205005645751953,0.8051151353798089,-0.5931185537330222,4.355000019073486,1
16003,3.429614305496216,0.8064344469926396,-0.5913235008890443,3.4125001430511475,1
16004,4.27545166015625,0.8438157350842185,-0.5366330265873318,3.424999952316284,1
16082,6.681726932525635,-0.5001266141025821,-0.8659522907564174,3.910000085830689,1
16464,11.269449234008787,-0.9903118293717902,-0.13886137190125358,5.285000324249268,1
16486,11.702308654785156,-0.9884252717544854,-0.15170854345445328,5.980000019073486,1
16507,10.250741004943848,-0.9520988423626079,-0.30579044192352034,5.224999904632568,1
16524,12.163203239440918,-0.9248094100046877,-0.3804307495021682,5.0,1
16553,13.354546546936035,-0.6243226915649616,-0.7811665486930952,6.132500171661377,1
16616,8.677312850952148,-0.9960830837666771,-0.08842222703521417,6.609999656677246,1
47325,5.938660144805908,-0.9863967584986774,0.1643819784018371,19.122222900390625,1
47524,5.431468486785889,-0.9184232892196443,-0.39559911756596416,18.342498779296875,1
47554,7.556021213531494,-0.882065343674285,-0.471127084223318,23.57250022888184,1
47704,7.118688583374023,-0.9708224856889961,-0.23979929374507972,18.61000061035156,1
47723,7.40733528137207,-0.958297661112503,-0.28577192427932174,17.520000457763672,1
47776,6.899279594421387,-0.925652698529534,-0.37837426141981634,10.605000495910645,1
47788,7.604283809661865,-0.9167899208934296,-0.3993698047527117,10.345000267028809,1
47817,8.231621742248535,-0.9495888952857865,-0.31349789464989963,14.600000381469728,1
47927,7.653789520263672,-0.9907890269583352,0.1354145636885316,8.832500457763672,1
47998,4.086485385894775,-0.9512556398439105,0.3084034819277377,16.81999969482422,1
48010,4.08121395111084,-0.9825773357397248,0.18585418825150002,16.71000099182129,1
48082,5.650914669036865,-0.3039723730921856,-0.9526808470819098,11.292500495910645,1
48087,5.794384002685547,-0.07373693333956767,-0.9972777269455466,11.369999885559082,1
48135,7.310736179351807,0.049356277196734924,-0.9987812362581102,13.632500648498535,1
48149,5.741745471954346,-0.5733458255009009,-0.8193134713775251,17.071874618530273,1
48227,6.675713062286377,-0.8968374020893621,-0.442360344304961,13.845000267028809,1
48236,8.745691299438477,-0.9391365830972819,-0.34354399760199883,14.38249969482422,1
48251,8.98616886138916,-0.9060965300382742,-0.42307100852291796,16.192501068115234,1
48529,5.545516490936279,-0.8911984416167832,0.45361364359972356,14.300000190734863,1
48533,4.945632457733154,-0.8491239802831275,0.5281935877196342,15.271429061889648,1
48631,4.62086296081543,-0.7477163259215392,0.6640182948913339,11.914999961853027,1
48642,3.272315740585327,-0.4533553980960614,0.8913298396313015,12.447500228881836,1
48647,3.662287473678589,-0.3142850359463748,0.9493286660478477,12.589473724365234,1
48664,4.846438407897949,-0.356656294104113,0.9342356704150835,12.747368812561035,1
48758,2.7991018295288086,0.9722689272364071,0.23386563050300074,13.67750072479248,1
48970,5.39562463760376,-0.2425148907292145,-0.9701476834866932,19.77750015258789,1
49060,6.597769260406494,-0.2641268868523651,-0.964487940640876,16.71500015258789,1
49078,5.907541275024414,-0.19294802738977654,-0.9812089781113879,15.727499961853027,1
49116,5.379456520080566,0.31377681969465965,-0.9494967653564202,20.834999084472656,1
49268,1.4093811511993408,-0.770442381745554,-0.6375096363273562,23.52250099182129,1
49273,1.3010437488555908,-0.6255034205443366,0.7802214242683514,24.165000915527344,1
49282,1.3184999227523804,0.9815738651178406,-0.19108309008811622,24.38947486877441,1
49392,3.862176179885864,0.47500132095081343,0.8799850823138892,14.5,1
49438,4.216511249542236,0.30193460798138366,0.953328638247655,15.925000190734863,1
49440,3.700897455215454,0.5381523973039637,0.8428475528089269,16.097368240356445,1
49457,3.663761615753174,-0.2323482704127603,0.9726326548271957,15.11500072479248,1
49555,5.013311386108398,-0.19039383839195004,0.9817077906904783,18.25,1
49633,4.557879447937012,-0.643380270119099,0.7655467510358039,13.184210777282717,1
49774,6.499289035797119,-0.9633029206056345,0.26841662234789915,10.333333015441896,1
49852,8.335801124572754,-0.9940615558206252,-0.10881922274799664,15.608333587646484,1
49925,6.182990074157715,-0.9239625712803952,-0.3824828974907516,11.30500030517578,1
49984,6.831508159637451,-0.542551920582179,-0.8400222696289599,14.927499771118164,1
50035,6.279032230377197,-0.8725510455569206,-0.48852295022601,16.4325008392334,1
50043,5.333955764770508,-0.5674989585799226,-0.8233741142461932,15.797222137451172,1
50090,6.384931564331055,-0.4484984163188888,-0.8937836262538315,14.399999618530272,1
50119,9.695311546325684,-0.7056973570281713,-0.7085134016258646,17.779998779296875,1
50142,9.9459867477417,-0.856806626602241,-0.5156378618861185,20.218420028686523,1
50497,5.669161319732666,-0.8861746564830781,0.46335135502887925,14.664999961853027,1
50662,3.4048519134521484,-0.9633483704019294,0.26825345709598414,12.470000267028809,1
50664,3.7403507232666016,-0.9487177206632343,0.31612447943738453,12.475000381469728,1
50718,7.000575065612793,-0.8859991210855541,-0.4636869174730138,17.364999771118164,1
50725,4.8620452880859375,-0.9975972640311301,0.06927985852759454,17.172500610351562,1
50751,5.187779903411865,-0.9493749413923972,-0.31414522223994157,15.602499961853027,1
50825,6.866758346557617,-0.8307532531632988,-0.5566408468290804,12.772500038146973,1
50839,7.676454544067383,-0.9585331861789189,-0.2849809309299306,15.56999969482422,1
50869,6.750724315643311,-0.9146570747652029,-0.40423067125338497,18.104999542236328,1
50904,4.410939693450928,-0.9573903462439911,-0.2887970306613466,15.017499923706056,1
51036,5.693942546844482,-0.8203633726210305,-0.5718425804903376,17.814998626708984,1
51084,7.07699728012085,-0.284117993430779,-0.958789322953102,12.892499923706056,1
51113,9.264513969421388,-0.35772690342185454,-0.9338262485967136,14.322500228881836,1
51173,6.271069049835205,-0.7009632081189944,-0.7131974347006075,20.06999969482422,1
51226,5.447673797607422,-0.33493454547951346,-0.9422413970126932,17.50749969482422,1
51272,7.691443920135498,-0.5187331864733575,-0.8549361854847395,18.107894897460938,1
51338,8.43903923034668,0.10425751047459687,-0.9945503363378041,19.0,1
51385,11.912420272827148,-0.21606779345562904,-0.9763783634591744,18.97368431091309,1
51421,13.908145904541016,-0.7588364029894361,-0.6512812860032554,18.927499771118164,1
51509,9.733736038208008,-0.48091311751644583,-0.8767682552422922,17.462499618530273,1
51587,15.372968673706056,-0.7988423753291939,-0.60154040544124,21.7450008392334,1
51628,9.857251167297363,-0.9476735366372917,-0.31924108124952816,14.605000495910645,1
51652,5.715382099151611,-0.7069634597676124,-0.7072500735619668,12.800000190734863,1
52004,7.474104881286621,-0.6932944748717698,-0.7206544047685249,11.912500381469728,1
52158,7.795031547546387,-0.28418387074886287,0.9587697990686782,12.614999771118164,1
52191,5.5405049324035645,-0.783794751127224,0.6210199578962121,11.404999732971191,1
52331,4.91077184677124,-0.8667597658385225,0.4987258849544002,13.262499809265137,1
52378,1.9782001972198489,-0.45014552771783195,0.8929552082135109,10.600000381469728,1
52532,9.39266872406006,-0.628579993613181,-0.7777449399573445,10.1875,1
52534,8.522700309753418,-0.6526326396676299,-0.7576744931964263,9.947500228881836,1
52591,5.214677333831787,-0.9198156042248194,-0.39235093248841707,19.6875,1
52687,3.7985997200012207,-0.866289468465495,-0.49954234737984937,16.53499984741211,1
52726,6.7559590339660645,-0.922483631140583,-0.38603620332513494,21.26749992370605,1
52787,5.090030193328857,-0.3183874002514465,0.9479606866115943,14.212499618530272,1
52798,7.926083087921143,0.12125895527317145,0.9926209073790754,13.40999984741211,1
52840,5.78820276260376,0.020641823148947563,0.999786934870169,9.0,1
52848,5.602635383605957,0.3152560219773605,0.9490066599381745,10.960526466369627,1
52912,4.153756141662598,0.9898852289987564,0.1418704811089308,11.63249969482422,1
52921,4.709183216094971,0.9964997151499707,0.08359615844060748,10.727499961853027,1
53008,4.686759471893311,-0.8820926943712809,-0.47107587343952784,14.350000381469728,1
53009,4.188950538635254,-0.8710438549863881,-0.4912052551535377,14.647500038146973,1
53131,6.244710445404053,-0.999980372741473,0.0062653117899002355,10.114999771118164,1
53313,6.479692935943604,-0.8427486487090208,0.5383072682949019,12.892499923706056,1
53346,4.105669975280762,-0.9415010820279276,-0.3370099591113616,12.399999618530272,1
53385,9.340916633605955,-0.9280534758929004,-0.37244697056508014,10.204999923706056,1
53585,5.288407325744629,-0.9999410788000704,-0.01085536402666446,15.364999771118164,1
53607,6.523908615112305,-0.9885254151030199,-0.1510546381128434,17.814998626708984,1
53843,6.182284832000732,-0.2041147017020306,-0.9789469794371354,12.065000534057615,1
53977,6.503564357757568,0.46030753280309183,0.8877595255725114,7.605000019073486,1
54018,8.878153800964355,0.08933659387024416,0.9960014924665841,7.722499847412109,1
54035,7.382684230804443,0.30973375697578875,0.9508233273272502,8.4399995803833,1
54126,6.48602294921875,-0.0631297710105303,0.9980053266451828,7.222499847412109,1
54186,5.63668966293335,-0.8118429198427809,-0.5838759059090793,12.163888931274414,1
54218,7.138699054718018,-0.6880688107409519,-0.7256454448871928,9.920000076293944,1
54364,6.977479457855225,-0.7535293577580909,-0.6574142582851995,13.875,1
54406,9.609237670898438,-0.6294807766731783,-0.7770160563327712,18.059999465942383,1
54409,8.042024612426758,-0.5394480392399695,-0.8420188910945836,18.59749984741211,1
54490,5.375669956207275,0.22709338070172846,-0.973872987838486,15.140000343322754,1
54518,4.152660846710205,0.8878524439827922,-0.46012828397500505,13.65250015258789,1
54568,3.8262763023376474,0.8908406435729669,-0.4543159118482448,16.28499984741211,1
54611,6.53693962097168,0.439964855375084,-0.8980149920991194,15.315000534057615,1
54648,9.001371383666992,0.2762253350001815,-0.961092900974738,17.482500076293945,1
54683,10.533909797668455,0.08565217368286004,-0.9963251001271629,18.80500030517578,1
54751,9.402377128601074,0.16752006359967422,-0.9858686668575897,13.19499969482422,1
54769,10.382316589355469,-0.1094580048384143,-0.9939914210780663,14.666666984558104,1
54787,13.164884567260742,-0.19595115838677782,-0.9806136566083913,16.200000762939453,1
54805,11.8063325881958,-0.1185999709354907,-0.9929421165879211,16.424999237060547,1
54949,11.099695205688477,-0.14230728956919764,-0.9898225271913489,23.170000076293945,1
55012,10.281516075134276,-0.5911676767684534,-0.8065486829350039,18.229999542236328,1
55102,10.404622077941896,0.15104486456896804,0.9885269085297285,9.015000343322754,1
55166,7.442418575286865,0.28227128829556336,0.9593346234781496,9.020000457763672,1
55177,7.7834858894348145,0.26564538013350736,0.9640708127589613,9.297500610351562,1
55258,5.540857315063477,0.662951683492502,0.7486621837347319,11.3100004196167,1
55468,5.28864860534668,-0.5607043566655279,-0.8280160773899843,12.1225004196167,1
55877,6.085729122161865,-0.9977063319389202,-0.06769102753677957,12.786842346191406,1
56066,7.514069557189941,-0.9631252160537636,-0.2690535600979689,11.614999771118164,1
56116,4.999240875244141,-0.9971344041476166,0.07565038046948377,17.959999084472656,1
56221,5.972138404846191,-0.422323292114056,0.906445275203057,9.017499923706056,1
56246,6.179577350616455,-0.16947968722080778,0.9855336806114428,12.465789794921877,1
56267,4.393008232116699,-0.8978315434826446,0.44033909606980404,12.9399995803833,1
58094,6.721413612365723,-0.13660844550401624,-0.990625122141053,10.105000495910645,1
58113,6.2655558586120605,-0.3235648060059601,-0.9462060115610793,11.300000190734863,1
58144,5.822617530822754,0.07305142528380422,-0.9973281753084111,11.332500457763672,1
58202,5.311628818511963,0.34734055434397254,-0.93773905715184,13.767499923706056,1
58411,6.284172058105469,0.9999501876234893,-0.00998109571883984,8.100000381469727,1
58506,6.366053104400635,0.9874579563466633,0.15788218533980025,7.239999771118164,1
58535,7.456288814544678,0.9721537744247657,0.23434384752257068,6.613888740539551,1
58550,5.562724113464356,0.9651836827784629,0.26157304619972516,6.114999771118164,1
58560,6.156891345977783,0.9647822100366705,0.2630499709119121,6.174999713897705,1
58591,7.610334873199463,0.983608079027486,0.18031956874354724,8.792500495910645,1
58699,6.858349323272705,0.9531848375353348,0.3023882694363945,6.885000228881836,1
58837,9.185585975646973,0.8909418914479966,0.45411732631894397,5.360000133514404,1
58900,7.299635887145996,0.8651078899807023,0.5015858238558353,4.460000038146973,1
58938,6.859723091125488,0.7194781188633321,0.6945151088902825,3.802500009536743,1
59071,6.477112770080566,0.7953541700393567,-0.6061449861221373,3.924999952316284,1
59293,4.35287618637085,0.9925471252827243,0.12186141347038447,4.512499809265137,1
59353,5.1892194747924805,0.9981773769663854,0.060348356336410905,7.086842060089111,1
59724,6.254585266113281,-0.036141343425614814,0.9993466882395677,5.397500038146973,1
60066,11.659038543701172,-0.42206642452131465,-0.9065649084824503,13.9975004196167,1
60207,10.658780097961426,-0.49325615508748727,-0.8698841103666101,10.517499923706056,1
60331,10.131240844726562,-0.8115931197266033,-0.5842230806913051,10.197368621826172,1
60353,7.716790676116943,-0.7479208928784739,-0.663787871232871,8.859999656677246,1
60403,6.635098457336426,-0.444809926935337,-0.8956249934541689,7.085000038146973,1
60427,6.043381214141846,0.07412973688169851,-0.9972486059703719,6.679999828338623,1
60456,8.595279693603516,0.36177696739950854,-0.932264675861536,8.875,1
60477,7.286846160888672,-0.16301345102665166,-0.9866238466530096,10.734999656677246,1
60534,6.712782382965088,-0.29575073907832117,-0.9552651466135603,10.59749984741211,1
60538,8.05730152130127,-0.382970793241559,-0.9237604513746683,10.199999809265137,1
60627,10.041261672973633,-0.8194704072549086,-0.5731214981428233,13.475000381469728,1
60629,10.898385047912598,-0.7939021279866311,-0.6080455666957032,13.4399995803833,1
60719,9.40050220489502,-0.7256679834863089,-0.6880450404900207,10.657500267028809,1
60739,7.207041263580322,-0.42631050883589705,-0.9045768900740714,10.705263137817385,1
60793,6.252673625946045,-0.8116645285629511,0.5841238679190248,7.147500038146973,1
60851,7.048654079437256,-0.9195083329173261,0.39307050982692626,5.826315879821777,1
60907,1.6168872117996216,-0.9990227762276822,-0.04419833230263808,7.171428203582764,1
60965,5.114346981048584,-0.36872033647534885,-0.929540377535858,5.199999809265137,1
60971,3.450775623321533,-0.09081075358129678,-0.9958681674970824,4.949999809265137,1
61044,6.117501258850098,0.2522892870271152,-0.9676518566361302,10.032500267028809,1
61494,12.722280502319336,-0.9065627728121735,-0.4220710117398536,11.78499984741211,1
61505,16.143516540527344,-0.9529234012181612,-0.3032111333886197,11.630000114440918,1
61608,8.23013687133789,-0.814362576207156,0.5803564374358606,8.244999885559082,1
61695,6.057544708251953,-0.9997355700420891,-0.022995434168961576,6.940000057220459,1
61715,5.525005340576172,-0.9995114402077415,-0.03125509388637766,6.78000020980835,1
61860,1.476337432861328,-0.8912552128070172,0.4535020900109704,7.910000324249268,1
61888,6.3352952003479,0.049389792102047456,-0.9987795795049659,6.679999828338623,1
61934,4.826832294464111,0.6523377883458663,-0.7579283672590859,7.139999866485596,1
62152,7.571724891662598,0.8627986813981442,-0.5055476588588099,2.297499895095825,1
62232,6.841346263885498,0.9972747019575077,-0.07377783431061306,2.9549999237060547,1
62407,4.954189777374268,0.4765901696432609,-0.8791255940987088,1.9850000143051147,1
62462,9.18400764465332,0.6780997382732197,-0.7349698939098057,0.2100000083446502,1
62555,10.901113510131836,-0.7894388540402418,-0.6138292072976242,7.837500095367432,1
62559,11.209251403808594,-0.8385817885635302,-0.5447757188876821,7.670000076293945,1
62657,5.317457675933838,0.6420888123884992,-0.7666302609508229,6.972500324249268,1
62856,7.205635070800781,-0.13218179007685427,-0.9912254911835543,9.610000610351562,1
62998,6.833086013793945,-0.3096630445547176,-0.9508463592174621,6.244999885559082,1
63060,6.903085231781006,-0.5830756572445589,-0.8124178591887463,8.34000015258789,1
63107,7.3223748207092285,-0.16796664855100885,-0.9857926784950991,6.610000133514404,1
63172,6.576069355010986,-0.5414805732093279,-0.8407132619608767,5.942500114440918,1
63203,7.71552848815918,-0.7419148825064523,-0.6704940768682727,9.244999885559082,1
63306,4.17304277420044,0.448004199640744,-0.8940314519659006,8.890000343322754,1
63508,7.9336748123168945,-0.9975703253365095,-0.06966667788843323,10.199999809265137,1
63565,7.417885303497314,-0.8258986114828236,-0.5638186619390528,7.800000190734863,1
63652,5.73654317855835,0.2831564917478266,0.9590737204099917,7.097499847412109,1
63857,4.806525230407715,-0.3330423308899999,-0.9429118759647456,5.425000190734863,1
63891,7.288962364196777,-0.3586849289509188,-0.9334586877540293,5.054999828338623,1
63952,4.230196475982666,-0.6182578652722297,-0.7859753253309072,7.970000267028809,1
63974,4.639926433563232,-0.7340221693740785,-0.6791255074486392,7.90500020980835,1
63992,5.232255935668945,-0.4543637161046875,-0.890816262473659,7.960000038146973,1
64114,3.492077112197876,-0.454251261331158,-0.8908736114506097,8.899999618530273,1
64131,4.538890838623047,-0.5737653419265963,-0.8190197387144318,8.5,1
64149,5.464083194732666,-0.7574225910470456,-0.6529249716250558,8.755000114440918,1
64150,5.632426261901856,-0.805310721358205,-0.5928529683366083,8.957499504089355,1
64260,4.518490791320801,-0.7742332188663291,0.6329004051222301,9.0,1
64261,4.522481441497803,-0.8153151009002909,0.5790175180803673,8.932499885559082,1
64355,4.3913187980651855,-0.9667160756135087,-0.25585157640791856,9.425000190734863,1
64425,5.651378631591797,-0.9478799344532011,-0.31862772927194416,9.607500076293944,1
64473,10.5724458694458,-0.8483149989528926,-0.5294918909214321,10.225000381469728,1
64535,7.106919765472412,-0.8576845205893082,0.5141762957794617,9.91249942779541,1
64689,4.582531452178955,-0.9790252929747453,0.2037387437767154,10.550000190734863,1
64756,4.956027507781982,-0.9990460829380196,-0.04366834283780177,9.279999732971191,1
64772,5.588711738586426,-0.9916058785573316,-0.12929726064593358,8.899999618530273,1
64852,4.807731628417969,-0.982722947005972,0.1850827096946055,9.149999618530272,1
64903,6.597360610961914,-0.9984895130309329,0.05494262796090455,8.244999885559082,1
64913,4.120658874511719,-0.9994355002460443,0.033595845694657324,8.484999656677246,1
64924,5.0701680183410645,-0.9954732664675879,0.09504196835267383,8.510000228881836,1
65016,5.588137149810791,-0.01635480833415105,0.9998662511778029,4.8210530281066895,1
65049,5.314543724060059,-0.06348804497380026,0.9979825991195461,4.592499732971191,1
65084,3.004347562789917,-0.16001494480279319,0.9871145918482611,5.222499847412109,1
65141,2.513381242752075,-0.01142311473615575,0.9999347540963484,4.5,1
65177,1.104543685913086,0.5453370429337263,0.8382168631113902,3.7300000190734863,1
65183,2.0254688262939453,0.6331254356144325,0.7740492121164101,3.680000066757202,1
65204,0.2214081138372421,-0.9985431383341149,0.05395925208763286,3.8710527420043945,1
65233,2.3921053409576416,-0.9705337660098111,-0.24096516145454142,3.3894736766815186,1
65253,0.3982942998409271,0.9999943171882905,0.0033712892377829066,2.77647066116333,1
65261,1.470618724822998,-0.616939969737782,0.7870102119667475,2.400000095367432,1
65393,4.715234756469727,-0.9470882119391638,0.3209733926759,2.049999952316284,1
65419,3.44219970703125,-0.8000446769087152,0.59994042616749,3.494999885559082,1
65463,2.993562698364258,-0.6906772920188521,0.723163106283434,4.335000038146973,1
65598,5.984204292297363,-0.984622399143142,0.17469611073404953,6.282500267028809,1
65679,5.459590911865234,-0.757902828653244,0.6523674595804204,9.199999809265137,1
65845,10.820180892944336,-0.8059757045865288,0.5919486156891056,9.5,1
66131,5.93883752822876,-0.3268329401727863,0.945082128292569,2.7849998474121094,1
66136,6.0755133628845215,-0.2367819475192415,0.9715628180045772,2.734999895095825,1
66161,6.569071292877197,-0.351441359866977,0.9362098966443636,2.8550000190734863,1
66169,4.054056644439697,-0.46881067908927326,0.883298673819821,2.8949999809265137,1
66186,2.2944061756134038,-0.31021122669870005,0.9506676574019376,2.8949999809265137,1
66199,3.594208002090454,-0.8286629966680933,0.5597478342549042,2.505000114440918,1
66235,5.192179203033447,-0.9553403345599203,0.2955077751311115,5.297500133514404,1
66298,2.418477773666382,-0.44952188451297437,0.8932693184834595,7.169999599456787,1
66300,3.066680192947388,-0.49591450644625984,0.8683713504579492,7.204999923706055,1
66352,3.906355142593384,-0.7034838184738526,0.7107112755159072,6.627500057220459,1
66357,5.579479694366455,-0.8500628491446728,0.5266812627235197,6.926666736602783,1
66451,7.815543174743652,-0.9773078909752749,-0.21182371500249966,7.764999866485596,1
66512,8.316823959350586,-0.971492653964292,0.23706965915826592,8.917499542236328,1
66843,4.12119722366333,-0.9998452030900744,0.01759459740283314,7.199999809265137,1
67035,9.17652702331543,-0.7090330474469765,-0.7051752531307758,8.335000038146973,1
67349,7.326681137084961,0.0005739111834070025,-0.9999998353129632,1.3249999284744265,1
67366,6.886081695556641,0.23070466757353372,-0.973023821064924,1.9774999618530276,1
67495,6.582231998443604,0.6628870816455162,-0.748719384674586,2.400000095367432,1
67522,6.785223007202148,0.7071120539568336,-0.707101508376943,3.24210524559021,1
67639,3.8466579914093018,0.9871959216682791,0.15951242033621424,2.302500009536743,1
67692,1.5599626302719116,-0.6518271654859521,0.758367553587671,4.139999866485596,1
67711,3.3274834156036377,-0.8593355971565371,0.5114120955351151,3.5,1
67719,5.186740398406982,-0.33142643542815237,0.9434810638796036,4.519999980926514,1
67729,4.800417900085449,-0.24503133104350122,0.9695151606896357,4.735000133514404,1
67960,4.674007415771484,-0.7311108197640326,-0.6822587260152589,2.0824999809265137,1
68069,3.987046241760254,-0.41314847274020583,0.9106636807693801,2.1449999809265137,1
68105,4.340550422668457,-0.9066175060861184,0.4219534306747455,2.9175000190734863,1
68138,4.065937042236328,-0.7823557667714327,0.6228318024952513,1.7024999856948853,1
68154,5.276541233062744,-0.9971459568263241,-0.07549795219020483,1.9315788745880127,1
68174,4.003499031066895,-0.8889522609090837,-0.4579998666207537,2.3499999046325684,1
68244,3.8829104900360103,-0.8546390292984082,0.5192226204624318,5.224999904632568,1
68249,4.039466857910156,-0.8297983909443267,0.5580632852877945,5.19249963760376,1
68270,4.857367515563965,-0.8242558920762855,0.5662174709221951,4.96750020980835,1
68416,7.6638875007629395,-0.9622493705977515,-0.2721693384351569,9.09000015258789,1
68424,9.078869819641112,-0.9972777073081781,-0.07373719893068847,8.255000114440918,1
68430,10.312496185302734,-0.9987515486331943,-0.04995341933037467,8.752500534057617,1
68599,5.995100498199463,-0.9832920628126528,-0.18203493952985503,6.815000057220459,1
68632,10.127528190612791,-0.7623276502179644,0.6471912806220097,3.034210443496704,1
68649,12.504597663879396,-0.8503065363970783,0.5262877484422415,5.552499771118164,1
68750,8.291244506835938,-0.805402443655586,0.5927283557867049,2.0625,1
68899,6.47113561630249,-0.7169282828515938,-0.6971469265853971,2.430000066757202,1
68917,6.759504318237305,-0.3667470168366069,-0.9303207111751568,1.4299999475479126,1
68980,5.014350414276123,-0.9995989235446011,-0.028319464127604787,1.6950000524520874,1
68996,6.13698148727417,-0.9491037749809579,0.31496352855036286,1.5105262994766235,1
69067,7.275949954986572,-0.9935037840560129,-0.11379908201028341,1.7050000429153442,1
69136,4.356142997741699,-0.757032085133007,0.6533777024655583,1.9975000619888303,1
69224,4.356792449951172,0.7891262738774948,-0.6142310020474553,1.625,1
69264,5.701051712036133,0.999872598470306,0.01596204336036609,1.2350000143051147,1
69321,7.67146110534668,0.7970052600224076,0.6039723631894215,0.0949999988079071,1
69344,8.488768577575684,0.6886201022188227,0.7251223033531228,0.8425000309944153,1
69419,8.135616302490234,-0.03601519177237277,0.9993512425376772,1.0,1
69870,2.043107032775879,-0.10875886305733679,0.9940681614992382,6.917500019073486,1
69902,4.805058479309082,0.48493539490392834,-0.8745499772851012,6.392499923706055,1
69938,5.50829879045487,-0.15459246732469228,-0.9879783241784528,4.54000008106232,1
70087,5.09242453575134,-0.7788051450533471,-0.6272659292823379,7.91250014305115,1
70137,4.95349502563477,0.27070572561245476,-0.9626621474435537,7.80526334361026,1
70231,15.2870238780975,-0.9681494014464774,-0.25037319440952044,6.81000018119812,1
70281,7.80327346324921,-0.704937632422812,-0.7092692961027711,6.64499979019165,1
70296,7.28222427368164,-0.4835711087168969,-0.8753050798517686,5.70499982833862,1
70331,9.09637448787689,-0.3223479218755595,-0.9466212638972928,7.72999994754791,1
70411,10.0726690292358,-0.6124033007631984,-0.7905455060996424,9.24749999046326,1
70515,13.2251941204071,-0.9149706693540443,-0.40352035168230643,7.82500021457672,1
70644,4.10685071680281,-0.5932425644937638,0.8050237634212188,4.56111110581292,1
70740,7.21092545986175,-0.9477719359040518,-0.3189488321230944,4.5,1
70780,8.7592423915863,-0.9005771660787,0.4346961788855034,3.81749995946884,1
70799,2.81283813714981,-0.5793857342516999,0.8150534773532462,8.00750012397766,1
70854,2.54073761701584,0.035716124428560966,-0.999361975690392,7.05999994277954,1
70889,6.58768956661224,-0.8847104633607228,-0.4661409615342286,6.3850001335144,1
70895,6.04128386974335,-0.8661028975030081,-0.49986575291461394,6.60999989509583,1
70930,6.72885739803314,-0.9021709747651775,-0.43137864144072946,4.47250003814697,1
70985,6.68479008674622,-0.42727635194634067,-0.9041210754469928,9.19999980926514,1
70986,5.79404990673065,-0.45349698011558076,-0.8912578128835946,9.25,1
71048,6.58219509124756,-0.639655012015264,-0.7686621270777899,8.52000007629395,1
71089,6.99101579189301,-0.5732971272338987,-0.8193475476898426,9.19749994277954,1
71117,8.16758114099502,-0.6108051286305248,-0.7917809639279338,11.4374998092652,1
71124,7.63121769428253,-0.3952721344550077,-0.9185640640278621,10.6599998950958,1
71146,6.4940046787262,-0.2505193223323823,-0.9681115995266888,8.80000019073486,1
71173,8.02875213623047,-0.4707072304331124,-0.8822894667953306,6.20500004291534,1
71232,7.4545027256012,-0.3569360394708462,-0.9341288260871017,6.43499999046326,1
71375,8.60027303695679,-0.23461767773431855,-0.9720877251022952,6.30000009536743,1
71579,6.89794325828552,-0.1551320513080083,-0.9878937425942982,11.4974999904633,1
71602,9.31194076538086,-0.06556293593570885,-0.9978484361021418,10.4949999809265,1
71690,6.72731690406799,-0.4556065121025437,-0.8901812771170571,12.6000003814697,1
71707,7.05611433982849,-0.3405855530692354,-0.9402135294923825,11.7324999332428,1
71759,6.77583909034729,-0.2904907499333201,-0.9568778000367536,7.80000019073486,1
71825,8.1721266858718,-0.6525480563249942,-0.757747341919767,10.7411764369291,1
71843,6.90334496498108,-0.5984375109386579,-0.8011694861273385,8.71749992370605,1
71853,5.93919014930725,-0.7515081668037535,-0.6597237870709693,9.06500000953674,1
71854,6.06248230934143,-0.7250491372257025,-0.6886971385219081,9.0,1
71911,9.55844096133584,-0.9087553055705755,-0.4173293598554145,6.1684210425929,1
71937,8.68623592853546,-0.8867316150161855,-0.46228459084289997,5.4075001001358,1
72164,9.19707596302033,-0.5360452939889762,-0.8441892221488451,9.00500001907349,1
72193,9.35747451782226,-0.6205089232317289,-0.7841993854816519,9.04500007629395,1
72211,11.2667946338654,-0.661233649388255,-0.750180019006565,8.80500020980835,1
72227,7.36349079608917,-0.7665920131640638,-0.6421344760663983,9.9249997138977,1
72471,7.94536943435669,0.44579740039010196,-0.8951338882007692,8.23499984741211,1
72608,4.69865823984146,-0.4250444228643697,-0.905172491071119,13.3700001239777,1
78359,7.77717461585999,0.7716160036772115,-0.6360886281558644,6.6049998998642,1
78369,7.48084284067154,0.7171156728235242,-0.696954167640071,6.6974997997284,1
78389,6.28200235366821,0.8694883944660768,-0.4939533701563378,6.16999998092651,1
78661,5.26895978576259,0.7481754750306475,0.6635009107474269,7.0,1
78672,5.60998424291611,0.7187143629546209,0.6953054468956312,7.16749978065491,1
78720,4.67441574335098,0.6551141941374872,0.7555298754116814,8.40249962806702,1
78737,3.71634930372238,0.5919281240843214,0.8059907542385435,9.98249983787536,1
78740,4.65134235620499,0.4250896180482334,0.9051512672628852,10.5224998950958,1
78760,4.35324716567993,0.6673767961110351,0.7447202239852023,12.897500038147,1
78838,6.04401247501373,0.7124630173533266,0.7017096614012047,7.36000008583069,1
78956,7.04176545143127,0.7607299586427096,0.6490685094991601,7.40000009536743,1
82810,3.16303828954697,-0.40343469100828067,0.9150084426337568,11.3974998950958,1
83136,5.59461442232132,-0.9516472216891257,0.30719304264805225,16.1775005340576,1
83262,4.31252115964889,-0.9791201301101548,0.20328249017825828,13.6350001811981,1
83276,7.6806681394577,-0.8716687903475743,0.49009541921343897,15.3399999141693,1
83295,4.63641821146011,-0.6852366607547736,0.7283204780573228,18.3150002479553,1
83388,8.09333114624024,-0.9677014604448834,-0.25209895567582147,15.5,1
83406,7.11248857975006,-0.9254736441356858,-0.3788120035191783,14.9624998569488,1
83461,7.53725430965423,-0.927002417341899,-0.3750553535710105,17.7299997329712,1
83489,5.64521577358246,-0.7306959137826406,0.6827030698490756,15.7750000953674,1
83537,6.6860152721405,-0.9696740393302302,-0.24440183601805282,10.472500038147,1
83563,7.13691684007645,-0.9088047345418807,-0.4172217090160359,11.3474999427796,1
83611,6.19767291545868,-0.9997893909197033,-0.020522519445930754,15.0925003528595,1
83702,6.49602799415588,-0.8674378680015703,0.49754552068819824,11.3924999713898,1
83732,5.44524202346802,0.05383980517153048,0.9985495858389265,15.0575000286102,1
83768,1.35386245697737,0.6424760156704021,0.7663057935891423,15.4400001049042,1
84350,4.15037776231766,-0.2612424909979481,-0.9652732053140122,23.3299993515014,1
84415,6.2580381155014,-0.15212311435201675,-0.9883615523075769,17.6499999046326,1
84485,8.51579504013061,-0.6403543965041246,-0.768079583687679,18.2649997711181,1
84486,7.33596253395081,-0.4825018593032105,-0.875894945623586,18.1275005340576,1
84517,6.84246008396149,-0.6678034682096134,-0.7443376437123221,12.4924999713898,1
84518,6.13346526622772,-0.5934646704872271,-0.8048600405558018,12.4824999332428,1
84547,6.29734932051765,-0.5717379306749808,-0.8204363099153346,9.90555519527859,1
84564,5.99319251378377,-0.565205083181906,-0.8249504312050117,11.1805558204651,1
84798,4.7932341337204,-0.624660107480278,-0.7808967602204068,14.2625000476837,1
84808,4.96439895629883,-0.5466898618226785,-0.8373351748137067,13.4825001716614,1
84946,4.70762393474579,-0.809526256812076,-0.5870836733650738,14.4474998474121,1
85144,5.04852422475815,0.982737110480131,0.1850074908893225,12.69500041008,1
85220,2.93949000835419,0.9842691282939948,0.17667564372991418,14.7199997425079,1
85321,13.7690011978149,-0.9699032998530887,-0.24349042883466626,12.5,1
85382,8.06127371788025,-0.8108365367094296,-0.5852726806686418,11.5025000095367,1
85419,6.79413298556679,-0.7616456590329937,-0.6479937423125293,11.0789473684211,1
85484,5.73552327407034,-0.8512521720035373,0.524756838601709,15.1894739050614,1
85497,3.7773456454277,-0.9212685498174771,-0.38892706143594946,16.5549999237061,1
85581,1.78250002861023,0.5675166987941944,0.8233618867726022,12.5266667683919,1
85593,3.25323338508606,0.3746454893086737,0.9271681386569884,12.1849997520447,1
85665,11.1070086479187,0.09286081522069632,0.9956790994073079,10.077499961853,1
85765,8.99329686164856,0.27753666778465813,0.9607150451798849,9.56250023841858,1
85781,10.2271275997162,0.26456244138409324,0.9643685574555447,9.4050000667572,1
85786,8.28084962368011,0.06991792716985185,0.9975527472070193,8.99749999046326,1
85928,3.94908586740494,-0.6646803481075504,-0.7471278570898194,12.7050004959107,1
86132,5.26609530448914,-0.5139539280442664,-0.8578177894214302,11.3450000286103,1
86179,5.47067258358002,-0.6350187675690154,-0.7724967086241395,13.875,1
86249,6.37030420303345,-0.20629812754904217,-0.9784891836754043,12.8275001049042,1
86269,5.48708186149597,-0.2902171165782917,-0.956960827434949,10.602500295639,1
86283,7.56442975997925,-0.12756974646035055,-0.9918296021938657,10.8500000953675,1
86336,8.1928817987442,-0.042388153791560475,-0.9991012183048037,15.885000038147,1
86435,6.20142257213593,-0.11353246580542711,-0.9935342868810012,10.0950000286102,1
86597,8.51293647289276,-0.4500104829469903,-0.8930232725062749,16.6675002098084,1
86680,5.32835396528244,-0.7176202648386474,-0.6964346024523118,14.9299997329712,1
86684,5.60966863632202,-0.6885365263986342,-0.7252016628599958,14.6449998378754,1
86690,5.536736536026,-0.7349796217934087,-0.6780891943899547,14.2900001525879,1
86777,1.9824187785387,0.10948676603430683,-0.9939882534835857,19.3999996185303,1
86831,2.0692499935627,0.9119190951705118,0.4103700328525402,15.0800003051758,1
86871,1.77331882715225,-0.4459205169285897,0.8950725627468085,15.5950002193451,1
86876,1.60796251296997,-0.23007655399226062,0.9731725331630802,15.7049998283386,1
86935,4.56801534891129,-0.8897067629649721,0.4565324478439522,18.8474998474121,1
86977,5.5183967590332,-0.9339268570114557,0.35746416009539184,15.8050001621247,1
87052,9.16022939682007,-0.9391426098190615,-0.34352752207391185,16.3100005149842,1
87267,3.66337181329727,0.977114782969024,-0.2127127191857534,16.0499999046325,1
87328,4.50408611297607,0.5044340552298058,-0.863450220872294,20.0200001716614,1
87485,5.92491552829742,0.997651131906066,-0.06849977377003001,22.7224997520447,1
87780,5.75631232261658,0.23980828684141095,0.9708202642931325,16.2350004196167,1
87907,5.94117629528046,0.7323818582377498,0.6808941281316945,15.0375001430511,1
87908,6.33306789398193,0.7087878902310187,0.7054216658579897,15.0300001144409,1
87924,7.20186710357666,0.7808612773247198,0.6247044625859552,15.6625,1
87969,8.6658173084259,0.7254974876953784,0.6882248145393293,12.1000003814697,1
88022,6.5724966651515,0.8755756595400817,0.48308101227532324,12.0999998795359,1
88079,5.35888919830322,0.9328323125701636,0.360310805590119,19.8324999809265,1
88171,5.08915754556656,0.990785600668613,0.1354396304917275,13.0575001239777,1
88226,5.51678179502487,0.994414799945942,-0.10554243529724035,23.4624999046325,1
88342,4.572971534729,0.6557775870497251,-0.7549541418677297,27.0625002861023,1
88454,6.5411162853241,-0.9624069795844031,-0.2716114976344453,16.4775002479553,1
88804,3.06762699484825,-0.4571973498267411,0.8893652699039942,20.0524998664856,1
88917,2.9718961417675,-0.226494932750596,0.9740123435759441,21.1074999809265,1
88955,4.57480922937393,0.7828994678900416,0.6221482324795994,20.5774998664856,1
88994,5.63860762119293,0.06350196836183576,-0.9979817132664167,14.9924999713898,1
89019,5.01152925491333,-0.9834401772132235,-0.18123304842887658,15.7950001716614,1
89089,4.21532776355743,-0.9760011352492852,0.21776543341886578,24.2749997138977,1
89145,5.02223968505859,-0.9259472304063832,0.37765291803817475,16.9024995803833,1
89274,4.14090257220798,-0.6321922991137587,0.7748115234953981,17.1944449742635,1
89526,1.43559378087521,0.9975990712369124,0.06925383070451661,22.9299997329712,1
89562,4.21623743772507,0.9805588274190752,0.19622534487300136,13.2775001049042,1
89573,4.04251093864441,0.8457918544255548,0.5335130166991064,11.8150001525879,1
89654,1.5397874943912,0.7064871126155807,0.7077259071901352,22.0949999809265,1
89990,5.32870659828186,-0.9992404844585443,-0.03896734811420528,19.6600009918213,1
90099,4.81315170526504,-0.9987734201445986,0.049514192032801385,21.1525004386902,1
90100,4.46001876592636,-0.9765480273665778,0.2152996754443575,21.0500000953674,1
90287,7.91592931747437,-0.8805653918893662,0.4739246676495399,15.35,1
90295,7.35719804763794,-0.876248939141213,0.4818586895075139,14.3949996948242,1
90450,1.96798044756839,0.9260642807165892,0.37736580128684977,14.9315786863628,1
90691,2.46513746976853,0.38543832207450596,-0.9227336017921908,21.520000076294,1
90749,5.76139362234818,-0.9610327270363958,-0.276434617161072,16.9210522300319,1
90825,2.1260625064373,-0.16924562402855792,0.9855739032397236,23.6625006675721,1
90828,2.09311891198158,-0.04921519489720338,0.9987881980636487,23.4849999427795,1
91251,7.93998639583588,-0.24421313970863737,-0.9697215798329176,18.5675001144409,1
91452,6.54310247898102,-0.9513014354146423,-0.3082621919373851,14.9974999904633,1
91460,7.32228209972382,-0.9536162209988629,-0.30102508707389813,14.6425001144409,1
91516,8.12752325534821,-0.6794300933671849,-0.7337402457457669,21.017499923706,1
91531,7.5928480750636,-0.6720560262622287,-0.7405003022042749,21.8657891122918,1
91576,7.16956827640533,-0.38794777169675954,-0.9216813584072963,17.5,1
91654,9.2991140127182,-0.7623603788427763,-0.6471527275463641,24.2125,1
91723,5.47759644985199,-0.9611156208402543,-0.2761462717055088,20.7225004196167,1
91931,5.8688010931015,-0.9155847977732964,-0.4021249533247495,24.3900001525879,1
92013,4.35318370869285,0.03997056557920148,-0.9992008576293752,23.7105269181101,1
92068,7.29492092132568,0.7311379092952974,-0.6822296956240628,29.2125,1
92079,5.1731910425074,0.7332025213760149,-0.6800103401036298,33.0794116749483,1
92097,5.17719941139221,0.19274615873438297,-0.9812486526325221,35.4600006103516,1
92101,7.51208355426788,0.20385605691075528,-0.9790008723493554,35.8974996566773,1
92108,9.39597308635711,0.23799762431516008,-0.9712657364595644,36.5424995422363,1
92149,4.74915121731005,-0.9457654090997165,-0.324850413191127,26.7026314986379,1
92167,4.30522601604462,-0.6001779784285025,-0.799866485239553,25.1450000762939,1
92263,1.5537432118466,0.257435721546193,-0.9662954254636575,23.3578949978477,1
92265,0.986775153875351,-0.059846036659896504,-0.9982076196343636,23.9500001907349,1
92314,6.14588351249695,-0.9107547379446406,0.41294770529861174,18.7125004768372,1
92341,4.53638491630554,-0.9404889567178488,0.3398242520653466,17.4975001335144,1
92406,6.59678516387939,-0.8915931465563651,0.4528373449857245,17.2500003814698,1
92520,9.49520823955535,-0.99999937728183,0.001115991017992365,14.270000076294,1
92539,9.14903621673584,-0.9990468963149868,-0.043649730393120215,14.2324999332428,1
92546,7.61874900545393,-0.994847965817993,0.10137812835025856,14.7642855417161,1
92565,5.34092075824738,-0.9664518477324177,0.25684786550523586,14.6624999046326,1
92688,5.42174191474914,0.29513785119559577,-0.9554546817048134,25.3349994659424,1
92747,4.44669083356857,0.9696650576519926,-0.24443746842241215,17.877499294281,1
92801,10.8857436418533,0.6618247958145025,-0.7496585487040698,19.1374997138977,1
92809,7.86605186462402,0.7998220935015475,-0.6002371354279921,18.6850003242493,1
92874,9.62618525028228,-0.9441873567278112,-0.32940891820858303,16.4024996757508,1
92913,9.5570214509964,-0.919686599750705,-0.39265322899345506,15.7099998474121,1
93270,3.7913046836853,0.7668028270139569,0.6418827186358921,22.3674999237061,1
93287,3.31545497179031,0.9833177597175226,0.18189607863863533,19.775,1
93310,3.3652395606041,0.9910786707403026,-0.13327816176566498,16.2300005912781,1
93467,5.1037477016449,0.13439889518587145,-0.9909273116494555,18.5099999427795,1
93543,6.11460573673248,0.2369795731101461,-0.9715146328947047,24.9700000762939,1
93601,6.20290748696578,-0.4910539778106027,-0.8711291470708485,17.1000004818565,1
93683,8.14603011608123,-0.9348520043311247,-0.35503764588854336,22.020000076294,1
93852,7.03573267459869,-0.5812977664684482,-0.8136909159495351,20.1025001525879,1
94044,7.46974246501923,-0.903629543224925,-0.42831489422049457,14.9099996566773,1
94170,6.31479060022455,0.6905343472418584,-0.723299602709182,19.5894734232049,1
94247,9.60578510761261,-0.29708060527993224,-0.9548524042837768,22.4224998474121,1
94363,14.4296776771545,-0.566090602651341,-0.8243430290782118,17.7649994850159,1
94453,10.9109330177307,-0.6188316760335022,-0.7855236194651098,16.4800000190735,1
94477,8.46367144584656,-0.5156053330425376,-0.8568262020608928,14.7249997615814,1
94481,9.73019092082977,-0.5775770831732419,-0.8163361519576908,14.4049996376038,1
94539,7.83208934884322,-0.9594442784003578,-0.28189834452301543,17.121052691811,1
94604,6.18706753518846,-0.9488327808603669,0.31577896377811954,14.1444444656372,1
94662,3.11230695843696,-0.8761183381717668,0.4820961081767221,15.8775000572205,1
94686,6.72453236579895,-0.8223009085031173,0.5690529113140076,17.6350001335144,1
94696,5.74320729970932,-0.7996689236365004,0.6004411816073585,17.7924995422363,1
94731,4.72067334651947,-0.9703444703108179,0.24172630998138805,15.3824998378754,1
94732,4.28864973783493,-0.9818783348055182,0.18951236276175384,15.2650002479553,1
94788,5.7947553396225,-0.9999864711871016,-0.005201676918850355,12.7050000667572,1
94886,4.92679141759873,-0.9595697979700801,-0.2814707850269004,16.0725002288818,1
94992,8.26928515434265,-0.4534969973759438,-0.8912578041010374,16.7949993133544,1
95015,5.66056690216064,-0.4922363119232778,-0.8704616092764629,17.5975003242492,1
95116,8.49415121078491,-0.8611097289241755,0.5084191526212727,19.020000076294,1
95233,8.14647562503815,-0.3346250388441714,-0.9423513587715235,15.9849999427795,1
95242,10.4804686069489,-0.2206157421970675,-0.9753608021111148,16.0,1
95287,11.0071611642838,-0.17377665203271533,-0.9847850908742987,15.5850003242492,1
95317,9.24754845468622,-0.561093896190278,-0.8277521607691601,17.1578954395495,1
95331,8.81429783503214,-0.8994987019349744,-0.4369234317558354,16.8904756818499,1
95352,6.4775954246521,-0.6490392760257501,-0.7607549001984609,14.1999998092651,1
95497,6.43035387992859,-0.4039157450738856,-0.914796190897955,14.2374999523163,1
95627,7.56535801887512,-0.6590513469034889,-0.752097947174899,13.0975000858307,1
95732,7.02453949451447,-0.8364399541026957,-0.5480585764137629,16.7674999237061,1
95750,5.52923722267151,-0.9204729631667284,-0.39080624877176995,14.0949999332428,1
96122,7.76468217372894,-0.8581322007173469,-0.5134287935945968,20.5050001144409,1
96170,8.28825604915619,-0.8504607743041193,-0.5260384694773168,18.4599998474121,1
96179,6.45246179103851,-0.8628217328492412,-0.5055083157802971,17.8274991989135,1
96318,5.84752852916718,-0.055777076014676574,-0.9984432471559177,23.0750002861023,1
96326,4.16558030843735,-0.22047478150180985,-0.9753926751425445,20.6800001144409,1
96576,4.30724931955338,-0.3672963010864245,-0.93010398730907,31.7425001144409,1
96612,5.63599028587341,0.12120090120643283,-0.9926279975634117,26.132500743866,1
96645,2.93983128070831,-0.9930531464172946,-0.1176666834355048,20.4549998283386,1
96650,2.09615640044212,-0.9691470997135763,-0.24648306050672839,20.4599998474121,1
96676,1.69931245744228,0.8787902760730915,-0.4772081837933834,26.7249996185303,1
96785,1.5171935915947,0.002720708632934995,0.9999962988654182,21.4599998474121,1
96800,1.79574364423752,0.3870022092764561,0.9220787873143715,20.7250003814698,1
96830,2.28909364491701,0.9288910746923688,-0.3703530361112978,28.5599998474121,1
96835,2.62471878230572,0.5250003007259262,-0.8511020410254502,29.1650001525879,1
96962,4.90880423784256,-0.8574354081588489,-0.5145916058735006,18.8975002288819,1
97004,4.63376381397247,-0.7437524993929984,-0.6684550992001392,19.9074996948242,1
97008,4.72486859560013,-0.6283913893528057,-0.7778973337062228,19.6475008964539,1
97074,5.55726664066315,-0.9921568959371846,0.12499877537116362,11.979999923706,1
97094,4.88613950014114,-0.9244520943442862,-0.3812982104107792,13.2650000095367,1
97184,7.12096969704879,-0.6648088602856167,-0.7470135067625882,16.2631581958972,1
97404,8.79293320178986,-0.3776573317381253,-0.9259454302411344,19.349999332428,1
97417,9.17840211391449,-0.6086870401640453,-0.7934104153187894,19.2100002288818,1
97420,11.5695306777954,-0.7829023173761931,-0.6221446467237234,17.822500038147,1
97565,5.57670157551765,-0.9943013817744241,0.10660563869454136,18.2949999809265,1
97840,6.97215616703033,-0.9485948856350878,-0.3164928797729182,19.5825003623962,1
97871,6.02868000268936,-0.9254436941109323,-0.3788851660204068,20.014999961853,1
98082,3.048990213871,-0.4529049965291419,0.8915587833221867,11.8099999427795,1
98181,3.52916496992111,-0.9488628336418307,0.3156886487240167,15.1225002288818,1
98254,8.05668876171112,-0.6847629506343895,-0.7287658755996227,13.8999996185303,1
98461,5.44032294750214,0.18997626761773395,0.9817886828345675,14.6200001716614,1
98599,1.8719063937664,-0.9679580720956884,-0.2511118688250282,17.1675001144409,1
98824,5.21833398342133,-0.8578687131189738,0.5138689239987138,12.597500371933,1
98906,6.56702959537506,-0.9705808351821009,-0.24077550202878925,15.6699999332428,1
99009,6.24209299087524,-0.9980542372100571,0.06235174085020447,21.7774998664856,1
99131,7.10182114651329,-0.82100010275583,-0.5709280438679786,19.7947368621826,1
99144,8.65724141597748,-0.8007988260617792,-0.5989334188188837,21.3450001716614,1
99192,7.33744759559631,-0.8888195491574707,-0.45825736113619653,18.2999992370605,1
99227,3.90771015882492,-0.5745302563818855,0.8184833440588544,12.8400000572205,1
99259,2.43943487405777,-0.38485057129428213,0.9229788934609852,13.3800000667572,1
99335,4.08700939019521,-0.016161430268003887,0.999869395557086,16.7777773539225,1
99491,8.89487848281861,-0.8970574155854608,-0.4419140110283152,17.1425005912781,1
99540,7.59943866729736,-0.9733085630191112,-0.22950041645642577,14.9824999332428,1
99568,5.28348834514618,-0.9627329652531028,0.2704537624344833,20.4400000572205,1
99581,5.36116781830788,-0.9909572211367911,-0.1341781870381657,21.2437500953674,1
99606,4.27812474966049,-0.08627979762468838,0.99627094533658,19.8949995994568,1
99805,4.42324639558792,-0.7006799559773937,0.7134757173804288,10.4299997329712,1
99908,5.45043957233429,0.9815780831581069,0.19106142118087704,12.3299996852875,1
99912,4.18072736263275,0.990488229911831,0.13759747965034697,11.8949999332428,1
99916,4.95331712961197,0.9967256938624572,0.08085722722430641,11.3999997615814,1
100102,2.50541238188744,-0.21979581239038232,-0.9755458988974592,13.989999961853,1
100136,2.07768743336201,-0.25591212435015875,-0.9667000489348229,18.9900002479553,1
100146,1.73403576442174,0.773737358695028,-0.6335065112211883,20.8547619410923,1
100217,5.56807007789612,0.02808511442346967,-0.9996055353727392,15.260000371933,1
100219,5.37219851016998,0.0853767339306783,-0.9963487408048098,15.0050000190735,1
100459,5.08503664731979,0.8450291147279366,-0.5347202962878066,24.8924996376038,1
100464,4.98108662366867,0.8824763522609258,-0.4703567664021113,24.2050005912781,1
100648,4.72140502929688,-0.16704874778415746,-0.9859486375383583,14.0631579348915,1
100795,7.14298675060272,0.03907067434927872,-0.9992364496984147,15.760000038147,1
100890,6.01461834066054,-0.7417205969776548,-0.6707089950336966,17.4882353614358,1
100944,5.8231187582016,-0.42786680014121636,-0.9038418010564219,14.9974999904633,1
100974,5.8456908583641,0.02646067519222287,-0.9996498550334371,14.6999998092651,1
101018,5.1395499078851,-0.999912774695884,0.013207687154771003,17.4368418643349,1
101167,8.95125274658203,-0.8077169799416016,-0.5895704201484486,17.4800002098084,1
101229,6.78703669940724,-0.5163749466228544,-0.8563626069021488,13.8000001907349,1
101231,6.50142965316772,-0.5586686585676822,-0.8293909391440122,13.8924997329712,1
101239,6.72664847373962,-0.42843096656901253,-0.9035745165091487,13.7800002098084,1
101250,7.46586301326752,-0.48983458156352355,-0.8718153948540297,13.4199999809265,1
101252,6.69206650257111,-0.4754776593742277,-0.8797277962165376,13.4157893532201,1
101279,8.13240518569946,-0.4937877253022772,-0.8695824758703471,13.5950003623962,1
101287,7.86506803035736,-0.4652164425332136,-0.8851969620354225,14.9774999141693,1
101316,15.3775903701782,-0.7925125076118358,-0.6098556593808078,11.9724999904633,1
101517,7.66416625976562,-0.13922408351053206,-0.9902609022730587,14.270000076294,1
101548,7.97854063510895,-0.3174007697788315,-0.9482914907051551,15.3949996948242,1
101681,6.28532514572144,-0.9848974557380408,-0.17313867759901055,11.35,1
101788,6.70238733291626,-0.22247844751346998,-0.9749376084611754,14.7249997615814,1
101825,5.22009744644165,-0.6051635129909627,-0.7961012011951979,14.6000003814697,1
101860,5.1062536239624,-0.5192161979512544,-0.8546429311619231,15.7249999046325,1
101902,9.54302535057068,0.5978385445911348,0.8016165383780163,11.6625,1
102092,3.96629341840744,-0.2149411940607643,0.9766269928154417,9.87749977111816,1
102103,1.27760527008458,0.027251041979572396,0.9996286213944795,9.64210540369938,1
102182,7.17190913150185,0.3143336192514086,-0.94931258066472,12.602631870069,1
102199,6.94113821983337,0.3957819323347426,-0.9183445225172181,12.0325001239777,1
102473,3.88692007064819,0.5849616777701944,-0.8110609320761785,15.0025000095367,1
102488,5.26887962818146,0.6344800192725546,-0.7729392635543227,14.5150000572205,1
102559,4.56270651817322,-0.8969224510010572,-0.442187875105431,12.7750002861023,1
102599,9.61129522323608,-0.9557392358253862,0.2942150796677609,15.3736842807971,1
102635,8.21103599071503,-0.8641651499178366,0.5032083004755417,13.2975001811982,1
102718,5.93094835281372,0.1643371700056464,-0.986404224724598,10.4799999237061,1
102731,5.17281876802444,0.05653914317752589,-0.9984003832575142,12.0650002479553,1
102819,7.74120054244995,-0.8690547210014706,-0.49471597094197,13.7700003623963,1
102840,6.71484277248383,-0.8908011830502275,-0.45439327930363915,12.1999998092651,1
102924,8.5199901342392,-0.8258053301518684,-0.5639552789829736,12.1599999427795,1
102946,7.41065802574158,-0.6834954596442692,-0.7299547634241927,10.8650000572205,1
103033,10.2217474987632,-0.9556484417695302,-0.2945098567849109,13.0842105965865,1
103035,10.4204932451248,-0.9687495801037318,-0.2480408253672029,13.3000000953675,1
103068,6.64640281200409,-0.6893310384503837,-0.7244464917638263,12.0550002098083,1
103214,10.264650689231,-0.5227479106633701,-0.8524873148012709,14.3722220526801,1
103302,10.8158646633751,-0.579602785969229,-0.8148991413032095,15.3921049519589,1
103319,11.2936546802521,-0.5727148740829929,-0.8197546419533723,16.4174997329712,1
103391,8.21350469589233,-0.8250262683594916,-0.5650943784155106,11.8250001430512,1
103421,3.88315176963806,-0.4683461479163829,-0.8835450671764772,11.3777776294285,1
103430,5.64636671543121,-0.5881882847563231,-0.8087240207112774,11.0950003623962,1
103464,3.66639765501022,-0.545609886428654,-0.83803929014773,13.5350001335144,1
103500,5.06994535923004,-0.2463288138825676,-0.9691863161700166,12.489999961853,1
103569,3.38608528971672,0.9999922767654026,-0.003930192049566095,10.7825001239777,1
103575,4.22371819019318,0.9130407898041502,0.40786825833081647,10.6924997806549,1
103647,10.3479323625565,-0.8826300722904351,-0.4700682455650258,12.0325001239777,1
103648,10.1451556444168,-0.880495758698179,-0.4740540253120082,11.9875000476837,1
103724,5.47251017093658,0.6457624563577524,-0.763538374909082,11.6175000190735,1
103901,4.28694823053148,-0.6749268589664125,-0.7378846353229834,12.8722221056621,1
103922,3.07085688114166,-0.6210357608611146,-0.7837822297881322,13.4849999904633,1
104024,6.79248969554901,-0.9812460902744831,-0.19275920294772175,13.5225000858307,1
104060,4.67136448308041,-0.9728986150264181,0.23123210174990338,13.9184207414326,1
104079,5.03029582500458,-0.98539509938824,-0.1702835814212302,12.7800002574921,1
104084,6.3811075925827,-0.982396148866713,-0.18680954657578683,12.1549999713898,1
104240,6.47015190124512,0.11992066918138876,-0.9927834774527061,10.9349999427796,1
104268,6.40935962200165,0.34936270047042894,-0.9369875684981148,9.74749970436096,1
104303,5.80590457665293,-0.7882360091048901,-0.6153730526683758,10.3342104961998,1
104313,7.61120719909668,-0.622426308188434,-0.7826784083357076,12.0225000858307,1
104377,8.92036485671997,-0.28208652243708043,-0.9593889690106691,10.6150002002716,1
104451,6.54694488048554,-0.8839494694542207,-0.46758243706495406,10.4349998950958,1
104457,6.31775379180908,-0.8999361922585049,-0.4360216162798163,11.3699999809265,1
104563,6.8359073638916,-0.28319783190760844,0.9590615141912587,8.62750034332275,1
104632,7.29664726257324,0.08706064416387879,0.9962030135658948,10.4199996948242,1
104720,7.52116057872772,0.2951321438992754,0.9554564446574304,10.6000002861023,1
104760,8.25634710788727,0.05595294610849066,0.9984334068037689,12.0050001144409,1
104936,4.16741801500321,-0.4282293870810683,-0.9036700681333717,12.5800003051758,1
104968,5.72967519760132,-0.6371159275794486,-0.770767990269821,10.7474999427795,1
105032,3.68423617482185,0.1621006474668265,-0.9867742295433316,11.4124997615814,1
105103,2.41061260700226,-0.1000018010300642,-0.9949872560946413,12.1275001049042,1
105243,6.85031189918518,-0.7273164340684525,-0.686302269218127,10.6699999809265,1
105339,8.70669190883637,0.29627344962805896,-0.9551031583266228,12.1999998092651,1
105447,1.31291246116161,-0.8931644998111697,-0.4497301149323481,11.6099999427795,1
105562,7.54664692878723,-0.9763741859907167,-0.21608666995204792,5.59999990463257,1
105575,7.97005753517151,-0.9998182610043094,0.0190642325394606,5.33250017166138,1
105631,5.9062787771225,-0.8457783754878079,0.5335343846062827,11.45,1
105659,7.50506699085236,-0.8480427182105498,0.5299278706485082,9.40499997138977,1
105867,4.35627293586731,0.6229567133353761,0.7822563092173729,4.42249999046326,1
105996,6.72718691825867,0.9572390106670231,0.2892982482788633,6.78250012397766,1
106053,8.49517209529877,0.9710672779605392,-0.23880607545518817,9.62250018119812,1
106143,6.11310222148895,0.9980795687625543,0.06194493053312375,5.80749998092651,1
106190,5.49485950469971,0.9931160014478178,-0.11713499762367365,7.86500012874603,1
106201,5.01294001340866,0.853677019033491,-0.5208027910582782,9.23499994277954,1
106363,6.65095059871674,-0.5738868232392415,-0.8189346213907259,14.6000003814697,1
106404,8.21027476787567,-0.37406037658833013,-0.9274043533791485,14.8649995326996,1
106498,10.1483855962753,-0.7883094295731216,-0.6152789962660027,10.7024998188018,1
106515,7.7818523645401,-0.6667208319407946,-0.7453075420631236,10.4199996948242,1
106538,6.12056443691254,-0.5544852550015074,-0.8321935483923877,10.2374999523163,1
106556,6.54312100410461,-0.7837709677389652,-0.6210499739389144,10.2550001144409,1
106704,4.27890442609787,-0.26663694992601655,-0.963797041359928,9.17999987602234,1
106958,2.62054930329323,-0.29993281805608035,0.9539603265612979,5.4650000333786,1
107159,5.32844675779343,-0.9159388585611119,-0.4013178383498141,8.76000027656555,1
107287,7.26243646144867,-0.2821479430553299,0.9593709075376667,7.44750003814697,1
107604,1.96284404993057,0.9989441482262463,-0.04594114413615723,8.44749979972839,1
107659,7.41698784828186,0.12326363155085197,-0.9923739603279077,5.99499998092651,1
107660,7.4804160118103,0.15071889034341746,-0.9885766617180728,5.99999997615814,1
107686,11.9606239318848,-0.9568792849443737,0.290485858596153,6.63249981403351,1
107768,10.2465068340302,-0.9406135645310018,-0.33947919261757853,5.37500016689301,1
107874,8.19921159744263,-0.9214538964912631,-0.38848773036103545,5.77999999523163,1
108066,8.66035990715027,0.9937781154450261,-0.11137799272087905,5.2850001335144,1
108298,7.12694878578186,0.1857083062606796,0.9826049180549574,7.80000019073486,1
108583,2.56733044087887,-0.34529311404586227,0.9384948936422143,8.83999996185303,1
108640,7.9937618970871,0.13699223764396387,0.9905721209610635,7.14999978542328,1
108760,4.94355328083038,-0.15473416366124124,0.9879561420407569,6.41500008106232,1
108767,4.57854025363922,-0.29362390272218164,0.9559210238038469,6.04000010490417,1
108858,5.68789098262787,-0.17552845134502992,-0.9844743586139841,4.32749993801117,1
108919,5.89647777080536,0.2925636899782,-0.9562460391062227,5.5699999332428,1
108924,5.77673106193543,0.5238222320761396,-0.8518276053185708,4.81000018119812,1
108957,6.67552738189697,0.3112336094495387,-0.9503334364048295,5.59999990463257,1
109122,5.88921995162964,0.9909124847531618,-0.1345081691211161,2.49250000715256,1
109210,7.3348673582077,0.9627963179433565,-0.2702281446384059,4.78500015735626,1
109222,6.84116063117981,0.9996872910116422,-0.02500640297612281,5.30750019550323,1
109231,6.47364646510074,0.9933508941484015,-0.11512602266460586,5.52105261150159,1
109290,6.50744395256042,0.4715344625265236,-0.8818476346001176,6.86500012874603,1
109317,7.09901232719421,0.7825100197217711,-0.6226379919624512,8.87249984741211,1
109402,7.6719251871109,0.9768972170913262,0.2137096797976693,8.15749988555908,1
109424,5.69281005859375,0.9985154816498708,-0.05446864148780029,8.79500021934509,1
109566,0.820106248557568,-0.7662666825973323,0.642522661967093,8.56000022888184,1
109723,8.391890335083,0.6366012853136165,-0.7711931039221315,9.60000038146973,1
109731,7.17077496051788,0.5267135853913109,-0.8500428218414824,10.0050000190735,1
109780,6.09866061210632,0.17797408781958962,-0.9840351742009962,11.1250004291534,1
109810,4.98355547189713,-0.5007517324712744,-0.8655909556060629,10.8250001430512,1
109845,5.25321298837662,0.11435030350272868,-0.9934404904617256,9.53250012397766,1
109920,6.7885359287262,-0.1237446145642286,-0.9923140986433431,11.4474997997284,1
109930,6.39690420627594,0.28634381437598994,-0.9581269331193069,10.7149998664856,1
109939,6.20543210506439,0.35880408751011494,-0.9334128919112022,10.2775001049042,1
110094,8.50467612743378,-0.9989342628380249,0.04615559043335813,8.91249966621399,1
110122,8.38916177749634,-0.9587418321844536,0.2842782074299698,8.10000038146973,1
110218,5.44984548091888,0.044118898784396565,0.9990262873268412,6.49000000953674,1
110260,5.17581508034154,-0.1864971102162541,0.9824555093646665,3.45526320055911,1
110380,3.6114154458046,0.9886044719190804,0.15053636803641884,4.22249989509583,1
110383,3.82319498062134,0.9971181085259754,0.07586486439440268,4.41578955399363,1
110484,4.27435655593872,0.9463596384613917,0.3231152034355918,4.15999982357025,1
110634,7.09042707085609,-0.15107756656478305,0.9885219111789397,3.81562495231628,1
110735,6.47534928321839,-0.8927766765142856,0.45049950707199077,5.34000015258789,1
110759,5.7823183298111,-0.9954076943086375,0.09572628746150202,5.65499999523163,1
110795,7.14868550300598,-0.9590271199048069,0.2833142835917225,5.59749989509583,1
110828,4.00113520622253,-0.9012814678900912,-0.433234019483561,4.30000019073486,1
110872,5.53254146575928,-0.9403435941183232,-0.340226284993729,5.9724999666214,1
110907,5.49671583175659,-0.8263137402393299,-0.5632100875265723,7.7850001335144,1
110914,5.85046129226685,-0.8831720367753635,-0.46904920153226565,7.36000006198883,1
110939,7.08632629796078,-0.7936305723671184,-0.6083999626925038,6.39473694249203,1
110999,8.54259470105171,-0.5220209817979545,-0.8529326436259194,5.17500004172325,1
111060,4.69760007858276,-0.6790513583563609,-0.7340907659917683,6.36250021457672,1
111098,5.28287575244904,-0.8373395415151949,-0.5466831735247786,4.70000002384186,1
111235,11.246802854538,-0.6385354151535186,-0.7695924399282542,9.02500004768372,1
111394,7.42508118152618,-0.975469729387792,-0.22013361180907343,8.60000038146973,1
111453,8.54716575145721,-0.932215606686716,-0.3619033885579383,9.27750010490417,1
111481,8.06541321277618,-0.6138488399912657,-0.7894235882220504,9.72999973297119,1
111525,11.253466796875,-0.48370468333940525,-0.8752312719021902,9.51250004768372,1
111596,12.373194026947,-0.781175705844565,-0.6243112337594493,9.56250023841858,1
111643,11.2070606231689,-0.8306414970651517,-0.5568075999421735,6.71999988555908,1
111662,10.2039432048798,-0.6036382432846951,-0.7972583466130456,6.74499998092651,1
111668,8.6021849155426,-0.495821861357108,-0.8684242521949584,5.975,1
111672,10.9910859107971,-0.5827624035065322,-0.8126425912166367,5.8400000333786,1
111677,9.76488437652587,-0.5571890108995577,-0.8303856972111048,5.69749982357025,1
111741,11.1960157871246,-0.748204496654699,0.6634681840040927,8.99499998092651,1
111834,6.9028252363205,-0.5929168254155734,-0.8052637072034964,5.41749994754791,1
111914,14.204644536972,-0.4435897056058295,-0.8962299777850178,10.75,1
112025,7.49495041370392,-0.5546312928947288,-0.8320962257707468,4.18999979496002,1
112060,6.60524973869324,-0.9709989138333449,-0.239083896016575,5.26500008106232,1
112095,7.14413766860962,-0.9531513914509657,-0.30249367757870216,3.05749994516373,1
112137,6.33210260868073,-0.1614657882724558,-0.9868783102376678,2.07499992847443,1
112424,11.4970253944397,-0.993551685588416,-0.11338010435882218,4.25500001907349,1
112541,8.28729069232941,-0.4871623200514747,-0.8733114415385067,7.09999990463257,1
112564,11.9025975227356,-0.9247687915776989,-0.38052947602508086,4.42500007152557,1
112571,13.2944861462242,-0.8236594616123267,-0.567084730262147,4.57894731822767,1
112645,7.78460853978207,-0.3475457080245159,-0.9376630422671771,6.94210531837062,1
112873,1.94268760681152,0.9901231311775435,0.1402005174996767,6.15999999046326,1
112883,2.39311186263436,-0.531253817418554,0.8472127132416118,5.2789474788465,1
112940,5.46857504844665,-0.882780432442566,-0.4697858108718441,3.62750000953675,1
113085,10.241012430191,0.6493249379574451,-0.760511094558495,6.81499989032745,1
113176,8.12353231906891,0.041851402205235824,-0.9991238462440257,11.135000371933,1
113233,10.2799937486649,-0.05480048784983517,-0.998497324248503,9.98499994277954,1
113275,6.45265565978156,0.44185445205780816,-0.89708675343954,8.74444479412502,1
113302,2.24640347361565,0.9723434862285496,0.23355544264458986,8.32499961853027,1
113323,5.50729646682739,-0.8753708522617771,0.48345203589445146,7.88000020980835,1
113420,6.94967701435089,-0.06270033956105936,-0.9980323979806106,5.67999980449677,1
113480,6.68360207080841,-0.3017362309002393,-0.9533914447707812,8.92249984741211,1
113598,7.47688903808594,-0.9277073277032065,0.37330833653399076,7.11249985694885,1
113600,8.17721506527492,-0.9332780966759949,0.35915455484349956,7.00714288439069,1
113648,6.58928594589233,-0.8981754178853866,-0.43963725809627546,8.43749976158142,1
113729,10.4788724899292,-0.992413194613609,-0.12294735115817311,7.49249997138977,1
113811,6.11234118938446,-0.4644107553906204,-0.885619924277629,7.08500003814697,1
113845,5.65247371196747,-0.013897821850260936,-0.9999034206101199,6.90500009059906,1
113868,6.86107811927795,-0.2956413687834913,-0.9552990008703158,7.31500000953674,1
113901,11.5529914855957,-0.8903163843813129,-0.4553424378445153,10.1849998474121,1
113926,10.1065642595291,-0.893623831703614,-0.44881671917537896,9.8649995803833,1
114154,6.05691356658936,0.7973968528811954,-0.6034552667888193,3.53000000715256,1
114155,6.09732403755188,0.7910983458006835,-0.6116889791972896,3.51499999761581,1
114181,8.57330176830292,0.8617384149858728,-0.5073528398832864,5.42500007152557,1
114276,2.89204428195953,-0.5664552008504544,0.8240925345065755,6.1525000333786,1
114323,1.87320005893707,0.9390502352004713,-0.34377995254223237,6.50999999046326,1
114511,6.86456782817841,-0.3240449104308373,-0.9460416988821744,9.00500001907349,1
114516,7.64101872444153,-0.3073660580883479,-0.9515913546976088,8.78500027656555,1
114520,9.11799974441528,-0.1934681923656095,-0.9811065480072914,8.19999976158142,1
114528,8.06706521511078,-0.36600183220818916,-0.9306141299272479,7.85250024795532,1
114558,6.90085761547089,-0.31544167223684666,-0.9489449675383825,7.20499982833862,1
114775,6.08469370791787,-0.7105188226491171,-0.7036781953857264,7.90250015258789,1
114838,5.79089819757562,-0.8775484762509863,0.4794879266775881,8.1078946715907,1
115093,4.52884851694107,-0.8151169713869103,-0.5792964033696661,6.04250004291534,1
115125,5.06554604768753,-0.21694985042941434,-0.9761827505127586,6.59999990463257,1
115143,6.5862046957016,-0.3827449140867527,-0.923854063551557,7.0,1
115173,8.66934409141541,-0.2746669276449851,-0.9615394317749348,7.30499997138977,1
115176,7.63259131908417,-0.30719125655410034,-0.9516477982408791,7.40000009536743,1
115179,8.79232063293458,-0.2990243418787606,-0.9542454835963198,7.3950001001358,1
115212,11.7791940689087,-0.5281310850473765,-0.8491628565868157,9.60250034332276,1
115227,9.43677361011506,-0.4613855938503928,-0.8871997147132772,9.69749979972839,1
115242,11.0374921798706,-0.45665591926178517,-0.889643395638485,9.96499986648559,1
115286,7.47410461902618,-0.5583372295294274,-0.8296140898763734,10.6000003814697,1
115335,7.13233189582825,-0.6655597585337464,0.7463445637374879,6.69999980926514,1
115418,4.72652058601379,-0.73012469478721,-0.6833139322901909,5.35500020980835,1
115725,8.31862432956695,-0.46551987834584385,-0.8850374245560866,7.08249990940094,1
115751,8.37347638607025,-0.41998143854090847,-0.907532694331785,6.59999990463257,1
115825,8.64525001049041,-0.9365312854404767,-0.35058401473998824,8.79000024795532,1
115827,9.33163545131683,-0.9594197119493988,-0.2819819432568912,8.77750024795532,1
115907,8.8491589307785,-0.40990970647826247,-0.9121261056098026,6.95000004768372,1
116055,6.42110979557037,-0.9234352006152511,-0.38375438794191136,10.6425001144409,1
116120,4.88131327629089,0.7905342400257246,-0.6124178437528989,7.77750010490417,1
116247,5.89231983423233,0.46396253727398246,0.8858548210662335,7.19999995231628,1
116310,6.8422000169754,-0.8641834003173288,0.5031769575566627,5.30000019073486,1
116346,4.86191549301147,-0.9350890188209598,0.35441293272178226,7.83000009059906,1
116351,3.89751927852631,-0.9866293241457782,0.16298029554410828,7.26999998092651,1
116395,7.37923176288605,-0.46771456586178944,-0.8838795646923385,5.52499997615814,1
116414,8.43870503902435,-0.37552411383281237,-0.9268126239591695,5.0699999332428,1
116437,9.71060750484467,-0.4191997084193953,-0.9078940491384961,6.75250000953674,1
116467,10.1444315671921,-0.4494193592158521,-0.8933209051410433,8.55000019073486,1
116468,9.70490877628327,-0.48804457045546,-0.8728187081226808,8.60500040054322,1
116512,11.017351770401,-0.5927509349259165,-0.8053858262624516,10.1849999427795,1
116601,10.2445949554443,-0.548354348389618,-0.8362460813673194,10.3050001621247,1
116656,8.77500171661377,-0.9967914436546231,-0.08004260026343636,8.68500037193298,1
116854,9.68831403255463,-0.6071757883697246,-0.794567531439338,7.1149998664856,1
116877,8.54029760360718,-0.6129860794548727,-0.7900937073503018,7.19999980926514,1
116958,14.820047044754,-0.6147766583228491,-0.7887012491313747,12.5200000762939,1
117008,4.42350631952286,-0.9977865983617646,-0.06649739942026671,8.61500039100647,1
117065,7.39681050777435,-0.6991531165785041,-0.7149719711838812,7.3950001001358,1
117069,6.79649260464837,-0.6931335212390116,-0.7208092131311923,7.54999993829166,1
117157,6.04982258081436,-0.3876708143335268,-0.9217978844160906,6.0400000333786,1
117321,6.28443415164948,-0.042212684204222285,-0.9991086473914009,9.29750018119812,1
117322,6.90182278156281,0.029467854671053857,-0.999565728474664,9.2675000667572,1
117337,6.72434673309326,-0.2912470885171789,-0.9566478628159196,8.29999966621399,1
117351,7.66553966999054,-0.6015302689878614,-0.7988500081313081,8.03500027656555,1
117391,7.68663757725766,-0.7258825846731253,-0.6878186339931938,5.42105270686902,1
117675,3.11247415542603,-0.9638590463067177,-0.2664127227680851,6.0175000667572,1
117745,7.75737504398122,-0.9242363612823958,0.3818208329615824,5.59705871694228,1
117777,6.46062943935394,-0.9725282057150676,-0.23278507058793793,4.83249994516373,1
117812,3.63647484779358,-0.87792830888981,-0.4787921098450541,6.65499985218048,1
193062,4.2502121925354,0.600188777524684,0.7998583820486133,16.30500030517578,2
193143,2.985735893249512,0.9739923889211434,0.22658072805003582,13.440000534057615,2
193155,3.687667369842529,0.8873963759912337,0.4610072362529954,12.875,2
193385,6.327996730804443,0.21213108673830705,-0.9772412199857438,16.044736862182617,2
193437,4.211211681365967,-0.29801663058046357,-0.9545606779547686,15.15000057220459,2
193539,6.722677230834961,-0.12751133880914967,-0.9918371128744368,14.27750015258789,2
193744,5.694341659545898,-0.45827706958679193,-0.888809387602844,10.539999961853027,2
193758,5.423943519592285,-0.6064560968857156,-0.7951169741303121,13.3100004196167,2
193814,8.14222526550293,-0.07094130075793362,-0.997480491963012,14.237500190734863,2
193886,5.461712837219238,0.0012532832808983799,-0.9999992146402005,14.199999809265137,2
194003,9.115164756774902,-0.8264015985193693,-0.5630811646331557,14.297500610351562,2
194031,8.374210357666016,-0.8580400683218103,-0.51358275005524,12.963889122009276,2
194074,11.685556411743164,-0.987978827683076,-0.15458924946442687,14.864999771118164,2
194083,9.727981567382812,-0.9999252238287145,-0.012228930905649448,14.085000038146973,2
194123,7.697348594665527,-0.9789875119558384,-0.2039202084995922,10.744999885559082,2
194141,9.000345230102539,-0.9974997258283361,0.07067034011800281,9.809999465942385,2
194151,10.144782066345217,-0.9829753794248101,0.18373732186099426,9.872499465942385,2
194171,7.557850360870361,-0.9989425179714575,-0.04597657869877111,9.8774995803833,2
194186,7.9131245613098145,-0.9984942501165117,0.05485647167167105,11.385000228881836,2
194279,7.684154510498047,-0.9447122105649185,-0.32790065448172734,9.872499465942385,2
194341,9.392356872558594,-0.9172045432247885,-0.39841664860771964,12.417499542236328,2
194364,9.289950370788574,-0.8705363486973451,-0.49210412068656206,14.00749969482422,2
194424,14.094955444335938,-0.8916723539026851,-0.4526813595517765,12.97249984741211,2
194447,11.973011016845703,-0.9739308946655706,-0.2268449082874053,15.11500072479248,2
194475,8.343091011047363,-0.7915294794451847,0.6111309869162542,11.857500076293944,2
194567,8.495238304138184,-0.8806574338955048,0.4737536111995186,9.679999351501465,2
194617,5.155696868896484,-0.43582639951153207,0.9000307491907231,11.00749969482422,2
194695,7.147761344909668,-0.7758415567897053,-0.6309277920318033,11.300000190734863,2
194704,7.67388916015625,-0.7311691416654922,-0.6821962227073288,11.052499771118164,2
194867,6.238427639007568,-0.951446662203872,0.307813659510281,11.595000267028809,2
194872,6.708734035491943,-0.955497910251841,0.29499787033869374,11.387499809265137,2
194889,5.672682285308838,-0.7963374975987991,0.6048525356796337,11.417499542236328,2
194924,5.29612398147583,-0.8429386913814322,0.5380096305570735,15.324999809265137,2
194925,5.031399250030518,-0.7437372279333057,0.668472090506464,15.672499656677246,2
194944,5.488083362579346,-0.884833083935814,0.46590816001937213,15.577500343322754,2
195019,5.73261022567749,-0.9037588134304481,-0.428042062356947,13.295000076293944,2
195022,4.298876762390137,-0.7911048260600095,-0.6116805981756835,13.00749969482422,2
195049,4.317811965942383,-0.8933581295125793,-0.44934535986675717,13.09749984741211,2
195245,8.964767456054688,-0.6979148266324808,-0.7161807696151539,15.602499961853027,2
195419,8.96135139465332,-0.8932896691042432,-0.44948144241073146,12.072500228881836,2
195582,9.563642501831056,-0.42722981668663634,-0.9041430659657259,11.56999969482422,2
195595,8.837257385253906,-0.5332022799350824,-0.8459877828148761,13.789999961853027,2
195739,8.137741088867188,-0.49934784892589573,-0.8664015961279624,16.079999923706055,2
195817,6.776589870452881,-0.40997836850463526,-0.9120952457711188,18.38500022888184,2
195859,8.74080753326416,0.10451151239157534,-0.9945236768310877,14.114999771118164,2
195870,6.124300956726074,-0.17842782166827367,-0.9839530031737871,13.27750015258789,2
195895,8.204256057739258,-0.18046691397520104,-0.9835810556127377,13.600000381469728,2
195920,6.517019271850586,-0.47645483956970874,-0.8791989455467989,15.132500648498535,2
196133,13.147714614868164,-0.5776294271559241,-0.8162991148369076,13.300000190734863,2
196309,4.612304210662842,0.5092853011940423,0.8605977469106538,10.324999809265137,2
196335,3.5514986515045166,0.9922455893395856,-0.12429276099652117,9.699999809265137,2
196517,3.969940185546875,0.6111021073134948,-0.7915517762199804,15.317500114440918,2
196526,7.023184776306152,0.2805507103224318,-0.959839204730448,16.030000686645508,2
196600,5.818288803100586,-0.006358254260505988,-0.9999797860970785,11.5600004196167,2
196751,9.376827239990234,-0.3070693719995021,-0.9516871338732238,13.28499984741211,2
196762,11.130949020385742,-0.21171934438803924,-0.9773305066413812,12.354999542236328,2
196768,10.919639587402344,-0.29817525655327964,-0.9545111399975308,12.477499961853027,2
196797,12.134428024291992,-0.5447842053176665,-0.8385762753836997,13.84000015258789,2
196867,12.717270851135254,-0.9537170308309912,-0.30070554551407597,11.300000190734863,2
197262,8.455316543579102,-0.558830540156627,-0.8292818745084524,17.09749984741211,2
197277,10.974989891052246,-0.6722266345218858,-0.7403454273779092,16.095001220703125,2
197358,7.231221675872803,-0.994693187598046,0.10288567706944643,14.957499504089355,2
197438,4.589604377746582,-0.9734926729836723,-0.22871820139006221,12.05526351928711,2
197507,1.903745174407959,-0.9543664241987331,0.2986381227541518,13.529999732971191,2
197652,3.2025418281555176,-0.07746610513044434,0.9969949862240627,12.47249984741211,2
197674,4.461715221405029,-0.8853397937853659,0.46494456609372886,13.850000381469728,2
197777,11.3300199508667,-0.9971510615504747,-0.07543050078556639,8.0,2
198052,5.981558799743652,0.12796508873196716,0.9917786729234601,4.997499942779541,2
198092,1.2812693119049072,-0.9746640952277216,0.22367364948497376,11.15250015258789,2
198242,6.582064628601074,-0.6716185454955813,-0.7408971111742843,12.59000015258789,2
198292,6.99141788482666,-0.841927652603513,-0.5395904259542957,10.654999732971191,2
198411,6.5528717041015625,-0.6606700928877487,-0.7506763805820011,13.232500076293944,2
198492,7.730061054229736,-0.7834651887135436,0.6214356749286698,9.227499961853027,2
198506,6.697964668273926,-0.7231947429448504,0.6906441658169072,10.267499923706056,2
198712,5.981138706207275,-0.5749356134513433,-0.8181986558198,10.227499961853027,2
198801,7.386202812194824,-0.6906869214568516,0.7231539092948727,10.34000015258789,2
198805,6.598512172698975,-0.7052453044768634,0.7089633703607938,10.394999504089355,2
198959,9.149065971374512,-0.7875347047462157,0.6162703049963473,7.697499752044678,2
199014,5.531466007232666,-0.5899648021965094,0.8074289641629371,6.800000190734863,2
199203,8.52607250213623,-0.03465809412080697,-0.9993992277923339,8.899999618530273,2
199206,8.216472625732422,0.026616216767528112,-0.999645725747369,8.882499694824219,2
199382,5.872963905334473,-0.3244599811495058,0.9458994241632999,6.887500286102295,2
199435,6.674955368041992,-0.9320318049758649,0.3623764817333366,7.440000057220459,2
199457,7.339343070983887,-0.9039446531923806,-0.42764946388941816,6.267499923706055,2
199540,3.490379571914673,-0.9999191587511206,0.01271518629243204,13.050000190734863,2
199549,6.444769382476807,-0.7130786973937872,0.7010839973378223,12.109999656677246,2
199562,7.279155254364014,-0.8566445435484988,0.5159070904810129,10.320000648498535,2
199643,8.391661643981934,-0.9940613239758734,-0.10882134062459267,9.9975004196167,2
199839,5.31443452835083,-0.8006609809469687,0.5991176792492756,8.795000076293945,2
201227,10.602798461914062,-0.8754756469566263,-0.483262238940595,12.512499809265137,2
201244,9.225748062133787,-0.8286394428957954,-0.5597827021955447,12.050000190734863,2
201284,8.676375389099121,-0.5686086458196402,-0.8226081739802705,11.800000190734863,2
201348,10.306315422058104,-0.5575993428839733,-0.8301102172695871,13.18684196472168,2
201397,15.610998153686523,-0.37512655640601766,-0.9269736062472129,14.19499969482422,2
201548,12.33157444000244,-0.5685508089289855,-0.8226481493726199,8.645000457763672,2
201630,5.322219371795654,-0.9946011119144124,-0.1037720009377029,6.59499979019165,2
201669,5.760533809661865,-0.9868096604906527,0.1618848169604638,6.09250020980835,2
201917,10.751629829406738,-0.9998883236620822,0.014944571062131668,2.557500123977661,2
202076,12.11645793914795,-0.7475192946304275,-0.6642400952631722,8.897500038146973,2
202135,10.891698837280272,-0.9808579502049459,0.19472462997718573,7.93250036239624,2
202271,5.987728595733643,-0.7223989517375882,0.6914765032366854,5.710000038146973,2
202286,6.664377212524414,-0.6584671696534061,0.7526094515009976,6.235000133514404,2
202295,7.67302942276001,-0.7833569409222694,0.62157212221021,4.355000019073486,2
202461,8.193717002868652,-0.54711317811125,0.8370586421135664,3.197499990463257,2
202561,9.185715675354004,-0.42333932457684403,0.9059712005725246,3.744999885559082,2
202587,8.972339630126953,-0.47437875741207736,0.8803208474846961,2.119999885559082,2
202760,6.345801830291748,-0.49615314935370713,0.8682350214005411,3.384999990463257,2
202771,6.509775161743164,-0.6111533311601653,0.7915122272029873,3.4131579399108887,2
202817,5.261324882507324,-0.9838479128742121,0.1790063807048694,3.7174999713897705,2
202866,4.05952262878418,-0.9665015127978527,-0.2566609159172123,5.894999980926514,2
202891,5.779123783111572,-0.8626066963442844,0.5058751698017995,6.710000038146973,2
203058,8.100079536437988,-0.8106674440068969,0.5855068703502331,6.289999961853027,2
203062,7.93703556060791,-0.8526913673800465,0.5224149997803916,6.0625,2
203069,8.309691429138184,-0.8491979625102177,0.5280746353201362,5.997499942779541,2
203218,6.625388622283936,-0.9998447623186559,0.01761962723642221,7.519999980926514,2
203432,10.476981163024902,-0.5194046919896098,-0.8545283880241653,9.894999504089355,2
203487,12.137883186340332,-0.3596062959910606,-0.9331041270316993,9.50749969482422,2
203498,12.39886474609375,-0.40766994147034874,-0.9131293549227089,9.582500457763672,2
203528,13.072714805603027,-0.3426932422128766,-0.9394473597502027,10.984999656677246,2
203565,12.494979858398438,-0.8133908117923155,0.5817176181721143,8.552499771118164,2
203754,9.620022773742676,-0.9973115351398301,0.07327824968594325,0.2425000071525573,2
203900,6.587466716766357,-0.7618805455847225,-0.6477175574735685,1.625,2
203954,6.438391208648682,0.9745479855151036,-0.22417899974898062,-0.3350000083446502,2
203957,6.59227466583252,0.9923861421142017,-0.12316551846881234,-0.395000010728836,2
204003,6.25122594833374,-0.09112290803557764,0.9958396535743792,1.5500000715255735,2
204077,6.0945024490356445,0.5913199035445525,0.8064370847574293,0.8374999761581421,2
204309,7.593962669372559,-0.46915056134963995,-0.8831181975167977,1.3600000143051147,2
204667,6.109500885009766,-0.5006331941146479,0.8656595202217586,1.919999957084656,2
204675,7.6607136726379395,-0.38540743843627523,0.9227465016991334,1.9700000286102293,2
204744,8.450260162353516,-0.5266224012490823,0.8500993156700283,4.542500019073486,2
204868,7.958085060119629,-0.9964893998039365,0.08371903056289176,3.109999895095825,2
204960,5.6474432945251465,-0.991326336781305,-0.13142333888529337,3.625,2
204991,7.535416603088379,-0.49033627206971625,-0.8715333271268364,3.775000095367432,2
205029,9.9073486328125,-0.9239051110526174,-0.3826216744655884,8.647500038146973,2
205061,8.937771797180176,-0.6791550246706483,0.7339948586091126,6.865000247955322,2
205067,7.60591459274292,-0.5833999343592228,0.8121850260806676,6.03249979019165,2
205071,7.824337005615234,-0.6130322944887528,0.7900578497261166,5.997499942779541,2
205240,9.33541488647461,-0.968305147078122,-0.24977017864832568,5.039999961853027,2
205299,6.689456462860107,-0.98212383693113,-0.18823593953247905,6.764999866485596,2
205315,9.709911346435549,-0.9959023176651414,-0.09043546687666168,7.4375,2
205435,4.612638473510742,-0.9993822462680001,0.035144357218852514,10.052499771118164,2
205625,5.376880645751953,-0.9803643633704923,-0.19719461207946185,9.99250030517578,2
205773,4.749701499938965,-0.9684911940770604,-0.2490478006230727,9.5,2
205778,3.8909947872161865,-0.975197759794901,-0.22133533222467341,8.65000057220459,2
205790,5.184193134307861,-0.9576427868394799,-0.28795883875011463,9.039999961853027,2
205800,5.1602396965026855,-0.9590407601230087,-0.2832681069634944,9.369999885559082,2
205833,6.45348072052002,-0.96663774048748,-0.25614737684633676,8.16249942779541,2
205900,8.899476051330566,-0.843304435100216,-0.5374361634094841,7.772500038146973,2
205909,10.301777839660645,-0.8681922068897471,-0.49622806439772293,8.197500228881836,2
205998,9.5916109085083,-0.7070124296156118,-0.707201120169524,9.55500030517578,2
206051,7.79328441619873,-0.6149915899703223,-0.7885336671733014,9.484999656677246,2
206100,10.801934242248535,-0.5706622192690968,-0.8211848948311636,9.59473705291748,2
206172,11.537680625915527,-0.289576118579748,-0.9571549882585828,10.75,2
206190,13.287399291992188,-0.1923004548871673,-0.981336096885358,9.879999160766602,2
206341,5.969707012176514,0.8932175957267475,0.4496246508857456,3.107499837875366,2
206372,11.337610244750977,0.41736089116790676,0.908740824725912,0.7150000333786011,2
206464,10.898774147033691,-0.7828541216698277,0.6222052910290643,2.244999885559082,2
206668,7.049301624298096,-0.06730415558705499,-0.9977325045525547,0.64000004529953,2
206745,10.86457633972168,-0.9953026124506208,-0.09681275561086602,6.039999961853027,2
206746,10.77917766571045,-0.9965137045980327,-0.08342923077857614,6.195000171661377,2
206861,11.893041610717772,-0.9450037643572383,-0.3270594523181515,11.619999885559082,2
206925,6.662099838256836,-0.4129267931939174,-0.9107642194676885,9.914999961853027,2
207140,7.980015277862549,-0.5773082921246419,-0.816526261576521,4.755000114440918,2
207206,12.087270736694336,-0.8996213306965526,0.4366708844836853,6.345000267028809,2
207226,10.23810863494873,-0.9989032478018467,-0.046822019722801964,6.0625,2
207302,8.176453590393066,0.29282296397905583,-0.9561666757247507,5.289999961853027,2
207689,5.001575469970703,-0.5893029527548416,-0.8079121424229401,4.676315784454346,2
207841,5.557117938995361,0.2799152718421055,0.9600247083224266,3.3500001430511475,2
207972,9.0007963180542,0.497285728950417,0.86758682780587,2.2749998569488525,2
208008,7.790910720825195,0.7900039707512496,0.6131017258149407,2.7850000858306885,2
208040,9.315505027770996,0.7425686962110314,0.6697699093027761,5.019999980926514,2
208346,3.229659080505371,0.6632634575473304,-0.7483859872300928,4.297500133514404,2
208643,4.823264122009277,-0.16595162499821758,0.9861338946413164,5.997499942779541,2
208661,4.44139289855957,-0.41901136063079053,0.9079809908045067,6.0,2
208938,5.66042947769165,0.8403807110584286,-0.5419965502481819,4.19249963760376,2
208986,4.851539134979248,0.8503445172458876,-0.5262263790326921,3.127500057220459,2
208987,5.45771598815918,0.84695645760894,-0.5316622601939278,3.139999866485596,2
209065,6.566806793212891,-0.5167678234805736,-0.8561255846049403,3.700000047683716,2
209447,11.0677490234375,-0.9907402777673453,-0.135770770085035,5.352499961853027,2
209469,12.3250150680542,-0.9791402740419733,-0.20318544177428005,5.872499942779541,2
209490,10.301348686218262,-0.9488464511366995,-0.3157378852233144,5.065000057220459,2
209507,11.974302291870115,-0.9210525397348133,-0.38943833792790644,4.87000036239624,2
209536,13.57927703857422,-0.6363471759600252,-0.7714027946849173,6.007500171661377,2
209599,7.202695846557617,-0.996213892561854,-0.08693606999835463,6.622499942779541,2
240312,5.603906631469727,-0.9771111572929753,0.21272937336809544,19.24117660522461,2
240511,5.745230674743652,-0.9148452608785834,-0.4038045921581336,18.08500099182129,2
240541,6.963988780975342,-0.8699814327143918,-0.4930844823478165,23.337499618530277,2
240691,7.479951858520508,-0.9540412101245255,-0.299675440074977,18.302499771118164,2
240710,7.610650539398193,-0.9659251370088322,-0.2588216175176808,17.3700008392334,2
240763,7.156166076660156,-0.943582435271244,-0.3311377173436887,10.392499923706056,2
240775,7.514830589294434,-0.9421377925572794,-0.3352258639116272,10.15999984741211,2
240804,7.158393859863281,-0.9780309482168306,-0.2084597427084838,14.804999351501465,2
240914,8.590546607971191,-0.988065867738846,0.1540319480156026,8.845000267028809,2
240985,4.8447265625,-0.9491566059348328,0.3148042842946528,16.735000610351562,2
240997,4.897351264953613,-0.9681383044732079,0.25041610054415864,16.270000457763672,2
241069,5.912552833557129,-0.26926926628202696,-0.9630649314744769,11.082500457763672,2
241074,5.779051303863525,-0.08361473530095243,-0.9964981565665597,11.045000076293944,2
241122,7.991534233093262,0.029640103343708958,-0.9995606356163563,13.387499809265137,2
241136,6.887667179107666,-0.5168157026796346,-0.8560966823109148,16.761764526367188,2
241214,6.776451587677002,-0.892585434208754,-0.4508783013612098,13.579999923706056,2
241223,7.806707382202148,-0.922629962909232,-0.3856863382881343,14.19499969482422,2
241238,8.349122047424316,-0.893319952226196,-0.44942125334099076,16.157501220703125,2
241516,5.401323318481445,-0.8656443205807983,0.5006594753384861,13.929999351501465,2
241520,5.080544471740723,-0.8437444135376626,0.5367451579883938,15.03499984741211,2
241618,5.873144626617432,-0.743563806675301,0.6686649874208576,11.895000457763672,2
241629,5.293047904968262,-0.5259040880423818,0.8505438790446445,11.96500015258789,2
241634,5.943345069885254,-0.4833690195421647,0.8754166956066387,12.220000267028809,2
241651,4.784810543060303,-0.37810135151970886,0.9257642075490765,12.205263137817385,2
241745,3.3279476165771484,0.9870423878043408,0.16045972914568052,13.425000190734863,2
241957,5.741165637969971,-0.12066628367586812,-0.9926931288086238,19.39750099182129,2
242047,6.606215000152588,-0.27342761047545067,-0.9618925833115074,16.375,2
242065,5.859129905700684,-0.17781513167315807,-0.9840639099916516,15.34000015258789,2
242103,4.835909366607666,0.21898041046156147,-0.9757292553952075,20.662500381469727,2
242255,0.8613187074661255,-0.264378085675289,-0.9644191141898161,23.59499931335449,2
242260,1.1067562103271484,-0.9542788978917622,0.29891768940376157,24.655000686645508,2
242269,1.7603092193603516,0.8437132146102041,0.5367941984523638,23.4526309967041,2
242379,4.901323318481445,0.4973579022068328,0.867545455358057,14.15250015258789,2
242425,5.2632737159729,0.4291709041316779,0.903223302980386,15.68000030517578,2
242427,3.995806932449341,0.4253759076319698,0.9050167607322407,15.62368392944336,2
242444,3.972604751586914,-0.265385525882226,0.9641423767536693,14.899999618530272,2
242542,5.600034713745117,-0.3336923822525813,0.942682021694801,17.71500015258789,2
242620,6.123014450073242,-0.6267082450256631,0.7792539865902859,13.1850004196167,2
242761,7.222939968109131,-0.9700060112433734,0.24308092922259555,10.106249809265137,2
242839,8.309813499450684,-0.9958791640726212,-0.09069007975526974,15.586111068725586,2
242912,6.520938873291016,-0.9178862972762637,-0.3968434770441244,10.875,2
242971,6.299302577972412,-0.5992976293194902,-0.8005262965649779,14.559999465942385,2
243022,6.275784015655518,-0.8387288716907843,-0.5445492445980473,16.18000030517578,2
243030,5.028025150299072,-0.5352212492648032,-0.8447119120359458,15.611111640930176,2
243077,7.441898822784424,-0.4121740159639878,-0.9111051424309482,14.0,2
243106,10.092029571533203,-0.7944884391791196,-0.6072792767835293,17.450000762939453,2
243129,10.33737087249756,-0.7824360414208372,-0.6227309540127982,20.0674991607666,2
243484,5.470171451568604,-0.8675317294382924,0.4973818436752648,14.317500114440918,2
243649,3.7014992237091056,-0.9907444716159968,0.1357401634091379,12.397500038146973,2
243651,4.035884380340576,-0.9776141951550247,0.21040552614271626,12.335000038146973,2
243705,5.733814716339111,-0.9180534107596466,-0.39645672524574416,17.717500686645508,2
243712,5.335110664367676,-0.9973286811085575,0.07304451956351818,16.84000015258789,2
243738,5.568756580352783,-0.945888449689474,-0.3244919733121965,15.289999961853027,2
243812,7.385988712310791,-0.8320899218784005,-0.5546407503135677,12.460000038146973,2
243826,7.181708335876465,-0.9395701417183228,-0.3423564645094509,15.27500057220459,2
243856,6.549747943878174,-0.9594041109782675,-0.28203501881504045,18.022499084472656,2
243891,5.005812168121338,-0.9452153962526745,-0.3264473229893294,14.894999504089355,2
244023,5.8194990158081055,-0.8202768620095476,-0.5719666683048668,17.545000076293945,2
244071,7.354599475860596,-0.29519710961581164,-0.9554363748960317,12.602631568908691,2
244100,8.998995780944824,-0.3315530696020483,-0.9434365702247605,14.024999618530272,2
244160,7.438576221466064,-0.708936324020774,-0.7052724923629959,19.69750022888184,2
244213,5.027418613433838,-0.3213839845470154,-0.9469489608615048,17.102500915527344,2
244259,8.589158058166504,-0.4702285510741587,-0.8825446786167244,17.71666717529297,2
244325,8.78758716583252,0.09991990211856108,-0.9949954839900618,18.82999992370605,2
244372,12.556147575378418,-0.23401114703626277,-0.9722339137588097,18.602632522583008,2
244408,13.236851692199709,-0.7757859370917602,-0.6309961805040182,18.67500114440918,2
244496,9.879247665405272,-0.4419222548765148,-0.8970533544025443,17.177501678466797,2
244574,16.87192726135254,-0.739074284489713,-0.6736239321802773,21.417499542236328,2
244615,9.153064727783203,-0.9270602966281003,-0.37491226495784136,14.362500190734863,2
244639,5.7271881103515625,-0.6613791041247364,-0.7500517852969627,12.512499809265137,2
244991,6.127803802490234,-0.6718797459341198,-0.7406602507246508,11.78499984741211,2
245145,7.472638130187988,-0.30958834201686375,0.9508706844188906,12.372499465942385,2
245178,7.444404602050781,-0.7633436177897972,0.6459926634100298,11.002500534057615,2
245318,5.159026622772217,-0.8200074623714779,0.5723528296908204,13.147500038146973,2
245365,2.349243640899658,-0.37589023857846166,0.9266641940538262,10.399999618530272,2
245519,9.4531831741333,-0.6540828515188276,-0.7564229130248497,9.904999732971191,2
245521,9.059249877929688,-0.6052763928780689,-0.796015381901954,9.682499885559082,2
245578,5.054575443267822,-0.8731128960883501,-0.4875180721616522,19.404998779296875,2
245674,4.448732852935791,-0.8910696279798334,-0.4538666302911919,17.11250114440918,2
245713,6.846692085266113,-0.8719942961370293,-0.4895160339605709,20.8125,2
245774,7.24587869644165,-0.40975415419962896,0.9121959949024917,13.734999656677246,2
245785,7.4916090965271,0.19239855653482033,0.9813168680112033,13.074999809265137,2
245827,6.435309886932373,0.11029819053146118,0.9938985406798249,8.667500495910645,2
245835,5.674117565155029,0.26881117911887137,0.9631928934438428,10.505000114440918,2
245899,4.505923748016357,0.9943290573409069,0.1063471942626761,11.519999504089355,2
245908,3.9580330848693848,0.9979787253570251,0.06354890821066365,10.602499961853027,2
245995,4.555875301361084,-0.7859232925065684,-0.6183240075362065,14.36750030517578,2
245996,4.031558990478516,-0.7948064496316317,-0.6068630056478648,14.447500228881836,2
246118,6.4548749923706055,-0.9999990711076758,-0.0013630054238753656,9.8725004196167,2
246300,7.224494934082031,-0.8165650038551955,0.5772534923921765,12.5600004196167,2
246333,4.37768030166626,-0.9290671929501932,-0.36991100413970973,12.146875381469728,2
246372,9.143709182739258,-0.9273420968553031,-0.37421469158760945,9.94499969482422,2
246572,4.729175090789795,-0.9998849958515593,0.015165588380512258,15.539999961853027,2
246594,5.016596794128418,-0.996075874690542,-0.0885034002706767,17.53499984741211,2
246830,5.67225456237793,-0.23482589088259073,-0.9720374483378702,11.702630996704102,2
246964,7.674988269805908,0.383597821020146,0.9235002499775493,7.214999675750732,2
247005,9.234015464782717,0.11724833489816064,0.9931026271053807,7.434999942779541,2
247022,8.31450366973877,0.3943923319016066,0.9189421573402827,8.100000381469727,2
247113,6.638439655303955,0.03080136625072466,0.9995255253554503,7.40749979019165,2
247173,5.857254505157471,-0.7910349366267724,-0.6117709776018132,11.87368392944336,2
247205,6.998329162597656,-0.6337394356510111,-0.7735465905171698,9.572500228881836,2
247351,7.889846801757812,-0.7470193467308746,-0.6648022981381589,13.552778244018556,2
247393,9.161714553833008,-0.6606131145791528,-0.7507265233399117,17.889999389648438,2
247396,8.846578598022461,-0.5738179072189435,-0.8189829115157848,18.247499465942383,2
247477,6.036420822143555,0.22657748567549016,-0.9739931431919698,14.960000038146973,2
247505,5.091923236846924,0.8556761956192103,-0.5175115923828518,13.619999885559082,2
247556,5.96792459487915,0.9167629037083853,-0.3994318194437817,15.88249969482422,2
247599,6.599254131317139,0.38716109479703686,-0.9220120859704388,15.085000038146973,2
247636,8.801397323608398,0.2832870071007524,-0.9590351774611285,17.280000686645508,2
247671,11.150148391723633,0.053199213954822695,-0.9985839191748428,18.5049991607666,2
247739,10.066765785217283,0.19019722823666224,-0.9817459011226332,12.875,2
247757,11.281133651733398,-0.11920656605228146,-0.9928694751124254,14.375,2
247775,13.143221855163574,-0.2762225194992547,-0.9610937101664353,15.975000381469728,2
247793,12.77854347229004,-0.13713474595720315,-0.9905524021732789,16.110000610351562,2
247937,13.856839179992676,-0.12940764554341272,-0.9915914790249614,22.795000076293945,2
248000,9.180147171020508,-0.6033004667637982,-0.7975139790640557,17.932498931884766,2
248090,10.56930923461914,0.10706076891705775,0.9942524788799314,8.867500305175781,2
248154,8.07577133178711,0.29880735894689475,0.9543134507273706,8.800000190734863,2
248165,8.170421600341797,0.2616343988521065,0.9651670535908781,8.9975004196167,2
248246,6.434808731079102,0.6237118595811254,0.7816543457423201,11.012499809265137,2
248456,6.013885498046875,-0.5242372999615277,-0.8515722243762106,11.710000038146973,2
248865,5.885562896728516,-0.9999913278522563,0.004164639273835329,12.50749969482422,2
249054,7.296238899230957,-0.9768852423454765,-0.2137644107133359,11.40250015258789,2
249104,3.950403928756714,-0.9988015640431188,0.04894318813705972,17.827499389648438,2
249209,6.673503875732422,-0.4331744718083217,0.9013100892443074,8.857500076293945,2
249234,6.152652263641357,-0.1595795924950397,0.9871850655571716,12.297368049621582,2
249255,4.981532096862793,-0.9102695868782156,0.41401603737604503,12.545000076293944,2
251083,7.0129008293151855,-0.128426537114542,-0.9917190250089827,9.610000610351562,2
251102,6.182229042053223,-0.3873344439025706,-0.9219392759649012,10.899999618530272,2
251133,6.108406066894531,0.10597976889989422,-0.9943682861917535,10.979999542236328,2
251191,5.209331035614014,0.3293969636159529,-0.944191527371746,13.425000190734863,2
251400,6.410416603088379,0.985051963810263,-0.1722574485865391,7.744736671447754,2
251495,7.49185037612915,0.9872411875441828,0.1592320244685465,6.730000019073486,2
251524,7.663835048675537,0.9825790680557895,0.18584502957737684,6.336842060089111,2
251539,5.334646701812744,0.9630251214923314,0.269411609576648,5.789999961853027,2
251549,6.483182907104492,0.974068967674655,0.22625128997031593,5.730000019073486,2
251580,7.964303016662598,0.9819266903450525,0.18926165694089028,8.442500114440918,2
251688,6.5552239418029785,0.9669864818363457,0.2548276749997271,6.400000095367432,2
251826,7.800953388214111,0.8773960658200973,0.4797667596691286,5.144999980926514,2
251889,7.609740734100342,0.8515738648228866,0.5242346352069959,4.300000190734863,2
251927,6.33897066116333,0.729601545948841,0.6838724911480657,3.434999942779541,2
252060,4.947488307952881,0.8191393656193608,-0.5735945429418859,3.7725000381469727,2
252282,4.436834335327148,0.9966545863682166,0.08172903689142051,4.224999904632568,2
252342,5.85215425491333,0.999053459229992,0.04349925977055936,6.694736480712891,2
252713,6.450494289398193,0.04497955432345225,0.9989879076810008,5.210000038146973,2
253055,12.777058601379396,-0.4632418462914404,-0.8862319063566249,13.730000495910645,2
253196,11.786507606506348,-0.4581021362661643,-0.8888995628013193,10.237500190734863,2
253320,10.44955825805664,-0.7304614691981659,-0.6829539091453075,9.928947448730469,2
253342,8.367146492004395,-0.6912752401542506,-0.7225915459993171,8.595000267028809,2
253392,7.111634731292725,-0.41665254568841387,-0.909065815093365,6.699999809265137,2
253416,6.355417251586914,-0.02031239679370283,-0.9997936819846859,6.375,2
253445,9.314261436462402,0.33134703476557764,-0.943508952025395,8.41249942779541,2
253466,6.952461242675781,-0.22108496365187916,-0.9752545507953537,10.369999885559082,2
253523,6.186498165130615,-0.299982857127398,-0.9539445924317005,10.3125,2
253527,7.8406877517700195,-0.3864540522005522,-0.9223086606650579,9.888235092163086,2
253616,10.59078598022461,-0.8323843378153841,-0.5541988038237221,13.202499389648438,2
253618,10.51588535308838,-0.8096931661406226,-0.5868534541988947,13.199999809265137,2
253708,10.285599708557127,-0.7178594769914859,-0.6961880286916102,10.404999732971191,2
253728,7.551411628723144,-0.38223017328590814,-0.9240671483338344,10.050000190734863,2
253782,7.938686847686768,-0.8055517471355538,0.5925254278820925,6.960000038146973,2
253840,7.497006893157959,-0.9251408642991154,0.37962399977330974,5.636841773986816,2
253896,1.351875066757202,-0.9959212742594973,0.09022646772061492,7.138094902038574,2
253954,5.407745838165283,-0.36960714577616427,-0.929188117547355,4.835000038146973,2
253960,3.999408721923828,-0.0025350603263650903,-0.9999967867294083,4.602499961853027,2
254033,6.283041954040527,0.16870405519235074,-0.98566674985091,9.63249969482422,2
254483,13.38032054901123,-0.9181446100057806,-0.396245473308318,11.529999732971191,2
254494,16.20046615600586,-0.9599526931498737,-0.28016214397078065,11.372499465942385,2
254597,9.018021583557127,-0.8156914889891114,0.5784871604372273,7.900000095367432,2
254684,6.505691051483154,-0.9996203796306948,0.02755170824078994,6.699999809265137,2
254704,6.08569860458374,-0.9989034971768396,0.04681669924161326,6.5428571701049805,2
254849,1.0168125629425049,-0.9072115074626378,0.42067479212257103,7.742499828338623,2
254877,6.604191780090332,0.05954100880381016,-0.9982258603495626,6.300000190734863,2
254923,2.3210060596466064,0.5830462319071342,-0.8124389770677501,7.03249979019165,2
255141,10.18276309967041,0.8929208597062641,-0.4502136585016343,1.975000023841858,2
255221,6.329299449920654,0.9960860855960436,-0.0883884046804291,2.9725000858306885,2
255396,5.066214084625244,0.41616804671038604,-0.9092877195350556,1.6850000619888306,2
255451,6.94479513168335,0.6594643413199532,-0.7517358462435061,0.1000000014901161,2
255544,11.312773704528809,-0.7951163280937477,-0.6064569438952083,7.699999809265137,2
255548,11.59648323059082,-0.847561701447744,-0.5306968647344784,7.46999979019165,2
255646,3.007892847061157,0.49038106737135545,-0.8715081231771338,6.775000095367432,2
255826,8.44687271118164,-0.0882367996973961,-0.9960995267437696,9.295000076293944,2
255971,7.58015251159668,-0.4438768365973425,-0.8960878048117473,5.71999979019165,2
256033,7.079317569732666,-0.5392464291489134,-0.8421480206294769,7.977499961853027,2
256080,8.05006217956543,-0.1749239759342919,-0.984581943082108,6.257500171661377,2
256145,7.88481855392456,-0.5251461916915682,-0.8510120312615108,5.554999828338623,2
256176,8.808748245239258,-0.704150131461279,-0.710051119542152,8.9375,2
256279,3.8685803413391113,0.3499456936102732,-0.9367699885903822,8.832499504089355,2
256481,7.906406879425049,-0.9961192643188017,-0.0880136992346599,9.97249984741211,2
256538,6.980255603790283,-0.7774462088444206,-0.6289494354504482,7.176666259765625,2
256625,6.240385055541992,0.4011880096357548,0.9159957319357451,6.684999942779541,2
256830,5.923151969909668,-0.3127768126283844,-0.9498266502273078,5.447500228881836,2
256864,8.351814270019531,-0.33239890288092777,-0.9431388918730663,5.1875,2
256925,4.4275898933410645,-0.5873633129628677,-0.8093233831944339,7.702499866485596,2
256947,4.515372276306152,-0.7304269107537898,-0.682990869665675,7.554999828338623,2
256965,5.284583568572998,-0.4150266709916936,-0.9098092450429115,7.769999980926514,2
257087,4.096768856048584,-0.4626021173740643,-0.8865660048755718,8.552499771118164,2
257104,4.925770282745361,-0.5139855563724061,-0.8577988387964559,8.182499885559082,2
257122,5.914557456970215,-0.6973034721924612,-0.7167760233631824,8.427499771118164,2
257123,6.121065616607666,-0.7498971174654411,-0.6615544673093988,8.47249984741211,2
257233,4.6046576499938965,-0.8403135853929827,0.5421006163102845,8.770000457763672,2
257234,4.726093769073486,-0.820860140091096,0.5711292589332351,8.6850004196167,2
257328,4.263497352600098,-0.9664383254227044,-0.25689874105210975,9.119999885559082,2
257398,5.516800403594971,-0.951348570962446,-0.30811669303644007,9.287500381469728,2
257446,11.039738655090332,-0.8445778998107237,-0.5354326952580568,9.970000267028809,2
257508,8.325770378112793,-0.8049112442938037,0.5933952214244741,9.522500038146973,2
257662,5.240924835205078,-0.9464436725558774,0.3228689744756272,10.192500114440918,2
257729,5.088693618774414,-0.9955502878217709,-0.09423175907298474,9.010000228881836,2
257745,5.119135856628418,-0.9994179004333023,-0.03411539672186085,8.592500686645508,2
257825,5.665560245513916,-0.9872400849631333,0.15923886033875428,8.817500114440918,2
257876,7.695072650909424,-0.9873424225029228,0.15860309179224702,7.975000381469727,2
257886,4.816585540771484,-0.9906293782406327,0.13657757856462927,8.192500114440918,2
257897,5.859928131103516,-0.9909863823302376,0.13396264418123466,8.239999771118164,2
257989,6.31553316116333,0.014432857224266514,0.999895840891612,4.6315789222717285,2
258022,6.0572662353515625,-0.020767435002069325,0.999784333565712,4.199999809265137,2
258057,3.1326329708099365,-0.08343772318042243,0.9965129935683062,4.852499961853027,2
258114,2.288336753845215,0.13721804858534406,0.9905408659628486,4.309999942779541,2
258150,1.5061124563217163,0.5342175486186194,0.8453470356888424,3.660000085830689,2
258156,2.198325157165528,0.7500280505001874,0.6614060201290038,3.625,2
258177,0.2349475175142288,0.9857083013370526,-0.16846110730736177,3.713157892227173,2
258206,2.2700624465942383,-0.9878979180485142,-0.15510545933464456,3.237499952316284,2
258226,0.9192354083061218,-0.5756601214924987,0.8176890757025201,2.6529412269592285,2
258234,1.5027374029159546,-0.5548849284675339,0.8319271098837805,2.1599998474121094,2
258366,5.241722583770752,-0.941019687409166,0.33835181085425786,1.7050000429153442,2
258392,3.9572348594665527,-0.7320852376779374,0.681213039198486,3.127500057220459,2
258436,5.568051338195801,-0.6797970942470563,0.7334002390599957,4.09499979019165,2
258571,6.167638778686523,-0.9790062981034537,0.20382999846384622,6.175000190734863,2
258652,6.358869552612305,-0.7563701301437921,0.6541438880141456,8.815000534057617,2
258818,10.89155387878418,-0.7780501875697423,0.6282021216317952,9.175000190734863,2
259104,5.734817028045654,-0.3638608438848924,0.9314533194354798,2.370000123977661,2
259109,6.315785884857178,-0.22866997934824676,0.9735040012988505,2.3299999237060547,2
259134,6.2675604820251465,-0.36162079602785613,0.9323252650658888,2.3350000381469727,2
259142,5.673783779144287,-0.4660636787222099,0.8847511782280489,2.400000095367432,2
259159,4.636863708496094,-0.5591513949905051,0.8290655688666441,2.987499952316284,2
259172,4.356922626495361,-0.7974987152886938,0.6033206436985916,2.6424999237060547,2
259213,5.416284561157227,-0.9583108263757931,0.28572777262797633,4.920000076293945,2
259276,5.706861972808838,-0.6269779937175456,0.7790369666414562,6.769999980926514,2
259278,6.705301761627197,-0.6081087820166906,0.7938537077032374,6.940000057220459,2
259330,5.066413402557373,-0.6458580749265046,0.763457495249231,6.473684310913086,2
259335,6.098215103149414,-0.7941195523214406,0.6077615787632472,6.828125,2
259429,7.470150947570801,-0.9958511969021028,-0.09099666822828942,7.5,2
259490,9.854002952575684,-0.9774776020938699,0.2110391845246236,8.620000839233398,2
259821,4.328002452850342,-0.9996468448181167,0.026574153705885947,7.0,2
260013,9.679237365722656,-0.6736377099803632,-0.7390617265779713,8.079999923706055,2
260327,8.716196060180664,-0.016268799675626087,-0.9998676543208678,1.257499933242798,2
260344,8.006811141967773,0.2418193073109045,-0.970321298648893,1.7649999856948853,2
260473,4.07755708694458,0.596918315508242,-0.8023020158336902,2.0999999046325684,2
260500,4.79668664932251,0.6716864182925972,-0.740835579249041,3.049999952316284,2
260617,3.68445897102356,0.9994409314422075,0.033433883380977435,2.0199999809265137,2
260670,3.293124198913574,-0.647214424618968,0.7623080011157813,3.799999952316284,2
260689,4.286440849304199,-0.7502435657561711,0.6611615476125828,3.275000095367432,2
260697,5.091162204742432,-0.37505002604647747,0.9270045727840487,4.149999618530273,2
260707,4.791934967041016,-0.3175819469801175,0.9482308299946368,4.400000095367432,2
260947,4.595914840698242,-0.7250111133354261,-0.6887371672417033,1.9275000095367432,2
261056,5.070075035095215,-0.4894226762519529,0.8720466982738804,2.182499885559082,2
261092,5.199567317962647,-0.8539161187610524,0.5204106668008066,2.692500114440918,2
261125,5.709590435028076,-0.7533069630535683,0.6576690804766558,1.7400000095367432,2
261141,6.174172878265381,-0.9984622633954064,-0.05543562550672546,1.8324999809265137,2
261161,4.950153827667236,-0.9332515327339087,-0.3592235747411493,2.2078945636749268,2
261231,3.2295663356781006,-0.83266023175117,0.5537841984564816,4.900000095367432,2
261236,4.230734825134277,-0.7825308947009544,0.6226117561036925,4.902500152587891,2
261257,4.650228500366211,-0.7864256045984793,0.61768500745276,4.852499961853027,2
261403,7.514886379241943,-0.9674204563155266,-0.2531751581460121,8.899999618530273,2
261411,8.93079662322998,-0.9890905283983602,-0.1473089496013481,7.900000095367432,2
261417,10.210086822509766,-0.9989098466642337,-0.04668102652295945,8.484999656677246,2
261586,6.402398586273193,-0.9824180946747813,-0.18669410075193227,6.625,2
261619,11.880453109741213,-0.7624427729399531,0.6470556529322923,2.794736862182617,2
261636,12.622766494750977,-0.8430575937116637,0.537823292248578,5.332499980926514,2
261737,10.163216590881348,-0.8298608066753169,0.5579704665519424,1.899999976158142,2
261886,6.267226696014404,-0.7064511451412177,-0.7077618098828603,2.2300000190734863,2
261904,7.387510776519775,-0.4265836738437657,-0.9044481019992002,1.1050000190734863,2
261967,5.379567623138428,-0.9999966867193814,-0.002574208666641487,1.4800000190734863,2
261983,6.55059289932251,-0.9166039067070793,0.3997965460197474,1.2000000476837158,2
262054,8.282074928283691,-0.9969567403709546,-0.07795676897435466,1.7949999570846558,2
262123,4.7381591796875,-0.7488819531962898,0.6627034179607872,1.665000081062317,2
262211,3.37611722946167,0.8251143859901798,-0.5649657069522437,1.3100000619888306,2
262251,6.019287109375,0.9991888579355377,0.04026941988005142,0.92249995470047,2
262308,8.268449783325195,0.7352791210519352,0.6777644237824038,-0.125,2
262331,8.541374206542969,0.6833976601947478,0.7300463259549658,0.550000011920929,2
262406,8.709698677062988,-0.054661820774747016,0.998504925050242,0.8450000286102295,2
262857,3.8382863998413086,-0.45975512618873515,0.8880457330245893,6.684999942779541,2
262889,2.617969036102295,0.3608849906579373,-0.9326103277992478,6.045000076293945,2
262925,5.06857171058655,-0.18507869484357775,-0.9827237031409173,4.16499989032745,2
263074,5.81498847007752,-0.7232050108809686,-0.6906334137852426,7.55749998092651,2
263124,5.32945404554668,0.24454623859568128,-0.9696376318959079,7.51842102251555,2
263218,15.0074912548065,-0.9246397465145112,-0.38084293240859873,6.65999982357025,2
263268,8.45977339744568,-0.664662109845704,-0.7471440823130819,6.3950001001358,2
263283,8.01460747718811,-0.48775679845390485,-0.8729795562107951,5.39750010967255,2
263318,8.97824251651764,-0.325724024010884,-0.9454648910362335,7.3800000667572,2
263398,10.2500894546509,-0.6053587831581511,-0.7959527270217012,8.99749999046326,2
263502,14.5315300941467,-0.9343132798169095,-0.3564529354034968,7.68249983787537,2
263631,6.51514943440755,-0.7039736636190829,0.7102260773378617,4.15277761883206,2
263727,7.11772322654724,-0.9386980945490211,-0.3447403186313388,4.19999980926514,2
263767,9.03044028282166,-0.9168334682113906,0.39926982301129793,3.49750000238419,2
263786,5.40484999418259,-0.7329713524512913,0.6802595067220487,5.71249992847443,2
263841,2.26121269464493,-0.04053631536240549,-0.9991780657804892,6.87250010967255,2
263876,6.7123553276062,-0.8785277357837443,-0.47769134120129036,6.32000012397766,2
263882,6.05496442317963,-0.834582691185956,-0.5508826840379059,6.30750019550323,2
263917,7.12045192718506,-0.9157734204677213,-0.4016952107815703,4.22749991416931,2
263972,6.48743352890015,-0.3747978878118221,-0.9271065436570906,8.89999961853027,2
263973,6.26176924705505,-0.4465123177735931,-0.8947774863486753,8.96749987602234,2
264035,7.00523450374603,-0.6291547259531277,-0.7772800851757652,8.12500009536743,2
264076,7.21333870887756,-0.5965821280609237,-0.8025520322560399,8.85499987602234,2
264104,9.50267026424408,-0.6050340763996076,-0.7961995769876256,10.9825001239777,2
264111,9.18863000869751,-0.36207439384378626,-0.932149201213333,10.3000001907349,2
264133,7.11310112476349,-0.30892898573358096,-0.9510851075343473,8.57250027656555,2
264160,8.59123311042786,-0.45978997014576045,-0.8880276928977838,5.84500002861023,2
264219,8.7380624294281,-0.3438838882018727,-0.9390121785339964,6.49250001907349,2
264362,8.6779571056366,-0.2539348374287937,-0.9672213285179417,6.26499998569489,2
264566,7.95539317131042,-0.17314487415636645,-0.9848963664027683,11.1350004196167,2
264589,9.3173238992691,-0.09526645452383631,-0.9954518082973469,10.1949998378753,2
264677,7.96526830196381,-0.3576060656672685,-0.9338725297373177,12.1699998855591,2
264694,6.73266267776489,-0.327578835431086,-0.944823849496621,11.3799998283386,2
264746,6.65321524143219,-0.23486996243802202,-0.9720268004249483,7.49499998092651,2
264812,9.38390141063267,-0.722341949689198,-0.6915360494719044,10.3805553648207,2
264830,6.77036311626434,-0.6079677459694438,-0.7939617244306137,8.13500018119812,2
264840,6.17810804843903,-0.7150277559595245,-0.6990960650779595,8.81500015258789,2
264841,6.27639648914337,-0.6895241116062675,-0.7242627282371968,8.78500027656555,2
264898,9.78847715854645,-0.9338254499483053,-0.3577289882422798,5.95499997138977,2
264924,8.62921204566956,-0.8854711956228524,-0.4646942669349776,5.20749983787537,2
265151,9.43348798751831,-0.4776305731083702,-0.8785607751500005,8.80250020027161,2
265180,9.58469815254212,-0.6416433151846503,-0.7670031656250523,8.87499985694885,2
265198,11.1466024875641,-0.6536502601572317,-0.7567967609579096,8.5925003528595,2
265214,7.42287218570709,-0.7485293169503051,-0.6631016978306642,9.6425000667572,2
265458,7.48414702415466,0.40951694785566894,-0.9123025098173179,8.20999984741211,2
265595,4.48602478504181,-0.3770043983262906,-0.9262114681014437,13.1025003433227,2
271346,6.65191593170166,0.819376158225778,-0.5732562353181732,6.40000009536743,2
271356,3.97434940338135,0.6043605483603025,-0.7967109435583488,6.5699999332428,2
271376,7.24409673213959,0.8556522387175315,-0.517551201696679,5.67999980449677,2
271648,5.42078158729955,0.7136347170165,0.7005180159487547,6.63947348845632,2
271659,5.42159337997437,0.7561660836265236,0.6543797475265607,6.74749999046326,2
271707,5.62663482427597,0.5469434487151392,0.8371695550529713,8.17749991416931,2
271724,5.73414871692657,0.5244420629701952,0.8514461360459425,9.53499989509583,2
271727,4.8094763636589,0.5273857621981889,0.8496259517167748,10.0574999332428,2
271747,4.23713884353638,0.7567196558128062,0.6537395219095661,12.4174997329712,2
271825,6.82153997421265,0.6422927832796906,0.766459379580437,6.94500005245209,2
271943,7.43607015609741,0.7655556781412448,0.6433696477653409,6.99500000476837,2
278132,5.64536435604095,-0.4678914129136046,0.8837859614871186,10.885000038147,2
278457,5.97098772525787,-0.8731015044777258,0.4875384732292742,15.7075000762939,2
278583,5.42953815460205,-0.9720891394895621,0.23461181744840254,13.2925000667572,2
278597,8.66720941066742,-0.8559201072086062,0.5171080835531466,14.9949999332428,2
278616,6.57551262378693,-0.7365193587476364,0.6764164650494328,17.9549998283386,2
278709,8.50888981819153,-0.9567006355884139,-0.2910736914678563,15.2300004005432,2
278727,7.52052955627442,-0.9031982862351678,-0.42922354984536426,14.6275002002716,2
278782,7.61363906860352,-0.9560502117413648,-0.2932029887796021,17.6049999237061,2
278810,9.22634899616241,-0.7144888440284582,0.6996468335945483,15.2550002574921,2
278858,7.30967812538147,-0.9687067882351205,-0.248207893563435,10.2799999713898,2
278884,7.29751968383789,-0.9261554603930436,-0.3771419668826972,11.0300001144409,2
278932,5.63801361322403,-0.9956249268584979,-0.09343984705686686,15.0525002002716,2
279023,6.96393291950226,-0.8730640731003231,0.4876055006472688,11.2575001716614,2
279053,5.87888060808182,0.11499771378047789,0.9933657563180157,14.6850000858307,2
279089,1.20853116735816,0.5435695977599356,0.839364100013279,15.3000001430512,2
279671,4.90434942245483,-0.12480644715865641,-0.9921811078364844,23.1550001144409,2
279736,6.85014481544495,-0.18747556542386698,-0.9822692667334153,17.2975005149842,2
279806,9.43293118476868,-0.525813943647107,-0.8505996100788413,18.0400001525879,2
279807,7.78224213123321,-0.4991502168532721,-0.8665154707305182,17.8099992752075,2
279838,6.91674711704254,-0.6595153115519863,-0.7516911292735111,12.1225002288818,2
279839,6.42870187759399,-0.6537219571222684,-0.7567348298950108,12.1300001621246,2
279868,7.15582384003533,-0.5305590175032056,-0.8476479982551915,9.60000038146973,2
279885,6.31170340588218,-0.5427458726245806,-0.8398969685318447,10.7921052230032,2
280119,5.14024159908295,-0.6408089942309085,-0.7677003535968779,14.0,2
280129,5.5578049659729,-0.5480482303478956,-0.8364467330395522,13.2825001239777,2
280267,4.50848537683487,-0.8085058779965714,-0.5884881011923634,13.9674998760223,2
280465,5.02762281894684,0.9914054572817584,0.13082514770466547,12.4599998474121,2
280541,2.7883541226387,0.9883489642855429,0.15220487770007465,14.3025002002716,2
280642,13.702547454834,-0.9531741718389934,-0.3024218876653093,12.2649996757507,2
280703,8.50829591751099,-0.7965800497477608,-0.6045330630692213,11.3275000572205,2
280740,6.58800523281097,-0.7650611606866046,-0.6439576231467917,11.0300001144409,2
280805,5.87971587181091,-0.822229082354151,0.5691566885586523,15.2200001239777,2
280818,4.36614811420441,-0.8702120389310543,-0.49267738663293387,16.3100001335144,2
280902,2.10582505861918,0.4977795210097204,0.8673036080077917,12.4233331044515,2
280914,4.86709432601929,0.3928021841085314,0.9196229902300004,11.7349999427795,2
280986,11.406366109848,0.11973571016762441,0.9928058016100907,10.0799999237061,2
281086,10.1286165237427,0.3557617147335765,0.9345766968686012,9.23749995231628,2
281102,9.14053444862366,0.18926541984259604,0.9819259650563305,9.25,2
281107,8.54530947208405,0.14483164375255242,0.9894563128142312,8.8225001335144,2
281249,3.84593404531479,-0.6899164717996732,-0.7238889845407863,12.4449997901916,2
281453,6.21139049530029,-0.4297962002727499,-0.9029259251074289,10.8200001239777,2
281500,5.18518140316009,-0.6804011861431016,-0.7328398364547742,13.6800003528595,2
281570,6.44152846336365,-0.18627901309709072,-0.9824968851246165,12.4924999713898,2
281590,5.75724046230316,-0.26087361670235315,-0.965372962180231,10.364999961853,2
281604,7.74097776412964,-0.057108502437195424,-0.9983679777263396,10.489999961853,2
281657,8.08895049095154,-0.010550164356068457,-0.9999443454673165,15.4074996948242,2
281756,6.39204089641571,-0.13688535983874167,-0.9905868958661922,9.59000034332276,2
281918,8.55590851306915,-0.4080540241134661,-0.9129577829258081,16.2000006675721,2
282001,5.9743846654892,-0.6453388959369517,-0.7638963996451851,14.6275000572205,2
282005,6.03051760196686,-0.6404420884457506,-0.768006465693646,14.3075002193451,2
282011,5.41377859115601,-0.7623512227444922,-0.6471635134801541,13.9149997234345,2
282098,1.93423123657703,0.2026649739702387,-0.9792481341956402,19.3049997329712,2
282152,1.90548766851425,0.9552256536159109,0.29587827002680633,15.0,2
282192,2.28509999513626,-0.47639445488225535,0.8792316664892358,15.320000076294,2
282197,1.36987498700619,-0.33704839603352144,0.9414873226609217,15.4199996948242,2
282256,4.37039906978607,-0.8393121392901253,0.5436498255681073,18.3099992752075,2
282298,5.40403332710266,-0.9366149074435759,0.35036055022570933,15.6475000381469,2
282373,8.69622254371643,-0.8937322036106469,-0.4486008785426721,16.3025003433228,2
282588,2.55073562860489,0.9623694708337571,-0.27174436812407793,15.7349999427795,2
282649,3.92146487236023,0.4473316125449097,-0.8943681727442959,19.960000038147,2
282806,6.08087768554688,0.9996943116089043,-0.024724144814309245,22.5300000190735,2
283101,5.71495513916016,0.3890992029217669,0.9211958588083458,15.5500001430511,2
283228,6.62169609069824,0.7226712195749387,0.6911919475790143,14.717499923706,2
283229,6.70715794563293,0.7439242284987997,0.6682639764737178,14.5649998664856,2
283245,7.4058690071106,0.802976351888214,0.5960108877430805,15.3300000190735,2
283290,9.18029537200928,0.7723452255038268,0.6352030011275475,11.7124998569488,2
283343,6.71577084064484,0.8397522297875212,0.5429697897368566,11.8025000572204,2
283400,6.34502210617065,0.8840520212111516,0.4673885148273089,19.6625005722046,2
283492,5.1560567855835,0.9938140545929673,0.1110568543291517,12.6300003528595,2
283547,6.02702796459198,0.9879864588718652,-0.15454047070535348,23.2349996566772,2
283663,3.7629411816597,0.5409737988179699,-0.8410394455627243,27.0275000572205,2
283775,6.04549748897553,-0.9500987140569754,-0.3119494086342874,16.1950004577637,2
284125,4.38047841787338,-0.5617283866396299,0.827321714717581,19.6800003051758,2
284238,2.73753757178783,-0.058336165718769456,0.9982969957729174,20.872500038147,2
284276,4.6153125166893,0.8373458714801514,0.5466734779693869,20.3999996185303,2
284315,6.33548095226288,0.12138633382727,-0.9926053384704188,14.7849995613098,2
284340,5.04707636833191,-0.9921245152698127,-0.1252555236332482,16.0975003242492,2
284410,3.97874883413315,-0.9383275081128838,0.3457477223622247,24.1449999809265,2
284466,5.22939727306366,-0.9235403993255105,0.3835011483863858,16.5550002098084,2
284595,7.39063398461593,-0.7039153307671174,0.7102838919129588,16.8263154280813,2
284847,1.90528125762939,0.9990232563220671,-0.04418747930866084,22.157500076294,2
284883,4.58582068744459,0.9818405158739602,0.18970820063549115,13.2789474788465,2
284894,4.23689743280411,0.846926156711267,0.5317105275225255,11.6649998664856,2
284975,1.88596869856119,0.9502563914294074,0.3114687633576772,22.6775001525879,2
285311,5.00408561229706,-0.9997994510354051,0.020026425275186877,19.3799994468689,2
285420,5.63142392635346,-0.9951975246132202,0.09788711357333506,20.8649997711181,2
285421,6.00751864910126,-0.9834438616599188,0.18121305406461885,20.6575002670288,2
285608,8.01406934261322,-0.8375099074718957,0.5464221398208684,15.0025000095367,2
285616,7.07373634974162,-0.8762483519011058,0.4818597573885952,14.1595237368629,2
285771,2.15486856510765,0.962243363337082,0.27219057609281844,14.4947368220279,2
286012,2.27074985371696,0.3282592459838658,-0.9445876705875976,21.7555554707845,2
286070,6.10857105255127,-0.9538814741224004,-0.30018349942339645,17.2421054840088,2
286146,2.32689286413647,-0.22373909898045963,0.9746490730449663,23.5575001716614,2
286149,2.08224387764931,-0.10271737865221679,0.9947105810851803,23.4149996757507,2
286572,6.93135585784912,-0.18733491553869924,-0.9822961006845687,18.2250003814698,2
286773,6.63374316692352,-0.9530631303293742,-0.30277164597560036,14.6924997806549,2
286781,7.01002359390259,-0.9658775608364277,-0.2589991070885627,14.3425000190735,2
286837,8.00402700901031,-0.6676846266932124,-0.7444442486026375,20.8049999237061,2
286852,6.86574526836998,-0.7898550502930128,-0.6132935671655314,21.5947372034977,2
286897,7.78641889095306,-0.3937070667643968,-0.9192359575102438,17.1575006484986,2
286975,8.85465357303619,-0.7807977255715415,-0.6247838920317231,24.110000038147,2
287044,5.75384361743927,-0.9584223141647681,-0.285353583666038,20.4625001907349,2
287252,4.51626307964325,-0.9188432433347508,-0.3946227238490911,24.3850001335144,2
287334,4.65307553190934,0.05565260516967086,-0.9984501928177633,23.3631573727256,2
287390,5.39664535522461,0.6497503462294701,-0.7601476748465943,29.057500076294,2
287401,5.52897972219131,0.7186846037124429,-0.6953362067278597,32.7941176470588,2
287419,5.23101216554642,0.13957372270556032,-0.9902116823841816,35.070000076294,2
287423,7.55241982936859,0.2251537434022474,-0.9743232481224878,35.5075002670288,2
287430,9.70953090190887,0.2121958212420936,-0.9772271657334304,36.0499992370605,2
287471,4.83889598595469,-0.9407219099219012,-0.33917884396419895,26.4315787867496,2
287489,4.20660341978073,-0.556609022206967,-0.8307745761623933,24.7775003433228,2
287585,1.35163127779961,0.2907164912720584,-0.956809239975484,23.6500005722046,2
287587,0.93751879632473,0.011746960444805266,-0.9999310020797976,23.8649998664856,2
287636,6.44642899036407,-0.9349441572280477,0.3547949025354446,18.3250000953674,2
287663,4.93135771751404,-0.9366207609917305,0.35034490160307974,17.2400003433228,2
287728,6.94665124416351,-0.8694070299622989,0.49409656571578625,16.9099996566773,2
287842,10.4586575984955,-0.999946055823445,0.010386791763381812,13.9549998283386,2
287861,9.34275453090667,-0.997531632085285,0.07021853736206488,13.9574998378754,2
287868,8.73654737926665,-0.9949592332272871,0.10028022843895472,14.4666665395101,2
287887,6.03629050254822,-0.9842743843762666,0.17664635931918155,14.3599999904633,2
288010,4.89297052621841,0.2844403837146818,-0.9586937300891483,25.0425000190735,2
288069,5.37453742027283,0.9356414565595002,-0.35295192982503587,17.510000038147,2
288123,9.33072593212128,0.6524888468381852,-0.7577983272294649,18.8300000190735,2
288131,8.9711332321167,0.8528885170293603,-0.5220930736175864,18.4249997138977,2
288196,9.74292488098144,-0.9183169695981812,-0.3958458580660067,16.1225006103516,2
288235,10.2150992155075,-0.9127294020954919,-0.40856460755969287,15.4399997711182,2
288592,3.28152267932892,0.8100949980165514,0.5862986390812822,22.2600005149842,2
288609,3.17267225980759,0.998164483502681,0.060561240689288434,19.4274996757507,2
288632,2.99944698810577,0.9888712662476309,-0.14877371673050038,16.2600001335144,2
288789,5.70864384174347,0.18813054340088434,-0.9821440315145676,18.185000705719,2
288865,6.11677753925323,0.09541764609196011,-0.995437327416583,24.5724996566772,2
288923,6.43662793636322,-0.47989035984115475,-0.8773284690077754,16.7899995803833,2
289005,8.07870390415192,-0.86038376003605,-0.5096467261409895,21.7525001525879,2
289174,7.61402888298035,-0.5529990380561279,-0.8331818912512424,19.7525004386902,2
289366,7.45843799114227,-0.9214209952705588,-0.38856575952419287,14.4099996566773,2
289492,4.75963191191356,0.5954652968248563,-0.803381030568488,19.3888886769612,2
289569,10.168952870369,-0.22696649263575816,-0.9739025676219477,22.0500001907349,2
289685,13.7801016807556,-0.6285652688610157,-0.7777568403952992,17.4575002670288,2
289775,10.5908412694931,-0.5996151439649076,-0.8002884974357329,16.157500743866,2
289799,8.67554392814636,-0.5325568328567064,-0.8463942460683639,14.4374998092652,2
289803,10.2090663433075,-0.5070367192055353,-0.8619244545650664,14.1999998092651,2
289861,8.1411452293396,-0.9578467448691129,-0.28727967791621534,16.5263158898605,2
289926,6.19325503181009,-0.952697823653777,0.3039191616291361,13.6529415915994,2
289984,3.93831970691681,-0.7922278694511674,0.6102253705516217,15.2900001525879,2
290008,7.27773199081421,-0.8194920307436511,0.5730905788334396,17.3150003433228,2
290018,6.34424240589142,-0.8120586876341096,0.5835757772885777,17.5400000572204,2
290053,5.14243190288544,-0.9714873502408637,0.23709139234056015,15.0850003242493,2
290054,4.50442029237747,-0.9890297327977572,0.14771657876486644,15.0575002193451,2
290110,6.09182958602905,-0.9990989974349652,-0.042440468004576355,11.9850000858307,2
290208,5.91925396919251,-0.9718320102642763,-0.23567465673189256,16.0825003623962,2
290314,8.41876890659332,-0.30657233169193515,-0.9518473645711113,16.4400002479554,2
290337,6.01336588859558,-0.40659215436858875,-0.9136097744693353,17.2000007629395,2
290438,8.79076130390168,-0.8729278763043048,0.48784928284343754,18.9000000953675,2
290555,8.36666400432587,-0.3667339774694441,-0.9303258513926405,15.5850003242493,2
290564,9.99789934158325,-0.27734220461899883,-0.9607712014507269,15.6300001621246,2
290609,10.7233774185181,-0.14261974063876098,-0.9897775556053656,15.3000001907349,2
290639,9.53186917304993,-0.5166317816736948,-0.8562076863499087,16.8499992370605,2
290653,9.2676823706854,-0.8965971853132524,-0.4428470247030607,16.6238099052793,2
290674,7.18209805488586,-0.61894123270427,-0.785437298871475,13.8450000286102,2
290819,6.0782232761383,-0.39503763202756115,-0.9186649385287637,13.9524998188019,2
290949,8.01913673877716,-0.6426016141415265,-0.7662004734419737,12.7475002765656,2
291054,6.55138130187988,-0.7904100453042706,-0.6125781258599599,16.5700003623963,2
291072,5.98422284126282,-0.9298640937169993,-0.367903203595543,13.8300000667572,2
291444,7.93321106433868,-0.8898529032314659,-0.45624753216925046,20.2299998283386,2
291492,9.01406824588776,-0.8338420653027752,-0.5520030888786787,18.1050004959106,2
291501,6.61107845306397,-0.8649884615825414,-0.5017917509575744,17.3999996185303,2
291640,5.86273119449615,-0.11304449296102029,-0.9935899267862903,22.7499997138977,2
291648,4.21792665719986,-0.2661732649837171,-0.9639252009403572,20.3774994850159,2
291898,4.56777402162552,-0.2839002419318727,-0.9588538223478197,31.470000076294,2
291934,5.67283680438995,0.08231606751830219,-0.9966062738254874,25.7425001144409,2
291967,2.6601748585701,-0.9481680747562299,-0.31776925907498427,20.3999996185303,2
291972,1.85482491254807,-0.9159482209082412,-0.4012964697265946,20.4949999809265,2
291998,2.0035312473774,0.8710360607351594,-0.4912190762775563,26.6774998664856,2
292107,1.64499372839928,0.06972836216224652,0.9975660156150923,21.1550005912781,2
292122,1.95013143420219,0.5966502535722785,0.8025013862368935,20.4649998664856,2
292152,2.47663630023599,0.9013882469742872,-0.4330118107126194,28.2700000762939,2
292157,2.76641244888306,0.48003630141122655,-0.8772486245799591,28.9399996757507,2
292284,5.48450171947479,-0.7323643156318778,-0.6809129967837677,18.7250001907349,2
292326,5.01607708930969,-0.6811170672381555,-0.7321745288637771,19.4749999046326,2
292330,5.23604267835617,-0.6124080069181815,-0.7905418604112628,19.3449994087219,2
292396,5.8974059343338,-0.9750655229552033,0.22191716009379683,12.2699997901916,2
292416,4.68928420543671,-0.9056492653604684,-0.4240276030543812,13.0450000762939,2
292506,6.94403979652806,-0.6495810464020009,-0.760292354397492,15.8789473583824,2
292726,8.64189014434814,-0.3994548181343404,-0.9167528828802564,19.225,2
292739,8.70229253768921,-0.5877644695096161,-0.8090320935426971,18.95,2
292742,10.8817527770996,-0.8075564441741621,-0.5897902927929414,17.6874999046326,2
292887,6.17040462493897,-0.9999057607665891,0.013728422552817067,18.0449996948242,2
293162,7.22674088478088,-0.910075975004427,-0.41444145511729574,19.4024998664856,2
293193,6.90941500663757,-0.8950719017193951,-0.44592184377133337,19.5500001907348,2
293404,6.45819764137268,-0.5323696030106977,0.8465120234174067,11.160000371933,2
293503,3.74788697957993,-0.9478602972225363,0.3186861417589495,14.9024997711182,2
293576,8.66587288379669,-0.7239674889442552,-0.6898340923379692,13.6000003814697,2
293783,6.02634103298187,0.11912200773016883,0.9928796237582548,14.4324998378754,2
293921,1.67615609169006,-0.9471464982683144,-0.3208013572572126,17.4000000953674,2
294146,5.07235856056213,-0.8427638584102292,0.5382834559574567,12.0975002765655,2
294228,6.33978741168976,-0.9640345363116285,-0.2657769982493282,15.3125001430512,2
294331,7.38359386920929,-0.9972401298682481,0.0742436756926789,21.3250002861023,2
294453,8.00952738209775,-0.791925651212909,-0.6106175259120965,19.3526318198756,2
294466,9.60825378894806,-0.7553519563306483,-0.6553193283182348,20.9675000190735,2
294514,7.19568867432444,-0.8541185958430423,-0.5200782866406842,17.9526313982512,2
294549,7.90445766448975,-0.6616908137766054,0.7497768114336784,12.4174996852875,2
294581,4.11750349998474,-0.5897933122206503,0.8075542389584704,12.4624998569489,2
294657,4.63039555814531,-0.11179563355955488,0.9937312193531095,16.4861112170749,2
294813,9.92021532058715,-0.8705712805007948,-0.49204232091071853,16.8024993896484,2
294862,8.42216589450836,-0.9791992233310306,-0.20290116073572967,14.8200000762939,2
294890,5.21779570579529,-0.9640128642412162,0.2658555953472606,19.9725002288818,2
294903,5.41068487167358,-0.9720923141085465,-0.23459866336168872,21.2233337402344,2
294928,4.78922668256258,-0.17034063912728048,0.985385237692198,19.2999992370605,2
295127,6.70999794006348,-0.7191402154297521,0.6948649872828891,10.3250001430512,2
295230,5.28055558204651,0.9956255854023813,0.09343282984136454,12.0325001239777,2
295234,5.03233785629272,0.9998334568013304,-0.01824989481345279,11.6299999713897,2
295238,4.78522101201509,0.999258016740683,0.03851513961388054,11.2421055843956,2
295424,2.52395615577698,-0.1743624937957675,-0.9846815326578034,13.8125001430512,2
295458,2.1415874838829,-0.029170056516881218,-0.9995744633606852,19.1600001335144,2
295468,1.09295627325773,-0.9439420007478063,-0.33011134367699085,20.675,2
295539,5.8471387386322,0.08996922914802453,-0.9959445455478484,14.9424997806549,2
295541,5.41205222606659,0.14004308146551045,-0.9901454112066795,14.7049997806549,2
295781,6.42836768627167,0.8843041484550125,-0.46691131173409717,24.2824995040893,2
295786,7.08785617351532,0.862842008197972,-0.5054737074160147,23.9325004577637,2
295970,4.9600211193687,-0.1717911946055751,-0.9851333846012881,13.9289470973768,2
296117,7.16581871509552,0.05234009988936627,-0.9986293175866464,15.3999996185303,2
296212,5.98585734647863,-0.7347164244970984,-0.6783743624092816,17.3911761115579,2
296266,6.38552548885345,-0.3650999278600483,-0.9309683360225457,14.6000003814697,2
296296,5.95671319961548,0.012963665812572767,-0.9999159681536743,14.3025002002716,2
296340,5.67716187238693,-0.9852425881329346,0.1711637886035374,17.0,2
296489,9.12423663139343,-0.7721484089120414,-0.635442235466453,17.4525000572205,2
296551,7.6870776905733,-0.55087573582477,-0.8345872774488706,13.4823528738583,2
296553,6.57276539802551,-0.5341444495868608,-0.8453932262418179,13.4799999237061,2
296561,7.48102850914001,-0.3732237364596275,-0.9277413661916313,13.2675000667572,2
296572,7.69158298969269,-0.451700005549193,-0.8921698857206843,13.0950003623962,2
296574,7.89588191509247,-0.45264303223767044,-0.891691810754527,12.8999996185303,2
296601,8.41769218444824,-0.4412319740575135,-0.8973930828066984,13.229999923706,2
296609,8.48468432426453,-0.5131959154818269,-0.858271491040434,14.6050003051758,2
296638,14.8542578220368,-0.7659151372787396,-0.6429416789159725,11.9599999427795,2
296839,9.22868773937225,-0.18155831246273313,-0.9833801803858386,13.9349998950958,2
296870,7.23966031074524,-0.3807208192272876,-0.9246900333662643,15.0900003433227,2
297003,6.57087194919586,-0.995122538185992,-0.09864651029949817,11.2675002098084,2
297110,6.98533551692963,-0.23530815389567916,-0.9719208160700168,14.2950001239777,2
297147,5.56788437366486,-0.6084298159900139,-0.7936076858337234,14.2575000286102,2
297182,5.80930826663971,-0.49859580203984377,-0.8668346014022773,15.3225001811981,2
297224,11.4945193767548,0.5524445551460971,0.8335496466854454,11.5249999523163,2
297414,3.9449649810791,-0.25049241461471355,0.9681185620679372,9.9249997138977,2
297425,1.1071778284876,0.5543352658613264,0.8322934656853029,9.60000038146973,2
297504,6.3980287376203,0.28259986749384675,-0.9592378823276634,12.2631576437699,2
297521,6.7154367685318,0.40922365341115224,-0.9124341080257956,11.6899998664856,2
297795,2.64802169203758,0.6065882672375799,-0.7950161470370966,14.9099996566772,2
297810,3.0332121014595,0.5433548899647718,-0.8395031051469498,14.25,2
297881,4.56701295375824,-0.9049250263050375,-0.4255710243506096,12.4149997234345,2
297921,10.5703511740032,-0.915229784603653,0.4029323037116171,15.002631588986,2
297957,8.76154391765594,-0.7770541502264627,0.6294337515702744,12.9499998092652,2
298040,6.44125015735626,0.1329991636632462,-0.9911161498355665,10.2474999904633,2
298053,4.66043801307678,-0.004310474910392873,-0.99999070985987,11.7299999713898,2
298141,8.29573662281036,-0.8538107312698839,-0.5205835525334873,13.489999961853,2
298162,6.83746659755707,-0.8993912015280041,-0.4371446746947892,12.0825003147125,2
298246,8.8203872680664,-0.8206199994120683,-0.5714742483830194,11.9974999904633,2
298268,7.82367372512818,-0.764695681802935,-0.6443915845446342,10.6724999427795,2
298355,10.3175885802821,-0.9453124612282501,-0.32616613963835706,12.855263057508,2
298357,11.045102763176,-0.9613566501954482,-0.27530599543959533,13.097500038147,2
298390,6.69256672106291,-0.7152164467251279,-0.6989030221238726,11.7447368220279,2
298536,10.3521420160929,-0.4922173437659825,-0.8704723352846778,14.094444433848,2
298624,10.9158285542538,-0.6733894322130267,-0.7392879497082429,15.0789476695814,2
298641,10.5469410896301,-0.6110492767823791,-0.7915925601872036,16.1200004577637,2
298713,8.53498873710632,-0.8172279040806731,-0.5763146300345933,11.5,2
298743,5.0238795015547,-0.4604348014302021,-0.8876935246085387,11.0972225930955,2
298752,5.98695135116577,-0.5445576695193218,-0.8387234017050467,10.7875001430512,2
298786,3.79369920492172,-0.5190385745215184,-0.8547508164129884,13.2024998188019,2
298822,4.76050852537155,-0.2924475510380849,-0.956281564128383,12.1000003814697,2
298891,2.99189207553864,0.9998680513947372,0.016244377491645767,10.4649998664856,2
298897,3.60309950709343,0.8976419904371044,0.4407253759475547,10.4699998855591,2
298969,10.1677833557129,-0.87524174362209,-0.48368573497816103,11.7474999904633,2
298970,10.1877936840057,-0.8832056967972327,-0.4689858176372871,11.7124998569488,2
299046,2.64282423257828,0.5064451962768739,-0.8622721514510826,11.2725002288818,2
299223,4.76144697931078,-0.6487987608698047,-0.760960030418028,12.5055555767483,2
299244,3.45684559345245,-0.5610981671717571,-0.8277492656574785,13.2174998760223,2
299346,6.75985679626465,-0.9769501323926949,-0.2134676528607927,13.1699998855591,2
299382,5.07247087829991,-0.9713848270963497,0.23751108960845363,13.3842105865479,2
299401,5.22130398750305,-0.9940777919175544,-0.1086708038818124,12.4249997138977,2
299406,6.04841191768646,-0.9937103657471823,-0.11198084214097172,12.0250000953674,2
299562,7.29334309101105,0.13252877901397714,-0.9911791577374216,10.6000003814697,2
299590,6.71682058440314,0.34090624197917235,-0.9400973003788693,9.53888903723823,2
299625,6.09614382292095,-0.8060900764472394,-0.5917928595828812,10.0394735336304,2
299635,8.67483861446381,-0.6472862926375141,-0.7622469779301079,11.527499961853,2
299699,9.08505120277404,-0.28354051559188564,-0.9589602577885528,10.3050002098084,2
299773,6.49714176654816,-0.8986369873627467,-0.43869301902766444,9.99499993324279,2
299779,5.57634903490543,-0.9587102591939702,-0.28438466716092564,11.2275000095368,2
299885,6.26915712356567,-0.25367455054537025,0.9672896269502761,8.18499999046326,2
299954,6.86250743865967,0.06293722943755142,0.9980174873972525,10.2124998569488,2
300042,8.35886762142181,0.38288829467436697,0.923794649151723,10.1949998378753,2
300082,7.39617929458618,0.09469812525831826,0.9955060346741048,11.760000038147,2
300258,4.29814099010668,-0.4414337371433375,-0.8972938513729306,12.4921052330419,2
300290,6.13361382484436,-0.6482946788326769,-0.7613895254055156,10.5374999523163,2
300354,4.36594405174255,0.25532019802711126,-0.966856554241319,11.3474999427796,2
300425,2.63741253018379,-0.17251331173159132,-0.9850071864079971,12.1000003814697,2
300565,8.10084886550903,-0.7025072189660957,-0.7116766170814678,10.2950001716614,2
300661,9.06197793483733,0.3441773106836189,-0.9389046697139128,11.8050001621247,2
300769,2.12945629656315,-0.6442770043983044,-0.7647922211970696,12.0225001811981,2
300884,8.07517712116242,-0.9835902625916472,-0.18041672687113716,5.31000018119812,2
300897,9.02336809635162,-0.9995201758676274,0.030974473902670604,5.32500009536743,2
300953,6.38803141117096,-0.8091137196922135,0.5876520982739959,10.9225001811981,2
300981,8.14189071655273,-0.8474382499957598,0.5308939747672072,9.00249996185303,2
301189,6.1636479139328,0.6181836300386798,0.7860337140048133,4.49250001907349,2
301318,5.25616434812546,0.9867279424921974,0.16238216498468863,6.51499998569489,2
301375,7.81294462680817,0.9766386133087948,-0.21488838729506624,9.50250000953674,2
301465,6.58251070976257,0.9973978068347829,-0.07209448606630912,5.74999992847443,2
301512,5.28723804950714,0.9429437765545249,-0.33295199992955476,7.49500000476837,2
301523,5.91153199672699,0.8729129295985733,-0.48787602660884694,8.8600001335144,2
301685,7.13975701332092,-0.5320023262370436,-0.8467428918381152,14.2174998760223,2
301726,8.65167243480682,-0.39291141395175866,-0.9195763267866511,14.3999996185303,2
301820,10.8634501457214,-0.7980739543879584,-0.6025595101959365,10.4399997711182,2
301837,8.5466459274292,-0.6827564032771867,-0.7306460797020672,10.2550000667572,2
301860,6.43228440284729,-0.532010415058241,-0.8467378096374096,9.99249997138977,2
301878,5.95327900648117,-0.8116958061514526,-0.5840804039480725,9.75999975204468,2
302026,4.16054990291595,-0.35844347820410977,-0.9335514302559553,8.92249975204468,2
302312,4.74409914016724,-0.48623003936452963,0.8738308468002076,5.20249981880188,2
302513,5.46324760913849,-0.889627750769196,-0.45668639684288964,8.48499994277954,2
302641,8.34140048027039,-0.3975235445886827,0.9175919744078245,6.98750002384186,2
302958,2.17794398069382,0.9961864011875367,-0.0872505248638896,8.14500007629395,2
303013,7.7802746295929,0.08783887679732362,-0.996134695572333,5.68749976158142,2
303014,8.15130183696747,0.1362325427718131,-0.9906768869262703,5.60249989032745,2
303040,12.7057225704193,-0.9508086662245001,0.3097787601375974,6.2850001335144,2
303122,9.70490889549256,-0.9250543777016369,-0.37983469864539404,5.2324999332428,2
303228,8.38697137832642,-0.9059222422529717,-0.42344408248474563,5.61249985694885,2
303420,8.00805490016937,0.9871256853161037,-0.15994649539521857,4.98249998092651,2
303627,7.41730351448059,0.17919651867853978,0.9838132992054396,7.46999995708466,2
303912,4.44609684944153,-0.5299303809674991,0.8480411495485589,8.32999973297119,2
303969,8.73897182941437,0.13299575885515685,0.9911166067252334,6.90500009059906,2
304089,4.7988029718399,-0.1511640955060308,0.9885086829309309,6.07999994754791,2
304096,4.79273302555084,-0.287040939494876,0.9579183154392127,5.59999990463257,2
304187,5.75239565372467,-0.19150874639313226,-0.9814909067612042,3.99999995231628,2
304248,6.71363625526428,0.24327136683061476,-0.9699582682158879,5.50250000953674,2
304253,4.23667478561401,0.42208375406224874,-0.9065568402238875,4.87500011920929,2
304286,7.26965730190277,0.2851620128289777,-0.9584793302097474,5.32250018119812,2
304451,6.06496961116791,0.9818939315193314,-0.1894315370932483,2.3775000333786,2
304539,7.82675509703787,0.9590600525814716,-0.2832027816643489,4.30000019073486,2
304551,6.48229184150696,0.9976909936897942,-0.06791672187518356,5.00499997138977,2
304560,6.38780969067624,0.9912371529041495,-0.13209430987925197,5.28947383479068,2
304619,5.60137114524841,0.4322182107919351,-0.9017690492913462,6.64249982833862,2
304646,6.38244416713715,0.8122097452129875,-0.5833655198767355,8.49249997138977,2
304731,7.88743588924408,0.9813923307729856,0.19201326282308404,7.80000019073486,2
304753,5.42660527229309,0.9999073643774276,-0.013611122796678258,8.39999961853027,2
304895,0.77939972281456,-0.7704220121472249,0.6375342525692413,8.40249962806702,2
305052,5.04067225456238,0.4750512301675501,-0.8799581403204912,9.30000019073486,2
305060,5.37947494983673,0.3678214627306553,-0.9298964305527154,9.89999961853027,2
305109,6.5442348241806,0.1542742342958578,-0.9880280667230191,10.7650000572205,2
305139,6.24478454589844,-0.374201060447962,-0.9273475973763132,10.3999997138977,2
305174,5.71378570795059,0.032110726662931154,-0.9994843176524475,9.19499983787537,2
305249,7.88275806903839,-0.05278054865213328,-0.9986061354127461,11.0725002765655,2
305259,7.02135751121923,0.2518521207037679,-0.9677657305861862,10.4263155083907,2
305268,6.57686767578125,0.2838976610310992,-0.9588545865046854,9.93749976158142,2
305423,9.52292203903198,-0.9928976108304012,0.11897199001143549,8.59500036239624,2
305451,9.67177486419678,-0.9738083418794141,0.22737043186409744,7.80000019073486,2
305547,5.64868693351745,0.08084428358996015,0.9967267438023453,6.09999990463257,2
305589,5.45266987148084,-0.1666438415826561,0.9860171550549081,3.1157894260005,2
305709,3.75958143472672,0.9966128660718035,0.08223621574553022,3.95500004291534,2
305712,3.31222505569458,0.9999998550803509,-0.0005383672325454375,4.13249986171722,2
305813,3.52383762598038,0.9726312435021716,0.232354178278376,4.04499995708466,2
305963,7.55406099207261,-0.1410766305236355,0.9899986789486629,3.46176474234637,2
306064,7.09106733798981,-0.8394322309139716,0.5434643775840259,4.83500006198883,2
306088,5.45680644512177,-0.9854039479109471,0.17023236895937136,5.45000004768372,2
306124,7.02734253406525,-0.9529891801723757,0.3030043274845811,5.28750014305115,2
306157,5.06868307590485,-0.923569976703822,-0.3834299129323399,4.10749988555908,2
306201,4.89868780374527,-0.9689549872742413,-0.24723719913551617,5.60249989032745,2
306236,5.65477545261383,-0.7557113692480452,-0.6549048223896696,7.50499999523163,2
306243,6.24109060764313,-0.8277349197103032,-0.5611193301715579,7.09749991893768,2
306268,7.15614072900069,-0.7547617114888188,-0.6559990540164438,6.15000004517405,2
306328,9.03162378072739,-0.48404878156453546,-0.8750410145049708,5.02812504768372,2
306389,4.80496580600739,-0.5938277827648738,-0.8045921727288639,6.0949999332428,2
306427,5.84565367698669,-0.875555926779069,-0.48311677582345,4.71000003814697,2
306564,11.764826631546,-0.6295354724095577,-0.776971742715316,8.81000022888183,2
306723,8.14237329959869,-0.9697998374030308,-0.24390218402682456,8.49749999046326,2
306782,8.51560943126679,-0.9174104263718038,-0.39794234454793204,8.87249989509582,2
306810,7.88617460351241,-0.61785019650516,-0.7862958315281439,9.475,2
306854,13.9023541927338,-0.4086625194195526,-0.9126855675541625,9.2324999332428,2
306925,10.9196572780609,-0.8649466057332953,-0.5018638951254129,9.27000002861023,2
306972,11.8381856918335,-0.8450624865928659,-0.5346675544237582,6.5699999332428,2
306991,10.8170995235443,-0.6786008635552768,-0.7345072279984947,6.58499991893768,2
306997,9.49288775920868,-0.42052159682804147,-0.907282528544,5.6399998664856,2
307001,10.9703886508942,-0.44355079832243594,-0.8962492339229807,5.51499998569489,2
307006,9.74515242576598,-0.6284717199751167,-0.7778324351629459,5.40000009536743,2
307070,12.9464781999588,-0.7813767634752886,0.6240595752817857,8.82500014305115,2
307163,7.7049108505249,-0.6477476252855126,-0.7618549822223251,5.51250002384186,2
307243,14.403950214386,-0.38456778752640186,-0.9230967537571824,10.3799998283386,2
307354,8.17120084762573,-0.5178570088671184,-0.8554671930396871,3.75749999284744,2
307389,7.10734672546387,-0.985674120707688,-0.16866098472120364,4.9375,2
307424,7.23828666210175,-0.946381635934278,-0.32305076871346355,2.61000002622605,2
307466,6.66990284919739,-0.17733284429299304,-0.9841509347325527,1.64500004053116,2
307753,11.0568529129028,-0.9976504094541079,-0.06851029496397512,4.04249994754791,2
307870,9.08184015750885,-0.3924524945051233,-0.9197722759230712,6.72249989509583,2
307893,13.405696105957,-0.8802506448914725,-0.47450901168275694,4.2149998664856,2
307900,13.6989091396332,-0.8288580453346479,-0.559458971403647,4.3600001335144,2
307974,7.44308676719666,-0.31738029546584473,-0.948298343376183,6.60749986171722,2
308202,1.6870874941349,0.9990442632440002,-0.04370995400652967,6.06749997138977,2
308212,2.62721041629189,-0.5596676270766333,0.8287171696075872,5.15789468664872,2
308269,5.97050514221191,-0.8825688527205875,-0.4701831772910063,3.44000005722046,2
308414,7.79998800754547,0.6356041578126963,-0.7720151258694438,7.12749984264374,2
308505,9.10947959423065,0.08758617007019004,-0.996156946877567,10.860000038147,2
308562,10.9072576284409,-0.0954585940314459,-0.9954334015018481,9.75499968528748,2
308604,6.90279637442695,0.41300721057360784,-0.9107277551574936,8.56666692097982,2
308631,2.69455782175064,0.9905512504655785,0.13714306472103813,7.8950001001358,2
308652,5.35306060314178,-0.8659137862794964,0.5001932773749629,7.58499991893768,2
308749,7.37705996036529,0.006335382043809681,-0.9999799312658024,5.34500021934509,2
308809,8.50694079399109,-0.25098844009003307,-0.9679900841130409,8.47249989509583,2
308927,7.70500364303589,-0.9151953852387993,0.40301043018463656,6.81000008583069,2
308929,8.07146611580482,-0.8977985022487575,0.44040645926222277,6.63076906937819,2
308977,7.22146122079147,-0.8399081942398097,-0.5427285004943283,8.07368454180266,2
309058,10.455400466919,-0.993550616941644,-0.11338946853600881,7.12249984741211,2
309140,6.26420087814331,-0.41025401428510805,-0.9119712954709454,6.68500001430511,2
309174,5.47067255973816,0.021121518328100067,-0.9997769158484885,6.64749982357025,2
309197,7.83392012119293,-0.31798205317562267,-0.9480967323317887,6.99250001907349,2
309230,11.7331590652466,-0.9121083527796389,-0.40994920757285763,9.86499953269958,2
309255,10.7830374717712,-0.8893909184963604,-0.45714745334104223,9.62250018119812,2
309483,4.55212596654892,0.7952790322251996,-0.6062435656590097,3.20250005722046,2
309484,5.26982638835907,0.7873898542241503,-0.6164553653468119,3.26500009298325,2
309510,10.0487977266312,0.874702582015141,-0.4846600798663385,5.0699999332428,2
309605,5.90310456752777,-0.6130499855237088,0.7900441223434173,5.84000005722046,2
309652,2.1856124997139,0.9564133112191788,-0.2920164004345752,6.20000002384186,2
309840,7.1364899635315,-0.27984983030121807,-0.9600437867516145,8.60500040054322,2
309845,7.76911364103618,-0.28909842424424503,-0.9572993790343199,8.42999973297119,2
309849,7.31133012771606,-0.17591742752694814,-0.9844049261824632,7.90000009536743,2
309857,7.97967293262482,-0.35292936147582415,-0.9356499697046258,7.5,2
309887,6.5764045715332,-0.35680784224879636,-0.9341778009082414,6.9947368471246,2
310104,5.96222620010376,-0.702668742940278,-0.7115171380189864,7.77631578947368,2
310167,7.01469456522088,-0.8102188004864459,0.5861275418697749,8.02631581457038,2
310422,4.29475681781769,-0.8253310626082134,-0.5646491274180783,5.69999980926514,2
310454,5.60647585391998,-0.22467799204415534,-0.9744330658854955,6.29500017166138,2
310472,7.69650187492371,-0.4399214647247642,-0.8980362491984486,6.59999990463257,2
310502,7.89010889530182,-0.23870253625068966,-0.9710927345972105,6.9650000333786,2
310505,9.1655568599701,-0.2665062075228265,-0.9638332020385063,7.06249997615814,2
310508,9.65319368839263,-0.29273546591899285,-0.9561934673449668,7.01750004291534,2
310541,11.5086455345154,-0.4971314897682396,-0.867675216818373,9.30000019073486,2
310556,9.99942140579224,-0.4183235723174983,-0.9082980726851329,9.50250000953674,2
310571,11.0610144024804,-0.4055843004946738,-0.9140576432546507,9.67619037628174,2
310615,7.54566307067871,-0.5335779053794129,-0.8457509201241925,10.3000001907349,2
310664,10.5613082408905,-0.6537150872311771,0.7567407645464427,6.37000017166138,2
310747,4.22479481697083,-0.7627819402480619,-0.6466557906888348,5.05499992370606,2
311054,8.90020596981049,-0.4196194107136257,-0.9077001433030346,6.74249997138977,2
311080,10.5536049365997,-0.4850947105947912,-0.8744616182274416,6.30000019073486,2
311154,9.28990702629089,-0.9382976307653504,-0.34582879593829396,8.5,2
311156,10.0992320537567,-0.957786048348914,-0.28748197437086676,8.51250004768372,2
311236,9.90315630435944,-0.2726887548342665,-0.9621023038050254,6.69249980449676,2
311385,6.16834418773651,-0.9436336121791509,-0.3309918518116843,10.3899997711182,2
311450,4.16363135576248,0.7976859214753128,-0.6030731055851198,7.45999999046326,2
311577,7.55334796905518,0.37892141954920544,0.9254288507534304,6.75750002861023,2
311640,7.85253839492798,-0.7814000273867939,0.6240304457315506,4.94500000476837,2
311676,6.03229961395264,-0.9424112519825031,0.33445632321242036,7.72999992370606,2
311681,4.80773154497147,-0.9739469285803202,0.2267760576184372,6.88500008583069,2
311725,7.65486631393433,-0.4891239522525023,-0.872214285214873,5.22750000953674,2
311744,8.77117800712585,-0.3074681089970875,-0.951558385990978,4.79500014781952,2
311767,9.93664307594299,-0.35068051965360425,-0.9364951538238082,6.58499991893768,2
311797,11.1789013385773,-0.4008375638607011,-0.9161491403686511,8.39499959945678,2
311798,10.1386402130127,-0.4565013118735865,-0.8897227389797872,8.41999969482422,2
311842,11.4623321533203,-0.49509216337314865,-0.8688404627815716,9.85999970436096,2
311931,10.6918583869934,-0.5870042343820194,-0.8095838615100842,9.99749999046326,2
311986,8.57460100650787,-0.9999628051036331,-0.00862487155112941,8.51250004768372,2
312184,9.41691164970399,-0.5344051694229499,-0.8452284394730386,6.83500015735626,2
312207,8.86710889339447,-0.5699744068897434,-0.8216624461971505,6.81500017642975,2
312288,14.7584938049316,-0.5511518493527066,-0.8344049610081974,12.1025003433227,2
312338,4.2024826169014,-0.9972081806471472,-0.07467157725940074,8.3649995803833,2
312395,7.181281208992,-0.6060187559508864,-0.7954503551044151,6.97000002861023,2
312399,7.44037666916847,-0.5982929682382117,-0.8012774327015021,7.10937488079071,2
312487,5.85254034996033,-0.3697201957440071,-0.9291431412107679,5.79999997615814,2
312651,7.00666387081146,0.018582564567429374,-0.9998273292394528,8.89999961853027,2
312652,7.06830985546112,0.09808630407727077,-0.9951779122109077,8.89999961853027,2
312667,6.99155392646789,-0.34186621494645864,-0.9397486318575738,7.90000009536743,2
312681,7.45142130851746,-0.5922107350770467,-0.8057831254497106,7.66999983787537,2
312721,7.76770780086517,-0.710001899153406,-0.7041997608623257,5.2324999332428,2
313005,3.1684770822525,-0.9676030021683051,-0.25247659336042017,6.0599999666214,2
313075,7.61040917038917,-0.9261776894684273,0.3770873738683458,5.24062499403953,2
313107,6.44154710769653,-0.9930498119469979,-0.11769482143251651,5.40749999284744,2
313142,3.11406833247135,-0.8988203597903512,-0.4383171920268969,6.7105262404994,2
388406,4.008355140686035,0.5948352568415929,0.8038476330861442,16.075000762939453,3
388487,3.7563531398773193,0.9662942601561257,0.2574400955354966,13.06999969482422,3
388499,3.777888536453247,0.8104875406057985,0.5857558762170159,12.44499969482422,3
388729,7.454347610473633,0.15407957578881257,-0.988058441755719,15.789999961853027,3
388781,4.358168125152588,-0.2406291376108768,-0.9706171326185448,14.899999618530272,3
388883,6.248046398162842,-0.1439909959356503,-0.9895789979023704,13.967499732971191,3
389088,4.175644397735596,-0.510634237245501,-0.859798043585065,10.34749984741211,3
389102,4.980715751647949,-0.6574473693565691,-0.7535004688294009,13.199999809265137,3
389158,7.120005130767822,-0.12219657858956313,-0.9925059174538985,14.0600004196167,3
389230,6.1858391761779785,-0.02434394724475098,-0.9997036422023002,13.99250030517578,3
389347,9.736257553100586,-0.8148065380895102,-0.5797329604969752,14.010000228881836,3
389375,7.214617252349853,-0.8950376006143632,-0.44599068766789696,12.83684253692627,3
389418,12.233665466308594,-0.9902178196536288,-0.13953017465915263,14.600000381469728,3
389427,10.63380241394043,-0.9956023335840909,0.09368027199956608,13.827500343322754,3
389467,7.444190502166748,-0.9863549628627997,-0.1646325825464846,10.729999542236328,3
389485,8.347372055053711,-0.9969065844036482,0.07859555949703427,9.605000495910645,3
389495,8.968109130859375,-0.967959864113698,0.25110496105212876,9.627500534057615,3
389515,7.656174182891846,-0.9988812422053671,-0.04728915277590402,9.632500648498535,3
389530,7.546334743499756,-0.9837599821545246,0.17948898994459048,11.265000343322754,3
389623,5.407007694244385,-0.9810923606602457,-0.193540124661803,9.744999885559082,3
389685,7.6326727867126465,-0.949845057330515,-0.31272090922224965,12.289473533630373,3
389708,7.7896857261657715,-0.887942983532867,-0.45995353895230623,13.892499923706056,3
389768,13.162958145141602,-0.9023420781826191,-0.4310206189279952,12.792500495910645,3
389791,10.581182479858398,-0.9679803241281639,-0.2510260785271817,14.982500076293944,3
389819,6.914639472961426,-0.7325614622969359,0.6807008916972087,11.8725004196167,3
389911,8.061988830566406,-0.8653793988205603,0.5011172478541981,9.5024995803833,3
389961,5.010643005371094,-0.3861017968402481,0.9224561791633963,10.702631950378418,3
390039,6.118585586547852,-0.8418388335981529,-0.5397289859235849,11.097500801086426,3
390048,7.447997093200684,-0.7834087505520926,-0.621506821811643,10.885000228881836,3
390211,6.001197338104248,-0.9468400363909021,0.32170474893491274,11.359999656677246,3
390216,6.374414920806885,-0.9377446071752207,0.34732557019861204,11.110000610351562,3
390233,5.368819236755371,-0.7785090519249158,0.6276333771167437,11.140000343322754,3
390268,5.233135223388672,-0.7865226495761405,0.6175614315221829,15.175000190734863,3
390269,4.898835182189941,-0.7109667727555382,0.703225602518548,15.239999771118164,3
390288,5.187500476837158,-0.8595343802213132,0.5110779287129927,15.505000114440918,3
390363,3.72786545753479,-0.9181132657476433,-0.39631809352866715,12.897500038146973,3
390366,4.181163787841797,-0.7959428385016545,-0.6053717848049487,12.600000381469728,3
390393,3.499168872833252,-0.8977374729498142,-0.44053084984105434,12.862500190734863,3
390589,8.43360710144043,-0.7532528398109686,-0.6577310691435454,15.375,3
390763,5.568276882171631,-0.9255771046948373,-0.37855914103970884,11.779999732971191,3
390926,6.710732936859131,-0.49511204955126115,-0.868829130720851,11.34749984741211,3
390939,7.343497276306152,-0.6074349917282335,-0.7943693919230026,13.592500686645508,3
391083,6.8760762214660645,-0.6565031061496658,-0.754323320344692,15.984999656677246,3
391161,4.893046855926514,-0.46745869626156517,-0.8840149134994487,18.07999992370605,3
391203,9.03500747680664,0.09449662168277621,-0.9955251822483158,13.859999656677246,3
391214,5.923062801361084,-0.20321881904219785,-0.9791333471938817,12.91249942779541,3
391239,8.44068431854248,-0.28613481254710665,-0.9581893701396568,13.46500015258789,3
391264,4.9451165199279785,-0.5205009463043972,-0.8538610922721722,15.00749969482422,3
391477,12.89875316619873,-0.5907349907842012,-0.8068656459802894,13.15999984741211,3
391653,4.644674777984619,0.4676316676022158,0.883923426239836,9.899999618530272,3
391679,3.817337989807129,0.9883973167142565,-0.1518905668962287,9.387499809265137,3
391861,6.116817474365234,0.5443287625500293,-0.8388719796612316,15.642499923706056,3
391870,6.3226518630981445,0.1829246872943607,-0.9831269291288182,15.93000030517578,3
391944,6.297866821289063,-0.038657599950273805,-0.9992525156165906,11.15000057220459,3
392095,9.241950035095217,-0.32218809532162124,-0.9466756737304629,13.140000343322754,3
392106,11.66779327392578,-0.2633575111829384,-0.9646983058467183,12.167499542236328,3
392112,11.293944358825684,-0.264571737964758,-0.9643660070068353,12.420000076293944,3
392141,11.116761207580566,-0.5268940485226584,-0.8499309746275885,13.600000381469728,3
392211,11.07640266418457,-0.9649733434012138,-0.2623479493441548,11.022500038146973,3
392606,7.203343868255615,-0.6628358353123668,-0.7487647530605036,16.88249969482422,3
392621,11.23690128326416,-0.6596977419818653,-0.7515310301138792,15.81999969482422,3
392702,8.375985145568848,-0.9999531279794903,0.009682037184040064,14.397500038146973,3
392782,3.1766462326049805,-0.9927515305898431,-0.120184851422814,11.699999809265137,3
392851,1.355949878692627,-0.8930587617626721,0.44994004938316273,12.97499942779541,3
392996,3.4152092933654785,0.1232494130826474,0.9923757263127625,12.074999809265137,3
393018,4.188790321350098,-0.9304806071592403,0.3663411520708143,13.502500534057615,3
393121,11.064987182617188,-0.9999949967620508,0.0031632974672085846,7.827500343322754,3
393396,5.602482795715332,0.1158731375837895,0.9932640212886442,4.785000324249268,3
393436,1.4972788095474243,-0.9471673379759101,0.32073982270935436,10.039999961853027,3
393586,6.49786901473999,-0.6984425789152993,-0.7156660980919426,12.52750015258789,3
393636,5.674915313720703,-0.8048978114775241,-0.5934134419430453,10.479999542236328,3
393755,5.975798606872559,-0.7224387272300126,-0.6914349466134031,12.929999351501465,3
393836,7.160798072814941,-0.7555573847714205,0.6550824668065629,8.897500038146973,3
393850,5.966912269592285,-0.6877164329611073,0.7259794128177814,9.172499656677246,3
394056,5.22276782989502,-0.6907647228232902,-0.7230795929238103,9.88499927520752,3
394145,7.247694969177246,-0.6427525192964234,0.766073886082864,10.189473152160645,3
394149,6.668249130249023,-0.6960107858959189,0.7180313265565406,10.217499732971191,3
394303,9.183693885803224,-0.8110707980392067,0.5849479981742347,7.552499771118164,3
394358,5.830510139465332,-0.6135278882783779,0.7896730527912639,6.534999847412109,3
394547,8.52155590057373,-0.08919069644009305,-0.9960145680001529,8.720000267028809,3
394550,8.277743339538574,0.02753467047614999,-0.999620849083176,8.597500801086426,3
394726,5.608461856842041,-0.31565702228649356,0.9488733552383185,6.877500057220459,3
394779,6.657715797424316,-0.934969989664982,0.3547268222532143,7.369999885559082,3
394801,3.8106534481048575,-0.9335211460130839,-0.35852234232529845,5.559999942779541,3
394884,4.138493061065674,-0.9963323730983592,0.08556753073562441,12.720000267028809,3
394893,7.335268020629883,-0.6887157348233831,0.7250314728387227,11.875,3
394906,6.735917091369629,-0.8119068236543872,0.5837870413973266,10.0600004196167,3
394987,8.56695556640625,-0.9989307307928399,-0.04623197029851532,9.842499732971191,3
395183,4.724366664886475,-0.7924848525548045,0.6098915956718782,8.515000343322754,3
396571,9.095403671264648,-0.8913542269823536,-0.45330744759014385,12.274999618530272,3
396588,8.236626625061035,-0.8273740371210725,-0.5616513177212159,11.800000190734863,3
396628,8.241883277893066,-0.6395401453993526,-0.7687577007240806,11.699999809265137,3
396692,8.954133987426758,-0.6225763273664968,-0.7825590818608168,12.94499969482422,3
396741,13.259934425354004,-0.4307747676143579,-0.9024594725453304,13.917499542236328,3
396892,9.627178192138672,-0.6602607642019661,-0.751036432708451,8.492500305175781,3
396974,5.5426025390625,-0.9905587557971682,-0.1370888445992819,6.385000228881836,3
397013,5.24015474319458,-0.9908264225780645,0.1351406686425468,5.747499942779541,3
397261,10.650148391723633,-0.9988397071601081,-0.048158482122151625,2.400000095367432,3
397420,12.20661735534668,-0.7999908299161108,-0.6000122265838691,8.59000015258789,3
397479,11.21766757965088,-0.9887187402999209,0.14978401977426534,7.744999885559082,3
397615,5.55880880355835,-0.6308887402218251,0.7758733127652468,7.387499809265137,3
397630,6.618732452392578,-0.6468866987904521,0.7625861255805738,6.012499809265137,3
397639,6.870641708374023,-0.695944237195378,0.718095828364532,4.12999963760376,3
397805,7.705114841461182,-0.5617835163709614,0.8272842804827599,3.0874998569488525,3
397905,11.458452224731444,-0.33619067418929793,0.941793942743393,3.512500047683716,3
397931,9.498790740966797,-0.4107130249990133,0.911764668703586,2.049999952316284,3
398104,6.967589855194092,-0.46259645080120454,0.8865689616189644,3.1624999046325684,3
398115,6.313442230224609,-0.5989500681959857,0.8007863733905717,3.1184210777282715,3
398161,5.416971206665039,-0.9998696269336582,-0.016147109200944025,3.164999961853028,3
398210,2.890069961547852,-0.9780719002730648,-0.2082675152207758,5.75,3
398235,5.671092987060547,-0.8693248696671276,0.4942411061195048,6.602499961853027,3
398402,7.55742073059082,-0.8016198339345417,0.5978341256927022,5.987500190734863,3
398406,7.802813529968262,-0.8686955286590056,0.4953464227062216,5.824999809265137,3
398413,8.256759643554688,-0.86529771250233,0.5012582854559463,5.632499694824219,3
398562,6.566807270050049,-0.9998751236496014,-0.015803072697873836,7.210000038146973,3
398776,9.42690658569336,-0.6255489245123733,-0.7801849415628407,9.657500267028809,3
398831,10.881227493286133,-0.41338104017065824,-0.9105581341284172,9.272500038146973,3
398842,11.962919235229492,-0.4224616099571109,-0.9063808184821907,9.3100004196167,3
398872,11.762030601501465,-0.38413043895829885,-0.9232788342996414,10.699999809265137,3
398909,13.044682502746582,-0.8204233707158752,0.5717564978058418,8.792500495910645,3
399098,10.025186538696287,-0.996893635380864,0.07875963266245684,0.1024999991059303,3
399244,6.512381553649902,-0.7495467613507067,-0.6619513974217947,1.3024998903274536,3
399298,6.3517231941223145,0.9843891855891919,-0.17600548654814038,-0.5950000286102295,3
399301,7.163405418395996,0.9921005325852514,-0.12544533966656707,-0.6000000238418579,3
399347,6.021162033081055,-0.01679044164895462,0.9998590305984304,0.9975000023841858,3
399421,5.491536617279053,0.5803223328814915,0.814386879780724,0.5625,3
399653,5.364624977111816,-0.5541925968422872,-0.8323884703701765,1.2100000381469729,3
400011,6.759856700897217,-0.5009130423819379,0.8654976163870532,1.5824999809265137,3
400019,6.841216087341309,-0.3444594766333246,0.9388011871304255,1.75,3
400088,8.218327522277832,-0.49642412084946835,0.8680801185598207,4.330000400543213,3
400212,8.044029235839844,-0.9993425236163304,0.03625631658268864,2.7774999141693115,3
400304,5.638403415679932,-0.9920910919850989,-0.12551997930136083,3.057500123977661,3
400335,4.190064430236816,-0.5669403275374039,-0.8237588633889054,3.299999952316284,3
400373,7.077113151550293,-0.9425797796804888,-0.3339810757175939,8.52750015258789,3
400405,8.596111297607422,-0.6510528944108575,0.7590323633938443,6.642499923706055,3
400411,7.585453033447266,-0.5773613497053897,0.8164887457071106,5.869999885559082,3
400415,7.66492748260498,-0.6016040141674187,0.7987944730264778,5.637499809265137,3
400584,9.930420875549316,-0.9845226770521769,-0.17525723485783706,5.065000057220459,3
400643,5.580059051513672,-0.9862840191177997,-0.16505706174786874,6.704999923706055,3
400659,9.587220191955566,-0.9929462852053169,-0.11856506524673004,7.449999809265137,3
400779,4.861179351806641,-0.9999810180836355,-0.006161450512331838,9.59000015258789,3
400969,4.818770408630371,-0.9949983574886916,-0.09989128387805339,9.859999656677246,3
401117,4.057136058807373,-0.9914529935759192,-0.1304644071360011,9.279999732971191,3
401122,3.959165573120117,-0.9994952095287785,-0.03176989343739237,8.529999732971191,3
401134,4.228560447692871,-0.990992232316308,-0.13391936188893933,9.0,3
401144,3.558900833129883,-0.9870907167185312,-0.16016215835239112,9.199999809265137,3
401177,5.311818599700928,-0.9827090443116171,-0.18515651278890535,7.925000190734863,3
401244,7.923027992248535,-0.8579445842967166,-0.5137422410858719,7.694999694824219,3
401253,8.660453796386719,-0.9170601805783918,-0.39874882469736195,7.925000190734863,3
401342,9.3905668258667,-0.6664167576160323,-0.7455794425603046,9.380000114440918,3
401395,6.568285465240479,-0.6042521846148597,-0.7967931333716233,9.3100004196167,3
401444,10.061434745788574,-0.6271528752045356,-0.7788961876416421,9.420000076293944,3
401516,12.798783302307127,-0.32215355535466206,-0.9466874282319115,10.61750030517578,3
401534,12.03493309020996,-0.1424659783614383,-0.9897996994389916,9.260000228881836,3
401685,7.411883354187012,0.9156355302459617,0.4020094224656887,2.5299999713897705,3
401716,11.760241508483888,0.35585968715583255,0.9345393962040086,0.5199999809265137,3
401808,10.084121704101562,-0.7662375048871426,0.6425574574342174,1.9674999713897705,3
402012,6.849940299987793,-0.06973415766705919,-0.9975656105011167,-0.050000000745058,3
402089,10.3876314163208,-0.9952793276519077,-0.09705184155267989,5.849999904632568,3
402090,10.92824363708496,-0.9999935446904006,-0.0035931292111279437,5.972499847412109,3
402205,9.836042404174805,-0.9543347650449316,-0.29873927801116984,11.524999618530272,3
402269,5.210638046264648,-0.4448910216953132,-0.8955847133660223,9.489999771118164,3
402484,6.627543449401856,-0.5920241678864194,-0.8059202098461067,4.550000190734863,3
402550,12.637253761291504,-0.9076602402737555,0.419705716218148,6.210000038146973,3
402570,10.126742362976074,-0.9995512637917503,0.02995448300863927,5.909999847412109,3
402646,6.679703712463379,0.1299022452410662,-0.9915268058309518,5.237499713897705,3
403033,3.677577018737793,-0.6278692892618022,-0.7783188007506174,4.364999771118164,3
403185,5.507648944854736,0.33705872698720807,0.9414836241601671,2.9200000762939453,3
403316,8.969778060913086,0.47910099854969806,0.8777597810270656,2.007499933242798,3
403352,7.738007545471191,0.8428471945121088,0.5381529584635464,2.549999952316284,3
403384,9.838020324707031,0.7707163764318378,0.6371783636469287,4.827500343322754,3
403690,4.017488956451416,0.5428623950180177,-0.8398216596845438,4.099999904632568,3
403987,4.803855895996094,-0.20837795584517663,0.9780483768800936,5.947499752044678,3
404005,4.6046671867370605,-0.3884142523609991,0.9214848715865314,5.689999580383301,3
404282,4.1321120262146,0.7773580965500457,-0.6290583357114742,3.827499866485596,3
404330,3.560405731201172,0.6512667353777356,-0.7588488910121873,3.012500047683716,3
404331,4.120380878448486,0.7863839844480588,-0.617737993815821,3.002500057220459,3
404409,5.247867107391357,-0.644119840730908,-0.764924591562325,3.427500009536743,3
404791,10.258460998535156,-0.9930567450427462,-0.11763630870231398,5.137499809265137,3
404813,10.449877738952637,-0.9805951787782777,-0.19604360575340743,5.800000190734863,3
404834,7.690059185028076,-0.9589687604985817,-0.2835117570539429,4.857500076293945,3
404851,9.31613540649414,-0.9607494300487949,-0.2774176141864748,4.590000152587891,3
404880,12.534587860107422,-0.6017743986787044,-0.7986661211638338,5.947500228881836,3
404943,8.041475296020508,-0.9990863980021788,-0.04273604248210149,6.110000133514404,3
435653,5.962894439697266,-0.9921020525816372,0.1254333179952691,18.827777862548828,3
435852,4.82640552520752,-0.9409478497078387,-0.3385515383663093,17.954999923706055,3
435882,5.971451759338379,-0.9245867644808373,-0.38097154086211843,23.082500457763672,3
436032,5.3762078285217285,-0.9947885472612407,-0.10195953235411709,18.26499938964844,3
436051,5.161996841430664,-0.9804028914586821,-0.19700297058535823,17.114999771118164,3
436104,4.489904403686523,-0.9867218248224505,-0.16241933511455206,10.237500190734863,3
436116,4.60274600982666,-0.9480801760633693,-0.3180314131585917,9.957499504089355,3
436145,6.308732509613037,-0.970393190936388,-0.24153065019639827,14.59000015258789,3
436255,7.826569557189941,-0.9967933772077354,0.08001851757435485,8.457499504089355,3
436326,4.627099990844727,-0.9529839447163049,0.30302079320229947,16.610000610351562,3
436338,4.752080917358398,-0.9622738659800936,0.27208272060482785,16.077499389648438,3
436410,5.378918170928955,-0.21573416840660803,-0.976452133277361,10.570000648498535,3
436415,5.892078399658203,-0.12016819510523402,-0.9927535469013196,10.649999618530272,3
436463,8.268672943115234,-0.02511602774178254,-0.9996845428186204,13.182499885559082,3
436477,5.198981761932373,-0.6618182428556155,-0.7496643338344873,16.541175842285156,3
436555,5.092944145202637,-0.902008004886941,-0.431719305938338,13.487500190734863,3
436564,6.095969200134277,-0.9565218082303837,-0.2916608139254864,14.13249969482422,3
436579,7.081340789794922,-0.9130665911808632,-0.40781049529083785,16.260000228881836,3
436857,4.6499505043029785,-0.8555790162580794,0.5176722389107389,14.005000114440918,3
436861,4.536514759063721,-0.7272795757005304,0.6863413281807067,14.982500076293944,3
436959,5.885767459869385,-0.7471600827981472,0.664644123326962,11.6274995803833,3
436970,5.448193550109863,-0.5250988234916373,0.8510412596153598,11.710000038146973,3
436975,5.96655797958374,-0.47722943974876314,0.8787787331502064,12.005263328552246,3
436992,4.661673069000244,-0.39945574588322263,0.9167524786336159,12.18947410583496,3
437086,3.506333112716675,0.9795014235264703,0.2014372391332302,12.96500015258789,3
437298,4.61713171005249,-0.41233560903617456,-0.9110320222257652,19.53249931335449,3
437388,6.498515129089356,-0.2578009965374153,-0.9661980367317642,15.984999656677246,3
437406,5.585611820220947,-0.14912281058432186,-0.9888186827540388,14.859999656677246,3
437444,5.173709869384766,0.061679316680701896,-0.9980960183738845,20.600000381469727,3
437596,0.9407625794410706,0.8571173693659712,-0.515121165485517,22.604999542236328,3
437601,1.4571561813354492,-0.9879257431072761,-0.15492813206753728,23.364999771118164,3
437610,1.7696053981781006,0.9211744100574932,0.3891499791278799,23.215789794921875,3
437720,4.894678115844727,0.4907579464591327,0.8712959531566843,13.762499809265137,3
437766,4.890538692474365,0.4074753569734568,0.9132162030205957,15.270000457763672,3
437768,4.2957963943481445,0.44648534177678856,0.8947909474164703,15.463157653808594,3
437785,4.031039237976074,-0.1201557689415161,0.9927550509516802,14.600000381469728,3
437883,5.33627986907959,0.04243137466924431,0.9990993836669494,17.7549991607666,3
437961,6.093537330627441,-0.6612798221478104,0.7501393182737192,12.7475004196167,3
438102,6.65427303314209,-0.983304277265156,0.18196894875788333,9.729999542236328,3
438180,7.151492595672607,-0.9950123938552657,-0.09975137129089254,15.380556106567385,3
438253,3.3248846530914307,-0.9769627152506491,-0.21341005836201588,10.782500267028809,3
438312,5.343166828155518,-0.528115568779201,-0.8491725066280826,14.482500076293944,3
438363,5.686758518218994,-0.8694854055090527,-0.49395863147308006,15.960000038146973,3
438371,4.300560474395752,-0.6976988880223534,-0.7163911373351652,15.391666412353516,3
438418,4.869173526763916,-0.5754480002135546,-0.8178383697590991,13.94499969482422,3
438447,9.651857376098633,-0.7834195090578193,-0.6214932604844604,17.39750099182129,3
438470,9.53178882598877,-0.8312048223283999,-0.5559663149310515,19.81842041015625,3
438825,4.372737884521484,-0.8459247287425491,0.5333023094848219,14.19499969482422,3
438990,3.3357622623443604,-0.9591139038167825,0.283020351751127,12.100000381469728,3
438992,3.729287385940552,-0.9383328406017047,0.34573325013416867,12.012499809265137,3
439046,6.0648956298828125,-0.9016712025473694,-0.4324222964843288,17.354999542236328,3
439053,5.936182975769043,-0.9990359617673974,0.04389928354189073,16.46500015258789,3
439079,3.230679988861084,-0.9902567980284352,-0.13925327270290888,15.25,3
439153,7.022200584411621,-0.8435920013606092,-0.5369846694649689,12.25999927520752,3
439167,5.845394134521484,-0.9399268539929534,-0.3413759059203054,15.322500228881836,3
439197,5.9090447425842285,-0.9393019818678597,-0.3430915138255548,17.934999465942383,3
439232,4.223569393157959,-0.979937551549707,-0.1993047793274547,14.337499618530272,3
439364,5.383354663848877,-0.8074317922620093,-0.5899609316256114,17.264999389648438,3
439412,7.705987453460693,-0.2819323042814834,-0.9594342998884984,12.457499504089355,3
439441,8.69237995147705,-0.3794190023665748,-0.9252249567770819,13.934999465942385,3
439501,6.630735874176025,-0.7441230618988767,-0.6680425650736939,19.600000381469727,3
439554,4.913760662078857,-0.23974137908903614,-0.9708367891424835,16.899999618530273,3
439600,6.268853187561035,-0.5197307686678269,-0.8543301048774705,17.786842346191406,3
439666,9.504155158996582,0.061792550937980764,-0.9980890143912902,18.524999618530277,3
439713,13.656455039978027,-0.24410738926805195,-0.9697482057239063,18.50526237487793,3
439749,13.848299980163574,-0.8078586222550619,-0.5893763198909108,18.46000099182129,3
439837,8.227296829223633,-0.5440128291211203,-0.8390768985925157,16.954999923706055,3
439915,15.370721817016602,-0.748266391314792,-0.6633983777706565,21.165000915527344,3
439956,7.237042903900146,-0.9722226325394933,-0.23405801156546122,14.1899995803833,3
439980,5.842962265014648,-0.6954776548681588,-0.7185477239398133,12.140000343322754,3
440332,6.905089855194092,-0.6670044859716041,-0.7450536998725368,11.50749969482422,3
440486,7.823562145233154,-0.304790742999226,0.9524193419822908,12.352499961853027,3
440519,5.479434013366699,-0.6939764463279452,0.7199977027338605,10.704999923706056,3
440659,4.645050048828125,-0.8010051677213926,0.5986574323297286,12.807499885559082,3
440706,2.2174689769744877,-0.33241522908132287,0.9431331377248982,10.0,3
440860,8.784635543823242,-0.6500780312252906,-0.7598674577307875,9.675000190734863,3
440862,8.847562789916992,-0.6388214596981916,-0.7693550172898541,9.515000343322754,3
440919,5.007723808288574,-0.8911305394384131,-0.4537470238802705,19.217500686645508,3
441015,2.4209651947021484,-0.8137431072397493,-0.58122470303644,16.21500015258789,3
441054,5.382426261901856,-0.8902433264598225,-0.4554852573835401,20.82499885559082,3
441115,6.946836948394775,-0.4061706681819966,0.9137972358836453,13.395000457763672,3
441126,8.149223327636719,0.15307523829022926,0.9882145371438277,12.78749942779541,3
441168,5.551661014556885,0.12749558105989967,0.9918391385755043,8.304999351501465,3
441176,6.193960666656494,0.25581691675940166,0.9667252479891654,10.427499771118164,3
441240,4.451071739196777,0.9976022983379818,0.06920732873602699,11.032500267028809,3
441249,4.400247573852539,0.9975762495233813,-0.06958179637566507,10.2475004196167,3
441336,4.676401615142822,-0.7659165529939258,-0.6429399924175684,13.84749984741211,3
441337,4.0405802726745605,-0.850021468728493,-0.5267480448000311,14.042499542236328,3
441459,6.336205005645752,-0.9990549472601249,0.043465070517244714,9.607500076293944,3
441641,6.89669942855835,-0.7755005183095786,0.6313469300642675,12.5600004196167,3
441674,2.8620505332946777,-0.9500086607534886,-0.3122235489090518,11.923529624938965,3
441713,6.818996906280518,-0.9524446639481237,-0.3047116048278205,9.844999313354492,3
441913,5.102188587188721,-0.9977084586571838,0.06765967428170627,15.125,3
441935,4.773966312408447,-0.9973531356534225,-0.07270985354328413,17.479999542236328,3
442171,5.48006534576416,-0.38471212427109547,-0.9230366089374902,11.427499771118164,3
442305,8.39137077331543,0.4129049028303703,0.9107741439120033,6.989999771118164,3
442346,9.28688144683838,0.1322212796277443,0.9912202243768041,7.304999828338623,3
442363,8.324749946594238,0.3849421686611417,0.9229406951621849,7.890000343322754,3
442454,5.856029987335205,-0.054355480732733795,0.9985216480949791,6.207499980926514,3
442514,5.177534580230713,-0.8014035704535095,-0.5981239982347865,11.584210395812988,3
442546,7.318031311035156,-0.6456465962860662,-0.7636363484697526,9.359999656677246,3
442692,7.812461853027344,-0.7736608386328111,-0.6335999579908251,13.313889503479004,3
442734,8.368464469909668,-0.7157218977607626,-0.6983853986630394,17.732500076293945,3
442737,7.092515468597412,-0.6754623743735589,-0.7373944540106293,18.252500534057617,3
442818,3.970395565032959,0.1306978147931081,-0.9914222517213875,13.710000038146973,3
442846,3.510509729385376,0.8535908805651716,-0.5209439591894457,12.864999771118164,3
442897,3.58540940284729,0.8315667335631953,-0.5554248532709333,15.717499732971191,3
442940,4.81196403503418,0.18062669711572782,-0.9835517252737972,14.68000030517578,3
442977,7.887807369232178,0.11287562763316128,-0.9936091246996577,17.107500076293945,3
443012,11.428418159484863,0.135134335686885,-0.9908272863211147,18.26249885559082,3
443080,9.59904670715332,0.0969924681824126,-0.9952851154899703,12.725000381469728,3
443098,10.437281608581545,-0.052949495588151325,-0.9985971915226681,14.255555152893066,3
443116,12.746689796447754,-0.27304436221990763,-0.9620014429614562,15.744999885559082,3
443134,12.700617790222168,-0.10945879898616145,-0.9939913336264593,15.960000038146973,3
443278,10.290499687194824,-0.2621081714943773,-0.965038499975972,22.662500381469727,3
443341,9.621135711669922,-0.6406274534220799,-0.7678518515455575,17.72249984741211,3
443431,10.38132667541504,0.12453947673501485,0.9922146535576708,8.620000839233398,3
443495,8.705020904541016,0.33084626658163374,0.94368466549425,8.577500343322754,3
443506,8.427994728088379,0.3239272382348464,0.9460819966205598,8.892499923706055,3
443587,6.54100513458252,0.6045023903024964,0.7966033267056875,10.699999809265137,3
443797,3.880070447921753,-0.6660411965124361,-0.745914957986688,11.484999656677246,3
444206,6.208420753479004,-0.9999662719544515,-0.008213096463327883,12.24250030517578,3
444395,5.226705551147461,-0.9830662727330163,-0.18325038448749542,11.364999771118164,3
444445,4.203410625457764,-0.9917018124770978,0.12855938367011227,17.485000610351562,3
444550,6.839007377624512,-0.4137018371092766,0.910412428502824,8.597500801086426,3
444575,5.863135814666748,-0.08016717547879806,0.9967814323991753,11.855262756347656,3
444596,4.659658432006836,-0.9059303837288696,0.42342666405986185,12.417499542236328,3
446283,6.612229347229004,-0.12139617703363999,-0.992604134688959,9.460000038146973,3
446302,6.039798736572266,-0.3251050426734552,-0.9456779109338924,10.607500076293944,3
446333,6.317178249359131,0.012455282356066329,-0.99992242996216,10.69499969482422,3
446391,3.7711644172668457,0.20869103014927015,-0.9779816224936113,13.125,3
446600,6.6842145919799805,0.9796561168412007,-0.2006835636907513,7.554999828338623,3
446695,6.42710542678833,0.992022483897265,0.12606106235590975,6.599999904632568,3
446724,6.525647640228272,0.9878651188206239,0.15531422026818645,5.955555438995361,3
446739,6.500037670135498,0.9526475697991372,0.304076647830441,5.397500038146973,3
446749,6.719594955444336,0.958761700625944,0.2842111915686073,5.425000190734863,3
446780,7.922630310058594,0.9863259884373656,0.16480608160214752,8.167499542236328,3
446888,7.493372440338135,0.9414371173624007,0.3371886030879062,6.275000095367432,3
447026,8.751482963562012,0.8794017273978482,0.4760804573280453,4.902500152587891,3
447089,8.317937850952148,0.908796211067219,0.4172402746018975,3.900000095367432,3
447127,6.435532569885254,0.7987572210799021,0.6016534731660014,3.200000047683716,3
447260,4.191103935241699,0.6708198280288568,-0.7416203599708783,3.4649999141693115,3
447482,4.78257942199707,0.9934926264822318,0.11389644913445177,3.932500123977661,3
447542,5.848442077636719,0.9929553761112945,0.1184889068718155,6.607894420623779,3
447913,5.9258809089660645,-0.014417322000641216,0.9998960650119241,4.877500057220459,3
448255,11.180590629577637,-0.4304961936235485,-0.9025923926533151,13.507500648498535,3
448396,9.617720603942873,-0.5117349737022738,-0.8591433621287736,9.986842155456545,3
448520,10.243202209472656,-0.7809049418674523,-0.6246498793460148,9.613158226013184,3
448542,8.096895217895508,-0.7368720231470665,-0.6760322636554776,8.402499198913574,3
448592,4.751561164855957,-0.5328388215691228,-0.8462167513284221,6.579999923706055,3
448616,6.49691915512085,-0.059080827175032324,-0.9982532022790179,6.150000095367432,3
448645,6.806021690368652,0.2219521012332922,-0.9750575699711922,8.3774995803833,3
448666,6.869189739227295,-0.28899972412212893,-0.9573291803018089,10.295000076293944,3
448723,6.431430816650391,-0.268487170976533,-0.9632832600128676,9.704999923706056,3
448727,6.911448955535889,-0.4263603751914025,-0.9045533872948829,9.520587921142578,3
448816,10.047720909118652,-0.8634711608740574,-0.5043982100868398,12.975000381469728,3
448818,10.621395111083984,-0.8135827143461878,-0.5814491954737657,12.899999618530272,3
448908,9.626538276672363,-0.7584029652516503,-0.6517859635628126,10.202499389648438,3
448928,5.448094367980957,-0.5401703521311777,-0.8415556967179769,10.31666660308838,3
448982,7.258315563201904,-0.8276046147655872,0.5613115014131672,6.704999923706055,3
449040,7.541022777557373,-0.9452850991134064,0.32624543122342314,5.204999923706055,3
449096,1.4380714893341064,-0.9956793348360354,0.09285829085477504,6.4476189613342285,3
449154,4.674545764923096,-0.3721745890685293,-0.9281627417924463,4.607500076293945,3
449160,3.3864009380340576,-0.04948874054549866,-0.9987746815769912,4.449999809265137,3
449233,7.279291152954102,0.16744313514650247,-0.9858817355506238,9.4975004196167,3
449496,10.901095390319824,-0.9200701554200035,-0.39175363317448714,11.354999542236328,3
449507,13.343029022216797,-0.9504430284400025,-0.3108987772407551,11.18000030517578,3
449610,8.18935489654541,-0.7815513087531677,0.6238409667424949,7.789999961853027,3
449697,5.671316623687744,-0.9998376247599676,0.01802010306147498,6.397368431091309,3
449717,5.882833003997803,-0.9999305825556298,0.011782617279649233,6.2076921463012695,3
449862,1.4476124048233032,-0.895347978873898,0.44536726050129205,7.480000019073486,3
449890,6.241888999938965,-0.07115673729671469,-0.9974651466278339,5.960000038146973,3
449936,4.833125114440918,0.5850024291641024,-0.8110315393818537,6.607500076293945,3
450154,8.118112564086914,0.899614469328539,-0.43668501986527003,1.8899999856948853,3
450234,7.434306621551514,0.9983313956805919,-0.057744475046893916,2.430000066757202,3
450409,3.805987596511841,0.39519183481186415,-0.9185986140301063,1.4550000429153442,3
450464,10.554366111755373,0.6167123253999424,-0.7871886099911479,-0.1024999991059303,3
450557,10.948205947875977,-0.8092640942577097,-0.5874449980596046,7.494999885559082,3
450561,11.33677577972412,-0.8432765240210401,-0.5374799568681535,7.21999979019165,3
450659,5.582827091217041,0.5413366004742874,-0.8408059734486558,6.372499942779541,3
450849,8.042333602905273,-0.14025850650933475,-0.9901149182553362,9.036842346191406,3
450994,5.751003742218018,-0.41516380629793337,-0.9097466756961589,5.697499752044678,3
451056,6.057191848754883,-0.667062422537048,-0.7450018284803097,7.832499980926514,3
451103,7.95817756652832,-0.22326766457030361,-0.9747571748683476,6.010000228881836,3
451168,5.774689197540283,-0.5970364663054111,-0.8022140972966928,5.392499923706055,3
451199,8.86121654510498,-0.741805591868044,-0.6706149892995987,8.70714282989502,3
451302,3.8130970001220703,0.345052450275766,-0.9385834041568656,8.537500381469727,3
451504,7.698562622070312,-0.9999829423139053,-0.0058408116922915015,9.619999885559082,3
451561,6.609475612640381,-0.7579988964215149,-0.6522558340281561,7.070000171661377,3
451648,6.611319541931152,0.39701403371892213,0.9178125391550448,6.434999942779541,3
451853,3.24772047996521,-0.31874157547227067,-0.9478416576968195,4.900000095367432,3
451887,4.648242473602295,-0.41063872144392527,-0.9117981358013946,4.222499847412109,3
451948,3.195318460464477,-0.7308205843556321,-0.6825696107226665,7.559999942779541,3
451970,4.043629169464111,-0.6985123327856092,-0.7155980163097201,7.385714530944824,3
451988,3.276343822479248,-0.4386136058902875,-0.8986757506063684,7.46999979019165,3
452110,2.2069873809814453,-0.5866902070837761,-0.8098114601016683,8.452499389648438,3
452127,3.212934255599976,-0.7585739165410833,-0.6515869958367199,7.910000324249268,3
452145,4.660196781158447,-0.6529608759544707,-0.7573916387660814,7.965000152587891,3
452146,5.3033318519592285,-0.738945105132402,-0.6737656355149492,8.03499984741211,3
452256,4.919514656066895,-0.8423914972971839,0.5388659993740638,8.5,3
452257,4.713768005371094,-0.8463372058210024,0.5326474763322345,8.4975004196167,3
452351,2.929856061935425,-0.9842500412241029,-0.17678194577035217,9.087499618530272,3
452421,4.156373500823975,-0.9891366935433407,-0.14699864450445588,9.184999465942385,3
452469,10.501778602600098,-0.8460009885885543,-0.5331813268553097,9.712499618530272,3
452531,6.54081916809082,-0.8040918795934642,0.5945050455394386,9.199999809265137,3
452685,4.755162715911865,-0.9614520299044943,0.27497271536013795,10.017499923706056,3
452752,5.181715965270996,-0.9998225876237562,-0.018835957032662002,8.842105865478516,3
452768,5.068237781524658,-0.9999920231578256,-0.003994198382503744,8.402499198913574,3
452848,5.734891414642334,-0.9619727147744819,0.2731455583190278,8.577500343322754,3
452899,7.245507717132568,-0.9943901105353656,0.10577479883915278,7.792500019073486,3
452909,4.96978235244751,-0.9823328725328344,0.18714199833653064,7.965000152587891,3
452920,6.005625247955322,-0.9822907836625904,0.18736279334898429,8.212499618530273,3
453012,5.479516983032227,0.022693683160659044,0.9997424652102178,4.226315498352051,3
453045,5.706323623657227,-0.050555597143886875,0.9987212481956239,4.074999809265137,3
453080,2.7639074325561523,-0.053390689044048534,0.9985736999958499,4.650000095367432,3
453137,2.781243801116944,-0.20678151866560815,0.9783871439968663,4.114999771118164,3
453173,1.578206181526184,0.41751247582756557,0.9086711905460283,3.3000001907348637,3
453179,2.2448999881744385,0.8511337870246016,0.5249488323495539,3.400000095367432,3
453200,1.028083324432373,-0.2767865961253533,0.9609314128517917,3.4194445610046387,3
453229,1.7912250757217407,-0.943962340397208,-0.33005317739998413,3.0999999046325684,3
453249,1.0296176671981812,-0.3548587874311661,0.9349199115340749,2.4323530197143555,3
453257,1.7368686199188232,-0.2985705146062713,0.9543875773540571,2.0999999046325684,3
453389,5.921574115753174,-0.9540578088074055,0.2996225916943047,1.6225000619888306,3
453415,4.028180599212647,-0.7493977787419682,0.6621200564977654,3.007499933242798,3
453459,5.2322187423706055,-0.7071964129338676,0.7070171380762071,3.837499856948853,3
453594,5.3954758644104,-0.9708856757366363,0.239543325203219,5.644999980926514,3
453675,6.825456619262695,-0.7800778103396293,0.6256825151909947,8.665000915527344,3
453841,11.209640502929688,-0.7851226698514873,0.6193402887631908,9.032500267028809,3
454127,6.60309648513794,-0.4034807719305604,0.9149881237930463,2.234999895095825,3
454132,6.17357873916626,-0.22237404993544013,0.9749614258601775,2.0799999237060547,3
454157,7.066267967224121,-0.34600461963252976,0.9382328086317108,2.2049999237060547,3
454165,5.500854969024658,-0.42118306305807035,0.9069756487321043,2.0425000190734863,3
454182,4.259766578674316,-0.5572798529640628,0.8303247349563618,2.6549999713897705,3
454195,3.990851402282715,-0.7158081922509393,0.6982969510934746,2.305000066757202,3
454236,5.291804313659668,-0.9515425276264201,0.30751718345211787,4.699999809265137,3
454299,5.646989822387695,-0.6074688397152676,0.7943435080461013,6.699999809265137,3
454301,6.059159278869629,-0.5583487696201627,0.8296063231820564,6.704999923706055,3
454353,4.952693939208984,-0.6931902540438433,0.7207546543024416,6.221052646636963,3
454358,6.21042537689209,-0.8134044445969317,0.5816985555336691,6.515625,3
454452,7.545737266540527,-0.9947934337421213,-0.10191184515825294,7.397500038146973,3
454513,9.881587028503418,-0.9651991458593135,0.2615159819828446,8.510000228881836,3
454844,3.960204839706421,-0.9967723309652178,0.08028026047644762,6.697499752044678,3
455036,9.387638092041016,-0.6818929817261196,-0.731451954315977,7.875,3
455350,7.702145099639893,-0.09505098210805381,-0.9954724058457344,0.7675000429153442,3
455367,7.904086589813232,0.1543487580721712,-0.9880164274350798,1.444999933242798,3
455496,7.295830726623535,0.573006699242423,-0.8195506833767533,1.909999966621399,3
455523,6.617730617523193,0.5563337235589136,-0.8309589568872064,2.8421051502227783,3
455640,3.662907838821411,0.9992027822951474,-0.039922422942957086,1.899999976158142,3
455693,2.955230951309204,-0.5789610624905961,0.8153551913857912,3.680000066757202,3
455712,4.046928882598877,-0.6939660919189017,0.7200076827831815,3.200000047683716,3
455720,5.530128479003906,-0.32162758728793955,0.946866249844897,3.9150002002716064,3
455730,4.68659257888794,-0.24372411301385297,0.9698446044267146,4.019999980926514,3
455970,4.59509801864624,-0.7696147398024727,-0.6385085373577805,1.4249999523162842,3
456079,5.260860443115234,-0.4461816062269282,0.8949424418725254,1.5475000143051147,3
456115,4.483121395111084,-0.8775475887415916,0.4794895509745946,2.384999990463257,3
456148,5.0813984870910645,-0.749591008044523,0.6619012922323054,1.3524999618530271,3
456164,6.12266206741333,-0.9959946620622576,-0.08941271242664094,1.694999933242798,3
456184,2.379638195037842,-0.9893326433953125,-0.14567402209194155,2.02368426322937,3
456254,3.2570760250091557,-0.7995986872029515,0.600534711255991,4.900000095367432,3
456259,3.062188148498535,-0.7770658432408797,0.6294193159320268,4.795000076293945,3
456280,4.73819637298584,-0.7970862396083696,0.6038654871964358,4.590000152587891,3
456426,5.815192699432373,-0.9828448748811709,-0.18443413978929052,8.760000228881836,3
456434,9.875980377197266,-0.9966278047190895,-0.08205497462560252,7.8125,3
456440,10.417319297790527,-0.9998009467861331,0.01995161160287501,8.357500076293945,3
456609,5.404905796051025,-0.9949262730922233,-0.10060671503840446,6.332499980926514,3
456642,11.25089168548584,-0.7461127010107041,0.6658196733279301,2.6578948497772217,3
456659,13.153023719787598,-0.8091807003518854,0.587559864335569,5.264999866485596,3
456760,9.74541187286377,-0.7960261818304426,0.6052621893365281,1.670000076293945,3
456909,6.129715442657471,-0.6903794893701547,-0.7234474138850759,1.9149999618530276,3
456927,5.161625862121582,-0.4141736038176004,-0.9101979047991384,0.800000011920929,3
456990,5.132222652435303,-0.9997588327419288,-0.021960791299404245,1.2324999570846558,3
457006,6.289506435394287,-0.9334654697609586,0.3586672786357198,0.9973683953285216,3
457077,7.977575302124023,-0.9975145720651459,-0.0704604748613631,1.4900000095367432,3
457146,4.862231254577637,-0.7861761593175821,0.6180024648176218,1.4850000143051147,3
457234,2.540600538253784,0.49630690617889067,-0.86814713895695,1.2100000381469729,3
457274,5.877135753631592,0.9999510253684045,-0.009896810833620292,0.7350000143051147,3
457331,7.882758140563965,0.7829963574838907,0.6220262889677246,-0.395000010728836,3
457354,8.384855270385742,0.7121587714328677,0.7020184358485385,0.3850000202655792,3
457429,8.417988777160645,-0.0021267988431862505,0.9999977383607828,0.6500000357627869,3
457880,3.5913679599761963,-0.4903949931078924,0.8715002872832057,6.434999942779541,3
457912,5.207474708557129,0.46166215259150734,-0.8870558363849346,5.710000038146973,3
457948,4.19986526966095,-0.05913896670844469,-0.9982497596376657,3.27750002145767,3
458097,5.60714897356535,-0.7263258563335532,-0.6873505295126575,7.32894734332436,3
458147,4.23538023547122,0.10240521915667927,-0.9947427662916039,7.11052621038337,3
458241,13.0851031780243,-0.9380824923388076,-0.34641194778386464,6.48500001430511,3
458291,8.35690004825592,-0.6833729888670919,-0.73006942004638,6.1074999332428,3
458306,5.19617042541504,-0.5943082503448963,-0.8042373428111803,5.29750018119812,3
458341,9.5739317893982,-0.30701115407379603,-0.9517059163808302,7.20749983787537,3
458421,9.39456231594085,-0.6851153445553566,-0.7284345987491224,8.79500021934509,3
458525,13.2566205024719,-0.9196945178825516,-0.39263468234069826,7.43250005245209,3
458654,6.53855877452426,-0.707225087471815,0.7069884551041011,3.96111114819845,3
458750,4.20062633752823,-0.9916296067719582,-0.12911515392583264,4.07499992847443,3
458790,8.80832161903381,-0.9246126009385475,0.38090883185567426,3.24500006437302,3
458809,6.04094979763031,-0.6850348224154265,0.7285103239338926,6.81000003814697,3
458864,2.19440653324127,0.03879503167672168,-0.9992471893966989,6.63749985694885,3
458899,4.0748840212822,-0.9032159241647437,-0.4291864330745183,5.637499833107,3
458905,4.85096355676651,-0.85104058016485,-0.5250999246930774,5.88999996185303,3
458940,3.56122249960899,-0.9413994658169016,-0.3372937084495533,3.89250001907349,3
458995,5.36575741767883,-0.4628014814349807,-0.8864619499908539,8.75000033378601,3
458996,4.64969040155411,-0.5928721519881576,-0.8052965984014405,8.83000020980835,3
459058,6.61707403659821,-0.6902408790711642,-0.7235796631049456,7.93250014781952,3
459099,6.11122734546661,-0.6617087155174548,-0.7497610124621312,8.85999989509582,3
459127,7.80548241138458,-0.728448798130018,-0.6851002470463227,10.9,3
459134,7.19516599178314,-0.3750219942245929,-0.9270159134814296,10.1999998092651,3
459156,6.35465595722198,-0.2945185301810804,-0.9556457687762637,8.19499983787537,3
459183,4.65730100870132,-0.6248378229577669,-0.7807545677108769,5.69999980926514,3
459242,3.82029931545258,-0.4215426847631545,-0.9068085602389689,5.35500016212463,3
459385,7.03484177589416,-0.20027225742604116,-0.9797402833942664,4.9175000667572,3
459589,6.68226552009583,-0.25064063312386436,-0.9680801996876439,11.0025000095367,3
459612,10.3177497863769,-0.12026681912294418,-0.9927416039524328,9.97999992370606,3
459700,5.82265473604202,-0.3712431705106312,-0.92853567963176,12.1075002670288,3
459717,6.0754017829895,-0.32090398719966623,-0.947111731000813,11.190000295639,3
459769,6.92962944507599,-0.2478424232575494,-0.9688003577795715,7.19499979019165,3
459835,8.45420895682441,-0.6790659987667588,-0.7340772229942191,10.2722223069933,3
459853,5.99782907962799,-0.6454015466371732,-0.7638434679948142,8.27999968528747,3
459863,5.94743185043335,-0.7266127148049594,-0.6870472783468157,8.51500005722046,3
459864,5.70285241603851,-0.7324698016916157,-0.6807995223337375,8.4824999332428,3
459921,6.45121521698801,-0.9457998598991186,-0.3247500962506518,5.69473663129305,3
459947,5.50363961458206,-0.9087014797897345,-0.4174465482285688,5.0324999332428,3
460174,7.36070640087128,-0.6261893776973171,-0.7796709968050926,8.57750029563904,3
460203,9.51104202270508,-0.6667087054582882,-0.7453183897275939,8.61500043869019,3
460221,11.4979162693024,-0.6586984123555871,-0.7524070717106724,8.39999961853027,3
460237,7.1103910446167,-0.7595398215163294,-0.6504608055301584,9.4574999332428,3
460481,6.02851283550263,0.32426868128714087,-0.9459650217298199,7.78750011920929,3
460618,4.73613592386246,-0.3037565059540407,-0.9527496969774343,12.4699999809265,3
466369,5.7729443192482,0.6944308321656228,-0.7195594619889037,6.2300000667572,3
466379,8.55067410469055,0.624001142668669,-0.7814234280773743,6.12999992370605,3
466399,5.1147366642952,0.8264439258269176,-0.5630190382782738,5.47500002384186,3
466671,4.78393146866246,0.7446259299878362,0.6674820030455879,6.59999990463257,3
466682,4.95019867420197,0.7088054331681567,0.7054040387687767,6.69249978065491,3
466730,6.09713842868805,0.5843015511457802,0.8115366272255586,7.82250020503998,3
466747,4.75516241788864,0.5823431566841696,0.8129430778739165,9.19500002861023,3
466750,5.20066249370575,0.4526610808322437,0.8916826486479283,9.84999961853027,3
466770,4.76477783918381,0.7672069222610091,0.6413996713709713,12.1175001144409,3
466848,6.50336017608643,0.6530533859797076,0.7573118743690996,6.79750018119812,3
466966,7.04844789505005,0.8331248508983091,0.5530849688932707,6.82000017166138,3
473158,5.77749214172363,-0.4736025572230849,0.880738677356544,10.6675000667572,3
473484,6.43345377445221,-0.8504427573885568,0.526067596802301,15.5600001335144,3
473610,4.82505023479462,-0.9638139206828957,0.26657592970458677,13.1149999141693,3
473624,8.85166506767273,-0.8733044383530423,0.48717487409848764,14.7499999523163,3
473643,6.41988461017609,-0.6946841420934845,0.7193149120683091,17.6049996376037,3
473736,6.42140681743622,-0.9849588162857972,-0.17278926535199224,15.0950003623962,3
473754,4.59175683259964,-0.9425831150206436,-0.33397166238766446,14.5975003242492,3
473809,5.32382463216782,-0.9735439796500949,-0.22849971485114726,17.4574998855591,3
473837,9.9213662147522,-0.6801651945273269,0.733058870864819,14.9549998283386,3
473885,6.64796199798584,-0.9895860433516893,-0.14394256772598069,10.3474999904633,3
473911,4.8259227514267,-0.9426740122886165,-0.333715007986877,10.9949999809265,3
473959,5.4953978061676,-0.9963997823225758,-0.08477897019617352,14.9049996376038,3
474050,6.15371687412262,-0.8329895842188387,0.5532886702101589,10.9125000476837,3
474080,5.51004371643066,-0.013495357061787986,0.9999089335223358,14.1824998378754,3
474116,1.20716245025396,0.5193383273744889,0.854568722643105,15.8250000953674,3
474698,4.99263260364532,-0.1945687901820396,-0.9808888754018457,22.8974995613098,3
474763,6.68879961967468,-0.23888807736575016,-0.9710471082766764,17.0949997901917,3
474833,7.34776835441589,-0.7208613886174352,-0.6930792583828657,17.8149991989135,3
474834,5.86438616953398,-0.5630360589331553,-0.8264323301644367,17.6184209522448,3
474865,6.89979956150055,-0.7358265391072879,-0.6771700704737259,11.8150001525879,3
474866,6.44305059909821,-0.6703963601949586,-0.7420031807461146,11.8200001716614,3
474895,5.10351259178585,-0.6128530033676132,-0.7901969351138337,9.50277778837416,3
474912,5.50593447685242,-0.6700082661378755,-0.74235363763298,10.7578947669581,3
475146,4.77216576337814,-0.6302913106123965,-0.7763587210603791,13.8000001907349,3
475156,3.0577702999115,-0.6455931128117872,-0.7636815649797938,13.1974997997284,3
475294,3.83969706296921,-0.8352273348470511,-0.549904809148176,13.8999996185303,3
475492,4.87160513401031,0.9879956871055648,0.15448146251509567,12.2224997997284,3
475568,3.17775830030441,0.9776306014785273,0.21032928244239524,14.2600000858307,3
475669,11.5637761592865,-0.9601017804886444,-0.2796508020774032,12.090000295639,3
475730,7.90098657608032,-0.7979474633172945,-0.6027270076788455,11.0275001049042,3
475767,6.66960791537636,-0.736456742767521,-0.6764846384303588,10.3815789975618,3
475832,6.15218308097438,-0.8468772464390383,0.5317884254699723,14.5789472680343,3
475845,3.42737029194832,-0.9278136996783202,-0.3730438830609985,16.2450002670288,3
475929,1.62625011603038,0.4468492419473486,0.89460927503077,12.1033336003621,3
475941,4.65163949728012,0.45636944487076453,0.8897903853090064,11.419999742508,3
476013,10.8371842861176,0.1926842811124266,0.9812608051951262,9.50250015258789,3
476113,10.4222937583923,0.34614497823417484,0.9381810347919333,9.00999999046326,3
476129,10.0416325569153,0.25254327198529924,0.9675856012647972,8.94499979019165,3
476134,9.07571430206299,0.14959678749227032,0.9887470865555016,8.58750033378601,3
476276,3.6187105178833,-0.7157980878761881,-0.6983073087064124,12.2149997711181,3
476480,3.82501413822174,-0.5657162247906095,-0.8245999957607693,10.7575000286102,3
476527,4.31617788076401,-0.716552941504508,-0.697532710359333,13.5275001049042,3
476597,6.52292501926422,-0.21166930974379705,-0.9773413443176261,12.1899997711181,3
476617,5.32727733850479,-0.30498855072112024,-0.9523560174267975,10.0300000667572,3
476631,7.89838771820068,-0.11493736399908108,-0.9933727408968613,10.2199999809265,3
476684,8.86276533603668,0.02469293543390098,-0.9996950829826349,15.087500333786,3
476783,6.88077301979065,-0.13356791544059143,-0.9910396621552817,9.31500015258789,3
476945,6.38457882404327,-0.4975966450775923,-0.8674085420420556,16.1500007629395,3
477028,6.07057549953461,-0.6504663682646338,-0.759535057621844,14.260000038147,3
477032,5.85034999847412,-0.636118714613162,-0.7715912006489567,13.9974999904633,3
477038,5.51582155729595,-0.7413122707519811,-0.6711602768583236,13.5289474788465,3
477125,2.16843765377998,0.06323780064331752,-0.9979984872582703,18.7850003242493,3
477179,2.2482563316822,0.9336691256124136,0.35813679492360334,14.6000003814697,3
477219,2.49388114213944,-0.32517107257553773,0.9456552086041056,15.0725002765655,3
477224,1.77073130011558,-0.3538001246814656,0.9353210527810113,15.110000371933,3
477283,4.82696223258972,-0.8791591518301446,0.47652826333104387,18.25,3
477325,5.76767270565033,-0.9362720259157981,0.351275808286775,15.3499999523163,3
477400,6.45222049951553,-0.9433197676243773,-0.3318852452416207,16.1375001907349,3
477615,3.8499621629715,0.9618889045361817,-0.27344055172959314,15.6699998855591,3
477676,4.17866690158844,0.21056804008635494,-0.9775792042050563,19.7124999046326,3
477833,6.23420388698578,0.9873005994575555,-0.15886323146263756,22.360000038147,3
478128,5.84093885421753,0.32553358751867545,0.9455304772439759,15.6999998092651,3
478255,6.38535840511322,0.710517195430306,0.7036798384193286,14.3774998664856,3
478256,6.72245330810547,0.7499984171825849,0.6614396225080694,14.3925000667572,3
478272,7.19936202701769,0.764987113484389,0.6440455855006092,15.0289474788465,3
478317,9.5812084197998,0.769811393994964,0.6382714294683183,11.4774999141693,3
478370,7.5174295425415,0.8759668153244077,0.48237136984942947,11.4449999809265,3
478427,7.31147871017456,0.9327534005491922,0.3605150395807618,18.8000001907349,3
478519,6.33149000406265,0.9843861763977158,0.17602231596330412,12.4799999237061,3
478574,6.66904907226562,0.9851880145839592,-0.17147762512968456,22.7449995994568,3
478690,4.82686938047409,0.6471903913755908,-0.7623284051582426,26.6925000190735,3
478802,4.52396656274796,-0.9885348629362762,-0.15099279704528148,16.4599998474121,3
479152,5.27645316123962,-0.6434977194613336,0.7654480289660839,18.525,3
479265,3.26558426618576,-0.06160444309665467,0.9981006425159494,20.0475001335144,3
479303,4.98212614059448,0.8487887518357204,0.5287321200354295,19.6425006866455,3
479342,6.49290945529938,0.09508151336466857,-0.9954694901483844,14.3924997329712,3
479367,5.42298562526703,-0.9841847852627081,-0.1771448798509205,15.5324999332428,3
479437,4.96859406232834,-0.9816385771954478,0.19075037027931768,23.5650002479553,3
479493,4.65516631603241,-0.9329738235764898,0.35994422418072614,16.1775008201599,3
479622,6.797826014067,-0.6960476158094919,0.7179956243083393,16.5131581958972,3
479874,1.80056250989437,0.9627902465734651,-0.27024977539862305,21.4400000572205,3
479910,4.9693180680275,0.9633772067764749,0.2681498787312,12.4924999713898,3
479921,4.93822592496872,0.9034603007226406,0.428671768394136,11.2550003051758,3
480002,2.27909998893738,0.9879961400836367,0.1544785654381703,21.9925000190735,3
480338,5.34823429584503,-0.999702660722001,0.024384219186836774,18.997500038147,3
480447,5.46731276512146,-0.9984012701478037,0.05652347978718545,20.6074998855591,3
480448,6.00807554721832,-0.9670295437526392,0.2546642132486669,20.329999256134,3
480635,7.43924429416657,-0.8270135962761158,0.5621819203553649,14.8399995326996,3
480643,7.01551809310913,-0.8851937895517784,0.46522247896996743,13.832500076294,3
480798,2.22538823830454,0.9821884002358288,0.18789876647328835,14.0684209120901,3
481039,2.56168729729122,0.28742094485135294,-0.9578043643984692,20.7611111534966,3
481097,3.75414245128632,-0.9783470230261789,-0.2069712601686847,17.2625003814697,3
481173,2.10765008330345,-0.11231324160613432,0.993672851475737,22.3524998664856,3
481176,2.44021873474121,0.05722502602229023,0.9983613055386052,22.0500001907348,3
481599,8.03027431964874,-0.19554175720864564,-0.9806953763466794,18.0750003814697,3
481800,4.51229075193405,-0.9948438940420645,-0.10141807771409188,14.5950003623962,3
481808,5.09363102912903,-0.9884359062230305,-0.15163924059773104,14.1749998569488,3
481864,8.19954566955566,-0.669746542661345,-0.742589771403549,20.3749997138977,3
481879,6.79739600733707,-0.7700405921043025,-0.6379948953648886,21.6263158697831,3
481924,6.13123772144318,-0.5014537070901546,-0.8651844772333479,16.8899994850159,3
482002,9.10402209758759,-0.7703386223045982,-0.6376350107905413,23.7025004386902,3
482071,4.07087442874908,-0.995142711568349,-0.0984427936031574,20.3574994087219,3
482279,4.99849828481674,-0.9357716358008006,-0.35260664433713357,23.847500038147,3
482361,4.52920114994049,0.019727482314619144,-0.9998053942850711,23.1900007247925,3
482417,5.32001940011978,0.6743222706511185,-0.7384371843995396,28.6724996566772,3
482428,5.2088529362398,0.6810187607175312,-0.7322659677676943,32.3941181407255,3
482446,6.56634271144867,0.21099346658850154,-0.9774874715601048,34.6150001525879,3
482450,7.18850216865539,-0.0009148675218701344,-0.9999995815086211,35.2525001525879,3
482457,9.55809805393218,0.11612385933060308,-0.9932347402775269,35.7375011444092,3
482498,3.00228697061539,-0.9532732844120455,-0.30210932661252166,26.2900001525879,3
482516,3.32581287026405,-0.7139180864556519,-0.7002292237771145,24.5,3
482612,1.54066861271858,-0.030100088697071408,-0.9995468896757312,23.320000076294,3
482614,1.01214388608933,-0.14368403959653442,-0.9896236136861436,23.5650002479553,3
482663,5.67200152873993,-0.9489997608069151,0.3152767894857121,17.8724994659424,3
482690,4.87327562570572,-0.9477149599690379,0.319118088880723,17.0550002098084,3
482755,6.60253958702087,-0.843829516935992,0.5366113550304078,16.7999992370605,3
482869,9.78691799640655,-0.9999918616861693,0.00403442206881207,13.8949996948242,3
482888,9.27101039886475,-0.9999190829679743,-0.012721144464450539,13.7200003623963,3
482895,8.45060360431671,-0.9954726250797994,0.09504868603370169,14.0124999046326,3
482914,6.12522345781326,-0.990798628483661,0.13534429354389632,14.0200000286102,3
483037,4.3168276309967,0.18230852566234337,-0.983241374979116,24.6550006866455,3
483096,3.8509459733963,0.920655250983104,-0.39037662434786985,17.3349997520447,3
483150,9.66195516586303,0.5982069590044508,-0.8013416463647994,18.6700001716614,3
483158,7.32740523815155,0.741964193146224,-0.670439509641901,18.2799996376037,3
483223,7.01546244621277,-0.9387955740830918,-0.34447477423172523,15.8300000667572,3
483262,7.15063452720642,-0.9486458509141588,-0.3163400852616559,15.2250003814698,3
483619,3.57165464162826,0.8171065561844254,0.5764866657958607,21.8200001716614,3
483636,4.67532515525818,0.9721714056729837,0.23427069383901813,18.997500038147,3
483659,3.77166546583176,0.9932587922891783,-0.11591795176003944,15.6749999046325,3
483816,5.14569900035858,0.09742153807405132,-0.9952432084266067,18.0650002479553,3
483892,6.5118989944458,-0.0125716825082359,-0.9999209732768446,24.1224998474121,3
483950,5.20350260483591,-0.46188117984023563,-0.8869418107798234,16.442105042307,3
484032,6.48236609697342,-0.9408668912613578,-0.33877646454290233,21.4999999046326,3
484201,5.78216998577118,-0.6999835421377154,-0.7141589744141966,19.6200004577637,3
484393,3.9376141667366,-0.9431570725577963,-0.3323473130389468,14.189999961853,3
484519,6.61767194145604,0.6330760376380595,-0.7740896140425179,19.015789232756,3
484596,10.9303124427795,-0.32783649058005127,-0.9447344788056357,21.7949994087219,3
484712,13.5862349033356,-0.5568752953956942,-0.8305961144731886,17.227499961853,3
484802,10.2052240133286,-0.6355592869640336,-0.7720520660899556,15.9650000095368,3
484826,7.16385107040405,-0.6843279393311341,-0.7291743765731238,14.2374999523163,3
484830,7.61694309711456,-0.6205380614146653,-0.7841763285994605,13.9674998760223,3
484888,6.68346135239852,-0.9909093855301024,-0.13453099891235004,16.3210528022365,3
484953,5.84683757358127,-0.9517689979446119,0.3068155383149775,13.316666815016,3
485011,3.82894939184189,-0.793933659980957,0.608004394350273,15.1800002098084,3
485035,7.66140034198761,-0.8508082816808945,0.5254762295510652,17.0275000572205,3
485045,5.31114639043808,-0.6703020620977395,0.7420883677484227,17.2425002098084,3
485080,4.10463960170746,-0.9668409407682619,0.25537931641842554,14.6000003814697,3
485081,4.03928116559982,-0.9766334911123034,0.21491166566241673,14.6450000286102,3
485137,6.16877112388611,-0.9998568589968514,0.01691926466931847,11.9300000190735,3
485235,4.43120974302292,-0.9905992272517126,-0.13679609266462958,15.9025000572205,3
485341,7.92944288253784,-0.5186341684237029,-0.8549962569178032,16.2000007629395,3
485364,4.3153239607811,-0.5561463291117266,-0.8310843883839663,16.9949999809265,3
485465,8.71007013320922,-0.7989532999633239,0.6013930698617296,18.5250002861023,3
485582,7.67608320713043,-0.35834356540723844,-0.9335897863254654,15.4049996376038,3
485591,9.76798412799835,-0.256772577911404,-0.9664718533059987,15.4049996376038,3
485636,11.1032405614853,-0.22804892896117746,-0.9736496731369347,15.0275001049042,3
485666,7.79578500044974,-0.6535571273320437,-0.7568771903773338,16.6631585171349,3
485680,7.28769996166229,-0.9204317766685001,-0.3909032418628277,16.3449998855591,3
485701,6.94429383277893,-0.6454594117969541,-0.7637945716766583,13.5150000572205,3
485846,4.90950963497162,-0.4287665500771914,-0.9034153228360161,13.6000003814697,3
485976,8.14682836532593,-0.6820124181346241,-0.7313405920022235,12.4849999427795,3
486081,6.96324620246887,-0.7772631284005883,-0.629175674377936,16.2475005149842,3
486099,3.06681028604507,-0.9836221798130773,-0.18024263474486352,13.7200003147125,3
486471,6.9404513835907,-0.9004042898788169,-0.4350541515349824,20.1175003051758,3
486519,7.96428453922272,-0.7882617029809309,-0.6153401397711697,17.8599993705749,3
486528,5.58360698223114,-0.8313362506359577,-0.5557697710190328,17.1000003814697,3
486667,5.24023773670197,-0.19101175594646164,-0.9815877490526506,22.4149998664856,3
486675,4.14124485254288,-0.13095173993444192,-0.9913887440394622,19.9199996948242,3
486925,4.19370250701904,-0.38539138934707684,-0.9227532048262579,31.4099996566773,3
486961,5.91201462745666,0.07360247265996739,-0.9972876596139846,25.5650002479553,3
486994,2.89441885948181,-0.9939513106351762,-0.10982163760669222,19.8449999809265,3
486999,2.27851874232292,-0.9879998453827459,-0.15445486565230046,19.7050003051758,3
487025,1.40197505950928,0.833306227743089,-0.552811659432562,26.3400001525879,3
487134,1.44646881818771,0.05602443265076208,0.9984293980778812,20.7050006866456,3
487149,1.77031852602959,0.3740425506002742,0.9274115431352153,20.2999992370605,3
487179,2.08490633219481,0.7178272514744956,-0.6962212558092229,28.0299999237061,3
487184,3.11370624303818,0.23400939878449517,-0.9722343345513565,28.3199995994568,3
487311,5.66973698139191,-0.833455432247161,-0.5525866832069861,18.4074998855591,3
487353,4.67725564241409,-0.7824553361756608,-0.6227067101695899,19.2624998092651,3
487357,3.97149077653885,-0.7206561707110476,-0.6932926392340318,19.0200001716614,3
487423,4.33912111520767,-0.9957855428793835,0.09171233609723148,10.7124998569488,3
487443,3.77086735963821,-0.8964082046780295,-0.44322943334791287,13.102499961853,3
487533,6.90662173220986,-0.6581514113688841,-0.7528855953683441,15.7236841101395,3
487753,8.73891642093658,-0.28811233138769754,-0.957596618886233,18.9875001907349,3
487766,9.1585031747818,-0.6480363159174881,-0.7616094361627156,18.6725004196167,3
487769,10.4276026010513,-0.792518170389035,-0.6098483004839944,17.4050003051758,3
487914,5.50369530916214,-0.9974444003803795,0.07144696039598372,17.9474994659424,3
488189,5.7112055182457,-0.908481859212255,-0.41792428917477914,19.2350002288819,3
488220,4.93830016851425,-0.9515933181848351,-0.30735997915469626,19.5050000190735,3
488431,6.09561624526978,-0.5412390519821465,0.8408687701475583,10.9800000190735,3
488530,3.35490026473999,-0.9514020474723619,0.30795152875963716,14.5525001525879,3
488603,8.12739324569702,-0.7616539455588172,-0.6479840022829935,13.4499999523163,3
488810,5.39285867214203,0.2787637272160715,0.9603597161421358,13.8275001049042,3
488948,1.71335598826408,-0.96896319352565,-0.2472050355323972,16.4424998283386,3
489173,4.77866258621216,-0.8774030154694169,0.47975404995182086,12.010000038147,3
489255,4.85623528957367,-0.9815753978833286,-0.1910752162636098,15.0300001144409,3
489358,7.27197761535645,-0.9843017063288629,0.1764940534921468,21.0425001144409,3
489480,7.86065020561218,-0.7930612441475633,-0.6091419071375068,19.0924999237061,3
489493,9.81197736263275,-0.7664085382877768,-0.6423534482195867,20.5874999046326,3
489541,6.21265777788664,-0.8865852870534995,-0.4625651616586186,17.8210517481753,3
489576,7.08622281551361,-0.6472681091459869,0.7622624186476589,12.1175002098083,3
489608,3.77569359540939,-0.5530785425774575,0.8331291170883391,12.4274997234345,3
489684,3.87005503972371,0.03152750139957882,0.9995028847659718,16.1000003814697,3
489840,5.80860288143158,-0.9187296774500919,-0.3948870468532109,16.4424998283386,3
489889,7.73552041053772,-0.9764418470633821,-0.21578072041646987,15.035000038147,3
489917,5.16726859807968,-0.9961104102207151,0.08811385049989949,19.725,3
489930,3.79924936592579,-0.9762591030089561,-0.2166060105171331,20.8656249046326,3
489955,4.11596281528473,-0.06014431577115627,0.9981896920327415,19.1200004577637,3
490154,6.58614888191223,-0.7348390233605288,0.6782415570772291,9.89999961853027,3
490257,5.34817864894867,0.974359677508715,0.22499604184321295,11.585000038147,3
490261,5.08110144138336,0.9981083385412758,0.06147962698629585,11.2750002384186,3
490265,5.51517668523286,0.9986167645473749,0.05257906013740444,10.644736942492,3
490451,2.36969994902611,-0.2060282053134443,-0.9785460533951998,13.4199999809265,3
490485,1.8624188631773,-0.1314836902074073,-0.9913183339419496,18.295000076294,3
490495,1.615267878487,0.4259846379683634,-0.904730395319491,19.6500002543132,3
490566,6.30648622512817,0.027180838066248016,-0.9996305327679904,14.4199996948242,3
490568,6.34381551742554,0.13034533326916406,-0.9914686551247853,14.3974996566773,3
490808,5.24873934984207,0.7724192951164315,-0.635112928959752,23.970000076294,3
490813,4.97663167715073,0.8125873845795636,-0.5828393796082625,23.5825002670288,3
490997,5.56502187879462,-0.20683852509630132,-0.978375093987979,13.6289477599295,3
491144,7.65052263736725,0.016489431862186734,-0.9998640400758807,15.1150003910065,3
491239,6.52672506781185,-0.7878061280659434,-0.6159232943977248,16.9823528738583,3
491293,5.762437915802,-0.3896891004871583,-0.9209464723649846,14.3275002002716,3
491323,6.54384489059448,0.0197851381658643,-0.9998042549958255,14.1650000095367,3
491367,5.97020802497864,-0.9854299093289652,0.1700820208014573,16.6275004386902,3
491516,8.90066993236542,-0.8301781007918347,-0.5574982699216763,17.0125000953674,3
491578,5.36849042948555,-0.5682908474012924,-0.8228277540043973,13.188235058504,3
491580,5.59832699298859,-0.6378840006419011,-0.7701324572598425,13.2550000190735,3
491588,6.3659049987793,-0.37791484613786885,-0.9258403583062206,13.1050003528595,3
491599,5.73786125183106,-0.5594309817107198,-0.8288769370070447,12.8799998283386,3
491601,5.808491563797,-0.5816431846166616,-0.8134440397402811,12.8275002479553,3
491628,5.98993999958038,-0.5950864984917251,-0.8036616572369606,13.147500038147,3
491636,6.32803732156754,-0.616628292148684,-0.7872544374735511,14.4449997901917,3
491665,14.458616733551,-0.774558381573526,-0.6325024217615298,11.6500000953674,3
491866,8.67836546897889,-0.10653625461649453,-0.9943088184524411,13.7350002288818,3
491897,7.64435999393463,-0.35427921089449516,-0.9351396904890594,14.902499628067,3
492030,5.60105562210083,-0.9930873511020474,-0.11737765154031198,10.9550000190735,3
492137,6.8214100599289,-0.24307270374062476,-0.9700080724902358,13.9724998950958,3
492174,5.17732946872711,-0.6536523612647132,-0.7567949462126877,13.9349997520447,3
492209,4.10980005264282,-0.6684059222184933,-0.7437966947649374,15.097500371933,3
492251,11.4820824623108,0.512126285015859,0.8589101630530722,11.1974999427796,3
492441,3.91946014165878,-0.2547928367372193,0.9669956620106425,9.51250009536743,3
492452,1.15316457497446,0.35039408436220437,0.9366023626085792,9.25,3
492531,6.37110338712993,0.3009757520579807,-0.9536317930276512,12.0105263559442,3
492548,6.17500814199448,0.339012030613373,-0.9407820380403729,11.4599998474121,3
492822,4.39337936639786,0.5266836732903493,-0.8500613556028674,14.3999996185303,3
492837,5.17647556066513,0.6051885894122455,-0.796082138504072,13.9649998664856,3
492908,3.53614447116852,-0.8798822292100068,-0.47519181676500805,12.1000001907348,3
492948,11.1610255718231,-0.9386273419268175,0.34493291084991773,14.6525000572204,3
492984,7.56643445491791,-0.7870951023685234,0.6168316624716047,12.7950002193451,3
493067,6.13652808666229,0.13413694492716474,-0.9909628045520209,9.89999961853027,3
493080,5.24792267084122,-0.03650128146599344,-0.9993336061853121,11.3449999809265,3
493168,6.43835426568985,-0.8650409257636138,-0.5017013023244309,13.229999923706,3
493189,5.01306990385056,-0.8848545301673204,-0.46586742796891323,11.6849998950958,3
493273,7.81682422161102,-0.8429899110004961,-0.5379293726423345,11.7099999427795,3
493295,7.98585426807404,-0.683955683696305,-0.7295235587282428,10.3799998283386,3
493382,8.59025995354904,-0.9929358571574928,-0.11865236437136506,12.4921052330419,3
493384,8.97126324176789,-0.9811419572726925,-0.19328853995803824,12.7550002574921,3
493417,6.77257215976715,-0.7472544872377178,-0.6645379833411296,11.3874997138977,3
493563,8.7089069949256,-0.6507743796418034,-0.7592711681618274,13.8805554178026,3
493651,10.5394789907667,-0.6503447381630891,-0.759639204848975,14.8999996185303,3
493668,9.63169836997986,-0.5916440141839125,-0.8061993304886492,15.8325001239777,3
493740,8.25549318790436,-0.7983491705326609,-0.6021948205604333,11.3100002288819,3
493770,3.64113814300961,-0.501475173277666,-0.8651720352543388,10.7277776930067,3
493779,4.93083792924881,-0.6663441656386897,-0.7456443206511255,10.6000003814697,3
493813,3.27385635375977,-0.5817885427434042,-0.813340083564376,12.8799997806549,3
493849,4.65728242397308,-0.2863131422327104,-0.9581360991972027,11.8050001621247,3
493918,2.87014058232308,0.9969415768321842,-0.07815044710913803,10.3050001621247,3
493924,4.92299667994181,0.9322436969263742,0.36183102346405643,10.1999998092651,3
493996,7.74396629333496,-0.913152755040732,-0.40761752410994423,11.3949998378754,3
493997,8.81515240669251,-0.8883055414625619,-0.45925294229531577,11.3749998092652,3
494073,5.64807441234589,0.5822412845117698,-0.8130160432673419,10.8599999904633,3
494250,4.71605126063029,-0.724001778826653,-0.6897981039810434,12.2138887511359,3
494271,2.5881206035614,-0.7324914430472018,-0.680776237733536,13.0875002861023,3
494373,5.49274331331253,-0.9951062201610807,-0.09881098419065892,13.1425001144409,3
494409,5.00661628776126,-0.9798723445173269,0.19962511978735806,13.2416666348775,3
494428,5.62531676292419,-0.9917301155060554,-0.12834086643912818,12.3199995040893,3
494433,6.59487330913544,-0.9937890603337538,-0.11128029277888642,11.845000076294,3
494589,6.80063865184784,0.06606420701800887,-0.9978153739801174,10.3574999332428,3
494617,4.68861601352692,0.23856842883144397,-0.9711256894783992,9.20999984741211,3
494652,6.03670485396134,-0.7918895221569788,-0.6106643797520793,10.2552630273919,3
494662,6.85365309715271,-0.6030684015525875,-0.7976894778350829,11.3674998760224,3
494726,8.71729111671448,-0.2929185791889449,-0.9561373886455491,10.1924998760223,3
494800,6.12203068733215,-0.8633436230597932,-0.5046164766651895,9.83999948501587,3
494806,5.28348848819733,-0.9916695445208519,-0.12880805281427915,10.7375000476837,3
494912,6.84401919841766,-0.2838998594997082,0.9588539355793696,8.09500012397766,3
494981,6.13675076961517,0.14088377607099925,0.9900261418972615,9.91249966621399,3
495069,8.38995988368988,0.3877850357004307,0.9217498392117113,9.99749999046326,3
495109,7.90854141712189,0.1320035422018743,0.9912492445627175,11.385000038147,3
495285,3.66539596319199,-0.29008194899720097,-0.9570018092281671,12.0650002002716,3
495317,5.34574701786041,-0.6987039337109905,-0.7154109399616333,10.1625,3
495381,3.72150963544846,0.06650698998593116,-0.9977859591530697,10.7525000095367,3
495452,2.54707499742508,-0.205547125126977,-0.9786472190488434,11.8500001430512,3
495592,7.25042653083801,-0.7240699454857604,-0.6897265501952552,9.99749999046326,3
495688,7.61178174771761,0.16745653764178509,-0.9858794591637587,11.6999998092651,3
495796,1.33593762665987,-0.9824790615557246,-0.18637299591030554,11.4174998283386,3
495911,7.54505052566528,-0.9959522584104283,-0.0898838081478941,5.2099999666214,3
495924,8.7753359079361,-0.9965727538775325,0.08272089354540973,5.05999994277954,3
495980,5.77842040061951,-0.8267133331743992,0.562623377359735,10.8400001049042,3
496008,7.62150945663452,-0.8344071738633747,0.5511484992316825,8.80750017166138,3
496216,5.40065486431122,0.5960210967105483,0.802968774159964,3.91250003576279,3
496345,6.89627268314362,0.9471972859178388,0.32065137072820993,6.08999993801117,3
496402,8.70808401107788,0.9723669678725982,-0.23345766166534257,9.13000011444092,3
496492,7.04451279640198,0.9999735492427629,-0.007273294633904898,5.01749997138977,3
496539,5.26392356157303,0.9669229770755058,-0.2550685327582391,7.28250000476837,3
496550,3.70567579269409,0.7975031427926749,-0.6033147911627945,8.8100001335144,3
496712,5.47781915664673,-0.5785287304843377,-0.815662005982981,13.9949999809265,3
496753,7.75397160053253,-0.38075815131184837,-0.9246746618187305,14.2900001525879,3
496847,10.8329704284668,-0.8222599534995167,-0.5691120881434276,10.2349999427795,3
496864,8.41390554904938,-0.6918012761103525,-0.7220879408853799,9.94999980926514,3
496887,5.08284633159638,-0.613581358610861,-0.7896315066948949,9.70499978065491,3
496905,5.55492777824402,-0.8248173112531956,-0.5653993306124877,9.63250007629395,3
497053,3.61197233200073,-0.2649940946019589,-0.9642500349111158,8.50750002861023,3
497310,4.97154569625854,-0.49985989529981245,0.8661062781615548,4.99749999046326,3
497511,3.91899610757828,-0.9248698145195019,-0.3802838757963084,8.32499952316284,3
497639,7.46226177215576,-0.3637362295916244,0.9315019888773556,6.78000011444092,3
497956,2.08706269264221,0.9979983208300075,-0.06324042710549516,7.91750016212463,3
498011,7.6204329252243,0.037188010052290825,-0.9993082867205448,5.39000012874603,3
498012,7.64818391799927,0.12351593672371439,-0.9923425887138289,5.39250013828278,3
498038,12.1642359733582,-0.9475833992937076,0.3195085310018839,6.08999991416931,3
498120,6.05548419952393,-0.9577672770879687,-0.2875445060151527,5.09999990463257,3
498226,5.64965225458145,-0.94489797752035,-0.32736495242764185,5.46000003814697,3
498418,8.09140064716339,0.982576299201225,-0.18585966815859933,4.72000002861023,3
498650,6.61358428001404,0.17445977529192963,0.9846643015795228,7.39000010490417,3
498935,3.98990480899811,-0.41098591552407016,0.9116416934524451,8.16250004768372,3
498992,8.36382398605347,0.1446771261819711,0.9894789179966019,6.69999980926514,3
499112,4.71727631092071,-0.09210540642003774,0.9957492626701763,5.89000010490417,3
499119,4.6351930141449,-0.2644476765103116,0.9644000344194817,5.40000009536743,3
499210,5.64412063360214,-0.2665888036276986,-0.9638103598635742,3.36500010490417,3
499271,4.54815337657928,0.09728456051690243,-0.9952566072551506,4.89000015258789,3
499276,5.83006122112274,0.4261365459564099,-0.904658855149465,4.20249984264374,3
499309,5.93248907327652,0.15597711424325558,-0.9877606693082825,5.09499990940094,3
499474,6.26381118297577,0.9864163286743507,-0.16426450171785523,1.92749998569488,3
499562,7.70541492261385,0.9644837602646034,-0.26414215147501746,4.19999980926514,3
499574,7.54930140972137,0.9919213226963858,-0.1268546001540841,4.79250013828278,3
499583,7.23808941088225,0.98896046535275,-0.14817961387880668,4.94736839595594,3
499642,6.04301021099091,0.4887426636849207,-0.872427996280592,6.41000008583069,3
499669,4.98962551355362,0.713432975933159,-0.7007234753104512,8.33999962806702,3
499754,7.62464654445648,0.9871504663571763,0.1597934816280357,7.71749987602234,3
499776,6.55858461480392,0.9999629311076801,0.008610250317906533,8.12750015258789,3
499918,0.68581879734993,-0.7631872276454517,0.6461774180198883,8.14500012397766,3
500075,9.11538233757019,0.5818763612401032,-0.8132772591373602,8.99749999046326,3
500083,7.37990002632141,0.4486153258723896,-0.8937249517566407,9.52500009536743,3
500132,6.64729385375976,0.09756416583611155,-0.995229236681029,10.5950003623962,3
500162,4.2733356833458,-0.43336918795738777,-0.9012164817229844,10.3025002002716,3
500197,5.94021108150482,0.0007628574606727475,-0.999999709024205,8.89999961853027,3
500272,7.56610054969787,-0.12285722134207572,-0.9924243563940298,10.7850001335144,3
500282,5.945445728302,0.15534884506649846,-0.987859674415605,10.1849998474121,3
500291,4.65232619047165,0.18864120017837924,-0.9820460771243174,9.60250029563904,3
500446,9.33904194831848,-0.989430465071287,0.14500811973409217,8.49499998092651,3
500474,9.41201117038726,-0.9628492091269478,0.27003962761715394,7.62499988079071,3
500570,5.5721165895462,0.17888351370057978,0.9838702600069454,5.90000009536743,3
500612,5.4534515330666,-0.16934590137618635,0.9855566780693472,2.88421052380612,3
500732,4.65958416461944,0.9785833492891493,0.20585098613810635,3.72250000238419,3
500735,4.58306950330734,0.9999880046461687,0.004898016310113147,3.87749998569488,3
500836,5.91489181518555,0.9508452625206423,0.30966641203406436,3.5,3
500986,7.1663449792301,-0.11718969416283258,0.9931095486309764,3.16176471990698,3
501087,7.35801491737366,-0.82829842858167,0.5602871703056711,5.16999990940094,3
501111,5.86527426242828,-0.9824711197284746,0.18641485697089002,5.86250002384186,3
501147,7.14803581237793,-0.9598303050525501,0.2805811567135768,4.85000019073486,3
501180,3.30754736661911,-0.970413076892837,-0.24145074072236128,3.94250000715256,3
501224,3.90202996730804,-0.9731894635472764,-0.23000493047011916,5.39750010967255,3
501259,5.35645756721497,-0.781512439576221,-0.6238896591446469,7.14749982357025,3
501266,5.08839653730392,-0.8034876849366274,-0.5953213755234891,6.73999996185303,3
501291,6.53077991385209,-0.7842491382747219,-0.6204460404542494,5.57368414025558,3
501351,3.47094841301441,-0.6120871457902194,-0.7907903173145095,4.30312511324882,3
501412,4.30041834115982,-0.7204255393533945,-0.693532293586514,5.88250007629394,3
501450,4.73773230314255,-0.7929624778561654,-0.6092704725425403,4.25,3
501587,11.2177896976471,-0.6640848210582836,-0.7476572412810482,8.60500040054322,3
501746,6.30605932474136,-0.9907821052565347,-0.13546519812641575,8.20749979019165,3
501805,4.91632208824158,-0.9715757592635728,-0.23672884068362285,8.96999983787537,3
501833,7.11081800460815,-0.6918368098937325,-0.7220538958250023,9.22749991416931,3
501877,12.054011797905,-0.42974208099982764,-0.9029516840993972,8.9824999332428,3
501948,10.2407338619232,-0.8321634761238408,-0.5545303860073728,8.9249997138977,3
501995,11.7814586162567,-0.8567115547035368,-0.5157958045946562,6.30250020027161,3
502014,10.4408005237579,-0.6451689959748006,-0.7640398985870226,6.33750014305115,3
502020,7.05119533538818,-0.4279662163918716,-0.9037947320200675,5.47250003814697,3
502024,9.45091819763184,-0.5828893526575163,-0.8125515384014121,5.30750021934509,3
502029,9.94913558959962,-0.6059713619051604,-0.7954864603189705,5.26500005722046,3
502093,11.8617599487305,-0.6969182312833251,0.7171505970888693,8.60750036239624,3
502186,5.24118441343307,-0.6149431123381975,-0.7885714733540714,4.33499999046326,3
502266,15.9061759948731,-0.3080992863204565,-0.9513542083623877,10.2675000667572,3
502377,6.2143235206604,-0.6188327340964052,-0.7855227859271607,3.82749999761581,3
502412,6.28465677499771,-0.9974380838203428,-0.07153508890609339,4.40249991416931,3
502447,4.42640202045441,-0.9741511805103252,-0.225897050689777,2.65500001907349,3
502489,6.8428126335144,-0.1509378065132707,-0.9885432608464652,1.39999997615814,3
502776,10.3592369556427,-0.9994876270626548,-0.032007551431865434,3.79499996900558,3
502893,6.8102911233902,-0.47609927499915194,-0.8793915398417714,6.64999983310699,3
502916,11.5157179832458,-0.9178069313974853,-0.39702699741797387,3.97894738849841,3
502923,13.6070248126984,-0.8157091397696183,-0.5784622712816361,4.19999980926514,3
502997,8.07482426166534,-0.34105931485165414,-0.9400417776635889,6.43750007152557,3
503225,1.91298778057098,0.999875858679294,0.01575649803555724,5.74999990463257,3
503235,2.03463157540873,-0.3875611020640916,0.9218440172647793,5.12631576939633,3
503292,3.14170995950699,-0.932422756978885,-0.3613693432873009,3.0699999332428,3
503437,10.73332695961,0.6192320339483841,-0.7852080540418235,6.8600001335144,3
503528,9.02405486106873,-0.013162246938544429,-0.9999133738757217,10.6949997901916,3
503585,10.9650611400604,-0.05280169024084155,-0.9986050177661387,9.49749999046326,3
503627,4.7605794878567,0.29823400512260057,-0.9544927858231997,8.19999980926514,3
503654,3.19541128873825,0.9769967971768125,0.21325397606199567,7.61499989032745,3
503675,5.30433406829834,-0.8129007517237317,0.5824022388753257,7.3950001001358,3
503772,7.41381371021271,-0.031968449715341136,-0.9994888784887992,4.97499995231628,3
503832,7.43178215026856,-0.2951924320577022,-0.9554378200887061,8.27499966621399,3
503950,7.14276401996613,-0.8848158742308008,0.4659408424995428,6.66999981403351,3
503952,7.63670148168291,-0.9310377595091018,0.3649228553657224,6.45714289801461,3
504000,5.77298147678375,-0.8661094481813886,-0.49985440257231967,7.81750020980835,3
504081,10.5963730812073,-0.9944457011049724,-0.10525087911195666,7.04999997615814,3
504163,5.26074932813644,-0.4725865483496311,-0.8812842641957145,6.20250000953674,3
504197,5.74148092269898,-0.02718723622300634,-0.99963035877596,6.3025002002716,3
504220,6.40481184720993,-0.34488197024334827,-0.9386460603449344,6.73999996185303,3
504253,9.93931605815887,-0.9297613440855619,-0.36816279421501774,9.64250001907349,3
504278,8.01390228271485,-0.9341263899135822,-0.3569424150574124,9.33000011444092,3
504506,5.24322630167007,0.6583002254925363,-0.7527554802965408,3.13249995708466,3
504507,5.01169629096985,0.6251903655397257,-0.7804722972894709,3.13749996423722,3
504533,6.87182574272156,0.8112651340063552,-0.5846784435445268,5.00499999523163,3
504628,5.51971480846405,-0.6099309762829858,0.7924545439143396,5.59999990463257,3
504675,2.32453131079674,0.9582161183808593,-0.2860452245277291,5.82999999523163,3
504863,6.10046110153198,-0.32894121589107284,-0.9443503992100086,8.55000019073486,3
504868,8.19280757904052,-0.24271955863956723,-0.9700964982174782,8.18249983787537,3
504872,9.02242133617401,-0.22757101692674708,-0.9737614863275946,7.71999988555908,3
504880,6.9462057352066,-0.3726800721431323,-0.9279598934368821,7.40000009536743,3
504910,6.3366317987442,-0.3292182171654384,-0.9442538670751687,6.63749976158142,3
505127,4.5138499379158,-0.756293191645513,-0.6542328394926712,7.53249995708466,3
505190,6.76732477388884,-0.8439098489943473,0.5364850107601684,7.83421047110307,3
505445,4.37064032554626,-0.8013025017102989,-0.5982593925320492,5.52999997138977,3
505477,5.45305684804916,-0.2881306834872773,-0.95759109709372,6.00250000953674,3
505495,5.78040646314621,-0.34755768688278904,-0.9376586022048138,6.40000009536743,3
505525,8.33998951911926,-0.2654180228617707,-0.9641334311910092,6.76250004768372,3
505528,8.75705189704895,-0.26865807356933463,-0.9632356095504433,6.78000011444092,3
505531,9.21526732444764,-0.2759098740497542,-0.961183510783372,6.84000015258789,3
505564,10.0278777360916,-0.6143311643706028,-0.7890483004753635,9.17999992370606,3
505579,7.80765419006348,-0.44434259378882635,-0.8958569413388602,9.20249981880188,3
505594,9.68521394729614,-0.49739957215384245,-0.867521564931486,9.45999999046326,3
505638,6.53005311489105,-0.6440515538844838,-0.7649820886393235,10.139999961853,3
505687,10.1827818393707,-0.6615317921739957,0.7499171207160571,6.21500005722046,3
505770,4.41017832756043,-0.7521330592110039,-0.6590112755043698,4.800000166893,3
506077,7.03064651489258,-0.5797935455725144,-0.8147634285560764,6.65999984741211,3
506103,8.2639390707016,-0.4511859831336225,-0.8924299460594913,6.03250002861023,3
506177,5.96976252794266,-0.9716892943321411,-0.2362623865119153,8.3399995803833,3
506179,8.24431846141815,-0.984979709102316,-0.17267012670614706,8.36249961853027,3
506259,8.45448319911957,-0.4412249376571512,-0.8973965424434412,6.45250005722046,3
506408,3.8441521525383,-0.9794809493176755,-0.20153677064929168,10.3000001907349,3
506473,3.37173651456833,0.6398694394074365,-0.7684836371142935,7.30000004768372,3
506600,7.37509236335754,0.39869322243997657,0.9170843551061305,6.58749990463257,3
506663,7.2849157333374,-0.7431652808494119,0.66910788766836,4.82250018119812,3
506699,5.7700300693512,-0.9218248418396472,0.38760670913609,7.54250001907349,3
506704,4.71105800867081,-0.9726096349660709,0.23244461269551148,8.00999991893768,3
506748,4.42449004650116,-0.5449276565329022,-0.838483064316483,5.02999997138977,3
506767,7.47260119915009,-0.4096074895820221,-0.9122618617909628,4.55249996185303,3
506790,9.46803290843963,-0.44967314907782474,-0.8931931812314917,6.31000020503998,3
506820,9.15115222930908,-0.47994108880540237,-0.8773007188394895,8.10000038146973,3
506821,8.61495587825776,-0.5294305803826083,-0.8483532640095955,8.16499991416931,3
506865,10.4134579896927,-0.5312147135012728,-0.8472372325150499,9.64500002861023,3
506954,10.0663950443268,-0.6020421976047265,-0.7984642711501069,9.89999961853027,3
507009,8.47000131607055,-0.9913566210649419,-0.13119470214418402,8.27999973297119,3
507207,7.70645158290863,-0.6036054024947776,-0.7972832107094177,6.68749980926514,3
507230,7.60352249145508,-0.5965892466584571,-0.802546740552533,6.7324999332428,3
507311,13.560729932785,-0.6338570996777327,-0.7734501775732764,12.010000038147,3
507361,3.49521421194077,-0.9991318533535726,0.04165980813992184,8.03000025749207,3
507418,7.49049530029297,-0.6704351998776298,-0.7419680874303439,6.72499990463257,3
507422,6.64258351922035,-0.6896783949100052,-0.7241158136612947,6.98437502980232,3
507510,5.33253045082092,-0.429427023248325,-0.9031015622310055,5.52749996185303,3
507674,6.65752174854279,-0.05507605975287762,-0.9984821619048071,8.60000038146973,3
507675,7.53730990886688,-0.024813142803210685,-0.9996921065729325,8.62000041007996,3
507690,7.06441168785095,-0.23650892503372092,-0.9716293163441466,7.75750002861023,3
507704,6.64228188991547,-0.6803524549660556,-0.7328850776360925,7.54749994277954,3
507744,7.53799679279327,-0.7373943422246231,-0.6754624964090274,4.9474999666214,3
508028,2.67662649154663,-0.9820839817180536,-0.18844376575735786,5.51999998092651,3
508098,8.165033608675,-0.9417450537365657,0.3363275988715659,4.90312507748604,3
508130,6.04540467262268,-0.9962194603184334,-0.08687224460579546,4.81750000715256,3
508165,3.12329592108726,-0.9359021990307131,-0.3522599520942955,6.11500000953674,3
583386,4.048812389373779,0.6336066027040581,0.7736553968077918,16.547500610351562,4
583467,3.766432762145996,0.9334989450596006,0.3585801438627252,13.50749969482422,4
583479,3.516520977020264,0.7962934798409476,0.6049104842559719,13.102499961853027,4
583709,7.068123817443848,0.15673773968566254,-0.9876402588788235,16.40250015258789,4
583761,4.147040367126465,-0.30446606019179046,-0.9525231851200731,15.332500457763672,4
583863,5.867292404174805,-0.1484639049918917,-0.9889178271800739,14.457499504089355,4
584068,6.534591674804688,-0.4742282376733625,-0.8804019414978689,11.079999923706056,4
584082,4.735332489013672,-0.6088214315754649,-0.7933072950971783,13.61750030517578,4
584138,6.643257141113281,-0.11204787560911866,-0.9937028094815288,14.520000457763672,4
584210,6.0773749351501465,0.03631406912181564,-0.9993404266734214,14.494999885559082,4
584327,10.008880615234377,-0.8744129183544301,-0.48518248960044785,14.399999618530272,4
584355,8.117582321166992,-0.8537987081366344,-0.5206032712000705,13.136841773986816,4
584398,12.352914810180664,-0.991395011199664,-0.13090428475958304,14.97249984741211,4
584407,9.232434272766112,-0.9988331312803866,-0.04829467731145793,14.214285850524902,4
584447,7.572887420654297,-0.9777184109717655,-0.20992072038473428,11.05500030517578,4
584465,8.462562561035156,-0.9993582253929102,0.0358209064588442,9.904999732971191,4
584475,7.764122009277344,-0.9762165115911084,0.2167978839769598,9.91249942779541,4
584495,7.000273704528809,-0.9965076140627802,-0.08350194677314467,9.987500190734863,4
584510,7.649078369140625,-0.9936859684252636,0.11219713077769045,11.572500228881836,4
584603,7.873538970947266,-0.943864731843633,-0.3303322085140152,10.210000038146973,4
584665,9.506505966186523,-0.8818426637118574,-0.4715437587940021,12.479999542236328,4
584688,8.806974411010742,-0.8655577740908371,-0.500809085092229,14.079999923706056,4
584748,13.8186616897583,-0.872135576548989,-0.4892642804431595,13.282500267028809,4
584771,11.947736740112305,-0.9694595377991019,-0.24525130900843697,15.385000228881836,4
584799,6.463984966278076,-0.7498218826417712,0.6616397390661702,12.22249984741211,4
584891,5.696317195892334,-0.8818567282458752,0.47151745550666574,10.00749969482422,4
584941,4.913166522979736,-0.41594670200138895,0.9093889932774466,10.887499809265137,4
585019,7.372355461120605,-0.8256153168876262,-0.5642334166996354,11.579999923706056,4
585028,7.741743564605713,-0.7319241180184743,-0.6813861500374647,11.359999656677246,4
585191,5.626804351806641,-0.9703082239543793,0.2418717646326212,11.7475004196167,4
585196,4.362067222595215,-0.9149212752069728,0.40363233291406037,11.739999771118164,4
585213,5.169399738311768,-0.7521786053664511,0.658959289811579,11.505000114440918,4
585248,4.496049404144287,-0.9011009495611196,0.43360936186854704,15.579999923706056,4
585249,4.665459156036377,-0.65015330779441,0.7598030510362452,15.822500228881836,4
585268,3.8258867263793945,-0.8559502028703333,0.5170582657749851,15.885000228881836,4
585343,5.819970607757568,-0.9260302142312877,-0.377449390423081,13.770000457763672,4
585346,4.980845928192139,-0.7970818974718769,-0.6038712186572832,13.172499656677246,4
585373,4.265451908111572,-0.9186191357520076,-0.39514412994530834,13.170000076293944,4
585569,9.11898708343506,-0.7290749394420835,-0.6844338775057254,15.717499732971191,4
585743,8.779346466064453,-0.9079564395615497,-0.41906455810377713,12.199999809265137,4
585906,9.664214134216309,-0.38033075287125817,-0.9248505384224966,11.77750015258789,4
585919,8.127208709716797,-0.5239131828101283,-0.8517716694500711,14.119999885559082,4
586062,7.527362823486328,-0.5378309259003444,-0.8430527238228807,16.3799991607666,4
586140,5.962892532348633,-0.5121954820275234,-0.8588689004676983,18.587499618530277,4
586182,8.481732368469238,0.1298135207086522,-0.9915384258016551,14.297499656677246,4
586193,5.896834850311279,-0.22723732194657006,-0.9738394115636062,13.300000190734863,4
586218,7.478491306304932,-0.15073213628343193,-0.9885746421446551,13.932499885559082,4
586243,6.321296215057373,-0.4671391907444906,-0.88418379111505,15.4399995803833,4
586456,13.223268508911133,-0.569876406683689,-0.8217304187537947,13.475000381469728,4
586632,4.571803092956543,0.46202783814996723,0.8868654220198618,10.15999984741211,4
586658,4.389776706695557,0.9983687231211021,-0.057095469991411005,9.88499927520752,4
586840,5.943628787994385,0.6933942675995262,-0.7205583874052932,15.77500057220459,4
586849,7.006261825561523,0.2659893889333424,-0.963975956637336,16.41499900817871,4
586923,6.757172584533691,0.023485057210027648,-0.9997241880077934,11.595000267028809,4
587074,8.932758331298828,-0.3004690713893104,-0.9537915585380516,13.489999771118164,4
587085,9.601404190063477,-0.1867391015635279,-0.9824095418649222,12.477499961853027,4
587091,10.520565032958984,-0.20346835878630995,-0.9790815221281655,12.620000839233398,4
587120,13.88607406616211,-0.5028401267051636,-0.8643794346090928,13.91249942779541,4
587190,13.256153106689451,-0.9608006130665616,-0.2772402963692675,11.372499465942385,4
587584,7.78494930267334,-0.5761123287608598,-0.8173705308180244,17.295000076293945,4
587599,10.197668075561523,-0.612594978773179,-0.7903969837884557,16.19500160217285,4
587680,7.763232231140137,-0.999924132114725,-0.012317873786255006,14.802499771118164,4
587760,4.616057395935059,-0.9480042606605638,-0.31825763426729914,12.077500343322754,4
587829,1.209015965461731,-0.9226520450110663,0.3856335097432499,13.75,4
587974,3.68160891532898,-0.10843799692324342,0.9941032143712617,12.11750030517578,4
587996,3.984299421310425,-0.9300295554626068,0.36748472888818917,13.9399995803833,4
588099,10.196901321411133,-0.9995004584549465,-0.031604328000317664,7.93250036239624,4
588374,3.1561174392700195,0.28872640360890955,0.9574116480694524,5.217499732971191,4
588414,0.8023813962936401,-0.9765667297870265,0.2152148281905148,10.539999961853027,4
588564,7.168015480041504,-0.7136865434157825,-0.7004652152300158,12.94499969482422,4
588614,5.492210388183594,-0.8391079014171163,-0.5439650078629719,10.890000343322754,4
588733,6.681636333465576,-0.6463617637624934,-0.7630311070630336,13.600000381469728,4
588814,7.158037185668945,-0.7352632820126508,0.6777816065105228,9.8125,4
588828,6.37148380279541,-0.6874762670501486,0.7262068453566054,10.162500381469728,4
589034,6.441891670227051,-0.6337684823206585,-0.7735227926938993,10.657500267028809,4
589123,6.639318466186523,-0.6735932265264606,0.7391022697689896,10.600000381469728,4
589127,7.430866241455078,-0.7279810848837008,0.6855972141509546,10.4399995803833,4
589281,7.145447254180908,-0.7483745056646534,0.6632764124188238,8.042500495910645,4
589336,5.635656356811523,-0.6270049644539708,0.7790152595104122,6.920000076293945,4
589525,7.917884349822998,-0.013468263686402956,-0.999909298823285,9.079999923706056,4
589528,8.649665832519531,0.0764247099961202,-0.9970753550770418,8.97249984741211,4
589704,4.137902736663818,-0.31359222137877224,0.949557749002517,7.1875,4
589757,4.504667282104492,-0.909423329903533,0.41587162325310173,7.714999675750732,4
589779,7.575629711151123,-0.9202438791396861,-0.3913453754753501,6.702499866485596,4
589862,4.499904155731201,-0.9949632872832866,0.10023999679986047,13.075000762939451,4
589871,5.701742649078369,-0.7360761041558275,0.6768987877746417,12.494999885559082,4
589884,4.222572326660156,-0.7241350555847106,0.6896581916234505,10.407894134521484,4
589965,9.14415454864502,-0.9837860709962282,-0.1793459408902367,10.085000038146973,4
590161,3.50229811668396,-0.8135769848830605,0.581457212242301,8.892499923706055,4
591549,10.201712608337402,-0.8607830464591034,-0.5089720492606495,12.600000381469728,4
591566,8.983386039733887,-0.8092026065214157,-0.587529694227404,12.08750057220459,4
591606,8.155394554138184,-0.6410443167471321,-0.7675038657662921,12.097500801086426,4
591670,9.22632884979248,-0.5815042283698816,-0.8135433807658622,13.30526351928711,4
591719,14.958699226379396,-0.3883551086510423,-0.9215097989628961,14.317500114440918,4
591870,11.091957092285156,-0.5477447837410637,-0.8366454756254021,8.579999923706055,4
591952,5.442966461181641,-0.9977015702893022,-0.06776117356023777,6.644999980926514,4
591991,5.308459281921387,-0.9966747545551977,0.08148271983884914,6.30750036239624,4
592239,10.595054626464844,-0.9990210333839523,-0.04423770853536562,2.302500009536743,4
592398,12.690224647521973,-0.7312430810666141,-0.6821169667969015,8.885000228881836,4
592457,10.815153121948242,-0.9934177344201562,0.11454782817462718,7.882500171661377,4
592593,5.641635894775391,-0.6750288470173236,0.7377913361476013,5.940000057220459,4
592608,6.825998783111572,-0.6144326276706333,0.7889692934796392,6.545000076293945,4
592617,6.262723922729492,-0.745281915981367,0.666749477473468,4.659999847412109,4
592783,8.014422416687012,-0.5806201304926104,0.8141745906540833,3.4125001430511475,4
592883,9.915481567382812,-0.37372984594297826,0.9275376015296833,3.7174999713897705,4
592909,8.349976539611816,-0.3701448095767289,0.9289740684989044,2.129999876022339,4
593082,6.353356838226318,-0.5298506044403495,0.8480909956922054,3.502500057220459,4
593093,6.196713447570801,-0.6095711696922995,0.792731347355434,3.731579065322876,4
593139,5.104267597198486,-0.9991189493266626,-0.0419681438282177,3.205000162124634,4
593188,4.22105598449707,-0.9540198988706263,-0.2997432777542809,6.0625,4
593213,3.6534910202026367,-0.8014574072455812,0.5980518575936292,7.085000038146973,4
593380,5.848545551300049,-0.7631498683991678,0.6462215396923356,6.570000171661377,4
593384,4.03966760635376,-0.775739890847744,0.6310527884000913,6.159999847412109,4
593391,4.545526027679443,-0.788589841166783,0.6149195576728292,6.30750036239624,4
593540,6.201547622680664,-0.9999489277793119,-0.010106524279123235,7.795000076293945,4
593754,9.981144905090332,-0.527948661121558,-0.8492762867406308,9.834999084472656,4
593809,11.084752082824709,-0.39876689748445465,-0.9170523221008834,9.529999732971191,4
593820,12.667975425720217,-0.46723808622458374,-0.8841315347736379,9.572500228881836,4
593850,12.714189529418944,-0.3867249606198095,-0.9221951012847589,11.0,4
593887,12.082327842712402,-0.8399050683904108,0.5427333379221322,8.600000381469727,4
594076,9.972487449645996,-0.9977475001693666,0.06708148705700899,0.2000000029802322,4
594222,6.390481472015381,-0.7388367170489927,-0.673884489760869,1.7899999618530271,4
594276,6.606233596801758,0.9793738453055204,-0.20205660378091717,-0.1925000101327896,4
594279,7.436868190765381,0.9938816260014781,-0.11045050247354203,-0.1375000029802322,4
594325,4.527048110961914,0.03361534856943829,0.999434844469891,1.6425000429153442,4
594399,6.022702693939209,0.599034783297075,0.800723003541316,1.0049999952316284,4
594631,8.645435333251953,-0.40738321091345475,-0.9132573128455329,1.4600000381469729,4
594989,6.169328212738037,-0.6295260936870468,0.7769793416604637,2.1449999809265137,4
594997,6.110818862915039,-0.2737244955668384,0.9618081412249949,2.0274999141693115,4
595066,8.084728240966797,-0.5753674101130196,0.817895068685364,4.565000057220459,4
595190,7.327033996582031,-0.9970849132380989,0.07629990690015774,3.095000028610229,4
595282,5.624964237213135,-0.9893608678078655,-0.14548220939505715,3.3600001335144043,4
595313,8.349456787109375,-0.4963008949262223,-0.8681505754737658,4.487500190734863,4
595351,10.319751739501951,-0.9138320631967075,-0.4060923051150424,8.660000801086426,4
595383,8.789325714111328,-0.6388454317093317,0.7693351118882574,6.875,4
595389,7.492151260375977,-0.5922907053780857,0.8057243451222817,5.997499942779541,4
595393,7.83819580078125,-0.5973195054906207,0.8020033717886978,6.005000114440918,4
595562,9.39383602142334,-0.9796660564587507,-0.20063503637839522,4.942500114440918,4
595621,5.354858875274658,-0.9662182187982876,-0.2577253454013874,7.139999866485596,4
595637,8.946925163269043,-0.9864944702488698,-0.16379456696850997,7.09499979019165,4
595757,5.502586841583252,-0.9957351417972028,-0.0922579394421125,10.02750015258789,4
595947,5.166227340698242,-0.9905966871293541,-0.13681448552089964,10.385000228881836,4
596095,6.330825805664063,-0.9674897325722481,-0.2529102950994281,9.5,4
596100,5.577287673950195,-0.9864034118809732,-0.16434204887847492,8.952499389648438,4
596112,5.8666863441467285,-0.9463392370490807,-0.3231749501761603,9.50749969482422,4
596122,5.840769767761231,-0.9668967387322771,-0.2551679772794516,9.625,4
596155,7.076465606689453,-0.9540313931798265,-0.2997066913289713,8.482500076293945,4
596222,9.127446174621582,-0.8610591653756405,-0.5085047823989518,7.8525004386901855,4
596231,10.778291702270508,-0.8891769495878558,-0.45756349539887436,8.199999809265137,4
596320,9.044706344604492,-0.703660010814005,-0.7105368316851944,9.619999885559082,4
596373,6.906769275665283,-0.5863224363626939,-0.8100777744252182,9.72499942779541,4
596422,10.720684051513672,-0.5527581810360158,-0.833341702603293,9.597369194030762,4
596494,12.088208198547363,-0.3818897994107603,-0.9242078668275927,10.845000267028809,4
596512,12.447043418884276,-0.07603755096482644,-0.9971049547782176,9.889999389648438,4
596663,6.668844699859619,0.9204199203945795,0.3909311578025419,3.400000095367432,4
596694,10.601421356201172,0.4069707677294648,0.9134411826788247,0.5900000333786011,4
596786,10.859106063842772,-0.7226854291774885,0.6911770905162795,2.0,4
596990,6.839471340179443,-0.050717309618978815,-0.998713049131237,0.9424999952316284,4
597067,10.461221694946287,-0.9951035191912061,-0.09883818135354892,5.920000076293945,4
597068,11.2616548538208,-0.9996280448853548,-0.027272181406757013,6.034999847412109,4
597183,11.408652305603027,-0.9353332998082915,-0.35376774622587165,11.662500381469728,4
597247,6.405704498291016,-0.4810153861539519,-0.8767121524669111,10.010000228881836,4
597462,7.369431018829346,-0.5220772827653036,-0.8528981831498982,4.752500057220459,4
597528,9.77145004272461,-0.8739436000244908,0.4860273490002726,6.305000305175781,4
597548,10.541094779968262,-0.999951662435548,-0.009832232319457302,6.0,4
597624,7.818160533905029,0.3236970975421686,-0.9461607627896941,5.489999771118164,4
598011,4.829756259918213,-0.5178194252395903,-0.8554899431580364,4.917500019073486,4
598163,4.263479232788086,0.37998836621062576,0.9249912656585355,3.039999961853028,4
598294,8.352797508239746,0.4512901154279462,0.8923772922464079,2.0850000381469727,4
598330,6.468184471130371,0.7633155748354202,0.6460257991858158,2.852499961853028,4
598362,7.894693851470947,0.7300438234527418,0.6834003335077485,5.425000190734863,4
598668,3.773113489151001,0.7050449506492419,-0.7091626171506843,4.297500133514404,4
598965,3.7513251304626474,-0.3034623639110415,0.9528434255897045,6.164999961853027,4
598983,4.044382572174072,-0.31420261494762736,0.949355948398741,6.277500152587891,4
599260,6.508012294769287,0.8592753920056898,-0.5115132458631625,4.287500381469727,4
599308,6.389813423156738,0.8502910484698517,-0.5263127709756247,3.390000104904175,4
599309,5.5801544189453125,0.8652540569591619,-0.5013336383245307,3.40250015258789,4
599387,5.763273239135742,-0.5192299037760846,-0.8546346043922385,3.882499933242798,4
599769,10.963315963745115,-0.9822391521672043,-0.18763328049642922,4.737500190734863,4
599791,12.49966049194336,-0.9635173492613879,-0.26764588110469534,5.59499979019165,4
599812,10.095762252807615,-0.9722679929958782,-0.23386951446429893,4.902500152587891,4
599829,12.290131568908691,-0.9009422236224462,-0.4339390621898909,4.650000095367432,4
599858,12.350078582763672,-0.5744927575403159,-0.8185096648993974,5.855000019073486,4
599921,8.334084510803223,-0.9898905178459594,-0.14183357387677425,6.300000190734863,4
630623,5.916220188140869,-0.9993943722693656,-0.034797825741283046,19.05000114440918,4
630822,5.182211399078369,-0.8987362495670468,-0.4384896278296203,18.397499084472656,4
630852,7.973454475402832,-0.8757696940838381,-0.48272916104613023,23.424999237060547,4
631002,7.704354286193848,-0.9400160084535196,-0.34113033264591497,18.667499542236328,4
631021,6.9870805740356445,-0.979584544882717,-0.20103263274135444,17.440000534057617,4
631074,7.475552558898926,-0.9492897386556146,-0.3144025955413772,10.484210014343262,4
631086,8.416374206542969,-0.9358067326537066,-0.35251348785542114,10.375,4
631115,8.355823516845703,-0.9747867772638104,-0.22313838502515546,14.672499656677246,4
631225,8.071798324584961,-0.9978069504341555,0.06619131110116268,8.875,4
631296,4.52875566482544,-0.9668184086745021,0.25546460547031463,17.15999984741211,4
631308,4.382835865020752,-0.9878133400107262,0.15564319868485563,16.475000381469727,4
631380,5.849626064300537,-0.24816894841214868,-0.968716766162333,11.190000534057615,4
631385,5.3546013832092285,-0.11462640307048885,-0.9934086710509034,10.947500228881836,4
631433,9.082378387451172,0.040357764952016754,-0.9991852935307234,13.522500038146973,4
631447,5.709647178649902,-0.5433065039281799,-0.8395344202528796,17.108823776245117,4
631525,6.484500885009766,-0.8924638847242972,-0.45111884738150376,13.907500267028809,4
631534,8.39810848236084,-0.9478063392973265,-0.3188465825248895,14.414999961853027,4
631549,8.47946834564209,-0.952224093810545,-0.30540018855050904,16.522499084472656,4
631827,3.9370946884155273,-0.844384772153455,0.5357372084850538,14.520000457763672,4
631831,4.190212726593018,-0.7715649519447854,0.6361505520947389,15.36750030517578,4
631929,5.690601348876953,-0.7021747456555815,0.7120046534704106,12.204999923706056,4
631940,5.492706298828125,-0.6006224413974971,0.7995327903780496,12.164999961853027,4
631945,5.446983814239502,-0.3974772357957741,0.9176120351347571,12.557894706726074,4
631962,4.264474391937256,-0.30306698353199196,0.9529692563209053,12.765789985656738,4
632056,3.3609888553619385,0.9574799786616683,0.2884997235042891,13.489999771118164,4
632268,5.448490619659424,-0.051715216230378974,-0.9986618729130722,20.075000762939453,4
632358,7.240310192108154,-0.22903603800649378,-0.9734179437909946,16.717500686645508,4
632376,5.309772968292236,-0.18479245974539937,-0.9827775673168598,15.625,4
632414,5.182712554931641,0.09263051130860692,-0.9957005515589042,20.98500061035156,4
632566,0.9365438222885132,0.19290464944955316,-0.9812175070904233,22.82749938964844,4
632571,1.1483999490737915,-0.16798765111052094,0.9857890996934232,24.332500457763672,4
632580,0.9777937531471252,-0.25686939983095325,-0.9664461244324414,23.89000129699707,4
632690,4.51295804977417,0.39981399955386143,0.9165962937742793,14.210526466369627,4
632736,4.761529445648193,0.2879993254102569,0.9576306117513355,15.809374809265137,4
632738,3.990882873535156,0.4831815075671232,0.8755202057891994,15.757894515991213,4
632755,3.758671760559082,-0.13635016164381977,0.9906607054989636,15.130000114440918,4
632853,5.278996467590332,0.0882972164515505,0.9960941730413385,17.829999923706055,4
632931,5.848029613494873,-0.7244240839497926,0.6893545869822755,13.287500381469728,4
633072,6.924478530883789,-0.9834769359547249,0.18103346774866258,10.278124809265137,4
633150,8.914641380310059,-0.9965575587802028,-0.08290375165239935,15.48888874053955,4
633223,6.187741756439209,-0.9253927026469301,-0.37900969102096915,11.244999885559082,4
633282,6.879120826721191,-0.5760742343208082,-0.8173973798292324,14.84999942779541,4
633333,6.189746856689453,-0.8724911923052493,-0.48862983878367927,16.350000381469727,4
633341,5.2017083168029785,-0.582297792572947,-0.8129755720590092,15.855555534362791,4
633388,6.42344856262207,-0.47951946494359043,-0.8775312431704143,14.30500030517578,4
633417,9.413105964660645,-0.796064866061523,-0.6052113093973455,17.622499465942383,4
633440,9.34714126586914,-0.9234623575212347,-0.3836890332565204,20.11052703857422,4
633795,3.965123891830444,-0.8712721653253166,0.4908001771895913,14.69499969482422,4
633960,2.421150684356689,-0.9310224234710333,0.3649619802035877,12.489999771118164,4
633962,2.760974645614624,-0.9530808964686712,0.3027157161207095,12.38249969482422,4
634016,7.009763717651367,-0.8100065653698925,-0.5864208080019587,17.27250099182129,4
634023,5.502303123474121,-0.99740009600107,0.07206280938914456,17.155000686645508,4
634049,5.678498268127441,-0.9642624984481247,-0.26494873860160256,15.704999923706056,4
634123,7.746992111206055,-0.8430816556769489,-0.537785572380865,12.640000343322754,4
634137,6.860428333282471,-0.8839882708226436,-0.46750907696855737,15.542499542236328,4
634167,7.073581695556641,-0.9014453641157898,-0.4328928915033731,18.012500762939453,4
634202,4.879178524017334,-0.9325713980325931,-0.3609855780658483,15.0,4
634334,5.56055212020874,-0.8137805646090704,-0.581172257308057,17.807498931884766,4
634382,6.398612022399902,-0.310511227308291,-0.9505697121808052,12.857500076293944,4
634411,9.692676544189451,-0.3660685541830266,-0.9305878860367507,14.297500610351562,4
634471,7.197616100311279,-0.6540459858299865,-0.7564547894089118,19.982500076293945,4
634524,5.324270248413086,-0.38248117502726975,-0.9239632843082884,17.5,4
634570,7.749965190887451,-0.4461677825935442,-0.894949333636022,18.0473690032959,4
634636,8.780106544494629,0.09194290062334831,-0.9957642808541413,19.030000686645508,4
634683,12.349576950073242,-0.26299549983931486,-0.9647970600412653,18.794736862182617,4
634719,15.702007293701172,-0.7175286315245004,-0.696529010840595,18.69499969482422,4
634807,9.478056907653809,-0.5370172450748015,-0.843571264619813,17.354999542236328,4
634885,15.357301712036133,-0.7398676024171045,-0.6727525034465242,21.80500030517578,4
634926,10.3512544631958,-0.930495728561766,-0.36630274245261696,14.41249942779541,4
634950,5.912014484405518,-0.6974107440007948,-0.7166716501664189,12.760000228881836,4
635302,6.51852560043335,-0.7307187798302099,-0.6826785955363249,12.00749969482422,4
635456,6.523612022399902,-0.25381894351964407,0.967251747949091,12.59000015258789,4
635489,5.949455261230469,-0.715706274313991,0.6984014095830464,11.3100004196167,4
635629,2.6036806106567383,-0.7611522973628724,0.648573188020613,13.225000381469728,4
635676,1.97445011138916,-0.295601910028989,0.9553112114840971,10.199999809265137,4
635830,10.708935737609863,-0.6342314602692841,-0.7731432304590732,10.512499809265137,4
635832,9.311012268066406,-0.6496837368507906,-0.7602046054001466,10.024999618530272,4
635889,5.318701267242432,-0.922146482206225,-0.3868408785982738,19.725000381469727,4
635985,3.930746078491211,-0.8600931344180535,-0.5101370405360977,16.76249885559082,4
636024,6.5392231941223145,-0.754821040106335,-0.6559307870597253,21.207500457763672,4
636085,5.367038249969482,-0.40382968672332464,0.9148341839486221,13.962499618530272,4
636096,5.837653160095215,0.15163480472788626,0.9884365867343923,13.395000457763672,4
636138,3.1514737606048584,0.1927632928909948,0.9812452868237486,8.84000015258789,4
636146,5.69388484954834,0.3954208339096773,0.9185000621176764,10.628947257995604,4
636210,4.647258758544922,0.9920913259793224,0.12551812983226726,11.579999923706056,4
636219,5.145012378692627,0.9945824691230734,0.10395052723796515,10.677499771118164,4
636306,4.155074119567871,-0.8806056996763169,-0.473849767012272,14.22249984741211,4
636307,3.884284257888794,-0.8227836417472365,-0.5683547121940269,14.539999961853027,4
636429,5.702741146087647,-0.9998550681631827,0.017024766324307314,10.02750015258789,4
636611,6.365069389343262,-0.7918691874599971,0.6106907482117638,12.869999885559082,4
636644,4.5373640060424805,-0.9252320297937777,-0.3794017541389154,12.206250190734863,4
636683,8.669121742248535,-0.8948889640388211,-0.4462888549376127,9.984999656677246,4
636883,6.153011322021484,-0.9956379875293554,0.09330057764288058,15.63249969482422,4
636905,6.021385192871094,-0.9771067381279612,-0.2127496705166328,17.670000076293945,4
637141,6.126566886901856,-0.17419078825828416,-0.9847119219781781,11.984210014343262,4
637275,8.462520599365234,0.38909054867969156,0.9211995141814484,7.474999904632568,4
637316,6.598604202270508,0.15097273075155634,0.9885379277343981,7.840000152587891,4
637333,8.957656860351562,0.36412616139122117,0.9313496328396197,8.079999923706055,4
637424,4.8249945640563965,-0.14063978251689288,0.9900608322591098,6.269999980926514,4
637484,5.625672340393066,-0.8405978788816295,-0.5416596773064294,12.071052551269531,4
637516,7.570629596710205,-0.7235360280490076,-0.6902866188150149,9.809999465942385,4
637662,7.44501256942749,-0.7958443223870129,-0.6055012919262489,13.789473533630373,4
637704,7.44793176651001,-0.674471224422319,-0.7383011360049894,18.082500457763672,4
637707,8.63034439086914,-0.6533510895630573,-0.75705505332622,18.375,4
637788,5.442439079284668,0.22748447433938815,-0.97378170753744,15.387499809265137,4
637816,7.251688480377197,0.868175356814525,-0.4962575438418768,14.28749942779541,4
637865,4.915857791900635,0.9169408845636781,-0.3990230747908944,16.157501220703125,4
637908,5.588767051696777,0.3876175185924176,-0.9218202966306702,15.295000076293944,4
637945,7.684844970703125,0.2165654537630099,-0.9762681005934905,17.47749900817871,4
637980,11.48572063446045,0.21325160538232832,-0.976997314633904,18.73750114440918,4
638048,10.78233242034912,0.18412212757344995,-0.9829033737544226,13.114999771118164,4
638066,11.063374519348145,0.00012144014540910277,-0.9999999926261455,14.630556106567385,4
638084,12.196274757385254,-0.13607551051793276,-0.99069846847428,16.185001373291016,4
638102,13.36907196044922,-0.11839265015079976,-0.9929668576494738,16.420000076293945,4
638246,12.647789001464844,-0.11317675330870205,-0.9935748701081872,23.102500915527344,4
638309,8.584698677062988,-0.6032225164514821,-0.797572940643012,18.247499465942383,4
638399,9.438648223876951,0.07121580079619144,0.9974609314238614,8.949999809265137,4
638463,8.050247192382812,0.2755138497957921,0.9612971021337273,8.947500228881836,4
638474,8.043360710144043,0.2590046079898875,0.965876085758419,9.234999656677246,4
638555,6.827758312225342,0.5979957211389306,0.8014992935115604,11.300000190734863,4
638765,5.767171382904053,-0.5431506582355803,-0.839635255607014,12.092500686645508,4
639174,5.848790645599365,-0.9997247068828337,-0.02346295906385795,12.537500381469728,4
639363,7.324583530426025,-0.9594567466979017,-0.2818559050576705,11.600000381469728,4
639413,4.398187160491943,-0.9966507544998164,0.08177575163180457,17.735000610351562,4
639518,5.154404640197754,-0.38846382386457473,0.9214639751767362,8.967499732971191,4
639543,5.326200485229492,0.13349077259563147,0.9910500560677152,12.359999656677246,4
639564,3.398503541946411,-0.8983735841636095,0.4392321746833104,12.9375,4
641391,6.735446929931641,-0.12264802502895399,-0.9924502314758645,9.96500015258789,4
641410,5.457957267761231,-0.3850685338797698,-0.922887980318134,11.130000114440918,4
641441,6.059419631958008,0.03619031353257019,-0.999344916035707,11.260000228881836,4
641499,4.47384786605835,0.35540250894143266,-0.9347133553331389,13.800000190734863,4
641708,6.821859359741211,0.996934568817431,0.07823979484126248,8.100000381469727,4
641803,6.401006698608398,0.9805075516989956,0.196481401311273,7.194999694824219,4
641832,6.90720796585083,0.9591302204508145,0.28296505123066334,6.489473819732666,4
641847,6.300045013427734,0.9338836834228977,0.3575769369471149,6.070000171661377,4
641857,6.997790813446045,0.9469605148633471,0.3213499389913505,6.142499923706055,4
641888,8.863322257995605,0.9707352813267693,0.24015206346695833,8.382499694824219,4
641996,7.286549091339111,0.9481907751569404,0.3177015170050035,6.607500076293945,4
642134,7.616349220275879,0.835445527981238,0.5495732615185628,5.297500133514404,4
642197,6.863008499145508,0.8908758797100356,0.4542468128131117,4.5,4
642235,6.293214321136475,0.6986301464833193,0.7154829966006849,3.910000085830689,4
642368,6.408041954040527,0.8577574974668267,-0.5140545452959703,3.865000009536743,4
642590,4.474386215209961,0.9934941581815707,0.11388308767807556,4.340000152587891,4
642650,5.880838394165039,0.9970067752860515,0.07731422918007184,7.176315784454346,4
643021,4.671074390411377,-0.014745388563818733,0.9998912808481241,5.292500019073486,4
643363,12.21405792236328,-0.4365661834706249,-0.8996721444225628,13.1875,4
643504,11.89814281463623,-0.426358929808028,-0.9045540685735447,10.342499732971191,4
643628,9.302982330322266,-0.8084541877938255,-0.5885591102333103,9.955263137817385,4
643650,7.973677158355713,-0.7400234559579763,-0.6725810617553941,8.605000495910645,4
643700,7.189226150512695,-0.4640351524586484,-0.8858167853922609,7.099999904632568,4
643724,6.045478820800781,0.07550299775383215,-0.9971455747934626,6.802500247955322,4
643753,8.496304512023926,0.3639560974151805,-0.9314161041952794,8.755000114440918,4
643774,6.6309590339660645,-0.1823528359611005,-0.983233158115075,10.68000030517578,4
643831,6.2960357666015625,-0.26689267785943266,-0.9637262570382842,10.630000114440918,4
643835,7.811337471008301,-0.3476779238628129,-0.9376140257368403,10.25882339477539,4
643924,10.951955795288086,-0.8514674977617694,-0.5244073800542008,13.297500610351562,4
643926,10.82487678527832,-0.7682592819918281,-0.6401387940387621,13.292500495910645,4
644016,9.1986722946167,-0.7314670268613921,-0.6818768133721482,10.414999961853027,4
644036,7.1883697509765625,-0.4097915654581605,-0.9121791890189943,10.733333587646484,4
644090,4.999927520751953,-0.7455964801583483,0.666397695655891,7.189999580383301,4
644148,4.89965295791626,-0.9012438613046526,0.4333122459158985,5.734999656677246,4
644204,1.6702498197555542,-0.9960828482805102,-0.08842487976461158,7.025000095367432,4
644262,5.099849700927734,-0.38712426248745097,-0.9220275513202125,5.199999809265137,4
644268,3.536571502685547,-0.00921733632749214,-0.9999575194532145,4.929999828338623,4
644341,6.598901271820068,0.18421976426462247,-0.982885078966146,10.045000076293944,4
644789,13.390344619750977,-0.8700384181951052,-0.4929839255640687,11.55500030517578,4
644800,17.471923828125,-0.9627528476165347,-0.27038297728639193,11.46500015258789,4
644903,7.1229023933410645,-0.7215845025592372,0.6923263722164121,8.09000015258789,4
644990,5.942846775054932,-0.999166310919065,0.04082503061096469,6.802500247955322,4
645010,5.736370086669922,-0.9989198932693851,-0.046465544553789546,6.693333148956299,4
645155,1.5422062873840332,-0.8957987059896044,0.44445998509129053,7.787500381469727,4
645183,6.24003267288208,0.042891162409983884,-0.9990797506641401,6.710000038146973,4
645229,5.183640480041504,0.6333959580107167,-0.7738278622379052,7.045000076293945,4
645447,10.035303115844728,0.894066586227682,-0.447934079292008,1.909999966621399,4
645527,8.243148803710938,0.9996123100192346,-0.027842946288237837,2.799999952316284,4
645702,4.58754301071167,0.5057019461556551,-0.8627082598737437,1.899999976158142,4
645757,10.213558197021484,0.6695431485321849,-0.7427731633908219,-0.2150000035762787,4
645850,11.067841529846191,-0.767619260337425,-0.6409061328767455,7.507500171661377,4
645854,11.695830345153809,-0.8044335730771079,-0.5940426133758395,7.214999675750732,4
645952,5.1312575340271,0.5967409581876344,-0.802433940471927,6.809999942779541,4
646151,7.339508056640625,-0.06950089944158772,-0.9975818888576568,9.300000190734863,4
646291,7.543491363525391,-0.30778198614310265,-0.9514569086436899,6.045000076293945,4
646353,6.919921398162842,-0.5370877853747742,-0.843526354538624,8.324999809265137,4
646400,8.226034164428711,-0.19146982976109347,-0.9814984993830902,6.37000036239624,4
646465,6.881367206573486,-0.49649948487101486,-0.8680370162169451,6.047500133514404,4
646496,7.945183753967285,-0.7168477009907541,-0.697229785353631,9.109999656677246,4
646599,4.144381999969482,0.41480713795956026,-0.9099093571877357,9.2475004196167,4
646801,7.996379375457764,-0.9960530259473217,-0.08876017970455001,9.962499618530272,4
646858,8.455676078796387,-0.8509518880787135,-0.5252436426795405,7.800000190734863,4
646945,7.205690860748291,0.36398270074855793,0.931405708354735,6.800000190734863,4
647150,5.629493236541748,-0.3500295164604429,-0.936738670925071,5.732500076293945,4
647184,8.437572479248047,-0.29421631132994913,-0.9557388566692255,5.454999923706055,4
647245,5.06114673614502,-0.5584285254872591,-0.8295526396330287,8.210000038146973,4
647267,4.993338108062744,-0.7416276845818535,-0.6708117302654739,7.900000095367432,4
647285,5.633020401000977,-0.45314744482749336,-0.8914355799755325,8.154999732971191,4
647407,3.687985897064209,-0.4772586936009381,-0.8787628459273445,8.800000190734863,4
647424,5.339491367340088,-0.5747458075363535,-0.8183319966366859,8.517499923706055,4
647442,5.729489803314209,-0.8172265898584872,-0.5763164936285167,9.232500076293944,4
647443,5.882792472839356,-0.8255087646770155,-0.5643892977736448,9.547369003295898,4
647553,3.264482259750366,-0.7668467015938403,0.6418303017579083,9.154999732971191,4
647554,3.2674708366394043,-0.8295034105825642,0.5585016489070502,9.18000030517578,4
647648,4.5890092849731445,-0.9597919711454127,-0.280712258593748,9.47249984741211,4
647718,6.145252227783203,-0.9712262430781724,-0.23815873856791125,9.592500686645508,4
647766,11.2622652053833,-0.8524906826103342,-0.5227424184649323,9.934999465942385,4
647828,4.070261955261231,-0.7285457574817256,0.6849971381366339,9.879999160766602,4
647982,4.715401649475098,-0.9911678417199924,0.1326133837142092,10.420000076293944,4
648049,4.4416584968566895,-0.9986503066086734,-0.05193808920630937,9.300000190734863,4
648065,5.399615287780762,-0.9955852022532836,-0.09386215986375131,8.899999618530273,4
648145,5.835481643676758,-0.9855390060749712,0.16944871644470394,9.202499389648438,4
648196,7.129603385925293,-0.9974456855250703,0.07142901670485599,8.402499198913574,4
648206,4.563244819641113,-0.9983259704364819,0.057838194578122455,8.505000114440918,4
648217,5.331310272216797,-0.9903535730811454,0.1385633439456791,8.573684692382812,4
648309,4.514482021331787,0.07683739807991331,0.9970436370873187,4.794736862182617,4
648342,4.349961757659912,0.06898576024627202,0.9976176446330748,4.622499942779541,4
648377,3.186798334121704,-0.08307095206356868,0.9965436352329246,4.980000019073486,4
648434,2.714118719100952,-0.23522763585943654,0.9719403064633035,4.169999599456787,4
648470,0.7665936946868896,0.33768717491286154,0.9412583980498503,3.4200000762939453,4
648476,0.8337188363075256,0.5138761838405529,0.8578643643848778,3.400000095367432,4
648497,0.7356748580932617,0.07850950651823166,0.9969133650354296,3.180000066757202,4
648526,1.683299899101257,-0.8936774169532901,-0.44871001150820716,2.8399999141693115,4
648546,1.2997058629989624,0.9680075273233524,0.2509211570301103,2.19705867767334,4
648554,1.3629001379013062,-0.3611673698368658,0.932501008559841,1.9149999618530276,4
648686,4.964658737182617,-0.9372643876624372,0.3486193735576906,2.40250015258789,4
648712,3.701833486557007,-0.6972282580873242,0.7168491864573159,3.630000114440918,4
648756,4.8135600090026855,-0.7184238024279906,0.6956056642271592,4.485000133514404,4
648891,5.878787517547607,-0.9881368931246486,0.15357565056338493,6.034999847412109,4
648972,6.019083023071289,-0.6544508188583815,0.7561045732539871,9.199999809265137,4
649138,10.708267211914062,-0.7381633501060404,0.6746220190300841,9.279999732971191,4
649424,5.548171043395996,-0.3771188999326401,0.9261648532057322,2.6700000762939453,4
649429,5.61195182800293,-0.18854665792001604,0.9820642330251074,2.509999990463257,4
649454,5.66678524017334,-0.35502460534779207,0.9348569567573665,2.827499866485596,4
649462,5.004549503326416,-0.4815112261501178,0.8764399232642304,2.547499895095825,4
649479,4.5948567390441895,-0.5812925321541662,0.8136946552987784,3.0874998569488525,4
649492,3.5635428428649902,-0.7547197138398356,0.6560473714157512,2.9049999713897705,4
649533,4.137049674987793,-0.9552521497655958,0.29579271520476585,5.262500286102295,4
649594,5.808825969696045,-0.6529610776600422,0.7573914648720544,7.102499961853027,4
649596,6.769193649291992,-0.6000691095357866,0.7999481631836705,7.19249963760376,4
649648,4.974128723144531,-0.6711274837651495,0.7413419592435457,6.8789472579956055,4
649653,4.090634346008301,-0.7336854949390056,0.6794892158938994,7.387499809265137,4
649747,8.178365707397461,-0.9881391833962615,-0.15356091376704353,7.735000133514404,4
649808,9.746915817260742,-0.9779859573496944,0.2086707148279361,8.899999618530273,4
650139,4.532059669494629,-0.99861729797158,0.05256892800828633,7.194999694824219,4
650331,8.77275562286377,-0.6469380788313938,-0.7625425379334226,8.105000495910645,4
650645,7.221339225769043,-0.0657948336460335,-0.9978331723617384,1.3949999809265137,4
650662,7.100107669830322,0.2125750599941573,-0.9771447404906196,2.072499990463257,4
650791,7.041301250457764,0.6541541610648611,-0.7563612454122222,2.502500057220459,4
650818,6.600008487701416,0.7096301832547774,-0.7045743417225686,3.194736957550049,4
650935,3.863382816314697,0.9875101661277778,0.1575552975760855,2.315000057220459,4
650988,3.151139736175537,-0.5972421844318417,0.8020609535035862,3.7300000190734863,4
651007,3.1111373901367188,-0.668752508962877,0.7434850918181596,3.525000095367432,4
651015,3.491427421569824,-0.2199170773664276,0.9755185693171651,4.207499980926514,4
651025,2.9226911067962646,-0.2496363390034445,0.968339660578331,4.162499904632568,4
651265,4.965085506439209,-0.72882079678704,-0.6847044955093431,2.075000047683716,4
651374,4.404684066772461,-0.48698317547210895,0.8734113502852485,2.6424999237060547,4
651410,2.90255069732666,-0.8006057716254777,0.599191453910996,3.049999952316284,4
651443,3.029236078262329,-0.7061890979075968,0.7080232750386493,1.590000033378601,4
651459,5.625557899475098,-0.9956550162622254,-0.09311868014457456,1.899999976158142,4
651479,4.260321140289307,-0.9364296603474369,-0.3508553708033896,2.575000047683716,4
651549,2.993562698364258,-0.7298138244730548,0.6836459475547363,5.202499866485596,4
651554,3.343725681304932,-0.7918887034696855,0.6106654413974155,5.114999771118164,4
651575,2.5961062908172607,-0.9022072732815192,0.4313027197200665,4.747499942779541,4
651721,7.609796524047852,-0.965852241456835,-0.25909351144482123,9.24250030517578,4
651729,9.185103416442873,-0.9948370929855413,-0.10148476939953754,8.032500267028809,4
651735,9.813462257385254,-0.9995316205995594,-0.030602931585365232,8.607500076293945,4
651904,5.94956636428833,-0.9852233210980319,-0.17127465534796543,7.0,4
651937,11.090374946594238,-0.7342628506607334,0.678865278342893,2.6710526943206787,4
651954,11.627742767333984,-0.7948903214669581,0.606753143245386,5.110000133514404,4
652055,9.273553848266602,-0.7057515085755618,0.7084594611855491,1.6349999904632568,4
652204,6.972100257873535,-0.7358121343252417,-0.6771857226638289,2.497499942779541,4
652222,7.636192321777344,-0.39550299116910026,-0.918464688475444,1.4850000143051147,4
652285,5.061889171600342,-0.9997981421094635,-0.02009166579617334,1.715000033378601,4
652301,4.218635082244873,-0.8841066469137021,0.4672851772558278,1.7052632570266724,4
652372,6.9704670906066895,-0.9963244842164581,-0.08565933779109329,1.4674999713897705,4
652437,4.138089179992676,-0.7060944354790943,0.7081176796165021,1.8149999380111692,4
652525,4.4776716232299805,0.7700228607479396,-0.6380162959717872,1.3600000143051147,4
652565,6.767207622528076,0.9979162317670357,0.06452282058217809,1.2675000429153442,4
652622,6.2667999267578125,0.7852855624626673,0.619133737885194,0.2150000035762787,4
652645,8.132312774658203,0.6801198862069049,0.7331009073694471,0.8149999976158142,4
652720,5.713284492492676,0.09416544295284257,0.9955565626088229,1.0049999952316284,4
653171,3.5246357917785645,-0.5372919716280387,0.8433963108907074,6.90500020980835,4
653203,5.087709903717041,0.5458441231208507,-0.8378867424983102,6.605000019073486,4
653239,5.74859037399292,-0.2646752981490647,-0.9643375895140165,4.8425000667572,4
653388,5.43919069766998,-0.7615323901401533,-0.648126853916288,7.7050000667572,4
653438,4.94896178496511,0.26375263719816067,-0.9645903515850733,7.77105271188836,4
653532,15.4234395980835,-0.9247214673886196,-0.38064446370680105,6.55499994754791,4
653582,8.09336817264557,-0.6856062855880192,-0.7279725414891687,6.40000009536743,4
653597,7.63576557636261,-0.4597915693151286,-0.8880268649014686,5.69999980926514,4
653632,9.32077651023864,-0.330835135120786,-0.9436885679977327,7.44250004291534,4
653712,10.3222604513168,-0.6014751669411295,-0.7988914967335304,9.03500003814697,4
653816,15.0266477584839,-0.9234137369399419,-0.3838060323009681,7.49749999046326,4
653945,6.67212847659462,-0.6836865444869168,0.7297757935746699,4.42631585974442,4
654041,7.65540471076965,-0.9548265079196675,-0.2971638264895866,4.29000015258789,4
654081,5.20069962739945,-0.8426502937110397,0.5384612172744649,4.11999983787537,4
654100,6.693421626091,-0.6776990419863412,0.7353393832039702,5.59749989509583,4
654155,2.59162497520447,0.2693555466554415,-0.9630408036453846,7.0474999666214,4
654190,7.02875325679779,-0.9094235774978967,-0.41587108181614046,6.66249978542328,4
654196,6.29783620834351,-0.8729487494424231,-0.48781193184147276,6.79750018119812,4
654231,6.85933332443237,-0.899806344848029,-0.436289515999674,4.29749999046326,4
654286,7.46536180973053,-0.3934471403345748,-0.9193472400363997,9.29000015258789,4
654287,7.01518394947052,-0.39924489080019504,-0.9168443254827617,9.24749999046326,4
654349,6.82716445922852,-0.625400930743728,-0.7803035792721181,8.5,4
654390,6.98592941761017,-0.6054308473714627,-0.7958979137119739,9.20499982833863,4
654418,7.77359206676483,-0.6153665064161308,-0.7882411196970164,11.4024999141693,4
654425,8.51456990242004,-0.38571779317654475,-0.9226168132150077,10.5550002098083,4
654447,7.28272533416748,-0.28718363931344865,-0.9578755437480816,8.68500037193298,4
654474,8.76588773727417,-0.43323771824932744,-0.9012796899332174,5.9400000333786,4
654533,9.18630971908569,-0.35919399513834904,-0.933262917862138,7.39999997615814,4
654676,8.31678546102423,-0.2488240422159463,-0.9685487060624866,5.97105262154027,4
654880,6.83590753078461,-0.14133537756689848,-0.9899617725185262,11.4774999141693,4
654903,10.0970231056213,-0.056301005433561674,-0.9984138404425141,10.3599998950959,4
654991,7.22763178348541,-0.363049179731248,-0.9317699786409025,12.5,4
655008,6.84542994499207,-0.4045247303646862,-0.914527059481226,11.5324999809265,4
655060,5.83795022964478,-0.2690802826947585,-0.9631177505709823,7.80000019073486,4
655126,8.92287071545919,-0.6679699694090826,-0.744188228855865,10.7027776506212,4
655144,7.08577716350555,-0.6229295138404691,-0.7822779690023725,8.25500023365021,4
655154,6.0676796913147,-0.7472098675793847,-0.6645881535146397,9.00250000953674,4
655155,6.31578607559204,-0.72110408305437,-0.6928267470315477,8.9074996471405,4
655212,8.82895416962473,-0.9054150911659763,-0.4245273992204823,5.92894737344039,4
655238,7.70658142566681,-0.847914364913162,-0.5301332188930526,5.19499981403351,4
655465,9.32580687999725,-0.48576946065980064,-0.8740869699808403,8.87499990463257,4
655494,9.11640331745148,-0.6020993036842657,-0.7984212099530688,8.83500008583069,4
655512,11.3307982444763,-0.6366943373362236,-0.7711162822843174,8.57000026702881,4
655528,7.77878959178925,-0.7400428735242988,-0.6725596964923624,9.78249969482422,4
655772,7.47304661273956,0.4776877988968038,-0.878529661869835,8.14000020027161,4
655909,4.97457127571106,-0.44592824042876356,-0.8950687148974132,13.7250002861023,4
661660,8.77414786815643,0.8103138635633589,-0.5859961113497445,6.39500012397766,4
661670,8.01069095134735,0.6638266895951057,-0.7478864393617544,6.40500009059906,4
661690,8.8961222410202,0.903224942650779,-0.429167453301735,5.699999833107,4
661962,4.9202388085817,0.6902113289392399,0.7236078505681985,6.9947368471246,4
661973,5.22483086585999,0.720433828021079,0.6935236834044634,7.05500004291534,4
662021,6.00564386844635,0.6207108851462139,0.7840395379449966,8.32499966621399,4
662038,5.03913161754608,0.5137721325758755,0.8579266843900107,10.0499998092651,4
662041,4.93599832057953,0.5161252398914694,0.8565131270138089,10.4249999523163,4
662061,4.54568462371826,0.5910406446673825,0.8066417769686646,12.7950002193451,4
662139,6.59256372953716,0.6159700034962085,0.7877696076854457,7.19999980926514,4
662257,6.52660045623779,0.7739574380953314,0.6332376205003233,7.86250016689301,4
668449,5.36499639749527,-0.5292273795931394,0.8484800414205269,11.1650004386902,4
668775,4.8974625647068,-0.8584798113026962,0.5128473589536043,16.1675002098083,4
668901,4.67343178987503,-0.9821126606212908,0.18829424273558995,13.685000038147,4
668915,6.05425913333893,-0.8029127014653888,0.5960966312818345,15.729999923706,4
668934,5.79440264701843,-0.7025659830881306,0.7116186052987995,18.3450002670288,4
669027,8.40506973266602,-0.9522599811484342,-0.30528827082477894,15.6050003051758,4
669045,7.17471013069153,-0.9141285227791254,-0.4054245229899816,14.8999996185303,4
669100,8.2660367012024,-0.9309160228751747,-0.3652332930529022,17.5950000762939,4
669128,8.96589851379394,-0.6681878406479327,0.7439926139487226,15.6424999713898,4
669176,7.57679250240326,-0.9693316522968627,-0.24575627734695613,10.6000002861023,4
669202,7.68662667274475,-0.9046816338216864,-0.42608818503418283,11.2925002574921,4
669250,5.83408920764923,-0.9995799488989775,-0.02898147268717501,15.2200003147125,4
669341,4.65685552358627,-0.845461468840452,0.5340364263850785,11.6599999904632,4
669371,5.08460974693298,0.08809753331434254,0.9961118534702458,15.0325001239777,4
669407,1.54676248431206,0.4603533787838833,0.8877357527115051,17.0300002098084,4
669989,4.5046243429184,-0.19361042519682345,-0.9810784898544587,23.7000007629395,4
670054,6.8322690486908,-0.18781329510543449,-0.982204747586591,17.7600001335144,4
670124,8.17640181950161,-0.5481335358596406,-0.8363908338008064,18.2095244271415,4
670125,7.77671452572471,-0.4674998485780386,-0.8839931513193476,18.010526456331,4
670156,7.1028548002243,-0.6761205832966469,-0.7367909858586775,12.2024997711181,4
670157,6.4608335018158,-0.6396119874956535,-0.7686979286116621,12.2749996185303,4
670186,7.24832688437568,-0.5449129905542753,-0.8384925955100595,9.93611086739434,4
670203,6.7791267194246,-0.5926970333526231,-0.8054254941675236,11.3421052631579,4
670437,5.74591732025147,-0.6488378430555563,-0.7609267069954986,14.3874998092651,4
670447,5.70637919902802,-0.5207374488125199,-0.8537168789500581,13.789999961853,4
670585,4.87132663726807,-0.8529525414502673,-0.5219884692534213,14.3149998664856,4
670783,6.17433986663818,0.9809198257407328,0.19441269369249117,12.5525002002716,4
670859,3.06196542978287,0.9838663987779088,0.17890474939416492,14.639999961853,4
670960,12.0545315742493,-0.9672554036451333,-0.2538050120058512,12.3749996185303,4
671021,8.21461846828461,-0.822842786888518,-0.5682690806876062,11.4349997520447,4
671058,7.3546364068985,-0.7970986956048672,-0.6038490452629857,10.9350000858307,4
671123,3.49671778678894,-0.778970151789947,0.6270610039065951,15.7849999904633,4
671136,4.2236066699028,-0.8852975812020736,-0.46502493773749165,16.4449997901917,4
671220,2.14437501430512,0.5744167345534887,0.8185630183833782,12.4299997965495,4
671232,4.92031310796738,0.4275139998597824,0.9040087277918781,11.9599998474121,4
671304,9.11066751480103,0.2658740701701426,0.9640077690616202,10.0549997329712,4
671404,9.81270132064819,0.40113204163710203,0.9160202427741705,9.35999999046326,4
671420,9.18012838363648,0.20357076199400434,0.979060235563257,9.18249998092651,4
671425,6.37860162258148,0.24900574504278455,0.9685020077086509,8.99499998092651,4
671567,4.44830582141876,-0.6651597163969349,-0.7467011126834814,12.5250000953674,4
671771,6.07724915052715,-0.456030347211323,-0.8899642253609524,11.3000001907349,4
671818,4.95782784223556,-0.6673249934586382,-0.7447666433893428,12.7050001621247,4
671888,5.82646000385284,-0.2702239883624514,-0.9627974844760916,12.6950003623963,4
671908,5.60112986564636,-0.3251616520854677,-0.9456584478621493,10.7349999904633,4
671922,6.95910670757294,-0.17585925293406382,-0.984415320460563,10.6775001049042,4
671975,9.22412142753602,-0.053665662319043204,-0.9985589600458545,15.5874999523163,4
672074,6.91593034267426,-0.07645575076530978,-0.997072975350808,9.91499967575073,4
672236,7.67435703277588,-0.5346214375818158,-0.8450916627667987,16.5925001144409,4
672319,5.70645339488983,-0.7030609896709042,-0.7111295555684413,14.9949999809265,4
672323,6.50844631195068,-0.6904594602523997,-0.7233710899310013,14.7449996948242,4
672329,5.57781543731689,-0.7630484399132167,-0.6463413017485469,14.3200001239777,4
672416,2.2196999847889,0.076539938519711,-0.9970665162422209,19.5900003433228,4
672470,2.13309379816055,0.915537538913698,0.40223253826592503,15.0025000095367,4
672510,2.47353739738464,-0.35101027478430485,0.9363716073204307,15.5400000572205,4
672515,2.07628138065338,-0.5246856269368301,0.8512960665279181,15.6724999427795,4
672574,2.81538119316101,-0.8210521540192507,0.5708531863626134,18.9675000190735,4
672616,4.83423869609833,-0.9329228164277431,0.36007640659799917,15.7550000667572,4
672691,8.88817729949951,-0.9594373558078889,-0.28192190457707694,16.6299999237061,4
672906,3.95510020256042,0.9815866650439179,-0.19101732646008646,16.122500705719,4
672967,4.52103370428085,0.3902110363653215,-0.9207254461014432,20.347500038147,4
673124,5.77188627719879,0.9876052453189432,-0.15695820914660677,23.1099998474121,4
673419,6.63352038860321,0.3589449852532454,0.9333587185865612,16.3249997138977,4
673546,4.49482349157333,0.8161710364793956,0.5778103834409254,15.3100001811981,4
673547,5.2531572341919,0.7799819031982519,0.6258020698936948,15.1600002288819,4
673563,6.48906712532043,0.7050169973272804,0.7091904070696567,15.6925000190735,4
673608,7.66375684738159,0.7712670872467665,0.6365116496419282,12.0763160805953,4
673661,6.1100021481514,0.8342044471872014,0.5514552931046139,12.164999961853,4
673718,5.61915410757065,0.8763422452763799,0.48168897552669093,19.7450002670288,4
673810,5.63272327184677,0.9844468462291467,0.17568268824641456,13.177499961853,4
673865,5.42276285886765,0.9879060888264036,-0.15505340905545356,23.8000002861023,4
673981,4.77855120897293,0.711563021836992,-0.7026222782934002,27.497500038147,4
674093,7.18575479984283,-0.9811335109494307,-0.19333140896409803,16.4149997711182,4
674443,4.86163693666458,-0.5416687327142703,0.8405920437404321,19.4074995994568,4
674556,2.9408249527216,-0.329840630274088,0.9440366299145349,20.7000001907349,4
674594,4.27008731365204,0.7989054193844171,0.6014566741488605,20.989999961853,4
674633,6.60894374847412,0.16350290467972942,-0.9865428526735629,15.2650002956391,4
674658,4.82350962162018,-0.9935865056801987,-0.11307455827997988,15.8925000667572,4
674728,4.71116940975189,-0.9968813192097862,0.07891536865881257,24.5750003814697,4
674784,3.89742652177811,-0.9526455002358837,0.3040831315287365,16.8474991798401,4
674913,7.40153704191509,-0.6943433823623172,0.7196438475868858,17.3052634189004,4
675165,1.07962511926889,0.9906517138223285,0.13641547529838133,22.710000038147,4
675201,5.70023503303528,0.9592976174709849,0.28239702745335693,13.2,4
675212,3.57579400539398,0.9347641472465356,0.3552688967844738,11.739999961853,4
675293,1.8704063296318,0.9186919000807011,0.39497492670562145,23.1200000762939,4
675629,5.20331692695618,-0.9983926651711293,-0.05667526914350847,19.7050006866456,4
675738,5.27118140459061,-0.998723175439309,-0.050517510235791624,21.2525005340576,4
675739,5.0805074095726,-0.9939721224200371,0.10963311475921352,21.210000705719,4
675926,4.88463591337204,-0.7560389713659352,0.6545266028023145,15.4799999237061,4
675934,5.98606042861939,-0.8422442681141059,0.5390960886789424,14.652499961853,4
676089,2.29069736756776,0.9192748933096857,0.39361614617602503,14.6078949476543,4
676330,2.87500499424181,0.4774837382050616,-0.8786405862181192,21.1157894134521,4
676388,5.9830493927002,-0.9455821601231427,-0.3253834329784652,16.8947364405582,4
676464,2.27998123764992,-0.21668531135097654,0.976241504877113,23.2300003051758,4
676467,2.48771235942841,0.043041328609712916,0.9990732926224736,22.9299996376038,4
676890,7.2465470790863,-0.2707630523232353,-0.9626460250250893,18.5800004005432,4
677091,7.15536804199219,-0.9670237445145249,-0.2546862335209872,15.0550002098083,4
677099,7.35738368034363,-0.9605871664362026,-0.2779789482641935,14.809999704361,4
677155,8.09613406658173,-0.7239822977593907,-0.6898185504399204,21.1550004005432,4
677170,6.81234377308896,-0.7406395978274622,-0.6719025123706378,22.0289475290399,4
677215,8.44722511768341,-0.4182423212643936,-0.9083354890696343,17.4274998664856,4
677293,9.31819620132446,-0.8186864727325257,-0.5742407677662528,24.1049999237061,4
677362,5.74315159320831,-0.9603578688928404,-0.2787700910348921,21.0650002479553,4
677568,5.60747826099396,-0.9392798465055487,-0.34315210905444354,24.6125,4
677650,4.09058783054352,0.06547015628863272,-0.9978545277922739,23.9675002098084,4
677704,7.27880871295929,0.7063645140151804,-0.7078482699986615,29.6200002670288,4
677715,6.35542575050803,0.840227306264805,-0.5422343347732504,33.4235294566435,4
677733,7.04338037967682,0.3082086795726961,-0.9513187740374176,35.8374996185303,4
677737,6.96924183368683,0.22977430918325348,-0.9732439400475908,36.4900001525879,4
677744,9.34951121807099,0.16241707466221045,-0.9867221969015241,37.0849987030029,4
677785,4.84992406368256,-0.9385000692065705,-0.3452790467133248,27.0850003242493,4
677803,4.23738012313843,-0.5187165697371626,-0.8549462674812442,25.6175004005432,4
677899,1.48274999856949,0.097668598331246,-0.9952189934381326,24.1550005912781,4
677901,0.92141250371933,-0.2032566279900724,-0.979125499197169,24.5250000953674,4
677950,3.85508545637131,-0.9016216631892278,0.43252557897526794,18.7675004959107,4
677977,4.4191069483757,-0.9630073662146394,0.2694750686359377,17.8449999809265,4
678042,4.79935983419418,-0.8280767401001863,0.5606147630102588,17.4699999809265,4
678156,9.84067502021789,-0.9997749684939684,0.021213495065274954,14.035000038147,4
678175,8.98984413146973,-0.9998580503689523,-0.01684871248486645,14.1899998664856,4
678182,8.45988485813141,-0.9954640015881887,0.09513895911786463,14.6949997901916,4
678201,6.02118067741394,-0.983696607030291,0.17983599561014782,14.5950003623962,4
678324,4.05162524580955,0.34261477585620553,-0.9394759791314529,26.1825002670288,4
678383,5.13526673316956,0.9567648868343624,-0.290862426794575,17.8199991226196,4
678437,10.4588062524796,0.618864592571766,-0.7854976868590907,19.1649994850158,4
678445,9.95947504043579,0.8202594422004036,-0.5719916498351026,18.6300003051758,4
678510,9.66752388477326,-0.9155502501486747,-0.40220360447502096,16.2650001525879,4
678549,10.504228591919,-0.9057047032644131,-0.4239091771650166,15.6300000667572,4
678906,3.40047119855881,0.718955776645181,0.6950558187861782,22.4275000572205,4
678923,5.17575159072876,0.9354136805129947,0.3535551531361595,19.9499999046326,4
678946,4.09630506038666,0.9954713388559264,-0.09506215606848664,16.1950005531311,4
679103,5.17157506942749,0.160315308916209,-0.9870658548076214,18.6100005149841,4
679179,5.87130714654923,0.19441915143846664,-0.9809185458303592,25.1625001907349,4
679237,6.13803164958954,-0.4684093226384313,-0.8835115768711839,17.2450004577637,4
679319,8.02175409793854,-0.9477114609099216,-0.3191284801768437,22.0799996376038,4
679488,6.37824898958206,-0.5387543599764236,-0.842462901026742,20.067499923706,4
679680,7.95195903778076,-0.9198035883816535,-0.3923791008708716,15.0025000095367,4
679806,5.98209632767571,0.6367216158072821,-0.7710937582186512,19.7944448259142,4
679883,9.16342206001282,-0.21051136312862256,-0.9775914105564396,22.547500038147,4
679999,14.4784414768219,-0.5415733955315352,-0.8406534703743531,17.6574997901916,4
680089,10.6243280887604,-0.6103967804097045,-0.7920958088927545,16.4349999427796,4
680113,8.40183992385864,-0.529426927366762,-0.8483555437309226,14.6000003814697,4
680117,9.52316350936889,-0.5379883336037928,-0.8429522838845708,14.3125001430512,4
680175,8.5484857029385,-0.9769994732293174,-0.21324171568817502,16.2666667832269,4
680240,5.06559415424571,-0.9470551874415059,0.32107082075475846,13.9205879323623,4
680298,3.54555569887161,-0.8043927266336204,0.5940979223486055,15.6274999141693,4
680322,6.28176102638245,-0.7887229280838786,0.6147488452325819,17.8650001525879,4
680332,5.11089419126511,-0.8164900421156107,0.5773595163553193,17.9474998474121,4
680367,4.96968936920166,-0.9802922731195003,0.19755267465211174,15.2950002193451,4
680368,4.49716229438782,-0.9876508430477946,0.15667103186926595,15.2950002193451,4
680424,5.71679282188415,-0.9999539266871857,0.009599192824309433,12.4924999713898,4
680522,4.66840132474899,-0.9736131712441157,-0.2282047168223658,16.2175006866456,4
680628,8.62676177024842,-0.3622228004683157,-0.9320915420820483,16.6450005531311,4
680651,6.35001540184021,-0.4512893468967992,-0.8923776809050417,17.5975003242492,4
680752,7.60639960765839,-0.8582248249711645,0.5132739520014766,19.2300001144409,4
680869,8.45518853664398,-0.33247542443616657,-0.9431119192047097,15.8150001525879,4
680878,9.2456912279129,-0.19803952174448242,-0.9801940358047567,15.7825001239777,4
680923,10.7184955596924,-0.25257442737350116,-0.9675774690622699,15.3974996566773,4
680953,8.00786645788895,-0.5910400773475717,-0.8066421926535807,16.9684209321675,4
680967,9.36506664752961,-0.8866129985354426,-0.4625120439815499,16.8074995040893,4
680988,6.46757171154022,-0.5966195091137675,-0.8025242434623686,14.2925001621247,4
681133,6.79688911437988,-0.46907880979165356,-0.8831563113087318,14.2149998664856,4
681263,7.38086528778076,-0.6503454152552629,-0.7596386251741414,13.0600002288818,4
681368,6.98338639736176,-0.8145539390261911,-0.5800878212968413,16.8924999237061,4
681386,5.21330354213715,-0.9171969435260159,-0.3984341436003375,14.2025000095367,4
681758,8.94817132949828,-0.8703129041357452,-0.49249918669456205,20.4349997520447,4
681806,8.72709217071533,-0.8724373914627122,-0.48872589247730513,18.539999961853,4
681815,6.49454309940338,-0.879813265830405,-0.47531948967913895,17.9099996566773,4
681954,5.24942619800568,-0.09329216446174804,-0.9956387758871398,23.0700002670288,4
681962,4.14464182853699,-0.2354071061642534,-0.9718968537696642,20.9824998855591,4
682212,4.77420760393143,-0.24114864473804004,-0.9704881921698,32.164999961853,4
682248,5.5365695476532,0.1934930331052795,-0.9811016492391189,26.6100004196167,4
682281,2.98167253732681,-0.9948607651592216,-0.10125244662134418,20.6650003433228,4
682286,2.06351264715195,-0.9885017379139747,-0.15120950413598896,20.635000038147,4
682312,1.51271248608828,0.736808120849992,-0.6761019102542926,27.2300000190735,4
682421,1.60434373021126,0.1258625419819251,0.9920476906509325,21.5750002861023,4
682436,2.02828159332275,0.4421516419792799,0.8969403132288272,20.7000007629395,4
682466,1.82141256630421,0.9717647860356717,-0.2359516912866808,28.354999923706,4
682471,2.7093634724617,0.14313912837798826,-0.9897025764982073,29.252499961853,4
682598,5.43100459575653,-0.7001776564498251,-0.7139686613629694,19.1050004005432,4
682640,4.71029691696167,-0.7295638530270613,-0.6839127022919728,19.889999961853,4
682644,4.30322134494782,-0.6176229051530553,-0.7864743778600165,19.922500038147,4
682710,4.69355351924896,-0.9995895067080717,0.02864992284655989,11.2450003623963,4
682730,5.91583857536316,-0.9299511912990084,-0.3676829909059639,12.6825003147125,4
682820,7.19205444737485,-0.6507206295790113,-0.759317234257392,16.2684211730957,4
683040,8.82647566795349,-0.2390262479166221,-0.9710131064032563,19.1525001525879,4
683053,7.8713050365448,-0.6193673470210158,-0.7851013243168989,19.3174993515014,4
683056,11.0816708564758,-0.7879445278778159,-0.6157462309973207,18.0925002098084,4
683201,6.01061860322952,-0.9975256866938473,0.0703029472068448,18.2100001335144,4
683475,6.50770398378372,-0.9475287536974861,-0.31967055059308896,19.7900003433228,4
683506,7.57863011360168,-0.9291197917189824,-0.3697788699156223,19.7900002479554,4
683717,6.26319856643677,-0.5602434147501819,0.8283280245343965,11.4524998188019,4
683816,3.19788008928299,-0.9539497208308444,0.2999665483462348,15.197500371933,4
683889,8.44650123119354,-0.7486544367089494,-0.6629604319987775,13.8000001907349,4
684096,4.70044020414352,0.34660974911015685,0.9380094252307885,14.8174998760223,4
684234,1.74433099627495,-0.9913244936005964,-0.13143724125042042,16.9750000953674,4
684459,3.14211832284927,-0.7948769265865744,0.6067706911019035,12.8000001430512,4
684541,6.74333605766296,-0.9742731543621511,-0.225370407749607,15.7249999046325,4
684644,8.16789662837982,-0.9967167208435738,0.08096776142906219,21.5750001907349,4
684766,7.55132672661229,-0.7618990028639498,-0.6476958463931346,19.9000002208509,4
684779,9.79766557216643,-0.7444270922511259,-0.6677037549112134,21.2325002670288,4
684827,7.74357650279999,-0.8628417897842666,-0.5054740802473293,18.2125005722046,4
684862,7.1004602432251,-0.6531961115015456,0.7571887742955916,12.7300003051758,4
684894,4.16390970945358,-0.6035447483317371,0.7973291269991208,12.9124999046326,4
684970,2.0238494210773,0.20418952094372075,0.9789313763164269,16.6972229215834,4
685126,9.65258111953735,-0.9165083251416297,-0.4000156121279327,17.2200005531311,4
685175,7.09149444103241,-0.9725853069803969,-0.23254638385889193,15.0349999904633,4
685203,4.80875244140625,-0.883873982342503,0.46772511514564263,20.8,4
685216,5.22703045606613,-0.9816639205850716,-0.1906199019555572,21.4687503576279,4
685241,4.99153740406036,-0.17951672268029772,0.9837549218571285,19.9699998855591,4
685440,6.64480640888214,-0.7480100186843647,0.663687435430125,10.664999961853,4
685543,5.95209112167358,0.9815517229953724,0.19119679674308293,12.2499996185302,4
685547,5.5057742357254,0.9927665894000354,0.1200603971800096,11.7149998664856,4
685551,6.14883494377136,0.9984136517621305,0.056304351297277684,11.402499628067,4
685737,2.6850937962532,-0.2530709385424784,-0.9674477247196508,13.8000001907349,4
685771,1.96355625987053,-0.26450608143127324,-0.9643840173322413,18.7625001907349,4
685781,0.486656188592315,-0.5253231164199218,-0.8509028283857454,21.9399998664856,4
685852,6.18365824222565,0.10574654866326605,-0.9943931151440096,15.1250004291534,4
685854,6.09877197742462,0.1326373880502165,-0.9911646297619867,15.0450001716614,4
686094,6.65583255290985,0.8853698758219147,-0.46488727987232276,24.7400005340577,4
686099,7.02084562778473,0.8890970860061742,-0.45771865993788113,24.3125000953675,4
686283,4.97905264402691,-0.19659579903774432,-0.980484620889441,14.2026314484445,4
686430,7.5420248746872,0.03832951421453242,-0.9992651541708427,15.6924997806549,4
686525,5.61390851525699,-0.7579217039256385,-0.652345530159023,17.5499999102424,4
686579,6.3563823223114,-0.3573615919374817,-0.9339661089182566,14.9924999713898,4
686609,7.01587083339691,0.052120897449294754,-0.9986407822881459,14.6999998092651,4
686653,5.55122699235615,-0.9979121213272326,0.064586361626759,17.4394735035144,4
686802,9.75291166305542,-0.795423092876238,-0.6060545382382675,17.3025005340576,4
686864,7.04599326848984,-0.4710240288331127,-0.8821203796885224,13.6437503695488,4
686866,6.25894775390625,-0.5492376595132593,-0.835666197337428,13.8000001907349,4
686874,7.12375605106354,-0.3966525533243975,-0.917968818610543,13.5950003623962,4
686885,6.90345644950867,-0.46928517633912326,-0.8830466710589866,13.2950001716614,4
686887,6.70966382026672,-0.4796156932310565,-0.877478653191343,13.3050001621247,4
686914,7.81997966766357,-0.4496215935658836,-0.8932191347028317,13.5975003242493,4
686922,8.80295705795288,-0.545921330699632,-0.8378364402955646,14.8199996471405,4
686951,14.2950809955597,-0.7825349467308736,-0.6226066632673544,12.0625000476837,4
687152,8.02002782821655,-0.12003955571637959,-0.9927691096440371,14.1499999046325,4
687183,8.6564802646637,-0.39340968004052396,-0.9193632707751668,15.3000001907349,4
687316,6.29273149967194,-0.99340243848602,-0.11468040464712966,11.4174999713898,4
687423,6.1646687746048,-0.2542610787301388,-0.9671356181234285,14.6924998283386,4
687460,5.86436464786529,-0.5888842447628018,-0.808217388002847,14.647500038147,4
687495,5.38006913661957,-0.5341798380016057,-0.8453708657580874,15.6849997520447,4
687537,10.7604653835297,0.5314704361857483,0.847076841532414,11.6299998760223,4
687727,2.6501563668251,-0.20964042439951788,0.9777785498043972,9.85999965667724,4
687738,1.50844726437017,-0.06788846249224598,0.9976929170142679,9.05263162914075,4
687817,7.4435665231002,0.36445809144900476,-0.9312197912294116,12.5394738347907,4
687834,7.22557141780853,0.39722681747080824,-0.9177204669625786,12.0,4
688108,4.29195386171341,0.5446617612888712,-0.8386558088928405,14.9374997615814,4
688123,4.92150106430054,0.7000869688150599,-0.7140575859798293,14.382499742508,4
688194,4.88998196125031,-0.8721876439424839,-0.48917145639750786,12.6200004577637,4
688234,8.90437663228888,-0.9403684986175462,0.340157444145769,15.305263368707,4
688270,7.47386341094971,-0.7464968623974747,0.6653889347071573,13.4249999046326,4
688353,5.81110892295837,0.09280246438943761,-0.9956845397028353,10.3774998188019,4
688366,5.08394148349762,0.05467644655497087,-0.9985041242739668,11.9375,4
688454,8.90622007846832,-0.8697683586673866,-0.4934602337180175,13.5375001430512,4
688475,6.3796040058136,-0.8845808164451298,-0.4663869414737806,12.1050003051758,4
688559,9.20914154052735,-0.820783733575496,-0.5712390591493802,12.0325001239777,4
688581,8.01711339950561,-0.7445876228952266,-0.667524734995817,10.8250000953675,4
688668,9.81460347928498,-0.9384428414384132,-0.3454345572651893,12.9078945360686,4
688670,10.4192495107651,-0.9786109939516873,-0.20571952390789452,13.1875,4
688703,7.0723379611969,-0.7504557293587143,-0.6609207201114822,12.0125000953674,4
688849,9.68818193011814,-0.5483369616347863,-0.8362574821818523,14.25,4
688937,10.2277733219994,-0.6226165608506413,-0.7825270718349108,15.2944446669685,4
688954,9.87843110561371,-0.5598482679178552,-0.8285951465639763,16.2975002288819,4
689026,8.11206068992615,-0.8233095660465497,-0.5675925990146823,11.729999923706,4
689056,4.24144939581553,-0.42915192853161965,-0.903232319083851,11.2972224553426,4
689065,5.94590971469879,-0.5596702814730551,-0.8287153769756365,10.9849999904633,4
689099,4.03206033706665,-0.4552794015504055,-0.8903486207794701,13.5075000286102,4
689135,4.57579301595688,-0.2963774444004435,-0.9550708928925967,12.3999996185303,4
689204,3.53007456660271,0.9959043378019823,-0.09041321776817325,10.6424999713898,4
689210,3.83086137771606,0.9361501921252164,0.3516003665867263,10.7699999809265,4
689282,9.86905708312989,-0.8789610428623241,-0.47689357841176216,11.9200000286102,4
689283,10.4522164821625,-0.8863139066159943,-0.46308493706780673,11.7975001811982,4
689359,5.27275929450989,0.6335154425870164,-0.7737300459486995,11.5900001525879,4
689536,3.87566500902176,-0.6878440704909438,-0.7258584811727763,12.7333336936103,4
689557,3.16764168739319,-0.6364531152534039,-0.7713153907995337,13.4749999046326,4
689659,7.19082248210907,-0.9851046273395877,-0.17195602110461883,13.4375001907349,4
689695,5.13679469259162,-0.9818339956997724,0.1897419428809015,13.9342103255423,4
689714,5.36282752689562,-0.9909106209986928,-0.13452189855924968,12.6842109278629,4
689719,6.48308992385864,-0.9798881472037616,-0.19954753561389607,12.1999998092651,4
689875,6.77500379085541,0.07127976245783213,-0.9974563626865864,10.7975001811982,4
689903,6.19726459980011,0.32997102773740644,-0.9439910597319869,9.5875002861023,4
689938,6.07564705296567,-0.7915832029174722,-0.611061398599941,10.2447367718345,4
689948,7.15080165863037,-0.6437062492387303,-0.7652726734249732,12.1100001335144,4
690012,7.82122344970703,-0.27316494749616765,-0.9619672091393843,10.2950001716614,4
690086,6.86609003543854,-0.8878130391170909,-0.46020431068567236,10.2675000667572,4
690092,6.95014097690582,-0.9179884693010691,-0.39660707284449676,11.215000295639,4
690198,5.47015286684036,-0.27431474188900296,0.9616399650505223,8.52000007629394,4
690267,4.74597393274307,0.16833433868258835,0.9857299581631349,10.6774998664856,4
690355,8.93985545635224,0.3508266654558267,0.9364404149785215,10.3275001049042,4
690395,6.08397760391235,0.08247411096697756,0.996593207392167,12.4574998378754,4
690571,4.22479476928711,-0.43059142993130006,-0.9025469630272533,12.5850003242493,4
690603,6.89682948589325,-0.618203047027365,-0.7860184429427096,11.1200002193451,4
690667,4.24474942684174,0.28756705036265734,-0.9577605084496441,11.2675001621246,4
690738,2.46382499933243,-0.1412904000117967,-0.9899681928549555,12.3999996185303,4
690878,7.40827818920738,-0.7143710057058303,-0.6997671514202709,10.5947371533042,4
690974,8.65183970928192,0.3026744280495464,-0.9530940093216828,12.1100003242492,4
691082,1.56547494828701,-0.9264054840463285,-0.3765273949248418,11.6049999713898,4
691197,8.04486446380615,-0.9898363611154535,-0.14221103407864497,5.49500000476837,4
691210,8.70297930240631,-0.9995149832789831,0.031141583145594606,5.23499994277954,4
691266,5.35218813419342,-0.8218782080810788,0.5696632435759174,11.6074998855591,4
691294,4.95597153902054,-0.8172390407593562,0.5762988376343713,9.31250009536743,4
691502,5.79373438358307,0.46423846543455477,0.8857102501444644,4.2099999666214,4
691631,7.87782053947449,0.946346976969002,0.32315228481573693,6.70999984741211,4
691688,8.24027190208435,0.9973227605718674,-0.07312531193307505,9.60000038146973,4
691778,7.69275240898132,0.9981104463277921,0.061445397967102675,5.44500007629395,4
691825,5.9882137298584,0.9907361366237337,-0.13580098522425552,7.7675000667572,4
691836,5.94622529745102,0.8843559867432134,-0.4668131196864945,9.15250000953674,4
691998,5.44583604335785,-0.5536424415806436,-0.8327544937618913,14.5950003623962,4
692039,9.22360174655914,-0.37215214883520426,-0.9281717395597325,14.7099997520446,4
692133,10.5890222072601,-0.7795560148351258,-0.6263325153098609,10.5650002479553,4
692150,8.37611241340637,-0.6500749036706165,-0.7598701333896725,10.3574998855591,4
692173,6.21619830131531,-0.5033190728963355,-0.8641006369970881,10.2975001811982,4
692191,5.41557908058166,-0.8129186904347663,-0.582377199709797,10.1349999427795,4
692339,4.61796705722809,-0.27802216119859985,-0.9605746602333729,9.00499987602234,4
692625,4.36891403198242,-0.5106827290265097,0.859769242456391,5.36250016689301,4
692826,5.58496199846268,-0.8788688976871952,-0.4770633717632223,8.78500022888183,4
692954,6.26241896152496,-0.35039163940618323,0.9366032772920706,7.38500008583069,4
693271,2.2623187482357,0.9983192119593457,-0.0579547326184073,8.1625,4
693326,8.09544739723206,0.12917153870073847,-0.9916222635609204,5.97499995231628,4
693327,6.97644402980804,0.1288425451255573,-0.9916650637012321,5.94249997138977,4
693353,12.100510931015,-0.9667760668206657,0.25562479657256176,6.46000003814697,4
693435,10.5345411300659,-0.9424718808642527,-0.33428543758320944,5.20249981880188,4
693541,8.99791898727417,-0.9415228337279522,-0.33694918544030783,5.37250015735626,4
693733,8.16624462604523,0.993695190639319,-0.1121154231151424,5.199999833107,4
693965,6.33221397399902,0.35292581873500223,0.9356513060271056,7.82500023841858,4
694250,3.99102264046669,-0.6087480463540825,0.7933636089839814,8.6225001335144,4
694307,5.53263428211212,0.19993594538157447,0.9798089700264925,7.09749991893768,4
694427,4.59357595443726,-0.17883269197939913,0.983879498861218,6.2850001335144,4
694434,3.58776687979698,-0.35228083969638924,0.935894336975498,5.77499997615814,4
694525,5.83436770439148,-0.18640325991769752,-0.9824733200917241,4.4675000667572,4
694586,5.22032010555267,0.3221817698169958,-0.946677826505717,5.38500010967255,4
694591,5.93373281955719,0.5622924665758319,-0.8269384390824187,4.50250000953674,4
694624,6.6569834947586,0.3043245660462397,-0.9525684009564709,5.47500002384186,4
694789,6.1365651845932,0.9949746669987072,-0.10012697953504716,2.31999996900558,4
694877,7.76848833184493,0.9611804674946477,-0.27592047569321587,4.59999990463257,4
694889,8.22607147693634,0.9999989051082164,-0.0014797913259386865,5.30000019073486,4
694898,6.81049950917562,0.9944436816225356,-0.10526995811254539,5.48888889948527,4
694957,6.24266843795776,0.5058934509053703,-0.8625959751419291,6.80000019073486,4
694984,7.52580134868622,0.8160971583914388,-0.5779147238697235,8.80000019073486,4
695069,7.65824470520019,0.969620240742475,0.24461518502027807,7.89750010967255,4
695091,6.68467872142792,0.9999216970394924,0.012513983764635944,8.63500046730042,4
695233,1.08618754446506,-0.8608373233118121,0.5088802440588107,8.08500034809113,4
695390,8.03190784454346,0.6013999057968712,-0.7989481543301258,9.48499994277954,4
695398,6.90364203453064,0.5767497904666447,-0.8169208524677782,9.96499986648559,4
695447,6.42784786224365,0.1237682213191157,-0.9923111545233695,11.0675002574921,4
695477,5.88723368644714,-0.4151734426041914,-0.909742278096486,10.6999998092651,4
695512,5.95598912239075,0.0647188519268469,-0.9979035375251812,9.30000019073486,4
695587,7.55618813037872,-0.11641115140758235,-0.9932011094576773,11.3175001621247,4
695597,6.42790460586548,0.2914937583332315,-0.9565727305609164,10.6921050925004,4
695606,5.70691754817963,0.38659703706851284,-0.9222487359329081,10.1749999523163,4
695761,10.43493475914,-0.9936901176664069,0.11216037647994241,8.76000032424927,4
695789,8.72664649486542,-0.970606823647795,0.24067071672378043,7.80000019073486,4
695885,3.2545142531395,0.2102737825185135,0.9776425401880571,6.33000020980835,4
695927,5.64423493335121,-0.2114820480638263,0.9773818820434157,3.34210537609301,4
696047,4.19023127555847,0.9709707134619907,0.23919839798609158,4.17749979496002,4
696050,4.48890209197998,0.9979334698621707,0.06425565911924065,4.2349999666214,4
696151,5.61076387166977,0.9454913664792025,0.32564716475549177,4.16749975681305,4
696301,6.18869088677799,-0.1634137978518013,0.9865576164987276,3.70294122134938,4
696402,5.0871156334877,-0.7448536877747449,0.6672278350071756,6.07999994754791,4
696426,5.94930670261383,-0.9877318246959264,0.1561596698346147,5.53999993801117,4
696462,5.82588461637497,-0.94313061215888,0.33242239456573336,5.38750011920929,4
696495,4.64284070730209,-0.9076730705127933,-0.419677968287445,4.2149998664856,4
696539,5.3453015089035,-0.948883954251751,-0.3156251595857986,5.90250008106232,4
696574,5.3477888584137,-0.8452263639653982,-0.5344084520830786,7.68499982357025,4
696581,6.3081197977066,-0.8599795959657552,-0.5103284182980372,7.15249984264374,4
696606,7.50013311285722,-0.7741295611999507,-0.6330271893658058,6.54999993976794,4
696666,7.8697504401207,-0.5205705386280578,-0.8538186659428885,4.97500002384186,4
696727,4.79239885807037,-0.6807694426666083,-0.7324977583115155,6.24000010490417,4
696765,5.02819828987122,-0.8068778334298959,-0.5907183439842352,4.48750004768372,4
696902,10.6345374584198,-0.612680392881527,-0.7903307764338535,8.81750011444092,4
697061,8.28537886142731,-0.9564633015923839,-0.2918526215523796,8.57750029563904,4
697120,8.68343305587769,-0.9276246417166201,-0.3735137535354116,9.23999996185303,4
697148,7.4780956029892,-0.6354195424729197,-0.7721670836311954,9.67999982833862,4
697192,13.9327038764954,-0.3920979304317647,-0.9199234821174678,9.22499990463257,4
697263,11.9253179073334,-0.8225244506481232,-0.5687297496052085,9.27500009536743,4
697310,11.9408548355103,-0.8752146604981714,-0.4837347393448919,6.40250010490417,4
697329,9.27483425140381,-0.5976521006522738,-0.8017555528874898,6.37750017642975,4
697335,9.23392243385315,-0.4287823643021115,-0.9034078171365861,5.60499987602234,4
697339,10.2268305778503,-0.5455048705998178,-0.8381076518872,5.4300000667572,4
697344,9.84518568515777,-0.5577791886583561,-0.8299893834860937,5.30000019073486,4
697408,12.2967535972595,-0.6896250806471493,0.7241665886675612,8.59000034332275,4
697501,7.65737226009369,-0.69096890653952,-0.7228844791497324,6.39750008583069,4
697581,15.8736916065216,-0.38488110714686374,-0.9229661604638625,10.5600002288818,4
697692,7.55843410491943,-0.5038374346398862,-0.8637984947055062,3.96250002384186,4
697727,6.63780834674835,-0.9650518324684187,-0.26205907854784793,5.2800000667572,4
697762,7.09891953468323,-0.9378983560331269,-0.34691018109931276,3.0099999666214,4
697804,7.11469767093658,-0.19818570946020037,-0.9801644885251439,1.92499998807907,4
698091,11.3889546394348,-0.9994056800668157,0.034471533911119505,3.86250002384186,4
698208,8.099493932724,-0.49095857120480335,-0.8711829207236205,6.79750018119812,4
698231,12.9219571590423,-0.8966296849124764,-0.4427812192649472,4.05999994277954,4
698238,13.0006436824799,-0.8004671017556597,-0.5993766920784411,4.17749977111816,4
698312,7.85074954283865,-0.29555859452694727,-0.9553246135221554,6.8500001305028,4
698540,1.75824363827705,0.978030924898817,0.20845985210961954,6.0,4
698550,2.52980914868807,-0.5256789624631756,0.8506830364028891,4.94210531837062,4
698607,6.32766602039337,-0.8895454230624977,-0.45684673612554355,3.7325000166893,4
698752,10.3685367584229,0.6754535837652783,-0.7374025062193932,6.40000009536743,4
698843,9.04040849208832,0.07178932752121676,-0.9974198175563044,10.9649999141693,4
698900,11.4858693599701,-0.04844854496000264,-0.9988256797315829,9.73999972343445,4
698942,6.26422566837735,0.4618727893965739,-0.8869461801118645,8.80000019073486,4
698969,3.19513276815414,0.9527735033586809,0.3036818257611502,8.15250000953674,4
698990,2.91372538805008,-0.7905548904541263,0.6123911863989099,7.87500016689301,4
699087,7.35508193969727,-0.047492871457851436,-0.9988715769110101,5.49000000953674,4
699147,7.59804654121399,-0.34121708660371614,-0.9399845210479117,8.81250009536743,4
699265,5.04616668224335,-0.9244897124031215,0.38120699319502754,7.1924998998642,4
699267,5.2674902847835,-0.8825554256600718,0.47020838001674253,6.9928571496691,4
699315,7.30930681228638,-0.8521614808669863,-0.5232789031927285,8.33499965667725,4
699396,10.925263261795,-0.9895706681610198,-0.14404823051795154,7.14749979972839,4
699478,6.5089661359787,-0.4784733235460456,-0.8781020889707536,7.02249999046326,4
699512,5.43642477989197,0.010059006872217766,-0.999949406910542,6.8225001335144,4
699535,7.13918151855469,-0.23995428337143854,-0.9707841891438588,7.20999982357025,4
699568,11.7592207431793,-0.8848506745202637,-0.4658747511950336,9.86999950408935,4
699593,10.4261363506317,-0.8974556905746666,-0.441104617358681,9.57500028610229,4
699821,5.49372727870941,0.7912936721900132,-0.6114362798788144,3.40500009059906,4
699822,6.23427823781967,0.7859175611812015,-0.6183312922915938,3.36000009775162,4
699848,10.9135503768921,0.8956311910179516,-0.4447974479195732,5.01499998569489,4
699943,6.25057594776153,-0.6540929695873624,0.7564141637597658,6.02000000476837,4
699990,2.18345643877983,0.958265964438845,-0.28587819328883807,6.13999996185303,4
700178,7.25894680023193,-0.30595454658576426,-0.9520461204287843,8.97749991416931,4
700183,7.84808340072632,-0.2882207611709934,-0.9575639888957882,8.58750033378601,4
700187,9.10181319713592,-0.2551263030009728,-0.9669077357830249,8.03000023365021,4
700195,7.75109438896179,-0.3117823283768263,-0.9501535558592226,7.68499982357025,4
700225,8.16661596298218,-0.31899802875741445,-0.9477553785913767,7.02999999523163,4
700442,5.14111301773473,-0.6753262741399797,-0.7375191004009408,7.67631578445435,4
700505,4.8755325141706,-0.8085558994425163,0.5884193721120198,8.38684227592067,4
700760,5.07193148136139,-0.8194335196628927,-0.5731742377784296,6.01842109780562,4
700792,5.2359497666359,-0.1664433566834255,-0.9860510174508994,6.40000009536743,4
700810,6.51629822254181,-0.35639370706988305,-0.9343358740629552,6.80500018596649,4
700840,7.68408365249634,-0.2311113583363952,-0.9729273046060052,7.12999985218048,4
700843,8.29052057266235,-0.3613811696761783,-0.9324181734626783,7.19999980926514,4
700846,8.70968034267425,-0.3451886976502061,-0.9385333041584377,7.19999980926514,4
700879,10.9387025594711,-0.4653481833936109,-0.8851277129387974,9.29250016212463,4
700894,10.1270941734314,-0.42219154148328847,-0.9065066476865818,9.5,4
700909,11.1113452911377,-0.42604978645627406,-0.9046997178404353,9.61666693006243,4
700953,7.89593751430511,-0.5005601760120545,-0.8657017443616369,10.3000001907349,4
701002,10.3684625387192,-0.6562192774986522,0.7545702484455287,6.59999990463257,4
701085,4.86560937166214,-0.8164740015054719,-0.5773821999903034,5.64999990463257,4
701392,8.55752367973328,-0.39140506138589104,-0.9202184946639069,6.9075001001358,4
701418,10.147253203392,-0.4038854060407614,-0.9148095860818738,6.14999995231628,4
701492,8.11529064178467,-0.9180476059005093,-0.3964701669739391,8.48749995231628,4
701494,9.54380488395691,-0.970863622536347,-0.23963269066553008,8.55000019073486,4
701574,10.171013212204,-0.3222067096442202,-0.9466693383965941,6.64749984741211,4
701722,6.75727670192718,-0.9313197104878616,-0.36420268650410276,10.7049998283386,4
701787,5.2807225227356,0.8101464254385263,-0.5862275747089848,7.47000002861023,4
701914,8.68814792633057,0.3177698382863146,0.9481678806390192,6.97500004768372,4
701977,6.80242054462433,-0.7094443127947974,0.7047614965668298,5.30500020980835,4
702013,3.71131888628006,-0.9426675633910669,0.33373322419314017,8.13500003814697,4
702018,3.9345515191555,-0.9653005461147621,0.26114144763047864,7.56500005722046,4
702062,7.525133061409,-0.46842083568904536,-0.8835054729272346,5.41750009059906,4
702081,8.19601891040802,-0.3677715832323719,-0.9299161588910876,4.83250017166138,4
702104,11.2039421081543,-0.37729279334096755,-0.92609402767374,6.40000009536743,4
702134,11.2494945526123,-0.4110914497705524,-0.9115941091985761,8.20499978065491,4
702135,10.0492804527283,-0.4278295614542829,-0.9038594284211655,8.27999963760376,4
702179,10.3217406988144,-0.5188161027087308,-0.8548858704939061,9.87749977111816,4
702268,10.1765634775162,-0.5582965983746888,-0.8296414335381589,10.2049998283386,4
702323,9.10017971992493,-0.9933682012999226,-0.11497659173134439,8.44749979972839,4
702521,9.09487075805664,-0.5557188687215229,-0.831370277882768,6.79500017166138,4
702544,8.02637612819672,-0.6096829363100644,-0.7926453918192787,6.90500009059906,4
702625,13.775405216217,-0.571069679621543,-0.8209015903364716,12.3449994087219,4
702675,5.26657785177231,-0.9998310735888142,-0.018379996905310447,8.56250023841858,4
702732,7.06211009025574,-0.5643253465344463,-0.8255524836488454,7.34500005245209,4
702736,7.60217063567218,-0.5786169200870329,-0.8155994481294088,7.43529415130615,4
702824,6.51024684906006,-0.36926940136931014,-0.9293223925056102,5.94750003814697,4
702988,6.64631009101868,-0.0744583160628776,-0.9972241268486641,9.19999980926514,4
702989,7.23488974571228,-0.025315003288328815,-0.9996795239518073,9.19999980926514,4
703004,7.10638158321381,-0.28134695970003354,-0.9596061109994807,8.18499984741211,4
703018,7.41420357227325,-0.5751916134361503,-0.8180187087302577,8.07000031471253,4
703058,7.58490436077118,-0.7489932804371736,-0.6625775923316162,5.23499994277954,4
703342,3.46787167787552,-0.9979778296001162,-0.0635629737082962,5.96750001907349,4
703412,5.97257016599178,-0.8578522494797489,0.5138964079097407,5.29062512516975,4
703444,5.65505397319794,-0.9750530308244322,-0.22197204121260145,4.65249999761581,4
703479,3.3094220995903,-0.9316578000250859,-0.3633369560785373,6.44000005722046,4
778733,3.5781619548797607,0.5420480807727539,0.8403474746380655,15.6225004196167,5
778814,3.601815938949585,0.9069933143681874,0.4211450197870209,12.692500114440918,5
778826,3.6316559314727774,0.7585489713189104,0.6516160357994751,12.012499809265137,5
779056,7.10114336013794,0.2760863488071324,-0.9611328357736751,15.36750030517578,5
779108,4.611758232116699,-0.2872250165876545,-0.9578631373250678,14.380000114440918,5
779210,4.594054222106934,-0.10180905196194794,-0.9948039590485199,13.5625,5
779415,6.37175178527832,-0.4241536968354557,-0.9055902171848017,9.97249984741211,5
779429,4.908593654632568,-0.5739084186762557,-0.8189194874787872,12.90000057220459,5
779485,4.850027084350586,-0.1527298085423915,-0.9882679826760575,13.795000076293944,5
779557,3.979907512664795,0.057059974751894796,-0.998370752416813,13.600000381469728,5
779674,9.117375373840332,-0.7821835636734016,-0.6230480500885769,13.635000228881836,5
779702,6.386333465576172,-0.8882053414878632,-0.45944670131847526,12.30833339691162,5
779745,11.15855312347412,-0.9758270737893001,-0.2185440963737337,14.297500610351562,5
779754,8.695657730102539,-0.9999465482946293,0.010339272394937446,13.55500030517578,5
779794,7.549091815948486,-0.9642189498384515,-0.26510717978288295,10.3100004196167,5
779812,7.484644412994385,-0.9976750389736911,0.06815069045023628,9.22249984741211,5
779822,8.576491355895996,-0.9839873880625826,0.1782380995572396,9.22499942779541,5
779842,5.567619800567627,-0.9953610600100028,-0.09620997981375792,9.550000190734863,5
779857,6.664385318756104,-0.9999636597538806,0.00852520801067486,11.217499732971191,5
779950,6.109928131103516,-0.962596719545749,-0.2709382872902289,9.407500267028809,5
780012,7.143771648406982,-0.9036163843100875,-0.42834265489951406,12.077500343322754,5
780035,8.153955459594727,-0.7719082480501037,-0.6357339511086533,13.720000267028809,5
780095,13.560382843017578,-0.8068304043619134,-0.5907831231485807,12.582499504089355,5
780118,11.433106422424316,-0.9271411496500875,-0.37471227445269784,14.597500801086426,5
780146,5.368637561798096,-0.8091760060263538,0.587566329252484,11.99250030517578,5
780238,4.456087589263916,-0.9133295546260548,0.40722122322709614,9.145000457763672,5
780288,4.806194305419922,-0.5833830629927912,0.8121971446718764,10.574999809265137,5
780366,6.277435302734375,-0.8176554999553713,-0.5757078107796799,10.600000381469728,5
780375,7.448962688446045,-0.6684651580552607,-0.7437434587720118,10.429999351501465,5
780538,6.142022609710693,-0.9903740058166035,0.1384172265390915,10.842499732971191,5
780543,6.169183731079102,-0.979743673635787,0.20025567150683277,10.815000534057615,5
780560,3.560286521911621,-0.7346373414511522,0.6784600036447124,10.734999656677246,5
780595,5.038649559020996,-0.8903340434856923,0.45530790791553066,14.842499732971191,5
780596,4.480880260467529,-0.6872290612934588,0.7264407872040992,14.97249984741211,5
780615,4.110721111297607,-0.9247813432784946,0.38049897125225346,15.52750015258789,5
780690,3.775480747222901,-0.8435908572973517,-0.5369864667608665,12.515000343322754,5
780693,4.294808387756348,-0.696252643880473,-0.7177968068258951,12.15250015258789,5
780720,3.2668704986572266,-0.8025972819365303,-0.5965212511118891,12.4375,5
780916,8.895157814025879,-0.6890910047256353,-0.7246748148005521,14.954999923706056,5
781090,6.2354278564453125,-0.8846332356610255,-0.46628750612031683,11.574999809265137,5
781253,9.335988998413086,-0.40818469094928395,-0.9128993690843682,11.0,5
781266,9.476834297180176,-0.5779924173349675,-0.8160421346372262,13.270000457763672,5
781409,9.039846420288086,-0.5232004935310627,-0.8522096241939845,15.36750030517578,5
781487,6.569211483001709,-0.42115528550458603,-0.9069885476077141,17.5049991607666,5
781529,8.13548755645752,0.15277770924942302,-0.9882605787728754,13.4350004196167,5
781540,5.787122249603272,-0.18596121270347182,-0.9825570860615958,12.434999465942385,5
781565,6.46078634262085,-0.18142842209126506,-0.9834041527558615,12.949999809265137,5
781590,7.206755638122559,-0.4296342535532752,-0.9030029945541266,14.570000648498535,5
781803,13.125943183898926,-0.5310965546343083,-0.8473113062243223,12.770000457763672,5
781979,4.600656509399414,0.4088607558831641,0.9125967796889531,9.517499923706056,5
782005,4.48906946182251,0.9999455204699375,0.010438203490348907,8.942500114440918,5
782187,6.529123783111572,0.6976132198959683,-0.7164745602087902,15.105000495910645,5
782196,6.772577285766602,0.3363988423401124,-0.9417196073525453,15.394999504089355,5
782270,5.704196453094482,0.09915142075043612,-0.995072357049059,10.75749969482422,5
782421,9.777313232421877,-0.3021869608521947,-0.953248677256315,12.755000114440918,5
782432,9.166521072387695,-0.206579840634918,-0.9784297468102919,11.845000267028809,5
782438,10.831117630004885,-0.22169761360964088,-0.9751154639937726,12.127500534057615,5
782467,12.377474784851074,-0.44627574710565665,-0.8948955009079484,13.30500030517578,5
782537,12.252055168151855,-0.924900060512715,-0.38021030767665437,10.755000114440918,5
782931,8.437704086303711,-0.601731432881895,-0.7986984929758547,16.389999389648438,5
782946,10.908634185791016,-0.5928034252874622,-0.805347191568613,15.394999504089355,5
783027,6.103320121765137,-0.9946488719282377,0.10331322070230975,14.30500030517578,5
783107,3.5762617588043213,-0.9726121075004291,-0.23243426671550313,11.07894802093506,5
783176,1.8907440900802608,-0.9342292113963689,0.3566732125822159,12.835000038146973,5
783321,3.5856754779815674,-0.22247011859105725,0.9749395090640655,11.50749969482422,5
783343,3.721416473388672,-0.9717343346361479,0.23607706980823648,13.324999809265137,5
783446,7.834663391113281,-0.9960457420106942,-0.08884188101546235,7.697499752044678,5
783721,5.945207118988037,0.03299296166512434,0.9994555840459163,4.434999942779541,5
783761,1.6775766611099243,-0.9685352190273309,0.2488765346586141,10.24250030517578,5
783911,7.760364055633545,-0.6289775933550147,-0.7774234284206605,11.960000038146973,5
783961,4.885400772094727,-0.731505342205054,-0.6818357091891468,9.932499885559082,5
784080,6.083169460296631,-0.5885001152680407,-0.8084971331609673,12.362499237060549,5
784161,6.748443603515625,-0.7492612808967953,0.6622745147964654,9.012499809265137,5
784175,5.018138408660889,-0.7348147488281253,0.6782678563109557,9.350000381469728,5
784381,5.884699821472168,-0.5638897037367886,-0.8258501086877914,9.27750015258789,5
784470,7.052196502685547,-0.6344797435521937,0.7729394898838734,9.907499313354492,5
784474,5.546700954437256,-0.7175573829320504,0.6964993913850226,9.954999923706056,5
784628,5.467520236968994,-0.7928631477800896,0.6093997283329291,7.787500381469727,5
784683,5.765373706817627,-0.6687826047275756,0.7434580200749732,6.402500152587891,5
784872,5.45339298248291,-0.014509457735891665,-0.9998947322774585,8.202499389648438,5
784875,7.4820966720581055,0.13733496740099582,-0.9905246623527187,8.0625,5
785051,5.093746662139893,-0.4185286487656864,0.9082035951053974,6.65500020980835,5
785104,6.420090675354004,-0.9576902437470619,0.28780096773932695,6.777500152587891,5
785126,3.794515371322632,-0.8924226729067859,-0.45120036888494197,5.277500152587891,5
785209,3.522391557693481,-0.9982508728455632,0.05912017306360859,12.31999969482422,5
785218,5.907133102416992,-0.6052515895530984,0.7960342413134297,11.434999465942385,5
785231,3.997060537338257,-0.884298716126785,0.46692160011774964,9.682499885559082,5
785312,7.263551235198975,-0.9862467181303516,-0.165279796034212,9.649999618530272,5
785508,2.8408849239349365,-0.7765748024991911,0.6300250599169389,8.357499122619629,5
786896,8.831384658813477,-0.837664406769694,-0.5461852631032594,11.994999885559082,5
786913,8.624536514282227,-0.8018367882444052,-0.5975431072465793,11.510000228881836,5
786953,7.996224403381348,-0.5787150140010983,-0.8155298477491235,11.392499923706056,5
787017,9.777607917785645,-0.4704433599220102,-0.8824301927661417,12.61842155456543,5
787066,15.14175033569336,-0.34823394841059363,-0.9374076579452336,13.59000015258789,5
787217,11.696823120117188,-0.5476895251288526,-0.8366816503689631,8.444999694824219,5
787299,5.611187934875488,-0.9773993001663743,-0.21140153271507228,6.0625,5
787338,4.664900779724121,-0.9955772496353991,0.09394647416701854,5.550000190734863,5
787586,7.404328346252441,-0.9984790182900423,-0.055133021271769764,2.367500066757202,5
787745,12.372087478637695,-0.7221606170235563,-0.6917254102750284,8.789999961853027,5
787804,10.627531051635742,-0.993917239566979,0.11012956411226107,7.517499923706055,5
787940,4.442434310913086,-0.6197232694070319,0.7848204057970584,5.792500019073486,5
787955,6.446356296539307,-0.6494950290296049,0.7603658377819408,6.075000286102295,5
787964,5.310125827789307,-0.77133110419022,0.6364340717691785,3.920000076293945,5
788130,7.963894844055176,-0.6127722005385193,0.7902595967447537,3.0374999046325684,5
788230,11.697315216064451,-0.45306577606864995,0.8914770903143344,3.587500095367432,5
788256,10.430313110351562,-0.4537840457858617,0.8911116876072354,2.069999933242798,5
788429,6.931262969970703,-0.5370880100194125,0.8435262115034644,2.992500066757202,5
788440,6.53197193145752,-0.6399233252575667,0.768438766455271,3.0526316165924072,5
788486,3.6338045597076416,-0.999520586410338,-0.03096122319828584,2.809999942779541,5
788535,3.4423482418060303,-0.9377612558087653,-0.3472806172304572,5.392499923706055,5
788560,3.033212184906006,-0.8741208704219153,0.48570845565301113,6.099999904632568,5
788727,3.737057685852051,-0.7463686937550917,0.6655326986574875,5.840000152587891,5
788731,4.8021392822265625,-0.9104926191291622,0.41352532027835764,5.189999580383301,5
788738,4.156186103820801,-0.8866007443229912,0.4625355339494665,5.079999923706055,5
788887,4.586463451385498,-0.9940863371373958,-0.10859260709991214,6.942500114440918,5
789101,10.740031242370604,-0.49390838256876046,-0.8695139502206454,9.542500495910645,5
789156,10.833112716674805,-0.30336441189211377,-0.9528746158846672,9.140000343322754,5
789167,12.47145175933838,-0.3794116102851526,-0.925227988109324,9.170000076293944,5
789197,12.491498947143556,-0.3211882799815862,-0.9470153582716968,10.431578636169434,5
789234,11.835148811340332,-0.8873293628973213,0.46113620736202643,8.364999771118164,5
789422,8.43896484375,-0.9992075383124023,0.039803208157999884,0.0900000035762786,5
789568,6.127302646636963,-0.6698967612886496,-0.742454260688817,1.0175000429153442,5
789622,6.331099987030029,0.9985869211585124,-0.05314283480548219,-0.9124999642372132,5
789625,7.999683380126953,0.9990484655136898,0.04361380004931716,-0.7925000190734863,5
789671,5.635897636413574,-0.05844383641340005,0.9982906981362111,1.2274999618530271,5
789745,5.448453426361084,0.5871335819709511,0.8094900598042946,0.2650000154972076,5
789977,8.19252872467041,-0.38523811553332027,-0.9228172052689179,1.027500033378601,5
790335,6.404310703277588,-0.6496764484505626,0.7602108341300218,1.497499942779541,5
790343,7.211538314819336,-0.4326007042854406,0.9015856202556365,1.1750000715255735,5
790412,8.623291015625,-0.5607616889665206,0.8279772510083929,4.189999580383301,5
790536,6.153698444366455,-0.9993941312976473,0.03480474576578336,2.7674999237060547,5
790628,5.526954174041748,-0.964669544193491,-0.26346284463947117,2.0824999809265137,5
790659,7.402137756347656,-0.45226099319486146,-0.8918856395493749,3.087500095367432,5
790697,7.370188236236572,-0.9124399436943844,-0.40921064154172304,8.127500534057617,5
790729,8.02834701538086,-0.6470747395040477,0.7624265744947305,6.244999885559082,5
790735,7.906924247741699,-0.6164795969388724,0.7873708824677766,5.570000171661377,5
790739,8.156492233276367,-0.6304782896611838,0.7762068836759363,5.410000324249268,5
790908,9.78416919708252,-0.9710977287617518,-0.23868221800914943,4.487500190734863,5
790967,6.264594554901123,-0.9353265162247676,-0.35378568095223906,6.340000152587891,5
790983,8.094627380371094,-0.976475281407744,-0.2156293690564138,6.869999885559082,5
791103,3.951690196990967,-0.9936073810664442,-0.11289097523842193,9.244999885559082,5
791293,5.406646728515625,-0.9702613765379708,-0.24205962323081065,9.329999923706056,5
791441,5.081024169921875,-0.9764956057216768,-0.21553731000978807,8.8100004196167,5
791446,5.163318157196045,-0.9364197554999745,-0.35088180561175886,7.847500324249268,5
791458,4.940014362335205,-0.9480973681462398,-0.3179801574220842,8.539999961853027,5
791468,4.95001745223999,-0.9638161867806008,-0.26656773641928616,8.730000495910645,5
791501,6.435857772827148,-0.9449404240726997,-0.327242410077463,7.400000095367432,5
791568,7.1613078117370605,-0.7832301250668577,-0.6217319126341789,7.400000095367432,5
791577,8.1077241897583,-0.8628134236169338,-0.5055224980418038,7.579999923706055,5
791666,10.223697662353516,-0.571379757417366,-0.8206857942073033,9.06999969482422,5
791719,7.100273132324219,-0.48618467691830003,-0.8738560865095856,8.897500038146973,5
791768,10.366267204284668,-0.48672473165757424,-0.873555399269481,9.15999984741211,5
791840,11.83277416229248,-0.295266318723857,-0.9554149889065283,10.297500610351562,5
791858,10.45162868499756,-0.06544724298657474,-0.9978560308909579,9.2475004196167,5
792009,7.434121131896973,0.8687286712957079,0.49528829550958897,2.3575000762939453,5
792040,10.60179328918457,0.4062575150635196,0.913758628662085,0.5575000047683716,5
792132,8.230117797851562,-0.7554942270974301,0.6551553043534463,1.9975000619888303,5
792336,3.4022347927093506,-0.09793762989956883,-0.9951925545589934,-0.2775000035762787,5
792413,9.879423141479492,-0.9787990842313191,-0.20482273484145042,5.59499979019165,5
792414,9.5927734375,-0.9883960020228291,-0.1518991217396848,5.662499904632568,5
792529,10.720233917236328,-0.9135300754755012,-0.4067711902307303,11.127500534057615,5
792593,6.429515361785889,-0.41187311744424504,-0.911241205788434,9.279999732971191,5
792808,7.621231079101562,-0.4656208838476048,-0.8849842894226854,4.477499961853027,5
792874,11.56955337524414,-0.9652423131714999,0.2613566086084912,5.977499961853027,5
792894,7.210808277130127,-0.9999067561311241,0.013655732984085088,5.617499828338623,5
792970,7.82597541809082,0.3277627785303963,-0.9447600547282016,4.80750036239624,5
793357,4.702946186065674,-0.449664851851982,-0.8931973583754796,4.029999732971191,5
793509,4.83717155456543,0.22795747225159022,0.9736710896625541,2.362499952316284,5
793640,8.63073444366455,0.3797758262829204,0.9250785489736129,1.6475000381469729,5
793676,7.444289684295654,0.8041427389650312,0.5944362500468975,2.434210538864136,5
793708,8.450362205505371,0.6987839475043653,0.715332785988603,5.347499847412109,5
794014,4.347232818603516,0.7215164637165222,-0.692397279447287,3.712500095367432,5
794311,4.806850910186768,-0.33340717258637487,0.9427829322107816,5.519999980926514,5
794329,4.866846084594727,-0.5180312919555309,0.8553616665217606,5.305263519287109,5
794606,4.408804893493652,0.8721438504082056,-0.48924953162486456,3.490000009536743,5
794654,3.925029039382935,0.7374656849683081,-0.6753846041288061,2.650000095367432,5
794655,3.9975156784057617,0.8429562428102046,-0.5379821304721035,2.682500123977661,5
794733,6.287459850311279,-0.4729693788566163,-0.88107886517836,3.109999895095825,5
795115,9.414962768554688,-0.9826675991864198,-0.1853763456032024,5.460000038146973,5
795137,12.159446716308594,-0.9756605671631642,-0.219286245995623,5.557499885559082,5
795158,9.953357696533203,-0.951490509565211,-0.3076780951048273,4.670000076293945,5
795175,10.319561958312988,-0.884805412792252,-0.46596070810051404,4.474999904632568,5
795204,12.804685592651367,-0.591530838379501,-0.8062823743863217,5.755000114440918,5
795267,6.962748050689697,-0.9884422345915135,-0.15159798440525335,6.072499752044678,5
825976,4.583845138549805,-0.9974227309221432,0.07174883859557647,18.23611068725586,5
826175,4.749927997589111,-0.9060587817729814,-0.42315184505335773,17.552499771118164,5
826205,6.419717788696289,-0.8102067323371326,-0.5861442236135966,22.88500022888184,5
826355,6.872846603393555,-0.943399920824606,-0.331657337304826,17.6200008392334,5
826374,6.8951826095581055,-0.9585938804339478,-0.2847767062008166,16.816665649414062,5
826427,5.71454668045044,-0.9566430522126371,-0.2912628892483381,9.614999771118164,5
826439,5.834107875823975,-0.9465131266921966,-0.3226653080195667,9.5625,5
826468,6.7042622566223145,-0.9490187701443649,-0.31521956461120426,14.102499961853027,5
826578,7.655571937561035,-0.9948049350848607,0.10179951439376439,8.295000076293945,5
826649,3.890781164169312,-0.9875203811930136,0.15749125921271057,16.600000381469727,5
826661,4.520179748535156,-0.9924716433533273,0.12247463876062677,15.68000030517578,5
826733,5.848697662353516,-0.2429070704226807,-0.9700495632382249,10.704999923706056,5
826738,3.7890028953552246,0.05887452560976268,-0.9982653906823703,10.337499618530272,5
826786,7.875314712524414,0.012518926943548747,-0.9999216351635672,12.755000114440918,5
826800,6.129793167114258,-0.4755517259930736,-0.8796877604610676,15.914706230163574,5
826878,4.922076225280762,-0.825932845070518,-0.5637685122758451,13.149999618530272,5
826887,6.934121608734131,-0.93021157191084,-0.36702374784632685,13.802499771118164,5
826902,6.958902359008789,-0.9066977240144212,-0.4217810299990607,15.895000457763672,5
827180,3.892860174179077,-0.9549482083267722,0.2967725044768934,13.735000610351562,5
827184,3.3888325691223145,-0.8550613217830061,0.5185268903255631,14.619999885559082,5
827282,5.535808563232422,-0.7200767997782819,0.6938943741096827,11.394999504089355,5
827293,5.785826683044434,-0.644525340241054,0.764582948925199,11.362500190734863,5
827298,6.162890434265137,-0.5575469477749646,0.8301454095679991,11.62631607055664,5
827315,4.989955425262451,-0.45159271270541174,0.892224199308317,11.615789413452148,5
827409,3.79097056388855,0.9668850493989277,0.2552122670422272,12.462499618530272,5
827621,4.612194061279297,-0.16726223111531371,-0.9859124433956229,19.23500061035156,5
827711,5.723753929138184,-0.2125196307931251,-0.9771567973091901,15.71500015258789,5
827729,3.3145081996917725,-0.3000382396988354,-0.9539271747457582,14.364999771118164,5
827767,4.471713066101074,0.10764293099264605,-0.994189619442545,20.450000762939453,5
827919,0.963906228542328,0.1417802887125456,0.98989815119162,22.61000061035156,5
827924,1.16673743724823,0.914547881132818,0.40447765465532576,23.56999969482422,5
827933,2.209643840789795,0.8733735101641704,0.48705103607683226,23.549999237060547,5
828043,4.909961223602295,0.34025927990515265,0.9403316555547978,13.426316261291504,5
828089,5.106680393218994,0.26958310298724547,0.962977128795782,14.673333168029783,5
828091,3.9072537422180176,0.3304514163860521,0.9438230032206526,14.923684120178224,5
828108,3.9424033164978023,-0.2750218766320641,0.9614379685521982,13.947500228881836,5
828206,5.68170976638794,-0.04305107055001369,0.9990728728799004,17.122499465942383,5
828284,5.68126392364502,-0.7370415960191933,0.6758473834657349,12.442500114440918,5
828425,6.949444770812988,-0.9961477611830246,0.08769058039520355,9.362500190734863,5
828503,8.497129440307617,-0.9605832479261136,-0.2779924887541361,14.852777481079102,5
828576,3.4543581008911133,-0.8793649879871395,-0.4761483150262932,10.3774995803833,5
828635,6.174859523773193,-0.46977486976114513,-0.8827862548436621,13.997499465942385,5
828686,5.592052936553955,-0.8005612481756212,-0.5992509390226196,15.529999732971191,5
828694,5.658675670623779,-0.5941874256749278,-0.804326614734215,14.888888359069824,5
828741,7.080264091491699,-0.40122505836625044,-0.9159795044317307,13.375,5
828770,9.836776733398438,-0.6668183473876278,-0.7452202973532276,16.78499984741211,5
828793,9.306612968444824,-0.8051559653629963,-0.5930631260164313,19.51000022888184,5
829148,2.976485252380371,-0.8830410961638016,0.46929566638296555,13.984999656677246,5
829313,3.1661195755004883,-0.9849894173517862,0.17261473779775746,11.489999771118164,5
829315,3.487510681152344,-0.9667525193080999,0.2557138369573337,11.417499542236328,5
829369,6.199306488037109,-0.8204784879068178,-0.5716774010594978,16.905000686645508,5
829376,5.561164855957031,-0.9984904493407408,-0.05492560946703714,16.407499313354492,5
829402,4.503194808959961,-0.9390975102397149,-0.3436507911551618,14.857500076293944,5
829476,6.681950092315674,-0.7805398271964981,-0.6251060535301678,12.0,5
829490,6.316528797149658,-0.9333992592840721,-0.3588395501724212,14.927499771118164,5
829520,6.456619739532471,-0.8608340079868503,-0.5088858523218104,17.5049991607666,5
829555,3.754699230194092,-0.9061190628779437,-0.4230227463023673,14.1899995803833,5
829687,5.4369072914123535,-0.7241018110008504,-0.6896930964605117,16.814998626708984,5
829735,7.398016929626465,-0.2260220947472307,-0.9741221754410859,12.077500343322754,5
829764,9.862634658813477,-0.3071889977912545,-0.9516485273650165,13.380000114440918,5
829824,7.072523593902588,-0.6199556617006822,-0.7846368443587577,18.997499465942383,5
829877,5.705785274505615,-0.22156906565033743,-0.97514468113549,16.5,5
829923,7.9357171058654785,-0.3536720921553374,-0.9353694731123453,17.14166831970215,5
829989,7.599568843841553,0.2215072573818562,-0.9751587229406135,17.985000610351562,5
830036,12.908679008483888,-0.2524887424545952,-0.9675998320244258,17.892105102539062,5
830072,13.675650596618652,-0.7071502803655143,-0.7070632793314715,18.020000457763672,5
830160,10.669137954711914,-0.41875671826564786,-0.9080984588178668,16.537500381469727,5
830238,16.505224227905273,-0.6929975128977002,-0.720939974698034,20.604999542236328,5
830279,8.118873596191406,-0.914387415767067,-0.4048402819468747,13.8100004196167,5
830303,5.944591999053955,-0.6320598051689296,-0.7749196104692504,11.710000038146973,5
830655,6.799376487731934,-0.637449105900894,-0.7704924641981586,11.16249942779541,5
830809,8.080820083618164,-0.40753205316393637,0.9131909031763219,11.84000015258789,5
830842,4.631814479827881,-0.7195517753601552,0.6944387968540127,10.570000648498535,5
830982,2.0584025382995605,-0.675097221148071,0.7377287726516788,13.16249942779541,5
831029,1.292718768119812,-0.31001019634441374,0.9507332318597568,9.5,5
831183,10.002633094787598,-0.5476518676896756,-0.8367062996153489,9.329999923706056,5
831185,8.249423027038574,-0.5695465688448379,-0.8219590658403083,8.97499942779541,5
831242,4.850833892822266,-0.8597176627729181,-0.5107695569591741,18.96999931335449,5
831338,2.9398984909057617,-0.8173340133136703,-0.5761641351911528,15.789999961853027,5
831377,4.854824542999268,-0.8854941512794045,-0.46465052248971717,20.567501068115234,5
831438,7.562350749969482,-0.48925638345549055,0.8721400066778578,13.029999732971191,5
831449,7.693698883056641,0.06330179519248512,0.9979944302076083,12.38249969482422,5
831491,5.4511260986328125,-0.0048064546287252385,0.9999884489302374,8.207499504089355,5
831499,5.464825630187988,0.33924893003641027,0.9406966373221235,10.109999656677246,5
831563,4.683121681213379,0.9828282690888812,0.184522609670885,10.837499618530272,5
831572,4.636548042297363,0.9856660759139321,0.1687079926750085,9.90999984741211,5
831659,4.058084964752197,-0.8040665466602105,-0.5945393078190234,13.947500228881836,5
831660,3.820781946182251,-0.8305708704140323,-0.5569129458179948,14.19499969482422,5
831782,4.692142963409424,-0.9975732558840389,-0.06962470211726546,9.90999984741211,5
831964,5.740627288818359,-0.8701484171795635,0.4927897442925333,12.38249969482422,5
831997,3.054773092269897,-0.9244358226629202,-0.38133765848330525,11.594118118286133,5
832036,7.251577377319336,-0.914434309368693,-0.40473434972757333,9.315000534057615,5
832236,5.186592102050781,-0.9994829695560574,-0.03215266034724458,14.852499961853027,5
832258,4.885787010192871,-0.9873846260474362,-0.1583401409787317,17.014999389648438,5
832494,4.835828304290772,-0.2681205589556553,-0.9633853672675888,11.105263710021973,5
832628,8.250666618347168,0.25829765907771396,0.9660653804556776,6.46750020980835,5
832669,8.60873794555664,0.05524117195681778,0.9984730406580026,6.432499885559082,5
832686,8.055315017700195,0.25751110452137127,0.9662753391493459,7.630000114440918,5
832777,5.654905319213867,-0.2557344338408417,0.9667470710315621,5.450000286102295,5
832837,5.1689958572387695,-0.7638563950916567,-0.6453862468921838,11.363158226013184,5
832869,7.193866729736328,-0.5975367009659012,-0.8018415622794737,8.904999732971191,5
833015,8.24128532409668,-0.6948535565179819,-0.7191512601631953,12.880555152893066,5
833057,8.456710815429688,-0.6154060434254113,-0.7882102522268286,17.395000457763672,5
833060,9.143226623535156,-0.5038011230874171,-0.8638196735290631,17.559999465942383,5
833141,5.079931735992432,0.2796410862662287,-0.9601046103794334,13.565000534057615,5
833169,3.583534479141236,0.8979157851055791,-0.4401672896277408,12.802499771118164,5
833219,3.265577554702759,0.8971057794361608,-0.4418158219238402,15.204999923706056,5
833262,6.351166248321533,0.4279924804935035,-0.9037822949366833,14.295000076293944,5
833299,8.153454780578613,0.4025779995838117,-0.9153856860641292,16.58500099182129,5
833334,10.636857986450195,0.16766210287515293,-0.9858445208345389,17.760000228881836,5
833402,10.150612831115724,0.21649031430022447,-0.9762847657390696,12.21500015258789,5
833420,9.890925407409668,0.06057138679810375,-0.9981638678600596,13.772222518920898,5
833438,10.984125137329102,-0.14402024890466894,-0.9895747409394792,15.220000267028809,5
833456,11.917001724243164,-0.1068973121019468,-0.9942700662623707,15.407500267028809,5
833600,10.86924171447754,-0.021133805534299752,-0.9997766561905906,22.087499618530277,5
833663,9.403510093688965,-0.5486604361042663,-0.8360452893557121,17.354999542236328,5
833753,10.654863357543944,-0.05230138256442106,0.9986313460841544,8.289999961853027,5
833817,8.117332458496094,0.20238162704914234,0.9793067328640919,7.945000171661377,5
833828,8.084903717041016,0.22351699685645487,0.9747000318643021,8.269999504089355,5
833909,6.409508228302002,0.5149823741223959,0.8572007666487826,10.297500610351562,5
834119,5.632667541503906,-0.5153407387023425,-0.8569853692063383,11.160000801086426,5
834528,3.7315518856048575,-0.9992369619697749,-0.039057570756700154,11.68000030517578,5
834717,6.484036445617676,-0.9483288942840978,-0.3172889980221507,10.630000114440918,5
834767,3.9590539932250977,-0.9996422582015603,0.026746132761298988,17.267499923706055,5
834872,6.871955871582031,-0.52495557578457,0.8511296278785568,8.039999961853027,5
834897,6.241647720336914,0.03840739882478625,0.999262163656522,11.335000038146973,5
834918,4.189117431640625,-0.9626877971478266,0.2706144955885865,12.1875,5
836745,5.176568508148193,-0.2061816701322853,-0.9785137295416255,8.960000038146973,5
836764,5.634171009063721,-0.3010344449446534,-0.953613266978215,9.982500076293944,5
836795,4.223161220550537,0.12031572131193075,-0.9927356784185757,10.067500114440918,5
836853,4.498146057128906,0.37789966798562113,-0.9258465536666199,12.710000991821287,5
837062,6.637047290802002,0.9998503421296948,-0.01730009662205129,6.744999885559082,5
837157,6.396198749542236,0.9738457957184455,0.22720996052441805,6.025000095367432,5
837186,6.635980606079102,0.9522142113537833,0.3054309998934173,5.276315689086914,5
837201,5.83910083770752,0.8895791280563464,0.4567811017615663,4.909999847412109,5
837211,5.946744918823242,0.9144588831821538,0.40467882446360826,4.920000076293945,5
837242,6.641372203826904,0.9648722434691156,0.26271953445238094,7.862500190734863,5
837350,8.079947471618652,0.8920062027841058,0.4520231567018229,5.907500267028809,5
837488,9.656126976013184,0.8345705552448123,0.5509010694474696,4.625,5
837551,7.359258651733398,0.7687810766089915,0.6395120454283248,3.670000076293945,5
837589,7.093554973602295,0.6393589905158145,0.7689083698637951,2.9049999713897705,5
837722,6.095894813537598,0.7831685264960822,-0.6218095038723318,2.962500095367432,5
837944,4.639369487762451,0.9804873747961576,0.19658206394617805,3.4674999713897705,5
838004,5.794688701629639,0.9904562002403063,0.13782784698867745,5.994736671447754,5
838375,6.076812744140625,-0.14189842502495065,0.9898812236705161,4.460000038146973,5
838717,11.92320156097412,-0.3305451074345196,-0.943790194879721,13.05500030517578,5
838858,11.38370132446289,-0.4078253282618746,-0.9130599660636174,9.609999656677246,5
838982,9.545076370239258,-0.7129496687363924,-0.7012152093677577,9.244736671447754,5
839004,8.1707181930542,-0.6851804686222596,-0.7283733420565176,7.920000076293945,5
839054,6.965325355529785,-0.4374893609064296,-0.8992235868201434,6.067500114440918,5
839078,4.239199161529541,-0.004889544278261501,-0.9999880461069277,5.855000019073486,5
839107,8.716047286987305,0.4298838597796328,-0.9028841936267159,7.78000020980835,5
839128,6.523778915405273,-0.19263261413603003,-0.981270949315794,9.710000038146973,5
839185,6.533895492553711,-0.2314648901162067,-0.9728432580038228,8.927499771118164,5
839189,8.548662185668945,-0.30070783142508906,-0.9537163100836749,8.600000381469727,5
839278,9.661528587341309,-0.7861578901487718,-0.6180257047703046,12.539999961853027,5
839280,10.885744094848633,-0.767953013350407,-0.6405061820826007,12.5,5
839370,9.597970008850098,-0.6653388754675179,-0.7465414796189282,9.769999504089355,5
839390,7.244140148162842,-0.36129128832743546,-0.93245300416627,9.686110496520996,5
839444,3.1714470386505127,-0.7423559519269587,0.6700057019448558,6.585000038146973,5
839502,6.976908206939697,-0.9762864377008393,0.21648277428332527,4.795000076293945,5
839558,1.521824836730957,-0.9938333057859722,-0.11088444575559882,6.394999980926514,5
839616,4.872848987579346,-0.27780036328185964,-0.9606388281557574,4.014999866485596,5
839622,2.1934447288513184,0.1734422917911678,-0.9848440340572854,4.287499904632568,5
839695,6.575085639953613,0.28334626087191317,-0.9590176726473323,8.8100004196167,5
839961,11.348748207092283,-0.8793218703536753,-0.4762279373553324,10.979999542236328,5
839972,15.559020042419434,-0.9534881189819612,-0.30143060057041576,10.77750015258789,5
840075,4.649560451507568,-0.8119590589599883,0.5837143878411858,7.679999828338623,5
840162,5.056839466094971,-0.9989357483218975,-0.04612342923689394,6.068420886993408,5
840182,4.617086410522461,-0.9965396519240337,-0.08311872318031449,5.95714282989502,5
840327,1.677093505859375,-0.9326411755365721,0.36080526284099684,6.742499828338623,5
840355,5.192346572875977,0.16084954584337435,-0.9869789377701939,5.332499980926514,5
840401,4.740757942199707,0.6765425239837968,-0.7364035668311458,6.074999809265137,5
840619,6.241814613342285,0.91238391974164,-0.40933553839958803,1.372499942779541,5
840699,7.324082851409912,0.9988917396509429,0.04706689342959562,2.0999999046325684,5
840874,4.395384311676025,0.4881957327350353,-0.8727341671662122,0.8550000190734863,5
840929,10.189482688903809,0.6755548640497511,-0.7373097216629673,-0.1950000077486038,5
841022,10.571127891540527,-0.7286116098185524,-0.6849270924978931,7.132499694824219,5
841026,11.860479354858398,-0.7676052640969295,-0.6409228959326411,7.019999980926514,5
841124,5.389647483825684,0.651992559721158,-0.758225363640819,5.922500133514404,5
841323,5.210760593414307,-0.060780325583864606,-0.9981511669190791,8.59000015258789,5
841465,7.990234851837158,-0.2765158307591206,-0.961009362774158,5.149999618530273,5
841527,6.865607261657715,-0.4807685760237569,-0.8768475216980938,7.299999713897705,5
841574,7.2510576248168945,-0.18569377828164044,-0.9826076636722761,5.5,5
841639,7.121936798095703,-0.47013594435497486,-0.8825940141568239,4.890000343322754,5
841670,8.085646629333496,-0.5954830228203158,-0.8033678917736128,8.364999771118164,5
841773,4.608203411102295,0.3636432844447476,-0.9315382770870108,8.010000228881836,5
841975,6.574324607849121,-0.9910427344574674,-0.1335451177657417,9.390000343322754,5
842032,6.584082126617432,-0.7738494532823137,-0.6333695790410715,6.599999904632568,5
842119,6.692289352416992,0.22650615280028663,0.9740097344193297,5.992499828338623,5
842324,5.543567657470703,-0.2794201615614209,-0.9601689295707238,4.735000133514404,5
842358,8.660074234008789,-0.28028178639975576,-0.959917767422065,4.676315784454346,5
842419,4.269530296325684,-0.5001623593183975,-0.8659316452936999,7.082499980926514,5
842441,4.221954822540283,-0.6299917622226799,-0.776601815302773,6.894999980926514,5
842459,4.978246688842773,-0.327954997828467,-0.9446933467529716,7.039999961853027,5
842581,4.025340557098389,-0.4270463275390135,-0.9042297463230469,7.767499923706055,5
842598,4.553963661193848,-0.49218456632021973,-0.8704908688068917,7.452499866485596,5
842616,4.935497283935547,-0.5840000018171217,-0.8117536559065206,7.472499847412109,5
842617,5.633762836456299,-0.6230030545117818,-0.7822194027694467,7.527500152587891,5
842727,2.8420369625091557,-0.7983732275679252,0.6021629260447491,7.912500381469727,5
842728,3.008561134338379,-0.8240199805921091,0.5665607395372362,7.800000190734863,5
842822,4.0918684005737305,-0.920483832405733,-0.3907806472685853,8.792500495910645,5
842892,4.662312984466553,-0.9489535221935528,-0.31541593605341245,8.605000495910645,5
842940,9.870468139648438,-0.778661802935427,-0.6274438593606206,9.332500457763672,5
843002,2.7626397609710693,-0.7352585888868591,0.6777866976181405,8.933333396911621,5
843156,4.807118892669678,-0.9919000860153288,0.12702054701025073,9.359999656677246,5
843223,3.3020899295806885,-0.9800230231001346,-0.19888407224730947,8.460000038146973,5
843239,4.5437912940979,-0.9810501753269624,-0.19375384768033987,7.927500247955322,5
843319,5.222659111022949,-0.9937679904067269,0.11146829703092913,8.135000228881836,5
843370,5.696578025817871,-0.9940670028733462,0.10876945250575969,7.262499809265137,5
843380,4.44851016998291,-0.9991689399559094,0.040760635757853214,7.517499923706055,5
843391,5.416024684906006,-0.9973085680156103,0.07331862084527248,7.78000020980835,5
843483,6.275379657745361,-0.08761842123195378,0.9961541106981489,3.75789475440979,5
843516,5.853765487670898,-0.1613607643611705,0.9868954877416245,3.2925000190734863,5
843551,3.3319756984710693,-0.14095037784784636,0.9900166619731959,4.260000228881836,5
843608,2.4707438945770264,-0.1356425378016093,0.9907578422292397,3.799999952316284,5
843644,0.6245248913764954,0.4378836488405494,0.8990316513216241,3.3500001430511475,5
843650,1.2687000036239624,0.8086899423942095,0.5882351375686852,3.2074999809265137,5
843671,0.7306971549987793,-0.4969608344952946,0.867772970872993,3.357894897460937,5
843700,1.62185537815094,-0.9343811070950392,-0.35627509975277394,3.0736842155456543,5
843720,1.8888750076293943,-0.11598587289629095,0.9932508632206093,2.400000095367432,5
843728,0.5600624084472656,-0.2875540713862706,0.9577644052840864,2.327499866485596,5
843860,5.350090503692627,-0.9783663228631435,0.20688000939494192,1.2675000429153442,5
843886,2.7635176181793213,-0.6848500543893385,0.7286840213720348,2.5274999141693115,5
843930,4.309978008270264,-0.6988415728916177,0.7152764891972683,3.4175000190734863,5
844065,5.3938422203063965,-0.9981388282808275,0.06098261619655996,5.327500343322754,5
844146,3.7167019844055176,-0.8060633466219483,0.5918292669618703,8.369999885559082,5
844312,9.40868854522705,-0.859741738448267,0.5107290310624134,8.61500072479248,5
844598,6.925341606140137,-0.4672272550998936,0.8841372586266336,1.9075000286102293,5
844603,5.941436290740967,-0.3323253081566304,0.943164826294217,1.6350001096725464,5
844628,7.286642074584961,-0.46399457591975124,0.8858380402291663,1.5975000858306885,5
844636,5.4595723152160645,-0.5254931311347527,0.8507978426924891,1.8600000143051147,5
844653,4.532468318939209,-0.5735018255143614,0.8192042822957502,2.375,5
844666,3.231236934661865,-0.7228381909436441,0.6910173295318431,2.065000057220459,5
844704,5.537571907043457,-0.9864561439275519,0.1640252300945956,4.505000114440918,5
844767,6.018173694610596,-0.7312112899935911,0.6821510458732057,6.123809337615967,5
844769,6.785046100616455,-0.6920765102794313,0.7218241502744587,6.039999961853027,5
844821,4.865664958953857,-0.7155634147657041,0.6985477789305788,6.162499904632568,5
844826,4.2021918296813965,-0.8787934756218195,0.4772022917008284,6.420000076293945,5
844920,7.056912422180176,-0.9591389238635638,-0.2829355487206315,6.755000114440918,5
844981,9.859404563903809,-0.9835413813447093,0.1806830129883307,8.142499923706055,5
845312,3.626079797744751,-0.9953953815224608,-0.0958542353981026,6.332499980926514,5
845504,9.736465454101562,-0.5865702904471317,-0.8098983234732416,7.522500038146973,5
845818,3.7677488327026367,-0.11337388179991716,-0.9935523956619593,0.2750000059604645,5
845835,7.284674644470215,0.3213151364384585,-0.9469723243556459,0.9800000190734864,5
845964,7.51397705078125,0.682461389352617,-0.7309216456248204,1.2874999046325684,5
845991,6.597233772277832,0.719258025923511,-0.6947430403714844,2.281578779220581,5
846108,3.576443672180176,0.9819885332437707,0.1889405212699168,1.4049999713897705,5
846161,2.6154258251190186,-0.589968242692594,0.8074264502815179,3.494999885559082,5
846180,3.671576499938965,-0.739701135648769,0.6729355317710021,3.1424999237060547,5
846188,5.621028900146484,-0.4720115114409573,0.8815923848736574,3.609999895095825,5
846198,4.295888900756836,-0.4327058681092884,0.9015351527831774,3.470000028610229,5
846432,4.189897060394287,-0.5706414430836941,-0.8211993323398157,1.0674999952316284,5
846541,5.186796188354492,-0.5444545335145358,0.8387903557716131,1.0024999380111694,5
846577,2.3456573486328125,-0.8712635384631592,0.49081549134542923,2.612499952316284,5
846610,3.408434629440308,-0.6936891541248238,0.7202745014573169,0.9574999809265136,5
846626,4.296695232391357,-0.9906020060221602,-0.13677596888661428,0.9236841797828674,5
846646,2.230649709701538,-0.8820736244743358,-0.4711115802086682,1.3894736766815186,5
846716,2.431100368499756,-0.720640556963253,0.6933088688742504,4.474999904632568,5
846721,3.0413239002227783,-0.801715988129792,0.5977051734568402,4.327500343322754,5
846742,2.1170971393585205,-0.8091221740685295,0.5876404576189562,3.987499952316284,5
846888,7.152398109436035,-0.9415678384249004,-0.33682340424005675,8.324999809265137,5
846896,8.13416862487793,-0.9712806368092813,-0.23793680791201036,7.445000171661377,5
846902,7.421183109283447,-0.9978032823183042,-0.0662465832690145,7.715000152587891,5
847071,6.06730842590332,-0.9630058186338765,-0.26948059907402877,5.934999942779541,5
847104,9.83091926574707,-0.7153412533687845,0.6987752794917522,2.4236843585968018,5
847121,9.995468139648438,-0.8769403317552306,0.4805992660637614,5.114999771118164,5
847222,6.45270299911499,-0.7209942320700987,0.6929410633824846,1.670000076293945,5
847371,5.676066875457764,-0.5974376123012912,-0.8019153941705647,1.434999942779541,5
847389,7.84435224533081,-0.3387825717417256,-0.9408646922294739,0.4900000095367431,5
847452,4.648595333099365,-0.9926335901502498,-0.12115508947388845,0.9124999642372132,5
847468,4.304149150848389,-0.9331853153051506,0.35939555826251757,0.6722222566604614,5
847539,5.771162509918213,-0.9894870322903011,-0.14462161985447597,1.902500033378601,5
847608,3.031949758529663,-0.8189320202501902,0.5738905350403875,1.2949999570846558,5
847696,3.540135622024536,0.8130379076633965,-0.5822107528226581,1.1425000429153442,5
847736,6.435198783874512,0.9946273895682224,0.10351983346539714,0.2875000238418579,5
847793,7.519564151763916,0.70519059515313,0.7090177885692109,-0.5,5
847816,8.683989524841309,0.6043913778364892,0.7966875563211152,0.1724999994039535,5
847891,8.220187187194824,-0.08676521049248692,0.9962287881045169,0.6200000047683716,5
848342,3.9107542037963863,-0.5653492042534237,0.8248516698473858,6.014999866485596,5
848374,5.087394237518311,0.5787124077333136,-0.8155316971985277,5.337500095367432,5
848410,4.95108957290649,-0.2822945574194559,-0.9593277765453023,3.98249998092651,5
848559,5.78402619361878,-0.6831484221457247,-0.7302795583335239,6.96249997615814,5
848609,4.99312099657561,0.35484758719690934,-0.9349241626252537,6.62105246594078,5
848703,14.891642665863,-0.9025808215722462,-0.43052045309133585,6.20499999523163,5
848753,8.01046810150147,-0.6043958165032697,-0.7966841889941999,5.71999983787537,5
848768,8.03391261100769,-0.3946113732380356,-0.9188481180865485,4.97999994754791,5
848803,10.3624111175537,-0.20251437299497993,-0.9792792904633745,6.91000008583069,5
848883,10.2632687568665,-0.5762075457565015,-0.8173034101319223,8.4824999332428,5
848987,12.7813277244568,-0.9316507602902733,-0.363355006640277,7.14249980449677,5
849116,5.92869823508793,-0.6847443760292236,0.7287833282233817,3.6583333545261,5
849212,5.4808818936348,-0.9474736939009988,-0.3198337057997429,3.53499997854233,5
849252,5.02177562713623,-0.9655653964375709,0.2601604604899763,2.79499995708465,5
849271,6.05238425731659,-0.7439354990337148,0.6682514296860559,4.8950001001358,5
849326,2.502581346035,0.253521708285903,-0.9673296973771649,6.38500010967255,5
849361,4.03092795610428,-0.8469706633399593,-0.5316396292992739,5.02999997138977,5
849367,3.98570977449417,-0.8620334225930002,-0.5068514361552091,5.10749990940094,5
849402,3.94498362541199,-0.8926878926178703,-0.4506754113255634,3.30500010251999,5
849457,7.01730020046234,-0.3003657409431805,-0.9538241041552966,8.16999974250793,5
849458,6.77719414234161,-0.37475717753718335,-0.92712300040737,8.31999959945679,5
849520,6.42359712123871,-0.5180218069562479,-0.8553674108345395,7.21749987602234,5
849561,6.34854888916016,-0.4706805585830449,-0.882303695884786,8.47999992370605,5
849589,7.46265168190002,-0.5561485245351578,-0.8310829192429399,10.6699998855591,5
849596,8.90540330410004,-0.28930481624854887,-0.957237025660517,9.7574996471405,5
849618,6.97588720321655,-0.28812392155142524,-0.9575931316743183,8.01000020503998,5
849645,8.55490627288818,-0.38269497385395124,-0.9238747517856106,5.27500009536743,5
849704,7.93686790466309,-0.3024143845679477,-0.9531765523796677,5.46249992847443,5
849847,8.11150381565094,-0.18464003845906832,-0.982806214977212,6.1900000333786,5
850051,5.67391338348389,-0.21870223213568166,-0.9757916445936963,10.5200000762939,5
850074,6.32261710166931,-0.07399203839134544,-0.997258832126692,9.60500030517578,5
850162,7.03576984405518,-0.39178719916181504,-0.9200558627458119,11.6674999713897,5
850179,7.10877611637116,-0.23925007740132823,-0.970957980791887,10.739999961853,5
850231,6.51644670963287,-0.2244272533280021,-0.9744908455001765,6.81500017642975,5
850297,9.94364330503676,-0.5028356506627027,-0.8643820384659877,9.76111078262329,5
850315,7.25941076278687,-0.5428897891636055,-0.8398039514207444,7.46249995231628,5
850325,5.9527407169342,-0.698094196250937,-0.7160059309536186,8.24749970436096,5
850326,6.51037678718567,-0.6636246171838273,-0.7480657507650105,8.12750000953674,5
850383,5.72234299182892,-0.8877730151315258,-0.4602815156013542,5.48500001430511,5
850409,5.18141322135925,-0.8231109903562241,-0.5678805310580702,4.67999999523163,5
850636,9.75365982557598,-0.4324770432762967,-0.901644945108102,8.22105232037996,5
850665,9.90504968166351,-0.5794794153596569,-0.8149868754614582,8.41499967575073,5
850683,11.0112820148468,-0.6242277914154243,-0.7812423851946473,8.05000026226044,5
850699,7.84916000366211,-0.7077647001677291,-0.7064482494822141,9.07749996185303,5
850943,7.98232734203339,0.5458518014678685,-0.83788174036333,7.18499982357025,5
851080,4.87548459768295,-0.3434170442446635,-0.9391830139659995,12.4599998474121,5
856831,6.76555540561676,0.8019762435565164,-0.5973559280453984,5.76749994754791,5
856841,7.69256677627564,0.6791783812267657,-0.7339732464294527,5.70749983787537,5
856861,5.45192450284958,0.8577536446788363,-0.5140609740489668,5.1774998664856,5
857133,5.42783527625235,0.6292924222297612,0.7771686093276027,6.03157899254247,5
857144,5.07480875253677,0.6570758493655167,0.7538244677513359,6.1949999332428,5
857192,5.52194225788116,0.534500954410128,0.8451678707420569,7.33250000476837,5
857209,4.75540379285813,0.5160595402998858,0.8565527134190111,8.7675000667572,5
857212,4.87281159162521,0.29815515382809354,0.9545174195611864,9.55750002861023,5
857232,4.53781416416168,0.5776020122821498,0.816318513453916,11.8324999809265,5
857310,6.76163880825043,0.504192718206013,0.8635911665296444,6.11999990940094,5
857428,6.11106032133102,0.7165469287950785,0.697538886969279,6.72749991416931,5
863621,5.9345308303833,-0.5461354482511738,0.8376968856116689,10.3749999523163,5
863947,4.80303516387939,-0.9313887033390699,0.3640262123698871,15.5825001239777,5
864073,4.5997943520546,-0.9889879149861246,0.1479962972894865,12.6650000095367,5
864087,6.24641804695129,-0.8984071296487535,0.43916355654390077,14.7150000572205,5
864106,4.83682474337126,-0.7828963565732753,0.622152147681169,17.6078945963006,5
864199,7.724995470047,-0.9444652299341728,-0.3286113653624752,14.5400000572205,5
864217,5.89389761686325,-0.8936197509300432,-0.44882484417390206,14.1000001907348,5
864272,6.43755614757538,-0.9368892853463571,-0.3496261818044987,16.8774993896484,5
864300,7.73687545061112,-0.7454043866362023,0.6666125564250249,14.5825000762939,5
864348,7.00116925239563,-0.9583593570019849,-0.28556495381391267,9.76499967575073,5
864374,5.77936697006226,-0.8959142012167529,-0.4442271311594413,10.4399997711182,5
864422,4.53122458457947,-0.9803142724799639,-0.197443478423773,14.2650000095367,5
864513,4.84739956855774,-0.9390217471056167,0.34385775905556537,10.6599999427795,5
864543,5.23721195459366,-0.053609488700858986,0.998561977406126,13.9124998569489,5
864579,1.46092490255833,0.3369304038101651,0.9415295550264575,16.0200002193451,5
865161,3.14416013360023,-0.17120078282781911,-0.9852361605011978,22.1525008201599,5
865226,6.09047451019287,-0.19183129411346,-0.981427916150114,16.8575000762939,5
865296,8.42457892894745,-0.5176562949163358,-0.8555886630463798,17.2650000572205,5
865297,7.09008374214172,-0.4362694181773963,-0.8998160894111397,17.162500667572,5
865328,7.14332098960876,-0.5954587375286793,-0.8033858922714237,11.5,5
865329,6.61165380477905,-0.5141154312572211,-0.8577210055392147,11.5050000190735,5
865358,6.43205134073893,-0.5003125219983648,-0.8658448939224829,8.93333307902018,5
865375,6.22722448243035,-0.4576554353619535,-0.8891296319905556,10.2000000741747,5
865609,5.30097434520721,-0.5608738653895572,-0.8279012665306031,13.1150001525879,5
865619,5.05034337043762,-0.45106303876625153,-0.8924920924349723,12.6175004005432,5
865757,4.43085707426071,-0.7474322469619313,-0.6643380436204438,13.2049998283386,5
865955,4.98513336181641,0.9612457147871013,0.2756930826180348,11.7724999904633,5
866031,2.95768139362335,0.9392687937903231,0.34318236116046447,13.8525000095368,5
866132,13.9666731834412,-0.9561981139676475,-0.292720287723133,11.7374999523163,5
866193,7.82165036201477,-0.7733037203818408,-0.6340357687414834,10.6325001716613,5
866230,6.16851806640625,-0.6088222533768455,-0.7933066644073653,10.1052632080881,5
866295,3.45129529237747,-0.9138848636595216,0.4059734670813077,15.0075000762939,5
866308,3.6151246547699,-0.8327678862236036,-0.5536222969450121,16.0450001239777,5
866392,2.25204994678497,0.46946847615973486,0.8829492340402456,11.4199998855591,5
866404,4.31591801643372,0.2468540168224201,0.9690526788460142,11.0700002670288,5
866476,10.7505344390869,-0.030948208489408293,0.9995209894701041,9.1199999332428,5
866576,9.5426911354065,0.22342178091388154,0.9747218617704588,8.65000047683716,5
866592,9.91115689277649,0.1706738093811397,0.9853275855223634,8.67000041007996,5
866597,8.30344002246857,0.08713204369476311,0.9961967712061578,8.35499949455261,5
866739,3.62858579158783,-0.6011040626277234,-0.7991707614098791,11.9099998950958,5
866943,6.13075506687164,-0.3758733713891474,-0.9266710358485131,10.0050000190735,5
866990,5.51060053110123,-0.5314105574964655,-0.8471144074924566,12.9300002098084,5
867060,6.90187857151031,-0.19589622303190107,-0.9806246324674063,11.9599998474121,5
867080,6.42890594005585,-0.20694403480527307,-0.9783527822102382,9.77749972343445,5
867094,3.98188583850861,-0.15795357277547756,-0.9874465397415001,10.0575000286102,5
867147,6.56511766910553,-0.07910014793352717,-0.9968666744338954,14.9199997901916,5
867246,5.10716326236725,-0.04735181538458885,-0.9988782736548952,9.15499992370605,5
867408,7.64974308013916,-0.46042280657690604,-0.8876997460762535,15.6900000095367,5
867491,5.45882971286774,-0.5963627563887371,-0.8027150570360742,13.8475001811981,5
867495,5.77712099552155,-0.5620501332757197,-0.8271031662886714,13.4900001049042,5
867501,4.95496928691864,-0.671859219102154,-0.7406788708390727,13.1075001716614,5
867588,2.01039365828037,0.2310863580064511,-0.9729332429017493,18.7075003623963,5
867642,2.22729381322861,0.7980368334119805,0.6026086727867256,13.9749999046326,5
867682,2.50912500023842,-0.5509783526234587,0.834519535385685,14.8499998569489,5
867687,1.74513763785362,-0.524155507314353,0.8516225714200119,15.0,5
867746,3.24372955262661,-0.9238878448979287,0.3826633638720341,17.977499961853,5
867788,5.55218052864075,-0.9804764253166306,0.19663666849883749,14.8724995613098,5
867863,7.06548838615417,-0.9310000773940889,-0.36501898018075785,15.6875000476837,5
868078,3.85844527482987,0.9901179319402905,-0.14023723061399276,15.0575002193451,5
868139,4.06348662376404,0.3292811841640081,-0.9442319110025612,19.5699999809265,5
868296,7.14189162254334,0.9930693032388113,0.11753024702084919,21.4675001144409,5
868591,6.71901924610138,0.20621107290914684,0.9785075336499247,15.0950003623962,5
868718,5.62542815208435,0.7854563266894028,0.6189170856129197,14.1149999141693,5
868719,6.58438551425934,0.6649651685441759,0.7468743700402469,14.0499999046326,5
868735,6.85012626647949,0.6832721521902388,0.7301637939814046,14.5975000858307,5
868780,7.97449405193329,0.6983197146685545,0.7157859848482845,11.077500295639,5
868833,7.78036737442017,0.842007732566411,0.5394654560751514,11.0350001811981,5
868890,6.43137471675873,0.8949038773221006,0.44625894988657727,18.5325001716614,5
868982,5.90572187900543,0.9298395582432988,0.36796521021138245,12.0000001430512,5
869037,6.82218968868256,0.9999846116175766,0.005547659690759388,22.1400006294251,5
869153,5.47666829824448,0.7535660892319188,-0.6573721542320695,26.0024997711182,5
869265,6.00490138530731,-0.9618216473992242,-0.2736770333700704,15.8674999713898,5
869615,4.31515694856644,-0.7209148902713187,0.6930236078122393,18.5324998855591,5
869728,3.15438192486763,-0.4672553916709114,0.8841223891263377,20.1050001144409,5
869766,4.53469564914703,0.7208918005319898,0.6930476260155184,19.7575001716614,5
869805,6.35783019065857,0.20524883377260258,-0.9787098222839018,14.1050000667572,5
869830,5.12812020778656,-0.9704132197737746,-0.2414501664698034,15.0825002670288,5
869900,4.45667754411697,-0.9811940607991282,0.1930238717167301,23.1275000572205,5
869956,4.24330152273178,-0.9938944172929718,0.1103353400949313,15.6899997711181,5
870085,5.83138398120278,-0.7232620799193166,0.6905736483176751,16.1552632984362,5
870337,1.17849375754595,0.9376654503783894,-0.3475392109772539,21.0750003814697,5
870373,4.64534673690796,0.9211074526780689,0.3893084389284658,12.4149997234345,5
870384,5.12617107629776,0.8078683281164385,0.5893630158284031,10.9974999904633,5
870465,2.06791869401932,0.7491827210665657,0.6623633824837364,22.1950000762939,5
870801,3.04679991006851,-0.9996414714791678,0.026775520517147784,18.5324997901916,5
870910,4.82454913854599,-0.9970290361043495,-0.07702662633681776,20.1824999809265,5
870911,5.54750280380249,-0.9833189766332285,0.18188949995252676,19.8250000953675,5
871098,3.41962770223617,-0.8595664774714171,0.5110239434775828,14.675,5
871106,4.05988550186157,-0.9013370794287914,0.4331183086025995,13.730000448227,5
871261,1.98783562057897,0.9458727038689371,0.32453786847711036,14.2605263559442,5
871502,2.55283339818319,0.5016997033176223,-0.865041853144118,20.0750001271566,5
871560,3.30973765850067,-0.9276034580568561,-0.3735663590327191,16.4974999904633,5
871636,2.30298752188682,-0.307695306396193,0.9514849438754945,21.8999996185303,5
871639,2.43579366803169,-0.07703020218234813,0.9970287598418346,21.7824997901916,5
872062,6.51169469356537,-0.2718178191930596,-0.9623487274211616,17.135000705719,5
872263,6.40260300636291,-0.9285743316359055,-0.37114648136137757,14.0175000667572,5
872271,6.24521155357361,-0.9416570487114518,-0.3365739184964255,13.8250000953675,5
872327,8.15223002433777,-0.6326073256508346,-0.774472705479605,20.1249998092651,5
872342,8.0685561079728,-0.6516741737339553,-0.7584990252387716,20.7947367617958,5
872387,8.4681450843811,-0.3886860921805139,-0.9213702414043125,16.4,5
872465,9.81491022109986,-0.6907820630625512,-0.7230630272327894,22.9749998092651,5
872534,4.77884829044342,-0.9527532446886967,-0.30374537812970986,19.6125004768372,5
872741,4.39195001125336,-0.8251576797543945,-0.5649024725935834,23.4275002479553,5
872823,3.74224393367767,0.25170361506237443,-0.9678043656465557,22.2849999427796,5
872878,6.47419846057892,0.7790597029486578,-0.6269497421975297,27.8175000190735,5
872889,5.21671463461483,0.7730106961808667,-0.6343929882887829,31.958823035745,5
872907,6.59721219539642,0.36847078650824905,-0.9296393276373329,33.9774997711181,5
872911,6.12091698646545,0.28095450988170784,-0.9597210862417942,34.5275007247925,5
872918,7.24586024284363,0.27846157673042776,-0.9604473698671906,35.0449998855591,5
872959,3.43382805585861,-0.9040092953788613,-0.42751279965471745,25.399999332428,5
872977,4.40035891532898,-0.5232655135721223,-0.8521697027623683,23.5299998283386,5
873073,1.73178744316101,0.13455466569148158,-0.990906172117549,22.7199997901916,5
873075,1.11943153738976,-0.03178065408170256,-0.9994948674336148,23.0550003051758,5
873124,5.35497244596481,-0.9713401819564781,0.23769360722736313,17.4124997138977,5
873151,4.75440138578415,-0.9848200766018576,0.17357827260896302,16.6650000572205,5
873216,4.74638251066208,-0.934325671879932,0.35642045236786524,16.5350002288818,5
873330,8.10211119651794,-0.9984183222082849,-0.056221471688256475,13.7100003242493,5
873349,7.0474641084671,-0.9997189049401705,0.023708882412008896,13.5225001811981,5
873356,7.34565225839614,-0.9989124177734732,0.04662597578554515,13.8574999332428,5
873375,6.37958543300629,-0.9990869556590543,0.04272300354519694,13.4974999904633,5
873498,5.05396302938461,0.5958861193690751,-0.8030689464443662,24.3349992752075,5
873557,4.29529509544373,0.9871308892936953,-0.1599143752207358,16.7874994277954,5
873611,9.08633220195771,0.6835571490570154,-0.7298969954541841,18.2099997520447,5
873619,7.29488377571106,0.8440461411413795,-0.5362705582300284,17.849999332428,5
873684,7.688334441185,-0.9408212700809792,-0.33890313920530923,15.3974996566773,5
873723,8.33750240802765,-0.8979088725480812,-0.44018139056465544,14.7199997425079,5
874080,3.6165016412735,0.6604923974116687,0.7508327330114121,21.6349999427795,5
874097,5.02222123146057,0.9097214747205228,0.4152190246512281,18.5900002479553,5
874120,3.98875395059586,0.9998615826975104,0.01663777165457276,15.1750005245209,5
874277,5.39725797176361,0.21632900961975843,-0.9763205209340499,17.495000076294,5
874353,4.91745441555977,0.08790120239829356,-0.9961291977534512,23.9775000572204,5
874411,6.42664139270782,-0.35685501947419496,-0.9341597802710583,16.1325005531311,5
874493,7.45240521430969,-0.9100945483421539,-0.4144006673231729,21.0800002098084,5
874662,7.34468696117401,-0.5164498041154095,-0.8563174643957433,19.0025001525879,5
874854,3.61139690876007,-0.9251401957551368,-0.3796256290059287,14.0599998950958,5
874980,6.74594320191277,0.7223229030998605,-0.6915559439824008,18.3000004026625,5
875057,9.3424388051033,-0.30931153936819233,-0.9509607623943688,21.3900001525879,5
875173,14.0953855514526,-0.4613733684804834,-0.8872060723738155,16.8300000190735,5
875263,11.1048369884491,-0.463265029868954,-0.886219787694067,15.5550002098083,5
875287,8.53933231830598,-0.4648131543824778,-0.8854087934468523,13.8100001811981,5
875291,9.86217038631439,-0.4134388145338463,-0.9105319031406027,13.5025000095367,5
875349,7.61225067941766,-0.9517889877262394,-0.30675352132137024,16.4315786361694,5
875414,5.99925634596083,-0.981793454555262,0.18995160592225757,12.913888613383,5
875472,3.22217843532562,-0.8804322026684877,0.47417205369392557,15.0150000572205,5
875496,5.41038157939911,-0.8769204159118987,0.48063560433752994,16.9800001144409,5
875506,4.69776723384857,-0.7696215552051283,0.638500322445995,17.2775003433228,5
875541,4.48181105852127,-0.996155275155799,0.08760518123532555,14.229999923706,5
875542,4.00976670980454,-0.9957315596686728,0.09229659300208459,14.2750000953674,5
875598,4.53811122179031,-0.9999722497271032,0.007449817159907494,11.7350000858307,5
875696,4.5796912074089,-0.9629879535626149,-0.2695444328738531,15.2675002098084,5
875802,8.17108948230744,-0.3440093427569884,-0.9389662252157448,15.7449999809265,5
875825,6.40018982887268,-0.4038916649505118,-0.9148068227683391,16.4525000572205,5
875926,7.06400336027145,-0.7865653982553811,0.6175069831729466,18.4300002098084,5
876043,8.7367445230484,-0.30569487354031194,-0.9521295312567365,14.9649998664856,5
876052,9.14179670810699,-0.25816133389612966,-0.9661018195205778,14.9399997711182,5
876097,10.4058846473694,-0.1975204457690976,-0.9802987674699877,14.4049996376038,5
876127,8.85810623168945,-0.4612246927944138,-0.8872833722981056,16.0574999809265,5
876141,7.05212345123291,-0.8661943384199388,-0.49970728240565465,15.805000114441,5
876162,6.33457143306732,-0.5204196924662952,-0.8539106180937714,12.9799999237061,5
876307,7.00612556934357,-0.4002895629002843,-0.9163887089183822,13.102500295639,5
876437,7.92407822608948,-0.5794318654152444,-0.8150206827691001,12.1175000667572,5
876542,6.90490417480469,-0.7630466498093635,-0.6463434150780114,15.7674999237061,5
876560,3.30513424873352,-0.9505078200320731,-0.3107006341446315,13.3524999141693,5
876932,7.48158543109894,-0.8122183016177975,-0.5833536067575998,19.5125000953674,5
876980,7.48711702823639,-0.7936377854724174,-0.6083905534033524,17.3999996185303,5
876989,5.23782461881638,-0.7777530834913808,-0.6285699174472552,16.5750002861023,5
877128,2.49426847696304,-0.13606187728524302,-0.9907003409455432,21.5950003623963,5
877136,3.63723593354225,-0.09178595771381155,-0.9957787595478016,19.3599994659424,5
877386,4.31718030571938,-0.19283478901229584,-0.9812312388762311,30.3824994087219,5
877422,5.67176015377045,0.18640042463035178,-0.9824738580225046,24.6775007247925,5
877455,2.77522505521774,-0.9856975994708782,-0.16852371464380958,19.3124993324279,5
877460,2.14147503376007,-0.9960297300362951,-0.08902121591971814,19.1400005340577,5
877486,1.39334997832775,0.7317646561992588,-0.6815573988576314,26.2199999809265,5
877595,1.39854377806187,-0.18790813858745328,0.9821866072455877,20.1849999427795,5
877610,1.61437510251999,0.09925067864179368,0.9950624617525994,19.337499332428,5
877640,2.74156872630119,0.9140899006071536,-0.40551159491191396,27.4200000762939,5
877645,2.014668802917,0.48038928132241304,-0.87705537931794,27.7825000762939,5
877772,4.73565330505371,-0.6998792383070626,-0.7142611929726589,18.3324999809265,5
877814,4.97009772062302,-0.677098726795481,-0.735892189231506,18.5574999809265,5
877818,4.72570370435715,-0.5363552225470182,-0.8439923431208003,18.6700010299683,5
877884,3.41405893564224,-0.9996715671772444,0.02562728579838863,10.4699999809265,5
877904,3.88855355978012,-0.8742888644888394,-0.4854059964924371,13.6675001144409,5
877994,6.81914342077155,-0.5777193879908915,-0.8162354493278455,15.0842108475534,5
878214,9.08818826675415,-0.2764778444230888,-0.9610202919518205,18.2400005340576,5
878227,9.08185846805572,-0.5792871977791001,-0.8151235136402567,18.2050006866455,5
878230,11.2604462623596,-0.7262808449824607,-0.687398090055219,16.8250000953674,5
878375,5.97640788555145,-0.9898267390919588,-0.14227799049248346,17.0499996185303,5
878650,6.20877330303192,-0.9463456106852833,-0.32315628593096885,18.5675002098083,5
878681,5.43540381193161,-0.8371793283971507,-0.5469284890225556,18.8774999618531,5
878892,6.18013138771057,-0.599025412636619,0.8007300138096037,10.6649998664856,5
878991,3.47147279381752,-0.9787067727106524,0.20526337483900858,14.2275000095367,5
879064,8.26863543987274,-0.6780115770169965,-0.7350512236782722,12.8100002288819,5
879271,5.91509599685669,0.1454345628734075,0.9893678728975491,13.4100000858307,5
879409,1.82806861996651,-0.9492639461816591,-0.31448046120486434,16.4924999713898,5
879634,2.99601286649704,-0.8865787942614611,0.4625776059926526,11.6499999046325,5
879716,5.58440499305725,-0.97038224449604,-0.24157462525444934,14.5700002670288,5
879819,6.18169071674347,-0.999903198780216,-0.01391377264050715,20.6900002479553,5
879941,7.62991450962267,-0.7387054396228774,-0.6740283921850558,18.8710527921978,5
879954,9.43536262512207,-0.6645759488343835,-0.7472207225652129,20.1699999809265,5
880002,7.01425590515137,-0.8140310596738535,-0.5808213442068596,17.2050006866456,5
880037,7.47662918567658,-0.6741714765335867,0.738574857565923,11.7674999713898,5
880069,4.14152336120605,-0.6540870801785467,0.7564192564600027,12.0150000572205,5
880145,3.72578305668301,0.036774427695637636,0.9993235919699176,15.6361111534966,5
880301,5.04666806459427,-0.8979220234125125,-0.44015456361462313,16.2225002288819,5
880350,8.28699371814728,-0.9411360789869656,-0.3380279290665788,14.3524998188019,5
880378,5.0723213672638,-0.9814114540601699,0.1919154966111463,19.852499961853,5
880391,5.25457265973091,-0.9240042416059151,-0.3823822191136477,20.2593748569488,5
880416,5.01978954076767,-0.23406902713117592,0.9722199805280001,18.4449997901916,5
880615,6.10864720344544,-0.773396315131068,0.6339228184421868,9.89499959945678,5
880718,5.94490728378296,0.9597405417688132,0.2808880426171697,11.422499704361,5
880722,5.42638241052628,0.985222167416717,0.17128129153736088,10.8375000476837,5
880726,5.89121379350361,0.989949733323029,0.14141967859411814,10.5,5
880912,2.42645617723465,-0.12622736055910025,-0.9920013374216201,12.8999996185303,5
880946,1.74937498867512,-0.4585433191541877,-0.8886720567560683,18.3500000953674,5
880956,1.13893133103847,-0.12773445730961508,-0.9918084030778415,21.0799998283386,5
881027,6.23362839221954,0.25939616715367037,-0.9657710020838196,14.2049998760223,5
881029,6.05624525547027,0.20214688036102565,-0.9793552158233013,14.154999923706,5
881269,5.35682876110077,0.8583737214899656,-0.5130249060771483,23.4699997901916,5
881274,4.826906478405,0.9159805695563739,-0.4012226267238439,23.1725002288818,5
881458,4.38679163079513,-0.2579419621101057,-0.9661604132765887,13.1263158195897,5
881605,5.83382937908173,0.10713600595251507,-0.9942443745018338,14.5975003242492,5
881700,6.01621254752664,-0.7407906406402578,-0.6717359799354181,16.4794118544635,5
881754,6.95179305076599,-0.267460091233354,-0.9635689386844337,13.8774999141693,5
881784,5.99415369033814,0.06068367662877554,-0.9981570474583717,13.5325001239777,5
881828,4.94567926306474,-0.9978703879730693,0.06522797564294192,16.3421055643182,5
881977,8.6861617565155,-0.7439714272126233,-0.6682114302308906,16.7125001907349,5
882039,7.29615146973554,-0.3816035590165632,-0.9243260916721394,12.5382354399737,5
882041,6.69735691547394,-0.4322262329940805,-0.9017652042032598,12.6175004482269,5
882049,6.9845743894577,-0.3389068804298688,-0.9408199224066711,12.4924999713898,5
882060,7.02238619327545,-0.3797488884342351,-0.925089607407284,12.2499996185302,5
882062,6.99699273109436,-0.4203147415950783,-0.9073783764218004,12.1789471475701,5
882089,7.72256379127502,-0.3471077773111369,-0.9378252454109572,12.5575002193451,5
882097,8.02320203781128,-0.4712233793672404,-0.8820139039367337,13.8949998378754,5
882126,15.2150013446808,-0.7694875575732838,-0.6386618031007508,11.310000038147,5
882327,7.11369521617889,-0.13991745124523708,-0.9901631718242386,13.15,5
882358,8.89885089397431,-0.2560150867345365,-0.966672786088606,14.3100002288819,5
882491,5.72334530353546,-0.9732948596942136,-0.2295585243305531,10.3500000476837,5
882598,6.69646582603455,-0.22557037979656847,-0.9742268748902546,13.5375001430512,5
882635,5.82066853046417,-0.5582517102682716,-0.8296716386514305,13.5950003623962,5
882670,5.34452186822891,-0.4884294321841141,-0.872603397756566,14.5600002288818,5
882712,10.8279401302338,0.45083053368734,0.8926095618439163,10.8900000572205,5
882902,3.79830272197723,-0.30498193636781756,0.9523581356240606,8.8550000667572,5
882913,1.24423032057913,-0.08748893501259691,0.9961654913970678,8.60000038146973,5
882992,6.85286856952467,0.49732528740099313,-0.8675641523896199,11.3789472579956,5
883009,6.67740211486816,0.4872309478010638,-0.8732731551495655,10.9799999237061,5
883283,4.45682601928711,0.5989065424834193,-0.800818926706004,13.8974997520447,5
883298,5.05546654462814,0.7089658351304665,-0.7052428267042212,13.5350001335144,5
883369,3.77810672521591,-0.8667217371024948,-0.4987919711002112,11.6599999904632,5
883409,10.3906819105148,-0.9683043516100497,0.24977326248628243,14.2599999427795,5
883445,4.78024042844772,-0.7706092053738822,0.6373079731127124,12.4424997806549,5
883528,6.28268916606903,0.2677678208283145,-0.963483468529095,9.44000000953674,5
883541,4.33539015054703,0.08693048069364159,-0.9962143803049485,11.0575002193451,5
883629,6.21376662254333,-0.8320055159662331,-0.5547673579093874,12.730000448227,5
883650,4.91025216579437,-0.8773288165995359,-0.4798897243784847,11.0700002670288,5
883734,8.69726190567017,-0.7540854396145167,-0.6567763316087,11.190000295639,5
883756,7.69458999633789,-0.6022165848500005,-0.7983327532624489,9.88499956130981,5
883843,9.12888521897165,-0.9661348407667368,-0.2580377287464607,12.1789473483437,5
883845,10.152320766449,-0.950409734702768,-0.3110005404854053,12.422499704361,5
883878,6.85912909507752,-0.6760732740625085,-0.7368343966580281,10.8125001430512,5
884024,11.0889081954956,-0.44507792715982697,-0.8954918418138224,13.3944443596734,5
884112,10.6132793426514,-0.5523229976133547,-0.8336301975740791,14.3789472078022,5
884129,11.1040014743805,-0.49203966618183476,-0.870572780934293,15.35,5
884201,7.92339736536929,-0.7214872521332714,-0.6924277182559789,10.7078945762232,5
884231,4.43103440602621,-0.3878369375616905,-0.9217280021040748,10.2916668256124,5
884240,5.58362545967102,-0.5297186473465822,-0.8481734225105779,9.97999992370606,5
884274,3.50471824407578,-0.41288179212653914,-0.9107846209342675,12.7150002479553,5
884310,4.6904721736908,-0.15278840137103358,-0.9882589257914567,11.4799999237061,5
884379,3.59979531764984,0.9985351306201767,0.05410723535116744,9.84249958992004,5
884385,4.38253879547119,0.8701795448846661,0.49273477618726624,9.68499994277954,5
884457,6.42792217731476,-0.8540564689038946,-0.520180303282824,11.0400001525879,5
884458,8.21927778720856,-0.8503006008348301,-0.5262973382223466,10.9824999332428,5
884534,5.74846045970917,0.6840253979229896,-0.7294581927679583,10.5025000095367,5
884711,4.09604314963023,-0.6200347669095841,-0.7845743354350674,11.8388888570998,5
884732,3.09942452907562,-0.5382740536312087,-0.8427698637157279,12.5250000953674,5
884834,6.69221513271332,-0.9569877574181845,-0.2901283029139246,12.5175000667572,5
884870,5.11946330572429,-0.9951530001744615,0.09833873216473887,12.8447369023373,5
884889,4.74404351711273,-0.9866361063999725,-0.16293923268477215,11.6200001239776,5
884894,5.82100260257721,-0.9809283029060526,-0.19436991680260488,11.3075001716614,5
885050,6.56758642196655,0.19936303205884473,-0.9799257020041388,9.98499994277954,5
885078,6.67873873710632,0.40226240634698696,-0.9155244160807136,8.6350004196167,5
885113,5.91895996896844,-0.7240352193961787,-0.6897630035555166,9.38000011444092,5
885123,7.76572155952453,-0.5370341125959355,-0.8435605265233171,10.8075000286102,5
885187,8.23770934657047,-0.23357356397313805,-0.9723391333340885,9.62368428079705,5
885261,6.16190302371979,-0.8480245950529328,-0.5299568720049861,9.29749999046326,5
885267,5.83225156068802,-0.8637955514569547,-0.5038424806258157,10.6250001430511,5
885373,6.86042847633362,-0.35753448919057623,0.9338999352389065,7.67749991416931,5
885442,6.52186703681946,0.01743377771048113,0.9998480201484331,9.50750002861023,5
885530,8.70468711853028,0.29602093713068606,0.9551814512333614,9.38499999046326,5
885570,7.98143646717071,-0.06659680142721493,0.9977799687504576,11.1175002574921,5
885746,4.10638446807861,-0.29201257888255,-0.9564144780242312,11.8449999332428,5
885778,5.73056619167328,-0.5536335584084926,-0.8327603995171421,9.50500001907349,5
885842,4.60970677137375,0.2955711878596921,-0.9553207173024202,10.4049999713898,5
885913,2.55427505970001,-0.09609736531004522,-0.9953719387146032,11.4674998760223,5
886053,7.05539042949676,-0.6291948029547427,-0.7772476438914063,9.55500020980835,5
886149,9.55755968093872,0.39706172789846544,-0.9177919068276235,11.1225004673004,5
886257,1.12702498566359,-0.9998423790325662,-0.017754354127879183,10.4550001621246,5
886372,7.75410137176514,-0.9683683632042738,-0.2495249749926361,4.61249997615814,5
886385,7.13715813159943,-0.999234396547747,0.039123148593381396,4.76000010967255,5
886441,4.5958835325743,-0.9109675105370963,0.41247811426286035,10.84736844113,5
886469,4.06725475788117,-0.8648343383530784,0.5020573345798198,8.50500001907349,5
886677,6.0540363073349,0.42773173670512177,0.9039057259555447,3.52500003576279,5
886806,6.21920533180237,0.9209093749007151,0.3897767607489885,5.51999998092651,5
886863,9.02383215427399,0.9981693373901889,-0.06048118628161442,8.64000043869019,5
886953,7.20841960906982,0.9850556052778137,0.1722366236047379,4.72500002384186,5
887000,5.84121725559235,0.9937551358517721,-0.11158283903999786,6.79750008583069,5
887011,4.32861484289169,0.8858657281597541,-0.46394171150262903,8.14000015258789,5
887173,6.63270378112793,-0.4594058602644977,-0.8882264663669039,13.520000076294,5
887214,9.44360456466675,-0.3055278395861458,-0.952183143747999,13.8325002193451,5
887308,10.6535825252533,-0.7653942781574372,-0.6435616512532856,9.90249962806702,5
887325,8.71534209251404,-0.5459372958375032,-0.8378260374407295,9.60000004768372,5
887348,6.73071370124817,-0.4631592862827033,-0.8862750563623558,9.26000003814697,5
887366,5.72447772026062,-0.775345864178807,-0.631536848410937,9.1199999332428,5
887514,3.57210011482239,-0.25927473907684756,-0.9658036082333885,8.20499973297119,5
887771,4.80101182460785,-0.5421520897448995,0.8402803767703007,4.61499989032745,5
887972,4.2574090719223,-0.8843403629675658,-0.4668427170111943,7.92000007629394,5
888100,7.70147666931152,-0.45061503866244085,0.8927183693255376,6.46500005722046,5
888417,2.16052502393723,0.9956652988078442,0.09300867029415283,7.50249998569489,5
888472,7.07514095306396,0.21552388810745612,-0.9764985681786967,5.00999999046326,5
888473,7.04868931770325,0.22178550089324953,-0.9750954781935616,4.9974999666214,5
888499,11.9038597583771,-0.9914948256363258,0.1301461130283648,5.68249976634979,5
888581,8.00376703739166,-0.9296224291741978,-0.3685134179053235,4.975,5
888687,6.30863945484161,-0.8742632712335109,-0.4854520909132853,5.42500007152557,5
888879,7.86163408756256,0.9999910690173457,-0.004226332398920587,4.21749987602234,5
889111,7.44561128616333,0.0833308880496823,0.9965219330736536,6.79500017166138,5
889396,4.42009080648422,-0.616915213889695,0.7870296175312794,7.82000007629395,5
889453,8.45531837940216,-0.0047384072119076885,0.999988773685532,6.39250011444092,5
889573,4.93627686500549,-0.2157421547507072,0.9764503687661354,5.29750018119812,5
889580,5.05767557621002,-0.3674845473414322,0.9300296271975762,5.0,5
889671,3.69169828891754,-0.2058373855832502,-0.9785862101502618,3.34000006914139,5
889732,5.90683557987213,0.34197410405269674,-0.9397093764336691,4.55000002384186,5
889737,6.26590871810913,0.5913115166612686,-0.8064432343716142,3.78249998092651,5
889770,7.11100356578827,0.37330485774929184,-0.9277087275544954,4.5949999332428,5
889935,6.49875676631927,0.9994673898459179,-0.032633366890162746,1.5750000178814,5
890023,7.10871847052323,0.9848599058818154,-0.1733521438761623,3.69473688225998,5
890035,7.50005514621734,0.9992280133667705,0.03928584100025237,4.2850001335144,5
890044,6.71605753898621,0.9995713999877474,-0.02927484118718449,4.50555557674832,5
890103,6.35586264133453,0.5409670776492619,-0.8410437687181431,5.92250003814697,5
890130,5.71746104955673,0.7639900376463166,-0.6452280390506753,7.674999833107,5
890215,6.97390098571777,0.9661156273927489,0.2581096559749658,7.19999980926514,5
890237,6.47542357444763,0.9872671452802103,0.15907100254372009,7.60999989509583,5
890379,0.922574919462203,-0.8114426047072058,0.5844321169015144,7.52999997138977,5
890536,8.50705211162567,0.6493098659177047,-0.7605239628190109,8.54250016212463,5
890544,7.96615941524505,0.6261174232610482,-0.7797287812367486,9.06500010490418,5
890593,6.28222510814667,0.20323047341172298,-0.9791309282607954,9.89249958992004,5
890623,5.12457474470139,-0.3434340627097587,-0.9391767909029,9.3949999332428,5
890658,5.28469494581222,0.08265008607184782,-0.9965786287455276,8.32499961853027,5
890733,5.25235903263092,-0.09764875018836372,-0.9952209410912989,10.3575000762939,5
890743,6.85744084809956,0.3187383403208431,-0.947842745612116,9.67631565897088,5
890752,5.47353128194809,0.43826738229993845,-0.8988446482078867,9.00500001907349,5
890907,8.38140263557434,-0.9976877426765279,0.06796446213289914,8.08500032424927,5
890935,9.48202896118164,-0.991716050009754,0.12844950818532141,7.09999992847443,5
891031,5.21976329088211,-0.05846557239361821,0.9982894253895944,5.52499997615814,5
891073,5.37947511672974,-0.294960269398095,0.9555095182553669,2.29999995231628,5
891193,4.03848291635513,0.9381614445026097,0.34619807054456075,3.15750004053116,5
891196,4.20888664722443,0.9959762344701814,0.08961774584644677,3.36250007152557,5
891297,5.64967079162598,0.8934312139710531,0.44920002883148885,3.03749996423721,5
891447,6.78286560843973,-0.2575660032585176,0.9662607070379263,2.73529411764706,5
891548,4.39037227630615,-0.8476342197256183,0.530581030145389,5.30500004291534,5
891572,5.15858130455017,-0.9905997313639635,0.13679244212179015,5.31250019073486,5
891608,6.85747692584991,-0.9894434449939834,0.14491952649121576,4.42500007152557,5
891641,3.52021785974503,-0.8807633027493366,-0.4735567595653984,3.63499999046326,5
891685,3.52361478805542,-0.9338028586448222,-0.3577879556200268,5.174999833107,5
891720,5.45004963874817,-0.7751534609943066,-0.6317729908033011,6.86750011444092,5
891727,4.37875213623047,-0.7875198193605412,-0.6162893266269834,6.42250008583069,5
891752,6.60780454936781,-0.7032834655660478,-0.7109095350756026,5.23947366915251,5
891812,6.96533906459808,-0.4359665599035648,-0.8999628651482524,4.04999995231628,5
891873,4.75343631505966,-0.5603243770307725,-0.8282732595617684,5.41250009536743,5
891911,4.86965593099594,-0.7647282373265948,-0.6443529491166773,3.87499998807907,5
892048,11.6879036903381,-0.567553353907245,-0.8233366203859983,8.39249958992004,5
892207,7.89003467559814,-0.9511902792109473,-0.30860501087085423,7.76000003814697,5
892266,6.06077449321747,-0.9088365716405286,-0.4171523535216964,8.53000011444092,5
892294,7.54790918827057,-0.5914877633415315,-0.8063139747128487,8.8675000667572,5
892338,12.894930267334,-0.3494656273997072,-0.9369491849967793,8.78500027656555,5
892409,12.1209668636322,-0.737142459324923,-0.675737371069859,8.78500027656555,5
892456,11.521138048172,-0.832415071811775,-0.5541526398210131,6.05,5
892475,9.85290765762329,-0.564627621430753,-0.8253457754889464,6.05499997138977,5
892481,9.22378730773926,-0.3926167479795808,-0.9197021741878935,5.2675000667572,5
892485,11.574319767952,-0.47025955375328204,-0.882528159382897,5.08999991416931,5
892490,10.4746771335602,-0.5748501642107826,-0.8182586930224672,5.03499994277954,5
892554,11.725826716423,-0.7699590249987264,0.6380933315926525,8.75500030517578,5
892647,6.88121848106384,-0.5117087173485306,-0.8591590007615131,3.87749999761581,5
892727,15.4845475673676,-0.22704989864608327,-0.9738831262142308,9.96749987602234,5
892838,7.75618047714233,-0.4312612384810108,-0.9022271023327911,3.30000011920929,5
892873,6.00469715595245,-0.9589204623441084,-0.2836750727465517,4.53999996185303,5
892908,6.11584948301315,-0.9473260400307155,-0.3202707821199479,2.0524999499321,5
892950,5.78092623949051,-0.16649809943431118,-0.9860417754257484,1.23000001907349,5
893237,9.84355232715606,-0.9731393402395258,-0.2302169074550793,3.6700000166893,5
893354,9.18129785060883,-0.3695486284779951,-0.9292113920901061,6.0849999666214,5
893377,11.6509084224701,-0.8609838184793824,-0.5086323469035978,3.85,5
893384,13.7671458595678,-0.7906317390079793,-0.6122919673433732,4.0052631528754,5
893458,8.31584757252743,-0.21435288739236286,-0.9767562846823956,6.07631575433831,5
893686,1.75927512049675,0.993482140613203,0.11398787778798301,5.47000002861023,5
893696,2.32314466802698,-0.6612584107658281,0.7501581927776643,4.36842117811504,5
893753,2.76357333660126,-0.8303122107945903,-0.5572985130120123,2.79999997615814,5
893898,10.8757570743561,0.6860495466353268,-0.7275548223752369,6.15499994754791,5
893989,7.41071374416351,0.12203835623607318,-0.9925253848679122,10.2925001621247,5
894046,9.49281365871429,-0.01523007482933782,-0.9998840156841656,9.14250001907349,5
894088,5.89908056788974,0.457489880700031,-0.8892148272813896,7.86388913790385,5
894115,2.90613332986832,0.9063916043063245,0.4224384684696783,7.30000002384186,5
894136,3.36054335236549,-0.9297654671871336,0.3681523815301094,7.07749998569489,5
894233,3.99077730178833,-0.0990562785736885,-0.9950818326525371,4.48500001430511,5
894293,6.60543539524078,-0.27879128685423743,-0.960351715973975,7.80500001907349,5
894411,5.66496634483337,-0.9346766546743134,0.3554990171671847,6.33250012397766,5
894413,6.33581512314933,-0.967098948820624,0.25440051727550417,6.09285705430167,5
894461,5.44873172044754,-0.852921930926181,-0.5220384849272657,7.45249998569489,5
894542,9.30087730884552,-0.9574209249971276,-0.2886956396928166,6.69249978065491,5
894624,6.66652464866638,-0.3863623578217411,-0.9223470759201359,6.16750001907349,5
894658,3.00174874067307,-0.04977130489978695,-0.9987606405984231,5.97250001430511,5
894681,6.99251923561096,-0.2796690701028766,-0.9600964593350985,6.24750008583069,5
894714,9.89677088260651,-0.8823781672071979,-0.4705409334330716,9.45,5
894739,7.68219029903412,-0.8793379816407793,-0.4761981877789126,9.07999997138977,5
894967,5.58306859731674,0.7471380279293757,-0.6646689154923702,2.69000003337861,5
894968,5.97280687093735,0.7893422572212365,-0.6139534192142619,2.72500002384186,5
894994,7.10007039308548,0.8738682362946255,-0.4861628385585642,4.5625,5
895089,6.07094671726227,-0.7122827327265985,0.7018926617792275,4.96999995708466,5
895136,2.36568747758866,0.9912509154878281,-0.13199099417968935,5.49000000953674,5
895324,7.46866588592529,-0.24524473130556826,-0.9694612017852285,8.07000033855438,5
895329,7.92780923843384,-0.2613806711454371,-0.9652357974876196,7.74749999046326,5
895333,8.56125471591949,-0.19747034580720568,-0.9803088607815308,7.13999984264374,5
895341,7.42662179470062,-0.32876070882426367,-0.9444132550601817,7.0275000333786,5
895371,7.9346960067749,-0.27855834700420024,-0.960419308070328,6.10249991416931,5
895588,4.90568183597765,-0.6660379750343492,-0.7459178344912686,7.1657893281234,5
895651,4.72668081835697,-0.9220102054116022,0.3871655732588516,7.15000002007735,5
895906,4.73017737865448,-0.796610566000354,-0.6044928503601971,5.18499982357025,5
895938,4.48925465345383,-0.2706272351253495,-0.9626842159339732,5.60249989032745,5
895956,7.44614958763123,-0.30169175629949013,-0.9534055192733725,5.90000009536743,5
895986,7.43794503211975,-0.2864659455536496,-0.9580904247710931,6.35750014781952,5
895989,8.88043692111969,-0.24694950437035817,-0.9690283495807718,6.32000021934509,5
895992,9.88203213214875,-0.274592480960656,-0.9615606946001234,6.47000002861023,5
896025,10.5818756818771,-0.4814853299474795,-0.876454149996089,8.91749968528748,5
896040,9.95123314857483,-0.3460259028999385,-0.9382249594432469,8.99249997138977,5
896055,10.9515107631683,-0.37984887696946934,-0.9250485558418179,9.20749988555908,5
896099,7.69694743156433,-0.480995184390616,-0.8767232360289291,9.84999947547913,5
896148,10.2569389820099,-0.7175285535064555,0.6965290912107932,5.75999999046326,5
896231,4.5633562207222,-0.7660043194354562,-0.6428354241998674,4.47000005245209,5
896538,9.14937036037444,-0.33042135337512496,-0.9438335283479554,6.18500001430511,5
896564,9.28062574863434,-0.3224090158696383,-0.9466004576831617,5.95249991416931,5
896638,6.53541759252548,-0.9272963352710626,-0.374328073476806,8.10750026702881,5
896640,9.86900131702422,-0.9462718890120119,-0.323372095372558,7.92500011920929,5
896720,10.6047631263733,-0.27751650606379924,-0.9607208693799366,6.22000002861023,5
896869,4.36696491241455,-0.9430908689835306,-0.33253513023421927,9.67499985694885,5
896934,3.71094760894775,0.8321070486555144,-0.5546150553111675,6.67999982833862,5
897061,8.39215025901794,0.3196045172123837,0.9475510290097516,6.02999994754791,5
897124,5.02099602222443,-0.7507410519968799,0.6605966037201659,4.46000003814697,5
897160,5.60901893377304,-0.9864686707293937,0.16394987547840065,7.22499985694885,5
897165,4.19869573116303,-0.9991981184534572,0.04003898199343823,6.48250002861023,5
897209,8.15687069892883,-0.34683897759981186,-0.9379246897366106,4.6299998998642,5
897228,9.02394356727601,-0.30776623731428454,-0.9514620030087421,4.25,5
897251,11.3735290527344,-0.351050361153198,-0.9363565794793185,6.24250004291534,5
897281,10.154177069664,-0.32874168654135966,-0.9444198767126528,7.88500018119812,5
897282,9.73681778907776,-0.42073196543021557,-0.9071849939594614,7.91500008106232,5
897326,11.3017479419708,-0.5229193463662086,-0.8523821661648824,9.44000000953674,5
897415,10.0405931472778,-0.4955420791551698,-0.8685839324939021,9.58000030517578,5
897470,7.95273873806,-0.9700821053863509,-0.24277707636674611,8.06750023365021,5
897668,9.50404403209686,-0.49753912754456575,-0.8674415349533318,6.55499994754791,5
897691,8.70429739952088,-0.5444739550219388,-0.8387777490508244,6.5799998998642,5
897772,13.7764633655548,-0.48268258508358264,-0.8757953654005198,11.4974999904632,5
897822,3.54848862886429,-0.9847180773652098,-0.17415598786767192,7.94000015258789,5
897879,7.59392569065094,-0.5274007127036162,-0.8496166713522738,6.25000007152557,5
897883,7.32419854402542,-0.5524856773868588,-0.8335223909904182,6.64062482118607,5
897971,6.54076361656189,-0.292586629030077,-0.9562390205972647,5.28000011444092,5
898135,4.24311598539352,-0.04671584217681189,-0.9989082190520364,8.18999981880188,5
898136,5.3786025762558,-0.04229080026095865,-0.9991053439018769,8.13750004768372,5
898151,7.67376294136048,-0.26901692629136364,-0.9631354491289099,7.18999979496002,5
898165,8.65224795341492,-0.5519770458267448,-0.8338593052070473,7.025,5
898205,7.41173656363236,-0.6763214922065075,-0.7366065701441733,4.67368424566168,5
898489,2.77556454539299,-0.9634220047645359,-0.2679888817385576,5.66249976158142,5
898559,7.17785372453577,-0.9564389692567423,0.29193235190211514,4.57352938371546,5
898591,5.89406461715698,-0.9524242611712535,-0.3047753709412755,4.23500001430511,5
898626,3.23561763763428,-0.8603185964318601,-0.50975671906657,6.31500008106232,5
973870,3.9479317665100098,0.6008100148388564,0.7993918476375232,16.72249984741211,6
973951,3.040858030319214,0.9237713640678075,0.3829444697711437,13.52500057220459,6
973963,3.1982674598693848,0.725014093932928,0.6887340296504997,12.984999656677246,6
974193,5.89906644821167,0.1928565674367113,-0.9812269586576438,16.700000762939453,6
974245,3.891214847564697,-0.3097542043843537,-0.9508166662749533,15.600000381469728,6
974347,5.127995491027832,-0.11033655412893877,-0.9938942825184939,14.742499351501465,6
974552,6.069151878356934,-0.38303475551859073,-0.9237339314244191,11.079999923706056,6
974566,4.478493690490723,-0.5733726633475091,-0.8192946899167503,14.042499542236328,6
974622,6.825547218322754,-0.010025834586488137,-0.9999497400573912,14.894999504089355,6
974694,5.667150497436523,0.040602308850110694,-0.9991753862641134,14.88499927520752,6
974811,6.919407844543457,-0.8300716058809238,-0.5576568201952384,14.902499198913574,6
974839,5.514640331268311,-0.8960928878497265,-0.4438665749356865,13.673684120178224,6
974882,11.356051445007324,-0.9854748553742635,-0.16982140449623676,15.484999656677246,6
974891,7.424259662628174,-0.9995303809724694,0.030643392648828587,14.699999809265137,6
974931,6.563173770904541,-0.9694900973963665,-0.24513047760403806,11.380000114440918,6
974949,6.745563507080078,-0.996904490923765,0.0786221086974204,10.479999542236328,6
974959,7.750729084014893,-0.9478841771540202,0.3186151074588996,10.404999732971191,6
974979,5.490442276000977,-0.9988649879161283,-0.04763124935704259,10.602499961853027,6
974994,6.956400871276856,-0.9963163128269751,0.08575432814069013,12.38249969482422,6
975087,7.324822425842285,-0.938058071344903,-0.3464780725885563,10.515000343322754,6
975149,7.381398677825928,-0.9158954981453754,-0.40141678649134066,13.149999618530272,6
975172,7.550045490264893,-0.8380733448423056,-0.5455575759393595,14.71500015258789,6
975232,12.659380912780762,-0.9003630208244442,-0.43513955316872943,13.425000190734863,6
975255,11.765395164489746,-0.9410037371525237,-0.33839616821853064,15.792500495910645,6
975283,6.725101947784424,-0.7065589522924939,0.7076541859802239,12.632500648498535,6
975375,4.960854530334473,-0.808862308130532,0.58799810075012,10.307499885559082,6
975425,5.487381935119629,-0.562981022253034,0.8264698231532285,11.272500038146973,6
975503,4.613983631134033,-0.8508272302919865,-0.5254455482670559,12.0,6
975512,6.678121566772461,-0.6643330588185523,-0.7474366775592337,11.875,6
975675,5.0165696144104,-0.9690520839879948,0.24685635199144526,12.149999618530272,6
975680,5.489901065826416,-0.9671961608006651,0.2540306802975852,11.9350004196167,6
975697,4.40174674987793,-0.7469033692135534,0.664932595875283,12.037500381469728,6
975732,4.9026198387146,-0.8786208344733201,0.477520082540417,15.912500381469728,6
975733,5.412676334381104,-0.6905813761324455,0.7232547012906434,15.84000015258789,6
975752,4.495619297027588,-0.820263761935776,0.5719854551078799,16.217500686645508,6
975827,3.470592498779297,-0.9444671747629644,-0.32860577565719085,13.552499771118164,6
975830,4.097929954528809,-0.7417671926035319,-0.6706574624777353,13.364999771118164,6
975857,3.3484511375427246,-0.9368014851024837,-0.34986136898746184,13.625,6
976053,8.074992179870605,-0.7056399934016547,-0.7085705326303887,16.200000762939453,6
976227,7.634624481201172,-0.9309618580132716,-0.3651164457053081,12.800000190734863,6
976390,9.282027244567873,-0.40716260290444395,-0.9133556890916474,12.0600004196167,6
976403,7.835201263427734,-0.522992812206083,-0.8523370919892979,14.300000190734863,6
976481,7.793629169464111,-0.5357941002055004,-0.8443486733482668,16.649999618530273,6
976559,6.031769752502441,-0.4921379686411221,-0.8705172139721247,18.700000762939453,6
976601,7.459395885467529,0.1533238045469624,-0.9881760020154532,14.36750030517578,6
976612,6.174567222595215,-0.16535937947273074,-0.9862333778677304,13.352499961853027,6
976637,7.1458420753479,-0.21530117239912744,-0.9765476973315544,14.199999809265137,6
976662,5.719987392425537,-0.4885631504785931,-0.8725285370659412,15.6899995803833,6
976875,11.51117992401123,-0.592252509940302,-0.8057524213239526,14.00749969482422,6
977051,3.041630983352661,0.42376796203638845,0.9057707846643797,10.40999984741211,6
977077,3.2686145305633545,0.9905143638435228,-0.1374092246527194,10.297500610351562,6
977259,5.400146484375,0.6548131967401717,-0.7557907629595093,15.744999885559082,6
977268,6.6412882804870605,0.2707224295594203,-0.9626574500482737,16.55000114440918,6
977342,6.029023170471191,0.04729899544574257,-0.9988807761839366,12.100000381469728,6
977493,9.016139030456545,-0.24377215376971878,-0.9698325304125824,14.024999618530272,6
977504,10.924334526062012,-0.24239655731756385,-0.9701772564849132,13.075000762939451,6
977510,10.503520965576172,-0.22075483925037503,-0.9753293294818633,13.199999809265137,6
977539,13.037349700927734,-0.5147737051233906,-0.857326094618341,14.34000015258789,6
977609,12.13138484954834,-0.9664514600837371,-0.2568493241221645,11.93000030517578,6
977999,7.110067367553711,-0.5107679542616478,-0.8597186149545508,17.579999923706055,6
978014,9.796602249145508,-0.5757816273211678,-0.8176035210536876,16.78499984741211,6
978095,5.581491470336914,-0.9982374643128141,0.059346144291967634,15.407499313354492,6
978175,3.992896556854248,-0.948758376121411,-0.31600244261629246,12.394999504089355,6
978244,1.5509487390518188,-0.8510311908150718,0.5251151419068782,13.907500267028809,6
978389,3.078493118286133,-0.004861315106216113,0.999988183737907,12.772500038146973,6
978411,3.336968183517456,-0.8884770655635321,0.45892102149238595,14.279999732971191,6
978514,6.663883686065674,-0.9987248270524693,0.05048484751898475,8.670000076293945,6
978789,4.467607021331787,0.0305164629470725,0.999534264289724,5.202499866485596,6
978829,0.8786254525184631,-0.8770140444413943,0.48046473944770185,10.860000610351562,6
978979,7.116368293762207,-0.6829854229620074,-0.7304320036946682,13.1899995803833,6
979029,3.5696113109588623,-0.6996510866628514,-0.7144846792839517,11.345000267028809,6
979148,5.657110691070557,-0.6571147963023306,-0.7537905176377231,13.552499771118164,6
979229,6.333013534545898,-0.692425140892329,0.7214897256789167,10.045000076293944,6
979243,3.919546365737915,-0.6167374820059315,0.7871689007379441,10.182499885559082,6
979449,6.019076347351074,-0.582719905591746,-0.8126730656464176,10.4375,6
979538,7.03403377532959,-0.6287394674206375,0.7776160248526346,10.947368621826172,6
979542,7.040870666503906,-0.6751369069205477,0.7376924541526473,11.05500030517578,6
979696,6.470212936401367,-0.7381245417391449,0.6746644802287856,8.575000762939453,6
979751,5.92354154586792,-0.6604859492633606,0.7508384052681891,7.372499942779541,6
979940,7.945708751678467,-0.023067852935442994,-0.9997339016763155,9.5,6
979943,7.846975326538086,-0.009559537443626538,-0.9999543065779876,9.40526294708252,6
980119,5.158397674560547,-0.2749020447722475,0.9614722386944083,7.509999752044678,6
980172,6.56329345703125,-0.9153861149156354,0.40257702445576704,8.070000648498535,6
980194,4.045044898986816,-0.935864643992636,-0.35235971410553807,6.417500019073486,6
980277,3.3807895183563232,-0.9994151533860263,0.034195777259562285,13.5,6
980286,7.622518062591553,-0.6369881249248297,0.770873613963242,12.637499809265137,6
980299,3.911022901535034,-0.8483894450182059,0.5293725999536626,10.734999656677246,6
980380,6.441163063049316,-0.9959328959068474,-0.09009809571017872,10.635000228881836,6
980576,3.2188565731048584,-0.7439066837197562,0.6682835071412989,9.28499984741211,6
981955,6.887979030609131,-0.9145996864274136,-0.4043604995383162,13.079999923706056,6
981972,6.269660472869873,-0.8890788346485866,-0.4577541106095185,12.539999961853027,6
982012,7.689216613769531,-0.6635707333824155,-0.7481135487332945,12.399999618530272,6
982076,9.854506492614746,-0.4695047176414967,-0.8829299633110083,13.763157844543455,6
982125,14.224421501159668,-0.39905213392980693,-0.9169282384167626,14.65000057220459,6
982276,9.730039596557615,-0.5999949693582166,-0.8000037729566235,9.260000228881836,6
982358,4.737399578094482,-0.976125663843816,-0.2172065569578173,7.007500171661377,6
982397,3.810140371322632,-0.9896279099494326,0.14365444597755284,6.272500038146973,6
982645,7.700047492980957,-0.999916633502027,0.012912244033203618,3.067499876022339,6
982804,11.114493370056152,-0.7195158959935839,-0.6944759718035967,9.484999656677246,6
982863,8.405317306518555,-0.9924677940608994,0.1225058274201361,8.5600004196167,6
982999,4.93456506729126,-0.6478508535561672,0.7617672029869398,7.279999732971191,6
983014,6.127585411071777,-0.6522289852658822,0.7580219988753871,6.927500247955322,6
983023,6.724198341369629,-0.7265886506814737,0.6870727273738024,4.940000057220459,6
983189,6.773815631866455,-0.539156715055806,0.8422054598553921,3.807499885559082,6
983289,11.08614444732666,-0.4357367522848714,0.9000741540052312,4.602499961853027,6
983315,11.327104568481444,-0.3959889598307917,0.9182552715297243,2.962500095367432,6
983488,6.674432277679443,-0.5344899276125707,0.8451748442072261,3.857500076293945,6
983499,6.347362995147705,-0.6568236648070411,0.7540442118002416,4.010526180267334,6
983545,3.8132269382476807,-0.9992140123849091,-0.039640351331068274,3.7699999809265137,6
983594,3.636033058166504,-0.9374891509926234,-0.3480144993691068,6.46999979019165,6
983619,3.776257038116455,-0.8240115309823783,0.5665730286627461,7.204999923706055,6
983786,5.344082355499268,-0.8291977786710637,0.5589553147139524,6.994999885559082,6
983790,5.543838024139404,-0.9159128157015556,0.40137727144626445,6.37000036239624,6
983797,5.377606391906738,-0.8802478155961159,0.4745142602053877,6.3125,6
983946,4.402698040008545,-0.9979966419849489,-0.06326691542003378,7.810000419616699,6
984160,9.84828758239746,-0.5259781559744998,-0.8504980772686466,10.47499942779541,6
984215,10.685444831848145,-0.3105826153041914,-0.9505463897521302,10.1899995803833,6
984226,13.292635917663574,-0.4504237416386,-0.8928149040917068,10.202499389648438,6
984256,11.014010429382324,-0.392730589704925,-0.9196535673339292,11.494999885559082,6
984293,11.522866249084473,-0.7956772321792153,0.6057208451024475,9.327500343322754,6
984482,7.30806303024292,-0.9976621349039059,0.06833933405426683,0.8924999833106995,6
984628,5.0323004722595215,-0.6481524717432958,-0.761510586514105,2.0225000381469727,6
984682,6.163424968719482,0.9981026733762519,-0.06157153075228048,0.2250000089406967,6
984685,6.689115047454834,0.9978608474852405,-0.06537376427923944,0.2025000005960464,6
984731,5.275450706481934,-0.08251679318723125,0.9965896742602222,1.8100000619888303,6
984805,5.088748931884766,0.5842453429246459,0.8115770938554531,1.2949999570846558,6
985037,7.626669883728027,-0.37957398409576687,-0.9251613862444036,1.8975000381469729,6
985395,5.775264739990234,-0.5208854217765507,0.85362660301836,2.587500095367432,6
985403,6.793120861053467,-0.3700730622526989,0.9290026526307178,2.442500114440918,6
985472,8.570266723632812,-0.553997504581327,0.8325183270761446,5.302500247955322,6
985596,5.845523834228516,-0.9982210525104742,0.05962155922886533,3.694999933242798,6
985688,4.512216567993164,-0.967258507213425,-0.2537931839574432,2.740000009536743,6
985719,7.599271774291992,-0.44791729285747955,-0.8940749961604043,4.174999713897705,6
985757,9.22588348388672,-0.9218561130843824,-0.3875323299661002,9.24250030517578,6
985789,8.479832649230957,-0.6546916155991273,0.7558960831120932,7.310526371002197,6
985795,7.166222095489502,-0.613214489028203,0.7899164452306838,6.607894420623779,6
985799,7.879058361053467,-0.6122122262610469,0.7906934867674659,6.407500267028809,6
985968,7.806206226348877,-0.9718934287874281,-0.23542124602468747,4.9375,6
986027,5.7607269287109375,-0.9618907628357549,-0.27343401465664324,7.315000057220459,6
986043,6.918535232543945,-0.9824101386394766,-0.18673596198473527,7.732500076293945,6
986163,3.9007837772369385,-0.9979770833865338,-0.06357468863712554,10.460000038146973,6
986353,4.942960739135742,-0.9817903472543557,-0.18996766577018215,10.702499389648438,6
986501,5.5417256355285645,-0.9502802015078936,-0.31139611208574386,10.020000457763672,6
986506,5.066019535064697,-0.9709798884191617,-0.23916115128823126,9.157500267028809,6
986518,5.376740455627441,-0.9530171064275218,-0.30291648165214385,9.644999504089355,6
986528,5.566350936889648,-0.9428420526538333,-0.3332399492070336,9.84749984741211,6
986561,6.022804260253906,-0.9543350832807191,-0.2987382613921136,8.620000839233398,6
986628,6.290421009063721,-0.8664401590130859,-0.49928093379316857,8.4975004196167,6
986637,8.823637008666992,-0.9070677168441448,-0.4209847468248112,8.887499809265137,6
986726,9.325767517089844,-0.5894612992068847,-0.8077966184240508,10.104999542236328,6
986779,6.118381500244141,-0.4466474957179971,-0.8947100170272163,10.065000534057615,6
986828,8.74790096282959,-0.5624174297548457,-0.8268534541912208,10.297369003295898,6
986900,11.333867073059082,-0.34034489270150486,-0.9403006721320586,11.429999351501465,6
986918,11.552170753479004,-0.015710139914252377,-0.9998765881366933,10.40999984741211,6
987069,7.374628067016602,0.8735135927472787,0.48679975686697036,3.414999961853028,6
987100,9.903695106506348,0.321280869370421,0.9469839507492123,1.3024998903274536,6
987192,9.644636154174805,-0.7645022686200225,0.6446210369471655,2.990000009536743,6
987396,6.178071022033691,-0.017662763732217174,-0.9998440012208604,0.7425000071525574,6
987473,10.351887702941896,-0.9885823883212497,-0.15068132432738285,6.69249963760376,6
987474,9.174221992492676,-0.9992354633959145,-0.03909589098552481,6.777500152587891,6
987589,10.868146896362305,-0.9183131582881159,-0.3958546997509388,12.182499885559082,6
987653,6.278451442718506,-0.4139149459106965,-0.9103155593264047,10.354999542236328,6
987868,6.92392635345459,-0.488988326621551,-0.8722903280604775,5.257500171661377,6
987934,10.750452041625977,-0.9344624912843714,0.35606158509814845,7.149999618530273,6
987954,8.421653747558594,-0.998067908818276,0.062132514733540145,6.694999694824219,6
988030,6.934230327606201,0.3217413117144246,-0.946827612787186,5.945000171661377,6
988417,4.632645606994629,-0.49806463684926705,-0.8671399065434642,5.149999618530273,6
988569,3.863215684890747,0.20252265533958266,0.9792775776429299,2.9200000762939453,6
988700,6.557952404022217,0.3061345335532004,0.9519882600989176,2.055000066757202,6
988736,7.044976711273193,0.8069106771281105,0.5906734792900847,3.307500123977661,6
988768,7.224916934967041,0.7225825711739742,0.6912846214372258,5.957499980926514,6
989074,3.661107301712036,0.7127244176113703,-0.7014441563948858,4.822500228881836,6
989371,4.588212490081787,-0.3718156490820943,0.928306588955212,6.599999904632568,6
989389,4.527761936187744,-0.4950609130079948,0.8688582694615334,6.420000076293945,6
989666,5.864487171173096,0.848225655638855,-0.5296350036733171,4.730000019073486,6
989714,5.338136196136475,0.7734434587392236,-0.6338652980985052,3.7925000190734863,6
989715,5.049730777740479,0.8539118916236941,-0.5204176028379944,3.799999952316284,6
989793,5.502228736877441,-0.4344490953276802,-0.900696388118083,4.199999809265137,6
990175,10.183171272277832,-0.9825468330040037,-0.18601537827234194,5.885000228881836,6
990197,11.56437873840332,-0.9553021578277635,-0.29563116758829533,6.567500114440918,6
990218,9.983601570129396,-0.9373546923899226,-0.3483764926836963,5.779999732971191,6
990235,11.174814224243164,-0.8950626606217243,-0.44594039238530503,5.602499961853027,6
990264,11.50538444519043,-0.549767872007893,-0.8353174767164356,6.570000171661377,6
990327,8.00592041015625,-0.9913274567501786,-0.13141489068299186,7.025000095367432,6
1021033,3.824288129806519,-0.998832565299188,0.04830638154367747,19.2944450378418,6
1021232,3.713175058364868,-0.9281449989580055,-0.3722188347051286,18.63500022888184,6
1021262,5.390463829040527,-0.8498292265153651,-0.5270581426752614,23.82749938964844,6
1021412,6.261917591094971,-0.9449297041249164,-0.32727336320329814,18.9325008392334,6
1021431,6.513514041900635,-0.966888787487793,-0.2551981046763187,17.90999984741211,6
1021484,6.76119327545166,-0.9354579810631534,-0.3534379233546523,10.984999656677246,6
1021496,7.114734649658203,-0.9368530931462842,-0.34972315030926937,10.699999809265137,6
1021525,7.863026142120361,-0.968718220156258,-0.24816327274053193,15.050000190734863,6
1021635,6.362489223480225,-0.9985334367210665,0.054138486772497316,9.28499984741211,6
1021706,3.567793607711792,-0.9495734485684799,0.31354467907104455,17.55500030517578,6
1021718,2.948882579803467,-0.9846856077279414,0.1743394789869886,16.94999885559082,6
1021790,5.078836917877197,-0.1841585125045693,-0.9828965572592593,11.18000030517578,6
1021795,4.65039587020874,0.00035952673941530355,-0.9999999353702598,11.404999732971191,6
1021843,8.259150505065918,0.08193978264881074,-0.9966372820738073,14.022500038146973,6
1021857,5.0128326416015625,-0.4439632231620075,-0.8960450080657788,17.14411735534668,6
1021935,4.303647994995117,-0.924226070687037,-0.3818457414485593,14.44499969482422,6
1021944,7.866552829742432,-0.9309856789474286,-0.3650557020439421,14.81999969482422,6
1021959,7.534228801727295,-0.9558269626338055,-0.29392995339405925,16.915000915527344,6
1022237,3.391932487487793,-0.8532098922799062,0.5215677134521565,14.774999618530272,6
1022241,3.862547636032105,-0.7584522601152823,0.6517286008194056,15.885000228881836,6
1022339,5.357255935668945,-0.7078400714964046,0.7063727296434686,12.50749969482422,6
1022350,5.572506427764893,-0.621209890480589,0.7836442253785161,12.730000495910645,6
1022355,5.893359661102295,-0.5301749010686818,0.8478883029484564,12.770000457763672,6
1022372,4.393943309783936,-0.517385568934773,0.8557524017249623,13.050000190734863,6
1022466,2.8619544506073,0.971938740319044,0.235234106938237,13.710000038146973,6
1022678,4.806413650512695,-0.27579863160566553,-0.9612154362079515,20.15250015258789,6
1022768,6.3811445236206055,-0.21698428724860191,-0.9761750965309535,16.604999542236328,6
1022786,4.979694366455078,-0.07195523136654697,-0.9974078627517364,15.100000381469728,6
1022824,4.4530205726623535,-0.06623781414056104,-0.9978038644833365,21.69750022888184,6
1022976,1.1391373872756958,0.316002474199997,0.9487583656018429,23.46500015258789,6
1022981,1.7515686750411987,0.7232364016986902,0.6906005410205894,23.8799991607666,6
1022990,1.5412499904632568,0.8512143730364,0.5248181505400212,23.80526351928711,6
1023100,4.2884297370910645,0.31712173836656316,0.9483848391108797,14.634210586547852,6
1023146,4.919793128967285,0.18906946503268354,0.9819637149061338,16.023332595825195,6
1023148,4.243899345397949,0.2965232308506327,0.9550256402662195,15.894737243652344,6
1023165,4.486006259918213,-0.08990182156131184,0.995950632551613,15.335000038146973,6
1023263,5.762994766235352,-0.02549487420417304,0.9996749528668373,18.05000114440918,6
1023341,5.205488681793213,-0.755174841895268,0.655523423050967,13.515000343322754,6
1023482,5.804878234863281,-0.971904838403371,0.235374138528678,10.40999984741211,6
1023560,8.10102653503418,-0.9971760767450726,-0.07509908100173401,15.913888931274414,6
1023633,4.045425415039063,-0.9403558591152388,-0.3401923841411522,11.422499656677246,6
1023692,6.107644557952881,-0.5188893685446551,-0.8548414023731706,15.100000381469728,6
1023743,4.021325588226318,-0.9402176185304704,-0.34057426474249464,16.700000762939453,6
1023751,4.824827671051025,-0.5765915586960112,-0.817032541849163,16.09722328186035,6
1023798,6.835870265960693,-0.4451149673916006,-0.8954734310988653,14.640000343322754,6
1023827,8.803848266601562,-0.66953899446008,-0.7427769078918548,18.137500762939453,6
1023850,7.214211940765381,-0.8896857588352449,-0.45657337912514606,20.51052665710449,6
1024205,3.2062888145446777,-0.8678825344781121,0.4967694700239222,14.924999237060549,6
1024370,2.880150079727173,-0.9466246085371041,0.3223380996903321,12.19499969482422,6
1024372,2.818125009536743,-0.8934047951779671,0.44925257033545696,12.369999885559082,6
1024426,5.943868160247803,-0.8337163036213554,-0.5521930143309891,17.709999084472656,6
1024433,4.955358982086182,-0.9983857163693921,0.056797547038368874,17.372499465942383,6
1024459,5.625576972961426,-0.9242136638152192,-0.38187576987450916,15.859999656677246,6
1024533,4.939655303955078,-0.822840701079987,-0.5682721008867104,13.2475004196167,6
1024547,5.95689868927002,-0.9257823314919258,-0.3780569728194072,15.94499969482422,6
1024577,5.782912254333496,-0.906980696219527,-0.4211721936276682,18.417499542236328,6
1024612,4.090364933013916,-0.9536650428935638,-0.30087038066718536,15.125,6
1024744,3.151863574981689,-0.8013204133007363,-0.5982354011821241,17.907499313354492,6
1024792,6.506534576416016,-0.2652358277292875,-0.9641835694974064,13.22249984741211,6
1024821,9.919119834899902,-0.29906610345618856,-0.9542323960983154,14.712499618530272,6
1024881,6.178442001342773,-0.6300695239758015,-0.7765387272743755,20.33249855041504,6
1024934,4.572210311889648,-0.3307202902720375,-0.9437288220682779,17.600000381469727,6
1024980,7.728106021881103,-0.42037735371904444,-0.9073493706837369,18.31666755676269,6
1025046,7.615996360778809,0.07891520815949041,-0.9968813319152607,19.207500457763672,6
1025093,12.313936233520508,-0.2624486871892465,-0.9649459500887296,19.207895278930664,6
1025129,13.290285110473633,-0.7131531906428251,-0.7010082215466222,19.17894744873047,6
1025217,9.437701225280762,-0.4513056520190997,-0.8923694349626814,17.839998245239258,6
1025295,13.261056900024414,-0.7194126858719904,-0.6945828873550289,21.904998779296875,6
1025336,9.002429962158203,-0.9546514290757774,-0.2977257949247528,14.957499504089355,6
1025360,5.658766269683838,-0.6397235675636058,-0.7686050722599304,12.857500076293944,6
1025712,5.555577754974365,-0.6812190831241209,-0.732079613694803,12.375,6
1025866,8.409988403320312,-0.29246389729282624,0.9562765650063224,12.927499771118164,6
1025899,4.462710380554199,-0.6530853194905523,0.7572843359438536,11.644999504089355,6
1026039,2.573512315750122,-0.805350033275189,0.592799564695903,13.710000038146973,6
1026086,2.3825623989105225,-0.16665856432594603,0.9860146666945754,10.44499969482422,6
1026240,9.136748313903809,-0.54289594329036,-0.8397999730643424,10.489999771118164,6
1026242,8.334847450256348,-0.6359421720036237,-0.7717367127896103,10.287500381469728,6
1026299,4.494823455810547,-0.910536004727804,-0.4134297813345434,19.88500022888184,6
1026395,1.7418187856674194,-0.7354913976085037,-0.677534061168802,16.65999984741211,6
1026434,5.822376251220703,-0.7488630686125023,-0.6627247576998061,21.1875,6
1026495,6.822672367095947,-0.416042604923671,0.9093451219907248,13.97249984741211,6
1026506,7.343183517456055,0.16553185580709598,0.9862044436692925,13.52500057220459,6
1026548,4.184532642364502,-0.04620696333756485,0.9989318878377649,9.234999656677246,6
1026556,5.632550239562988,0.3242621316087522,0.9459672668779551,11.30526351928711,6
1026620,3.897259473800659,0.9994003856002326,0.034624691509187504,11.80500030517578,6
1026629,3.653236627578736,0.9955686512853369,0.09403754876587954,10.789999961853027,6
1026716,3.999241828918457,-0.9151682319350387,-0.40307208692353685,14.682499885559082,6
1026717,3.097512722015381,-0.8742554922454872,-0.4854661000302709,15.070000648498535,6
1026839,4.372775077819824,-0.9980199602121781,0.06289800488157325,10.84749984741211,6
1027021,5.870731830596924,-0.7485769016150549,0.6630479789339565,13.279999732971191,6
1027054,3.423455238342285,-0.9074257078413427,-0.4202125471099574,12.611764907836914,6
1027093,8.75452709197998,-0.9454744345539854,-0.3256963211410618,10.582500457763672,6
1027293,4.88844108581543,-0.9999806752435775,0.006216843202044032,15.662500381469728,6
1027315,5.848196506500244,-0.9855673319989312,-0.16928388611001524,17.967500686645508,6
1027551,5.742669105529785,-0.18637542101071258,-0.982478601519178,12.399999618530272,6
1027685,7.640963077545166,0.29905234877641335,0.954236706845482,7.724999904632568,6
1027726,8.390721321105957,0.11575843336836925,0.9932773958487633,8.045000076293945,6
1027743,8.608756065368652,0.27891692093960974,0.9603152353334646,8.755000114440918,6
1027834,4.299880027770996,-0.23103012435020875,0.9729465975287273,6.382500171661377,6
1027894,3.99920654296875,-0.8356959001283384,-0.549192463994806,12.31052589416504,6
1027926,6.333624839782715,-0.6902326638919869,-0.7235874996823615,10.1875,6
1028072,6.612520217895508,-0.7210361216430639,-0.6928974753063608,14.199999809265137,6
1028114,7.458494663238525,-0.5949137669544109,-0.8037895308400781,18.402631759643555,6
1028117,8.364343643188477,-0.643070323717674,-0.7658071289519613,18.77250099182129,6
1028198,4.654349327087402,0.19408538756099405,-0.9809846391943652,14.484999656677246,6
1028226,6.6082940101623535,0.9124243044862184,-0.4092455113777556,14.27750015258789,6
1028276,2.764853954315185,0.8787733316036989,-0.47723938611784295,16.420000076293945,6
1028319,5.3477888107299805,0.4544265832341497,-0.8907841940953692,15.300000190734863,6
1028356,7.838783740997314,0.35755728891473976,-0.9338912062675937,17.862499237060547,6
1028391,9.667598724365234,0.15610145091347383,-0.9877410273055931,19.02250099182129,6
1028459,8.558916091918945,0.16006147518455274,-0.9871070479749118,13.5024995803833,6
1028477,10.99716854095459,0.02437589569441252,-0.99970286370956,15.086111068725586,6
1028495,11.588408470153809,-0.147389552798854,-0.9890785205057048,16.510000228881836,6
1028513,11.834176063537598,-0.10184137365119769,-0.9948006506897938,16.202499389648438,6
1028657,11.501907348632812,-0.1466817390540336,-0.9891837379516933,23.350000381469727,6
1028720,7.601907730102539,-0.5723183249550545,-0.8200315450765542,18.61000061035156,6
1028810,10.324970245361328,0.014496240068363246,0.9998949239914564,9.505000114440918,6
1028874,6.828092575073242,0.2586705654049909,0.9659655990733119,9.375,6
1028885,6.457622051239014,0.2514152709068857,0.9678793114613088,9.597500801086426,6
1028966,6.11861515045166,0.5287615781040447,0.8487704009453442,11.429999351501465,6
1029176,5.305132389068604,-0.4404569720267482,-0.8977737219327754,12.369999885559082,6
1029585,3.5266404151916504,-0.9963154906218613,-0.08576388019976534,12.552499771118164,6
1029774,5.761101245880127,-0.9706891188910527,-0.24033858297516805,11.86750030517578,6
1029824,4.157951354980469,-0.9993765990002461,0.03530458002442997,17.8799991607666,6
1029929,6.195742607116699,-0.47536546669384844,0.8797884251767237,9.114999771118164,6
1029954,6.948084354400635,-0.056323199666326526,0.9984125886522801,12.1578950881958,6
1029975,4.165004730224609,-0.9662558898606389,0.25758407425464963,13.19499969482422,6
1031802,6.12622594833374,-0.10473478477670053,-0.9945001884654312,10.207499504089355,6
1031821,5.291117668151856,-0.3251272053191946,-0.9456702915717139,11.359999656677246,6
1031852,5.364755153656006,0.14625733087320605,-0.9892465785464438,11.447500228881836,6
1031910,4.607237815856934,0.4265884912197018,-0.9044458298642868,13.897500038146973,6
1032119,6.329093456268311,0.9982877395965467,0.05849434990849331,8.197368621826172,6
1032214,4.4990739822387695,0.9829591545669992,0.18382410193696083,7.264999866485596,6
1032243,5.426076412200928,0.974029576696675,0.22642081114618423,6.45263147354126,6
1032258,5.118170738220215,0.8685772717514668,0.4955537538923287,6.130000114440918,6
1032268,5.846247673034668,0.9366132319532287,0.35036502926252133,6.285000324249268,6
1032299,7.282595634460449,0.9621865383895587,0.27239138264988916,8.897500038146973,6
1032407,7.564485549926758,0.9203402561757547,0.39111866851678956,7.03000020980835,6
1032545,9.253839492797852,0.825134735098084,0.5649359865813247,5.689999580383301,6
1032608,7.542266368865967,0.8646025513162794,0.5024563943840107,4.845000267028809,6
1032646,5.450717926025391,0.7639501028382998,0.6452753213732502,4.207499980926514,6
1032779,5.27784538269043,0.8024704909644967,-0.5966918058187154,4.099999904632568,6
1033001,3.39065170288086,0.9871337400189963,0.1598967770660448,4.795000076293945,6
1033061,5.247588634490967,0.994104975845995,0.10842184742123544,7.289999961853027,6
1033432,5.431431770324707,-0.17386952930110414,0.984768697096233,5.365000247955322,6
1033774,11.921568870544434,-0.4169679754248253,-0.9089211778092324,14.260000228881836,6
1033915,11.9884672164917,-0.44829250935474974,-0.8938869201730282,10.747368812561035,6
1034039,7.241137504577637,-0.8507468978829158,-0.5255756042117972,10.581579208374023,6
1034061,6.339972972869873,-0.7071615784157189,-0.7070519797105366,9.130000114440918,6
1034111,6.557859897613525,-0.43211226366247,-0.9018198221332774,7.320000171661377,6
1034135,5.815545082092285,0.0742280023679856,-0.9972412966100322,7.090000152587891,6
1034164,8.408912658691406,0.3587957998286972,-0.9334160776552359,9.09000015258789,6
1034185,6.629251003265381,-0.17782771111806256,-0.9840616368696175,10.975000381469728,6
1034242,6.156872749328613,-0.24104787058781038,-0.9705132271561693,10.792500495910645,6
1034246,7.547574996948242,-0.30203793812436913,-0.9532959057572731,10.323529243469238,6
1034335,8.590880393981934,-0.878363566748605,-0.47799314284691247,13.842499732971191,6
1034337,8.276840209960938,-0.80313407305428,-0.5957983389530743,13.800000190734863,6
1034427,7.621397972106934,-0.6958465068624909,-0.7181905310481818,10.925000190734863,6
1034447,7.489680767059326,-0.4059129349311436,-0.9139117513499786,10.888888359069824,6
1034501,4.604082107543945,-0.7026615212247075,0.7115242698532356,7.5,6
1034559,6.00816822052002,-0.9690010476400251,0.24705661228255688,5.732500076293945,6
1034615,1.0449000597000122,-0.8940028155632899,-0.44806134152023247,7.434999942779541,6
1034673,4.598123550415039,-0.4458190581595747,-0.8951231018031597,5.292500019073486,6
1034679,2.8370065689086914,-0.025085144806471824,-0.999685318242715,5.365000247955322,6
1034752,4.882445335388184,0.23788429802529495,-0.9712934987700744,10.079999923706056,6
1035201,11.312124252319336,-0.8808022338497967,-0.473484344878696,12.112500190734863,6
1035212,16.02651596069336,-0.9557310992372645,-0.2942415095643883,12.022500038146973,6
1035315,7.252505779266357,-0.7431177384290856,0.6691606883492494,8.58750057220459,6
1035402,4.751613140106201,-0.998787707824807,0.0492251429461404,7.197368144989014,6
1035422,3.95407509803772,-0.9921725133359196,0.1248747523748669,7.115384578704834,6
1035567,1.288762450218201,-0.964854819703076,0.26278351716906606,7.800000190734863,6
1035595,6.359203815460205,0.023196981685390073,-0.9997309138166568,6.75,6
1035641,4.347752571105957,0.6539688247430073,-0.7565214975559186,7.304999828338623,6
1035859,8.555685997009277,0.8837316570981605,-0.4679939724425297,2.5350000858306885,6
1035939,6.589502811431885,0.9999593813662909,-0.009013080358277822,3.190476179122925,6
1036114,4.198139190673828,0.4801012742280583,-0.8772130678943371,2.2099997997283936,6
1036169,9.216975212097168,0.6236908865168638,-0.7816710804908984,0.8999999761581421,6
1036262,9.610518455505373,-0.7575710687664473,-0.6527526911228041,8.304999351501465,6
1036266,8.227371215820312,-0.8220684115533182,-0.5693887307685359,7.980000019073486,6
1036364,4.772407054901123,0.6360656849343747,-0.7716349165563757,6.815000057220459,6
1036563,7.445722579956055,-0.05344999273635877,-0.9985705274423451,9.702499389648438,6
1036704,7.122122764587402,-0.33370167113847826,-0.942678733545733,6.305000305175781,6
1036766,6.37583589553833,-0.5850024291641015,-0.8110315393818543,8.517499923706055,6
1036813,7.548559188842773,-0.16261326355508743,-0.9866898836594827,6.697499752044678,6
1036878,6.782596111297607,-0.47532821227669014,-0.879808553387523,6.159999847412109,6
1036909,7.134206771850586,-0.6644906951466153,-0.7472965382387154,9.46250057220459,6
1037012,4.213230133056641,0.536516840370209,-0.8438896136338969,9.167499542236328,6
1037214,6.229043483734131,-0.9982936541198857,-0.058393322768669584,10.46500015258789,6
1037271,4.621654987335205,-0.8711599951224933,-0.4909992493865724,7.940000057220459,6
1037358,5.903178691864014,0.2940275407799728,0.9557969477158218,7.154999732971191,6
1037563,4.457271575927734,-0.366987578941245,-0.9302258418808002,5.612499713897705,6
1037597,7.250008583068848,-0.3271334422148743,-0.9449781537076122,5.255263328552246,6
1037658,3.8935468196868896,-0.527449399622117,-0.8495864469483186,8.394999504089355,6
1037680,4.009711265563965,-0.616098728634663,-0.7876689384346395,7.99500036239624,6
1037698,4.663668155670166,-0.3409383136723635,-0.9400856696441261,8.172499656677246,6
1037820,3.195782423019409,-0.4474445887428875,-0.8943116570886842,9.199999809265137,6
1037837,4.105400562286377,-0.5189483307416055,-0.8548056094928842,8.597500801086426,6
1037855,4.65715217590332,-0.5578241523719468,-0.8299591646765032,8.65250015258789,6
1037856,5.242424964904785,-0.5847058347441217,-0.8112453924776275,8.778947830200195,6
1037966,3.216089963912964,-0.805648940520284,0.592393268562822,9.212499618530272,6
1037967,3.5230207443237305,-0.8543662285220697,0.5196713842044552,9.25,6
1038061,3.758244752883911,-0.969563170327168,-0.24484129297389967,9.7524995803833,6
1038131,5.350480556488037,-0.9491882916823201,-0.31470873348732914,9.707499504089355,6
1038179,8.63652515411377,-0.8900361701510441,-0.45588991634259873,10.600000381469728,6
1038241,3.965847969055176,-0.7357569461691947,0.6772456837542641,10.225000381469728,6
1038395,3.2585608959198,-0.9650069417442666,0.26222433598996425,10.792500495910645,6
1038462,2.9310226440429688,-0.9967256408771517,-0.08085788037063112,9.631579399108888,6
1038478,4.4738850593566895,-0.9882734324174861,-0.15269454075951922,9.210000038146973,6
1038558,4.782839298248291,-0.982607614218997,0.18569403996588277,9.300000190734863,6
1038609,5.168344974517822,-0.9959853699922766,0.08951615921914766,8.600000381469727,6
1038619,3.5552823543548584,-0.9911420415206337,0.13280607489987242,8.795000076293945,6
1038630,4.512977600097656,-0.9936303899405944,0.11268827883370307,8.899999618530273,6
1038722,5.744120597839356,-0.13776045229988573,0.990465576273164,4.98421049118042,6
1038755,4.1555938720703125,-0.08970978779857937,0.995967948265974,4.53249979019165,6
1038790,3.5548555850982666,-0.07820952783538453,0.996936943720999,5.332499980926514,6
1038847,2.438306331634521,-0.06619290549346614,0.997806844666007,4.850000381469727,6
1038883,0.7347000241279602,0.7393467727356375,0.6733248470429393,4.465000152587891,6
1038889,0.9263624548912048,0.6966766126866176,0.7173853199888471,4.397500038146973,6
1038910,0.81406569480896,-0.3600152935146984,0.9329464016949343,4.331579208374023,6
1038939,1.508231282234192,-0.8174323575918461,-0.5760246008304126,4.125,6
1038959,1.3690367937088013,0.13283680109128918,0.9911379239418867,3.447058916091919,6
1038967,1.0901809930801392,-0.5255108043527155,0.850786926620621,3.275000095367432,6
1039099,4.994154453277588,-0.9284014203776981,0.37157879735080773,2.694999933242798,6
1039125,2.9203150272369385,-0.6990468919338325,0.7150758301590459,3.797499895095825,6
1039169,4.303128242492676,-0.6297416822891982,0.7768046173830139,4.597499847412109,6
1039304,4.155036926269531,-0.9785132902634038,0.20618375488356885,6.465000152587891,6
1039385,5.980268955230713,-0.713965371872577,0.7001810107156954,9.5024995803833,6
1039551,10.531367301940918,-0.7572255455022168,0.6531534836765936,9.779999732971191,6
1039837,6.328427314758301,-0.4394910264130768,0.8982469803469312,3.044999837875366,6
1039842,5.999072551727295,-0.3325056493105458,0.9431012634794698,2.745000123977661,6
1039867,6.603597640991211,-0.49515531759445014,0.8688044725126242,2.759999990463257,6
1039875,5.745638847351074,-0.5691662769865309,0.8222224450483528,3.0824999809265137,6
1039892,4.553072452545166,-0.5790952485418464,0.8152598929888906,3.337500095367432,6
1039905,3.175512313842773,-0.7901903986769476,0.6128614311887856,2.977499961853028,6
1039946,3.987213373184204,-0.9585013042775415,0.2850881437349714,5.599999904632568,6
1040007,5.985651969909668,-0.6693767714624911,0.7429231035756338,7.400000095367432,6
1040009,6.344836235046387,-0.6423799067786717,0.7663863616786413,7.389999866485596,6
1040061,4.126369476318359,-0.7110836258489764,0.7031074434604379,7.268421173095703,6
1040066,4.619758129119873,-0.8008559143746675,0.5988570817909021,7.543749809265137,6
1040160,6.822412490844727,-0.9772424063428989,-0.21212562137832483,8.075000762939453,6
1040221,8.601052284240723,-0.97590593181725,0.2181916869266676,9.25749969482422,6
1040552,3.731421947479248,-0.9991584207551798,0.04101768196784256,7.422500133514404,6
1040744,8.933877944946289,-0.5980138644204375,-0.8014857565552458,8.645000457763672,6
1041058,6.5936479568481445,0.022448295865646423,-0.9997480052556886,1.2949999570846558,6
1041075,5.715920448303223,0.2236360118495462,-0.974672731845941,2.164999961853028,6
1041204,6.650560855865479,0.6352782937587892,-0.7722832961283842,2.700000047683716,6
1041231,6.83014440536499,0.720502247776631,-0.6934526018040615,3.455263137817383,6
1041348,3.333200693130493,0.9996122395732967,0.027845475310327533,2.2124998569488525,6
1041401,2.893547773361206,-0.5738975140528026,0.8189271294590338,4.485000133514404,6
1041420,2.10939359664917,-0.7142025200843114,0.699939111855609,4.010000228881836,6
1041428,4.349404811859131,-0.4744819093490328,0.8802652541708642,4.5,6
1041438,3.0948801040649414,-0.33132492277088926,0.9435167171549554,4.285000324249268,6
1041678,3.8512799739837646,-0.6363730606625929,-0.7713814410931363,2.400000095367432,6
1041787,4.89601469039917,-0.42191190137447204,0.9066368332902529,2.1499998569488525,6
1041823,2.5656228065490723,-0.8104927664471078,0.5857486453564481,3.362499952316284,6
1041856,3.135075092315674,-0.8170956483147519,0.5765021261930395,1.4049999713897705,6
1041872,4.20940637588501,-0.9864510762797541,-0.1640557042791094,1.919999957084656,6
1041892,3.1365208625793457,-0.9170699500807966,-0.39872635561096925,2.0166666507720947,6
1041962,3.0134615898132324,-0.5642718941521266,0.8255890197125754,5.654999732971191,6
1041967,3.003939151763916,-0.6934021353067394,0.7205508162177421,5.300000190734863,6
1041988,3.1155738830566406,-0.9566443708588223,0.29125855816461094,4.782500267028809,6
1042134,6.673856735229492,-0.9802497130539389,-0.19776374808763686,9.46500015258789,6
1042142,6.488157272338867,-0.9945389187783632,-0.10436636927269424,8.704999923706055,6
1042148,6.873403549194336,-0.9999658594925004,0.008263162192829793,9.0,6
1042317,5.989884376525879,-0.9791449273790045,-0.20316301628978656,7.0,6
1042350,10.76365566253662,-0.7472779566660246,0.6645115916829826,3.5684211254119877,6
1042367,11.311196327209473,-0.7834817382688026,0.6214148097682379,6.107500076293945,6
1042468,9.083937644958496,-0.7327597532869784,0.6804874311571129,2.690000057220459,6
1042617,5.411458015441895,-0.6283846539693176,-0.7779027745521037,2.3299999237060547,6
1042635,7.402045249938965,-0.3605916488424246,-0.9327237869729181,1.627500057220459,6
1042698,4.116352558135986,-0.9898733618658344,-0.14195325804091585,2.005000114440918,6
1042714,4.721678733825684,-0.9449459143849978,0.3272265559014129,1.899999976158142,6
1042785,4.79741096496582,-0.9996085489404727,-0.027977649742655018,2.950000047683716,6
1042852,3.294405221939087,-0.7875977237485384,0.6161897642334875,2.234999895095825,6
1042940,3.709555387496948,0.8044035134549965,-0.5940833170029749,1.8324999809265137,6
1042980,5.97557258605957,0.9973059411382574,0.07335434390910064,1.2999999523162842,6
1043037,6.745080947875977,0.7511831949842391,0.6600937869524836,0.6000000238418579,6
1043060,7.016594886779785,0.6063727160209285,0.7951805639384066,1.2949999570846558,6
1043135,8.201383590698242,-0.0581662753842971,0.9983069089252654,1.600000023841858,6
1043586,3.722920417785645,-0.5952110585022513,0.8035694094704138,7.099999904632568,6
1043618,5.2522478103637695,0.5126137695603298,-0.8586193121850622,6.519999980926514,6
1043654,4.46174511909485,-0.16247406601523776,-0.9867128142841138,4.7400000333786,6
1043803,5.27248079776764,-0.6774535615001086,-0.7355655456931207,8.07000005245209,6
1043853,4.59350162744522,0.3622238614778755,-0.9320911297593475,7.9200001001358,6
1043947,15.3892288208008,-0.9459856664588188,-0.32420844969627877,7.36000010967255,6
1043997,7.14215157032013,-0.6131628574822515,-0.7899565242494045,7.00250000953674,6
1044012,7.8191073179245,-0.4383627332740553,-0.8987981497958814,6.09249994754791,6
1044047,8.55780208110809,-0.28334519549721854,-0.9590179874166298,7.93000016212463,6
1044127,10.0548676490784,-0.5967949936993986,-0.8023937533999967,9.62000026702881,6
1044231,13.9126007556915,-0.9154816223965193,-0.402359788068138,8.35999956130981,6
1044360,6.46842949013961,-0.6752931113693187,0.7375494652815803,4.65789468664872,6
1044456,7.2118908405304,-0.941450063924334,-0.3371524538496904,4.66749999523163,6
1044496,5.55635712146759,-0.9047504770993142,0.4259419845337664,4.15749979019165,6
1044515,6.13053240776062,-0.7279655617924805,0.6856136965114963,6.10500001907349,6
1044570,2.52464984059334,0.21862762346326328,-0.9758083634909088,7.43750004768372,6
1044605,3.55595076084137,-0.9100142214897603,-0.41457703347675395,6.12250001430511,6
1044611,3.95443184375763,-0.8150174021777326,-0.5794364798210933,5.98499999046326,6
1044646,3.57939516305924,-0.9630608252362782,-0.269283952168002,4.28250012397766,6
1044701,7.46254017353058,-0.3894812014761003,-0.9210344150447004,9.375,6
1044702,6.79666626453399,-0.3941387277055695,-0.9190509579575199,9.5175000667572,6
1044764,5.98242218494415,-0.5803579308320569,-0.8143615119345544,8.60250039100647,6
1044805,6.37789628505707,-0.5649170699441679,-0.8251476862269542,9.59750027656555,6
1044833,7.23980884552002,-0.568676128029317,-0.8225615243916918,11.7149999141693,6
1044840,8.25059266090393,-0.3956728934554665,-0.918391507683177,10.8050001621247,6
1044862,6.67935123443603,-0.31161101669840563,-0.9502097527768203,8.90249991416931,6
1044889,7.95912430286407,-0.45821002918390935,-0.8888439509583675,6.25000007152557,6
1044948,7.65070838928223,-0.3356112039134569,-0.9420005943776044,6.12250001430511,6
1045091,7.84966127872467,-0.14167622517180933,-0.9899130503337487,5.6649998664856,6
1045295,6.69680006504059,-0.13623372882972185,-0.9906767238252596,11.7024998188018,6
1045318,10.1086247444153,-0.04431505343915478,-0.999017605469836,10.6999998092651,6
1045406,6.90687189102173,-0.37328620467561374,-0.9277162332302242,12.6850003242493,6
1045423,7.03992779254913,-0.4039486778979614,-0.9147816491515826,11.9775001049042,6
1045475,6.36065170764923,-0.2539218302201738,-0.9672247433443983,7.92500011920929,6
1045541,8.96773007180956,-0.6003583394242641,-0.7997311199920509,11.0500001907349,6
1045559,6.32079799175262,-0.5725439659611027,-0.8198740190062932,9.19999980926514,6
1045569,4.81851627826691,-0.6703482680203136,-0.7420466289675911,9.32000012397766,6
1045570,5.84949617385864,-0.6730732979117943,-0.7395757808623408,9.22999992370606,6
1045627,7.70845623016357,-0.9303174595346932,-0.36675526510864764,6.65749983787537,6
1045653,4.49565871953964,-0.8890739664755432,-0.45776356575796273,5.95500001907349,6
1045880,8.00950293540955,-0.5195818269289932,-0.8544206956325027,9.30250015258789,6
1045909,9.32159328460693,-0.5693981677589337,-0.822061875136397,9.5,6
1045927,10.3037537097931,-0.612466787458211,-0.7904963214719083,9.19749984741211,6
1045943,6.66303482055664,-0.6847984015456999,-0.7287325635927451,10.2550000190735,6
1046187,6.49959211349487,0.4065584324462272,-0.9136247813007627,8.41499967575073,6
1046324,4.73780658245087,-0.3746720154571735,-0.92715741966144,13.577500295639,6
1052075,7.57178058624268,0.7978109750943554,-0.6029076612707736,6.80000019073486,6
1052085,7.37303192615509,0.7248525394336007,-0.6889040543331562,6.80000019073486,6
1052105,7.0152396440506,0.8957224830677415,-0.44461357753329966,6.09999990463257,6
1052377,4.45508219066419,0.7041629944067872,0.7100383632650189,7.35789482217086,6
1052388,4.46170793771744,0.699251936415664,0.7148753243880672,7.4574999332428,6
1052436,6.07759208679199,0.4980267429732983,0.8671616707877535,8.61000037193299,6
1052453,4.4368155002594,0.4938059596066948,0.8695721213659688,10.3174998760224,6
1052456,4.68564599752426,0.5240684679559912,0.8516761361540314,10.8074999809265,6
1052476,3.29102669358254,0.6229093123821096,0.7822940550379042,13.2049998283386,6
1052554,5.53432347774506,0.559682556448527,0.8287070869778063,7.51999998092651,6
1052672,5.60166817903519,0.7319076708657055,0.6814038166373432,8.10000038146973,6
1058865,5.13300223350525,-0.5217854816808569,0.8530767322504325,11.3000001907349,6
1059191,5.03695973157883,-0.9004317584039768,0.43499729706921436,16.657500076294,6
1059317,3.02667818069458,-0.963092581167141,0.26917035516715776,13.9950000286102,6
1059331,5.86252701282501,-0.8732091301804116,0.4873456832368262,15.9775002002716,6
1059350,4.4437394618988,-0.6599730533819684,0.751289271059877,18.7325002670288,6
1059443,7.64926044940948,-0.9407666822008818,-0.3390546411137076,15.717499923706,6
1059461,5.46664457321167,-0.9165996698466616,-0.39980625962707333,15.3625,6
1059516,7.31181275844574,-0.9519746089875896,-0.3061769812427545,18.0425001144409,6
1059544,7.95730519294739,-0.698859366588388,0.7152591039138734,15.7700000286102,6
1059592,6.31948006153107,-0.9646890029664238,-0.26339158596213186,10.717499923706,6
1059618,5.90561062097549,-0.8900021355587279,-0.4559563561360931,11.6900000095367,6
1059666,4.9837782740593,-0.9938485331369277,-0.1107478811606665,15.6200002193451,6
1059757,4.00195182561875,-0.8126385871314701,0.5827679870282582,12.1425000667572,6
1059787,5.37795298099518,0.07767326303869704,0.9969788684866502,14.9075000286102,6
1059823,1.54528118669987,0.30843118666901426,0.951246657334439,16.7924997329712,6
1060405,4.40026607513428,-0.21681269319177357,-0.9762132226470455,23.4999999046326,6
1060470,6.46849977970123,-0.14443777396291196,-0.9895138854268993,17.5824997901916,6
1060540,6.89202179908752,-0.5486512640027587,-0.8360513085380437,18.5,6
1060541,8.09845449924469,-0.4254503050666053,-0.9049817887221446,18.3149995803833,6
1060572,6.4812522649765,-0.656884430406212,-0.753991276534355,12.7700003147126,6
1060573,6.22145144939423,-0.5996654623374094,-0.8002507939887726,12.6500004291534,6
1060602,6.35347003406949,-0.47622755062096744,-0.8793220798032731,10.1222221586439,6
1060619,5.9487967240183,-0.47278678081002634,-0.8811768607330155,11.4815788269043,6
1060853,5.01195619106293,-0.6196062988244453,-0.7849127559525786,14.3574999332428,6
1060863,4.70341022014618,-0.5547528359604086,-0.8320151987757699,13.6275002479553,6
1061001,2.27677172422409,-0.925618258411845,-0.3784585045875214,14.5300001144409,6
1061199,5.35033192634583,0.9713049714586411,0.23783744957371283,12.9549999237061,6
1061275,2.76364742517471,0.9547296610922724,0.2974748295749318,14.9674998760223,6
1061376,12.4173727035523,-0.9627091727418439,-0.2705384422197974,12.9049996376038,6
1061437,4.71775916814804,-0.8477044862649675,-0.5304687587089814,11.7749999523163,6
1061474,6.07842743396759,-0.692473411621144,-0.7214433963921034,10.9949999809265,6
1061539,3.17000993929411,-0.7126814326033131,0.7014878299888668,15.8947368421053,6
1061552,3.67770986557007,-0.8943045228638892,-0.44745884770020095,17.05,6
1061636,1.99387487371763,0.36409451972219026,0.9313620030408518,12.8000001907349,6
1061648,4.30645112395286,0.297255898535349,0.9547978481259487,12.1674999713897,6
1061720,9.7473427772522,0.13916278107782862,0.9902695190515985,10.460000038147,6
1061820,9.7589813709259,0.27648627099872225,0.9610178676534693,9.92999973297119,6
1061836,9.80960125923157,0.08609314487167667,0.9962870923614862,9.7749997138977,6
1061841,7.81834635734558,0.041379223388013225,0.9991435131510412,9.48499994277954,6
1061983,3.74378459453583,-0.6482988627813526,-0.7613859629100111,13.0500001907348,6
1062187,5.38081157207489,-0.4202660255830283,-0.9074009410071412,11.4924999713898,6
1062234,4.97290056943894,-0.6316639206407211,-0.7752423436324881,14.1249999523163,6
1062304,6.04458801746368,-0.2008212445238756,-0.9796279026997352,12.8449999809265,6
1062324,5.73988449573517,-0.25148221963858924,-0.9678619184602979,10.8700000286103,6
1062338,6.06452417373657,-0.1368673538626622,-0.9905893838753941,10.6624999523163,6
1062391,8.7018099308014,0.012054444315526068,-0.9999273425465691,16.0400002002716,6
1062490,5.6868329167366,-0.1097166015344374,-0.9939629104487417,10.2800000667572,6
1062652,7.553830742836,-0.5409475495686493,-0.8410563290384739,16.8549994468689,6
1062735,4.63630675077438,-0.6287306910314788,-0.7776231208979573,14.9624998569489,6
1062739,5.51073050498962,-0.6079145781788665,-0.7940024342768798,14.5950003623962,6
1062745,4.97293772697449,-0.588262975908572,-0.8086696922570987,14.2775001049042,6
1062832,1.8498562514782,0.18326040258662418,-0.9830644052369043,19.4824998855591,6
1062886,2.26569377183914,0.8680479946153994,0.4964802906905606,15.1000003814697,6
1062926,2.18462959825993,-0.3849087812421723,0.9229546197525995,16.0625000953674,6
1062931,1.92733128070831,-0.44151267452508347,0.8972550129331726,15.8250001430512,6
1062990,3.52136882543564,-0.8872350623712549,0.46131761737340515,18.9474998474121,6
1063032,4.76602152585983,-0.9626669026484665,0.27068881496140135,15.989999961853,6
1063107,8.57617893218994,-0.9699075027608819,-0.2434736866442652,16.8925001144409,6
1063322,3.70597280263901,0.966405175672174,-0.25702341612007773,16.1775007247925,6
1063383,3.70727224946022,0.23106968874524303,-0.9729372019525085,20.8150001525879,6
1063540,5.62240242958069,0.999882044958465,-0.015358911734825677,22.9074998855591,6
1063835,5.99034833908081,0.2713125312088846,0.9624913040693033,16.3399998664856,6
1063962,5.33787651062012,0.8380156417572248,0.5456462078767035,15.3325000286103,6
1063963,5.22830203771591,0.7811563326861866,0.6243354738474083,15.420000076294,6
1063979,5.61299135684967,0.6423433745452233,0.7664169812692403,16.1375003814697,6
1064024,6.98366589295237,0.7120036287577428,0.7021757847119241,12.5,6
1064077,7.22423496246338,0.8254048261716905,0.5645412942668423,12.422499704361,6
1064134,5.65802391767502,0.9002178974188777,0.43543970554685874,19.8625000953674,6
1064226,5.58184341192246,0.9645311993707099,0.26396887210521597,13.2149999141693,6
1064281,6.62930681705475,0.9935687183493742,-0.11323074634383491,23.3199995040893,6
1064397,5.96070401668549,0.6751899659590569,-0.7376438909583727,27.2500003814698,6
1064509,6.50907745361328,-0.9751185430284939,-0.2216840703388211,16.7699999809265,6
1064859,4.59951584339142,-0.6675490178692063,0.7445658525220304,19.4825001716614,6
1064972,3.37232627868652,-0.3891596318434742,0.9211703322097665,21.3400002479553,6
1065010,4.10322897434235,0.7984851811340253,0.602014464535,20.5675000190735,6
1065049,5.9362758398056,0.14973905283224917,-0.9887255514332078,15.150000333786,6
1065074,4.06838711500168,-0.9900381726451081,-0.14079920704867316,15.8249999523163,6
1065144,3.76318234205246,-0.9301661927482057,0.36713873926392976,24.3299995422363,6
1065200,3.32713077664375,-0.9713638919397996,0.2375966949171755,16.817499256134,6
1065329,6.77580817540487,-0.7309529113025127,0.6824279020221703,17.2444446351793,6
1065581,1.25056887865067,0.6489131608532662,-0.7608624775026187,22.1125003814697,6
1065617,5.3025480822513,0.9419731069219566,0.33568834629131267,13.2631579449302,6
1065628,4.08891727924347,0.8852281834100174,0.4651570307934737,12.0775002479553,6
1065709,2.24495625793934,0.9777874709232985,0.2095988113168096,22.9324997901916,6
1066045,3.10224611759186,-0.9980040437733446,0.06315004839310881,19.7000007629395,6
1066154,4.68579444885254,-0.9999586148054588,-0.00909772918635339,21.1925001144409,6
1066155,3.90657776594162,-0.9749701503670769,0.22233579534838624,21.1050004005432,6
1066342,4.2435241818428,-0.8220020890240752,0.5694844735724199,15.6400001049042,6
1066350,3.99933459758759,-0.8241808751198809,0.5663266593465536,14.7349997043609,6
1066505,2.1208422058507,0.9016168131216057,0.4325356890436205,15.0763160805953,6
1066746,2.66849991348055,0.5076853452362053,-0.8615425643764764,21.7583331002129,6
1066804,5.47623462426035,-0.9259652000881274,-0.3776088561272816,16.8657890119051,6
1066880,2.34146255254746,-0.1940251450640841,0.9809965561014274,23.4974998474121,6
1066883,2.43723745942116,0.020042855255793045,0.9997991218005722,23.2624998092651,6
1067306,7.00165197849274,-0.1815155563528969,-0.9833880733473933,18.622500705719,6
1067507,6.43835432529449,-0.9587456166718014,-0.2842654437539099,15.1000003814697,6
1067515,6.00801997184753,-0.9617527181441443,-0.2739191653432636,14.8649995803833,6
1067571,7.03042380809784,-0.6910589970464894,-0.7227983554222437,21.2950001716614,6
1067586,6.02451214037443,-0.7368730510204227,-0.6760311432765902,22.339473824752,6
1067631,8.56804850101471,-0.41143804876729784,-0.9114377280026095,17.5625001907348,6
1067709,7.22416071891785,-0.8107360756769357,-0.5854118341782663,24.4549998283386,6
1067778,4.52639833688736,-0.9529685748205864,-0.3030691264454704,20.720000076294,6
1067985,4.57601577043533,-0.9099709813918336,-0.4146719342140038,24.3174999237061,6
1068067,3.80223799943924,0.06536402663017936,-0.9978614853889738,23.642500782013,6
1068122,6.46289393901825,0.7324305674838217,-0.6808417318403205,29.260000038147,6
1068133,5.74035185926101,0.7819064249085592,-0.6233958154228465,33.2264707228717,6
1068151,6.82469557523728,0.3984199725472603,-0.9172030993599184,35.3875003814697,6
1068155,6.20610027313232,0.22384432972229346,-0.9746249104405126,35.9049995422363,6
1068162,6.03894512653351,0.2693058569615586,-0.9630547001111622,36.607500076294,6
1068203,3.5556996998034,-0.9349577683037363,-0.3547590329907004,26.7710523103413,6
1068221,4.70892329216003,-0.5935704682254603,-0.8047820197113054,24.7150001525879,6
1068317,1.63929364085197,0.10793143855445596,-0.9941583397887711,23.510000038147,6
1068319,1.06601260900497,-0.005288723136400803,-0.9999860146059977,23.7850003242493,6
1068368,4.39469734430313,-0.9331150703229557,0.35957789912087945,18.6000003814697,6
1068395,3.86900732517242,-0.918593508074723,0.395203703073458,17.9849999427795,6
1068460,4.13615882396698,-0.795659167449257,0.605744574267038,17.6000003814697,6
1068574,8.2202428817749,-0.9936637094417137,0.1123940947671788,14.902499628067,6
1068593,6.26132378578186,-0.9988886120991767,-0.04713322202630143,14.8624996185303,6
1068600,6.68521699905395,-0.9977160354482435,0.06754785421787603,15.2650002479554,6
1068619,4.49276307821274,-0.9926894963513246,0.12069616329342621,14.80499958992,6
1068742,5.113678586483,0.3864122577347779,-0.9223261717376947,25.6699996948242,6
1068801,4.06177886724472,0.9649605475362454,-0.26239501081108524,17.7599995613098,6
1068855,9.65200574398041,0.758134559340848,-0.6520981444024039,19.5400003433227,6
1068863,9.11660752296448,0.8657968217093961,-0.5003957069339307,18.9650000572205,6
1068928,8.57562208175659,-0.931160699716923,-0.3646090389755723,16.7025007247925,6
1068967,8.78780996799469,-0.9368512189777867,-0.3497281708696558,16.0099998474121,6
1069324,2.96291593313217,0.670431489430538,0.7419714401376581,22.6275001525879,6
1069341,4.59611994879586,0.9335903696264614,0.3583420457338593,19.682500743866,6
1069364,3.72748678922653,0.9939259046466641,-0.11005133380523076,16.3199999809265,6
1069521,4.71185617446899,0.0937108435740564,-0.9955994565068016,18.6125005722046,6
1069597,6.34325859546661,0.19995706168665778,-0.9798046608797276,25.0249999046326,6
1069655,6.02732484340668,-0.3738863390113199,-0.9274745309175408,17.2275006294251,6
1069737,7.3342177271843,-0.9466145678112918,-0.32236758523065134,22.2725003242493,6
1069906,6.24385645389557,-0.554419058492268,-0.8322376509030021,20.1300002098083,6
1070098,5.18765015602112,-0.9299937994406018,-0.3675752072733329,15.0650002479553,6
1070224,5.93691666502702,0.7168645931470152,-0.6972124174827671,19.7027779685127,6
1070301,7.59975423812866,-0.21148494544508817,-0.9773812551149567,22.7799995422363,6
1070417,11.8321900129318,-0.6104120602863912,-0.7920840338353773,18.0500000953675,6
1070507,10.0302909135818,-0.5994682613986643,-0.8003985279694502,16.7599998474121,6
1070531,8.40880093574524,-0.5453570752547267,-0.8382038299063125,15.0,6
1070535,8.8892169713974,-0.52639851158903,-0.8502379708039708,14.6999998092651,6
1070593,6.81931934858623,-0.9324671873425854,-0.3612546809792335,17.5184209723222,6
1070658,4.94290569093492,-0.9617912861979013,0.27378371352910447,13.9944444232517,6
1070716,2.88948270082474,-0.7553519667850207,0.655319316268032,16.1725006103516,6
1070740,5.48708181381226,-0.8231775313661809,0.5677840715041944,18.1750002861023,6
1070750,5.42235445976257,-0.7452122641448803,0.6668273250010539,18.0450002670288,6
1070785,3.23669422268868,-0.9866400669785904,0.16291524861866838,15.3275001525879,6
1070786,2.60985717773438,-0.9917065056051916,0.12852317588800877,15.3100001811982,6
1070842,5.00742681026459,-0.9938775543140225,-0.11048713513697996,12.8000001907349,6
1070940,4.16569180488586,-0.9757120057771873,-0.21905725685824237,16.2750002861023,6
1071046,7.17675197124481,-0.345057034427568,-0.9385817188673835,17.0400001525879,6
1071069,6.32619965076447,-0.41669577763575416,-0.9090459993314608,17.6550003051758,6
1071170,7.77821424007416,-0.8089278746313302,0.5879078955452453,19.4874999046326,6
1071287,7.32822189331055,-0.3654865141879902,-0.9308166349752846,16.1275007247925,6
1071296,8.77264447212219,-0.23174880187765223,-0.9727756641838203,16.1550006866455,6
1071341,10.3082829236984,-0.15723421378568986,-0.9875613408873375,16.0,6
1071371,7.74933965582597,-0.4752994611857622,-0.8798240859379357,17.4078945360686,6
1071385,7.01204690933227,-0.9283966970323944,-0.3715905985615628,17.1425005912781,6
1071406,6.03480551242828,-0.536474223576583,-0.8439167064573982,14.3025001525879,6
1071551,6.41576371192932,-0.36913446519560655,-0.9293759985090821,14.3724998474121,6
1071681,7.1577440738678,-0.6400073018955088,-0.7683688264892264,13.2775001049042,6
1071786,4.44011965990066,-0.8321716252501645,-0.5545181567167119,16.9874999046326,6
1071804,4.3029985666275,-0.9392606354898654,-0.34320468909846547,14.3299999713898,6
1072176,7.3955482006073,-0.9124456293283562,-0.40919796372853584,20.7100004196167,6
1072224,4.73166226148605,-0.9012085424478686,-0.43338569775546154,18.5374999046325,6
1072233,3.40973387956619,-0.869132559636268,-0.49457920880290657,17.8974995613098,6
1072372,4.15180697441101,-0.13752977643219066,-0.9904976328061121,22.7949993133544,6
1072380,4.51626310348511,-0.07164554580668996,-0.9974301558335107,20.5950003623963,6
1072630,4.78638464212418,-0.35476234151292607,-0.9349565129161174,31.704999923706,6
1072666,6.14744280576706,0.2856742106922274,-0.9583267946506415,26.0625001907349,6
1072699,2.57264996767044,-0.9938922256687033,-0.11035508033303891,20.1199998855591,6
1072704,2.78233125209808,-0.9797477263196476,0.20023584287404908,19.2999996185303,6
1072730,1.54657492935657,0.7631898406270581,-0.6461743318669085,26.685000038147,6
1072839,1.59984379410744,-0.21904669717809705,0.9757143764726268,21.1650006294251,6
1072854,1.6898249745369,-0.09555642423422302,0.9954240150747666,20.4574998855591,6
1072884,2.92974469065666,0.9202046713753136,-0.39143755923397433,28.275,6
1072889,2.43569999039173,0.18732954751316191,-0.9822971244122187,28.8800000190735,6
1073016,4.94297778606415,-0.7049490627093115,-0.7092579354404597,19.2550000190735,6
1073058,4.02324310541153,-0.7015731729043994,-0.7125974200492545,19.9524998664856,6
1073062,4.30244164466858,-0.5514753993338501,-0.8341911555090779,19.9124998092652,6
1073128,3.20055302381515,-0.9839888310928431,-0.17823013293082732,11.3000001907349,6
1073148,3.89980252981186,-0.9228392658396856,-0.3851852663647328,14.8824998855591,6
1073238,6.59088333029496,-0.5797826635459413,-0.8147711722020936,16.2842105062384,6
1073458,8.91652252674103,-0.26898523893716975,-0.9631442992791442,19.4874999046326,6
1073471,8.34086213111877,-0.5736171433628054,-0.8191235394250947,19.4349997520447,6
1073474,10.1364312887192,-0.8189620107463741,-0.5738477367335832,18.4699996948242,6
1073619,5.30175389051437,-0.9958486341311151,0.09102471037686621,18.4125001907349,6
1073894,5.56866405010223,-0.9490465164702139,-0.3151360175793177,19.845000076294,6
1073925,5.976593542099,-0.9287814436309489,-0.3706278861159941,20.0375,6
1074136,5.94299545288086,-0.5832782164543286,0.8122724433401993,11.8050001621247,6
1074235,2.52096140980721,-0.9432763924809243,0.33200850499373236,15.5500001907348,6
1074308,7.38515312671661,-0.7037905394904667,-0.7104075425582965,14.229999923706,6
1074515,4.96898396015167,0.17020337951763237,0.9854089555107447,14.6399999141693,6
1074653,1.64596872329712,-0.994622376794162,-0.10356798530594327,17.1200004577637,6
1074878,3.58709855079651,-0.8846179339232136,0.46631653517908284,12.8175001144409,6
1074960,5.79353020191193,-0.9508324438354157,-0.30970576964269025,15.7074998378753,6
1075063,5.75857702493668,-0.9883994841686031,0.1518764619525992,22.0325001716614,6
1075185,5.91114221811294,-0.7911829474935301,-0.6115795480519685,20.3699998855591,6
1075198,8.68218941688537,-0.7192436835472918,-0.6947578885319137,21.3775003433228,6
1075246,5.38754968643188,-0.950973233719247,-0.30927319435987083,18.5149997711181,6
1075281,6.86532893180847,-0.6295987876165353,0.7769204377745438,12.8974996566773,6
1075313,3.89818750619888,-0.6089204443258239,0.7932312982239424,13.2949999332428,6
1075389,3.18235573503706,0.11594685600271486,0.9932554186024286,16.5,6
1075545,7.05548329353333,-0.9299599275969802,-0.36766089411823416,17.3050000190735,6
1075594,7.09554107189178,-0.9576206276385286,-0.2880325216380793,15.2600001811981,6
1075622,5.55821336507797,-0.9937672698656217,0.11147472064925172,20.8899998664856,6
1075635,4.11613443493843,-0.98977243948866,-0.14265524185485395,21.5249999761582,6
1075660,3.63485990762711,-0.11759767412414947,0.9930613208863742,19.810000038147,6
1075859,5.96796193122864,-0.739603053851091,0.6730433290168918,10.8950000286103,6
1075962,4.93174749612808,0.9707202372280775,0.24021286609144166,12.4324997425079,6
1075966,4.96516001224518,0.9982583418724474,0.05899392241639678,11.8100001811982,6
1075970,4.96378638744354,0.9951505897080059,0.09836312217395406,11.5,6
1076156,1.91945635676384,-0.18495587454056808,-0.9827468262339664,13.9149996757508,6
1076190,2.10815614461899,-0.014446994344808473,-0.9998956367313546,18.5474999427795,6
1076200,1.32980628609657,-0.6496650290897353,-0.7602205929714305,21.0500001907349,6
1076271,5.77717661857605,0.09650414594106203,-0.9953325825151039,15.135000371933,6
1076273,5.83425624370575,0.1752425487093122,-0.9845252912555696,15.1150004386902,6
1076513,6.28881478309631,0.839403098616375,-0.5435093725348517,24.8349997520447,6
1076518,5.48450169563293,0.8502064581223074,-0.5264494074145407,24.2749996185302,6
1076702,5.08089238718936,-0.07985828285576457,-0.996806227237435,14.1789472479569,6
1076849,6.56008719205856,0.07920473963717307,-0.9968583696889983,15.8100001335144,6
1076944,4.15159839742324,-0.786299275275877,-0.6178458138570097,17.8882346433752,6
1076998,6.00384330749512,-0.39453104018933205,-0.9188826140085161,15.097500371933,6
1077028,5.82610737085342,0.09686382398402762,-0.9952976437243239,14.902499628067,6
1077072,4.86617301639758,-0.9981245359152565,0.06121609922196688,17.6157898149992,6
1077221,7.11148633956909,-0.7909208283894187,-0.6119184939350957,17.914999961853,6
1077283,6.56066154031193,-0.4574735700091396,-0.8892232187381821,13.8999996185303,6
1077285,6.27851257324219,-0.5231799503881212,-0.8522222359877047,13.9949999809265,6
1077293,6.82547526359558,-0.3587493434803174,-0.9334339336838152,13.7900002479554,6
1077304,7.26427419185638,-0.4038623066593287,-0.9148197840338863,13.5200000762939,6
1077306,7.09561533927917,-0.42385860856382773,-0.9057283698473488,13.4947368220279,6
1077333,7.9909033536911,-0.43500603551869005,-0.9004275368192113,13.8649999141693,6
1077341,7.24324288368225,-0.49274279285133576,-0.8701750054403227,15.2800003051758,6
1077370,12.6039628982544,-0.7442357686507034,-0.6679170013264348,12.9775000095368,6
1077571,7.49842154979706,-0.09601578732076366,-0.9953798112204074,14.3849998474121,6
1077602,7.48589196205139,-0.332633772887994,-0.9430560816485404,15.6999998092651,6
1077735,5.25766794681549,-0.9839736707207943,-0.17831381137827126,11.3575000286102,6
1077842,5.36865313053131,-0.2628748456698696,-0.9648299412404459,14.814999628067,6
1077879,5.44912166595459,-0.5815512799323812,-0.8135097472120474,14.7399997234344,6
1077914,4.64304498434067,-0.5067130550360547,-0.8621147718581489,15.8649999618531,6
1077956,9.21380078792572,0.524852678914819,0.8511930835221453,12.1425000667572,6
1078146,2.95885073542595,-0.4130209910873557,0.9107215056872318,9.75999970436096,6
1078157,1.95945403450414,-0.6833183153067133,0.7301205927560154,9.30526331851357,6
1078236,6.15034635443436,0.372295569353263,-0.9281142219791321,12.7947370629562,6
1078253,6.67355973720551,0.4376257996370525,-0.8991571939833604,12.1949997901916,6
1078527,4.35439810752869,0.5230168762786344,-0.852322325841427,15.3050002098084,6
1078542,4.64176429510117,0.7237621711375999,-0.6900495052024801,14.6599999904632,6
1078613,2.42295143604279,-0.8967183112614459,-0.4426017061065407,12.8474999427796,6
1078653,9.52563418840107,-0.9507915294590027,0.309831353334375,15.6684211429797,6
1078689,6.63567370176315,-0.758959916763923,0.6511373470671905,13.6600004196167,6
1078772,4.54100694656372,0.15095482404900457,-0.9885406623383451,10.6699999332428,6
1078785,4.5929819226265,0.006224159435773218,-0.9999806297320554,12.2424997329712,6
1078873,5.53174324035645,-0.9315780304870542,-0.363541432458339,13.9924999713898,6
1078894,4.36902540922165,-0.9237126825087257,-0.3830859957927645,12.5175000667572,6
1078978,4.91238684654236,-0.8257252578598274,-0.5640725117680541,12.5125000476837,6
1079000,7.1324061870575,-0.6148173561506269,-0.7886695243103751,11.0925003528595,6
1079087,9.38688436307405,-0.9313723182876072,-0.3640681319857152,13.4789474386918,6
1079089,10.8169881820679,-0.9578334830302917,-0.287323891777311,13.690000295639,6
1079122,6.04637002944946,-0.6891801384630516,-0.7245900473702693,12.259999704361,6
1079268,9.82294461306404,-0.5193076945272233,-0.8545873380789234,14.6999998092651,6
1079356,11.159485867149,-0.5230400967643871,-0.8523080764469504,15.6999998092651,6
1079373,10.077866601944,-0.5491660720222481,-0.8357132434870558,16.7175004005432,6
1079445,5.22785658836365,-0.7937548983920978,-0.6082377506194026,12.0300001144409,6
1079475,4.04481065273285,-0.3738278812656961,-0.9274980944392288,11.5027777883742,6
1079484,5.43377043008804,-0.5072629119978388,-0.8617913541637982,11.2300004959107,6
1079518,3.84686226844787,-0.46901413316388585,-0.8831906605555387,13.7250001907349,6
1079554,4.14401068687439,-0.2728770070001832,-0.9620489275762548,12.5,6
1079623,3.09613897204399,0.9999987433574742,-0.0015853338678450727,11.010000038147,6
1079629,3.9220031619072,0.8997081834794061,0.43649190666057874,11.0725002765655,6
1079701,7.63569128513337,-0.9007295658176024,-0.43438030487354445,12.4274997234345,6
1079702,7.2980765581131,-0.9166899011690028,-0.39959933069859327,12.2199997425079,6
1079778,4.5734542131424,0.648719632543414,-0.7610274885657796,11.2925001621246,6
1079955,3.76076638698578,-0.6627303553493598,-0.7488581147977976,13.2342104660837,6
1079976,2.66912724971771,-0.6477029559612598,-0.7618929589115825,13.8974996566773,6
1080078,6.65328946113586,-0.9809008372177724,-0.19450847679593056,13.7600001335144,6
1080114,4.23944440640901,-0.99075878431538,0.13563565645474757,14.0263155887001,6
1080133,4.59944169521332,-0.9803081807127563,-0.19747372186609038,12.5450001239777,6
1080138,5.22165672779083,-0.9536728511252679,-0.30084562989447383,12.077500295639,6
1080294,5.65965740680695,0.059227477605773356,-0.998244512079309,11.2750002861023,6
1080322,5.66875307559967,0.3679846993204148,-0.929831845586106,9.82499966621399,6
1080357,4.66597169323971,-0.788607507502879,-0.6148969012038495,10.5157895339163,6
1080367,6.02103219032288,-0.5168856601663239,-0.8560544458820499,12.3074997901916,6
1080431,7.8886424779892,-0.3089415189047456,-0.9510810364510632,10.7875001430512,6
1080505,5.262939620018,-0.9315123141230283,-0.36370978628181116,10.6050000190735,6
1080511,5.56651076078415,-0.9588397781051433,-0.28394767110029207,11.5699999809265,6
1080617,5.60393280982971,-0.48254792382388323,0.8758695686078263,8.45249981880188,6
1080686,7.14001686573029,0.049987953749375535,0.9987498207659165,10.6400001049042,6
1080774,7.76919276714325,0.3343501254726878,0.942448934211503,10.6999998092651,6
1080814,8.81082746982574,-0.018716025644980018,0.9998248398514894,12.3649997711181,6
1080990,3.73470066723071,-0.35549617136527784,-0.9346777370541298,12.702631900185,6
1081022,5.63049569129944,-0.5503925635365517,-0.8349059983037987,10.6899998664856,6
1081086,3.79332798719406,0.1080141528182885,-0.9941493563800902,11.4249999523163,6
1081157,1.90117487311363,-0.08487024297553233,-0.9963920121404397,12.5900003433227,6
1081297,5.81608362197876,-0.6188257547578665,-0.7855282841810071,10.689999961853,6
1081393,7.85175871849061,0.3217690217458251,-0.9468181961943564,12.4624998569489,6
1081501,1.35466877520084,-0.5480127076641644,0.8364700067776435,10.8450000762939,6
1081616,6.91728541851044,-0.9766647270080507,-0.21476966968892444,5.69999980926514,6
1081629,6.93688745498657,-0.9998858362005154,0.0151100815879985,5.73749985694885,6
1081685,5.63712254323457,-0.8392074380315151,0.5438114341870541,11.8736842306037,6
1081713,4.54668704271317,-0.8015370818744983,0.5979450697013178,9.45750012397766,6
1081921,4.29921184778214,0.3708284304825493,0.9287013918078562,3.9700000166893,6
1082050,5.57131853103638,0.9288281995847276,0.3705106957379144,6.69249978065491,6
1082107,8.26989762783051,0.9940315859640331,-0.10909264918329355,9.9074996471405,6
1082197,6.27312951087952,0.992908978939767,0.11887707744047765,5.59999990463257,6
1082244,4.84242479801178,0.9976893503054216,-0.06794085874601377,8.1075001001358,6
1082255,5.66875309944153,0.8709096295313075,-0.491443198334905,9.38499999046326,6
1082417,5.86417909860611,-0.49228699066780973,-0.8704329490657117,14.6000003814697,6
1082458,8.29209840297699,-0.2896193095817932,-0.957141920259146,14.8999996185303,6
1082552,8.36413950920105,-0.797330013301204,-0.6035435774565925,11.087500333786,6
1082569,7.89940867424011,-0.6409263918321885,-0.767602345132538,10.6150002479553,6
1082592,5.93479082584381,-0.5430074989128932,-0.8397278464623906,10.2675000667572,6
1082610,4.05886445045471,-0.8108889601038661,-0.5852000464641733,10.2875001430512,6
1082758,4.05422399044037,-0.20631623117263825,-0.9784853666533386,9.28750014305115,6
1083038,4.80208849906921,-0.5135419751172597,0.8580644729812927,5.90000009536743,6
1083239,4.94477840662003,-0.9520728218003828,-0.3058714468351969,8.93249974250793,6
1083367,8.16162252426148,-0.3494118822650818,0.936969229234329,7.59999990463257,6
1083684,1.95926252007484,0.9922712141423651,0.12408802353344472,8.48499994277954,6
1083739,6.88565490245819,0.055976901882371616,-0.998432064016201,6.18999996185303,6
1083740,6.29042975902557,0.1265896750823404,-0.9919551674156184,6.29500017166138,6
1083766,10.3437930107117,-0.9435234412543532,0.3313057738759515,6.8950001001358,6
1083848,9.88728537559509,-0.9205459316703616,-0.3906343401253222,5.99500000476837,6
1083954,7.54382548332215,-0.9257823777741392,-0.378056859483942,6.33500020503998,6
1084146,7.1003116607666,0.9945092017410468,-0.10464916460433807,5.30000019073486,6
1084378,6.99424550533295,0.2015418825829502,0.9794798974787182,8.06000025272369,6
1084663,3.88079446554184,-0.5479702116722571,0.8364978464526145,8.9074999332428,6
1084720,8.23945517539978,0.07632479569057746,0.9970830083612856,7.40000009536743,6
1084840,4.604731965065,-0.22148186981212525,0.9751644893783432,6.4425000667572,6
1084847,5.01084234714508,-0.3150001167590669,0.9490916322683359,6.01250002384186,6
1084938,5.36351132392883,-0.197003509816168,-0.9804027831050415,4.04999992847443,6
1084999,4.34032772779465,0.3396931005970733,-0.9405363349742245,5.40500009059906,6
1085004,5.52272193431854,0.6229162688652096,-0.7822885158194807,4.62499992847443,6
1085037,5.43954331874848,0.33203938760212864,-0.943265522046048,5.59999990463257,6
1085202,5.95981304645538,0.997467740174768,-0.0711203719804781,2.5849999666214,6
1085290,7.20909281780845,0.9699596787932473,-0.24326574258473077,4.90000009536743,6
1085302,7.46302289962769,0.9999040188169155,-0.01385471594012082,5.59749989509583,6
1085311,6.04621940188938,0.9966660038104664,-0.08158968591970066,5.60833321677314,6
1085370,5.23995926380158,0.49965179210028154,-0.8662263483934075,7.12249984741211,6
1085397,6.62878694534302,0.8348595008319722,-0.5504630903799003,9.0,6
1085482,6.50393569469452,0.9733790534702232,0.2292012614830299,8.4074996471405,6
1085504,6.14447286128998,0.9992628574036608,0.03838934505134144,8.81500024795532,6
1085646,0.613068646192551,-0.8307564004955975,0.5566361495946865,8.55500020980835,6
1085803,7.4323390007019,0.5992011109086527,-0.8005985440193084,9.69999980926514,6
1085811,6.83403258323669,0.5358951070618057,-0.8442845694593831,10.2424999713898,6
1085860,5.00631308555603,0.17487022548494896,-0.9845914910453183,11.1250004768371,6
1085890,5.27407712936401,-0.38404781047259967,-0.9233132075689171,10.9649999141693,6
1085925,5.21198558807373,0.1313768629042353,-0.9913324971438401,9.59750037193298,6
1086000,7.06715812181172,-0.08060822360234508,-0.9967458624382016,11.3368420851858,6
1086010,5.68048453330994,0.3755824808022786,-0.9267889728057871,10.7224998950958,6
1086019,5.04633383750916,0.43722678924543606,-0.8993512855198057,10.2875001430512,6
1086174,8.6549952507019,-0.9961132337233017,0.08808192550862433,9.19499983787537,6
1086202,8.79672005176544,-0.9581580678765943,0.2862396145941223,7.85500025749207,6
1086298,4.01010092496872,0.03510771238970416,0.9993835342503706,6.59999990463257,6
1086340,4.76344757609897,-0.21494123485914804,0.9766269838363184,3.50555555025736,6
1086460,3.31807230710983,0.9733445085097987,0.22934791857311132,3.89750008583069,6
1086463,3.7998805642128,0.9929223603452773,0.11876525723612731,4.2157893682781,6
1086564,4.37589355707169,0.9273033364943616,0.37431072937657667,4.14249985218048,6
1086714,5.5118803136489,-0.15845961603071418,0.9873654592335093,3.79999998036553,6
1086815,5.81359626054764,-0.8464616243873464,0.532449733251445,6.14250004291534,6
1086839,4.73307319879532,-0.978520534380182,0.20614937253439075,6.01749999523163,6
1086875,5.11421699523926,-0.9752525334404373,0.22109386246119267,5.31500015258789,6
1086908,3.09114562273025,-0.9379982523321859,-0.3466399841647887,4.70500004291534,6
1086952,4.63255718946457,-0.944761260172593,-0.32775930387571633,6.08749995231628,6
1086987,2.45912970304489,-0.8618183877267822,-0.5072169817504237,7.87500016689301,6
1086994,2.39406814575195,-0.9219985670402747,-0.3871932881335625,7.64749989509582,6
1087019,4.96801284739846,-0.833032997614587,-0.5532233047199435,6.30263177972091,6
1087079,6.1538097858429,-0.5209183363534644,-0.853606517577472,4.84687516093254,6
1087140,4.48053036928177,-0.5900062489133611,-0.8073986786236308,6.5349999666214,6
1087178,3.54483186006546,-0.7649004211549262,-0.6441485432080216,4.77750015258789,6
1087315,10.6623256206512,-0.6331109705281831,-0.7740610434564331,9.50750002861023,6
1087474,8.10365178585053,-0.9397017838239218,-0.34199496703626986,8.80250020027161,6
1087533,7.5904543876648,-0.8985696608071632,-0.4388309067020003,9.55500020980835,6
1087561,6.88762249946594,-0.5886343280129717,-0.8083994234811881,9.99249997138977,6
1087605,13.5929915904999,-0.3814693810958614,-0.9243814749800757,9.9249997138977,6
1087676,9.85617475509643,-0.8381485857332097,-0.5454419751297295,9.86249966621399,6
1087723,10.0200814723969,-0.8366176321294385,-0.5477873105596108,7.09249992370606,6
1087742,10.1287835121155,-0.5619591187629338,-0.8271650070204777,7.18499984741211,6
1087748,9.53444938659668,-0.41603052558557835,-0.9093506484195123,6.33500018119812,6
1087752,10.1530445575714,-0.48923358344503787,-0.8721527967217253,6.225,6
1087757,9.11827805042267,-0.5616159278162727,-0.8273980599584865,6.09749991893768,6
1087821,11.6474373817444,-0.6912519792565284,0.7226137980788438,9.53000011444092,6
1087914,7.66810138225556,-0.5939702133538851,-0.8044870326166483,5.63749995231628,6
1087994,14.2603135108948,-0.29212433591226367,-0.95638034921668,11.0950003623962,6
1088105,7.40375289916992,-0.4644054538442015,-0.8856227043384566,4.31000018119812,6
1088140,5.40187995433808,-0.9658538539175867,-0.2590875004174168,5.61499996185303,6
1088175,7.53766276836395,-0.9329214601238854,-0.36007992062918137,3.32000008821488,6
1088217,6.96662449836731,-0.08482397189667543,-0.9963959523159817,2.22249993085861,6
1088504,10.1811669111252,-0.9802700152293449,-0.19766309023755518,4.80500020980835,6
1088621,8.55388536453247,-0.35955036016219943,-0.9331256820531909,7.27499997615814,6
1088644,10.9223118782044,-0.909092054100679,-0.4165952918253017,4.83500015735626,6
1088651,10.3475816626298,-0.8160850796087927,-0.5779317804377179,4.95000001003868,6
1088725,7.13277752399445,-0.2672302800309076,-0.9636326984046373,7.09999990463257,6
1088953,1.58158119320869,0.9890171640512644,0.14780070775200757,6.37500011920929,6
1088963,2.27459207334017,-0.4694137095553563,0.8829783515361402,5.54210522300319,6
1089020,3.38829430341721,-0.9269484887177332,-0.375188618249422,3.85500001907348,6
1089165,10.1231317018208,0.6906609716815619,-0.7231786931290776,7.45789475190012,6
1089256,8.28456199169159,0.0735110375351448,-0.9972944035541895,11.4699998855591,6
1089313,9.77327454090118,0.013334016304358555,-0.9999110980528194,10.2324999809265,6
1089355,5.88583943578932,0.47816275280447906,-0.8782712461594326,8.93333313200209,6
1089382,3.02894275188446,0.9596972054527411,0.2810360721441275,8.40249962806702,6
1089403,2.38207679390907,-0.805466703285981,0.5926410295428535,8.1699999332428,6
1089500,6.53981692790985,0.02480827995658892,-0.9996922272607682,5.6974997997284,6
1089560,7.04195108413696,-0.3490801283627199,-0.9370928790585632,8.98999996185303,6
1089678,6.13053240776062,-0.8973701143238965,0.441278685094031,7.42250001430511,6
1089680,5.56003519466945,-0.9270184136265212,0.3750158140630447,7.20714269365583,6
1089728,3.71772291660309,-0.9205997162724774,-0.39050757021987964,8.65000038146973,6
1089809,8.6114476442337,-0.9856478194391055,-0.1688146203234083,7.77750010490417,6
1089891,6.4235600233078,-0.40657274808174926,-0.9136184107805919,7.23250000476837,6
1089925,5.27533938884735,0.004480482236768381,-0.9999899625890882,7.03750002384186,6
1089948,7.44943513870239,-0.2764962582146665,-0.9610149942603853,7.43500001430511,6
1089981,10.0596568107605,-0.9021895173233888,-0.43133986000808067,10.4049996376038,6
1090006,8.55026562213898,-0.9202294910771773,-0.3913792071020625,10.2099998474121,6
1090234,5.44540908336639,0.7846894265516606,-0.6198891060972325,3.75749999284744,6
1090235,5.92794125080109,0.8123838519056075,-0.5831230377570484,3.79999995231628,6
1090261,8.95288629531861,0.8722654264775085,-0.48903274509178846,5.70249979496002,6
1090356,6.33601920604706,-0.7001080571060851,0.7140369096728423,6.32250015735626,6
1090403,2.20580630302429,0.9678855175298338,-0.2513913780462766,6.65499982833862,6
1090591,6.97332558631897,-0.3014874905884484,-0.9534701322111145,9.24499998092651,6
1090596,7.33711347579956,-0.24480628702571317,-0.9695720096169671,8.86249990463257,6
1090600,7.62657709121704,-0.2575946952994712,-0.966253058444615,8.44749979972839,6
1090608,7.41832432746887,-0.29365676116612843,-0.9559109302761526,8.19499979019165,6
1090638,7.6890398979187,-0.41376771753113495,-0.910382488808454,7.21999983787537,6
1090855,5.03157668113708,-0.5705418063241732,-0.8212685597515283,8.19250001907349,6
1090918,4.16216577981648,-0.9013335858147498,0.43312557888252806,8.43947370428788,6
1091173,3.44903068542481,-0.8049189141408447,-0.593384817515854,6.31500022411346,6
1091205,4.8896849155426,-0.17532364217402976,-0.9845108534164734,6.69999980926514,6
1091223,5.77287015914917,-0.37196813144296503,-0.9282455004958705,7.11999986171722,6
1091253,7.75094575881958,-0.18937680886699496,-0.9819044883609371,7.4050000667572,6
1091256,7.43582880496979,-0.2972223937639238,-0.954808278475445,7.45999994277954,6
1091259,8.66299576759338,-0.26997704864981836,-0.9628667577615989,7.67999982833862,6
1091292,9.90788981914521,-0.5061630585913228,-0.8624377995643959,10.0,6
1091307,9.43647661209106,-0.43514039140780464,-0.9003626157085058,10.1949998378753,6
1091322,11.4048810958862,-0.36153543208592775,-0.9323583706635779,10.3075001716614,6
1091366,6.89976239204407,-0.4943536555485851,-0.8692608718018722,10.8250000476837,6
1091415,9.75137073993682,-0.7153710412800468,0.6987447840935213,7.00250000953674,6
1091498,4.30559726953507,-0.7936953676090026,-0.6083154308711971,5.58749990463257,6
1091805,7.93640382289886,-0.4218665902593402,-0.9066579178626071,7.25249989032745,6
1091831,9.10899684429169,-0.43518753903579743,-0.9003398279916125,6.98000001907349,6
1091905,7.46905570030212,-0.9375944828572874,-0.34773062234375596,8.97249989509583,6
1091907,9.1191134929657,-0.9586833059933767,-0.28447551530774945,8.98499994277954,6
1091987,9.2510556936264,-0.295096600054621,-0.9554674231161432,7.19749982357025,6
1092136,5.75135623216629,-0.9529563564181384,-0.30310754322891087,10.8350001335144,6
1092201,4.89896618127823,0.8234490280045808,-0.5673902521883075,7.88250012397766,6
1092328,7.03252141475677,0.33195511032622305,0.9432951843025094,7.19249987602234,6
1092391,6.6295480966568,-0.6808119763222465,0.732458226041729,5.59499990940094,6
1092427,4.59264768362045,-0.9317428679790134,0.36311875188461806,8.16500000953674,6
1092432,4.49604851007461,-0.9860192514260799,0.16663143706141667,7.30499999523163,6
1092476,6.7623256444931,-0.4115606584831308,-0.911382370023105,5.65749979019165,6
1092495,7.4589204788208,-0.33353424098212453,-0.942737985917868,5.24249997138977,6
1092518,10.538272190094,-0.2839137613447679,-0.9588498193768752,7.28999998569489,6
1092548,10.5921221733093,-0.404453765753043,-0.9145584461193186,8.9824999332428,6
1092549,10.3239495515823,-0.40031507064148353,-0.9163775664087942,9.01500000953674,6
1092593,10.4172076702118,-0.5538376530403909,-0.8326246777958911,10.5175000190735,6
1092682,9.08807699680328,-0.4863647752280192,-0.8737558614495232,10.6000003814697,6
1092737,7.85998196601868,-0.9917069993975522,-0.12851936564542837,9.04000000953674,6
1092935,9.05999178886413,-0.5559339069806246,-0.8312264980552883,7.51999998092651,6
1092958,8.09587414264679,-0.600425215980767,-0.7996809113730609,7.52999997138977,6
1093039,14.5855657100677,-0.49091219025194566,-0.8712090572658422,12.7525002002716,6
1093089,3.65273548960686,-0.9978570419383637,-0.06543182600247875,8.87249999046326,6
1093146,6.79114331697163,-0.5599782615325825,-0.8285073002761935,7.5,6
1093150,5.89642976312076,-0.6390127418428767,-0.7691961490819159,7.80588251001695,6
1093238,6.29408662319183,-0.3793081310009843,-0.9252704154767621,6.25500011444092,6
1093402,6.41734163761139,0.034092165133342435,-0.9994186931794506,9.45999984741211,6
1093403,6.94861891269684,0.03598317133080334,-0.9993523959950154,9.35500011444092,6
1093418,6.78591852188111,-0.34715429399138803,-0.9378080273506625,8.47749991416931,6
1093432,7.28489720821381,-0.5408400484184022,-0.8411254615256754,8.30499963760376,6
1093472,6.46764785365054,-0.7202139678485864,-0.6937520021706571,5.73684197977969,6
1093756,3.04906060821132,-0.9781565604176824,-0.20786953435231625,6.2684211730957,6
1093826,5.84554666631362,-0.9773263088457496,0.21173872115874903,5.05294115403119,6
1093858,5.13673322200775,-0.9695587366025238,-0.24485884970267643,4.70000002384186,6
1093893,3.06704597724112,-0.8684147034541098,-0.4958385854536842,6.97631582460905,6
