,index,Date.time,Power.me,Means,Lowers,Uppers,Squared Error,Absolute Error,turbine
0,388377,2017-09-25 08:30:00,156.35455322265625,178.43377904233475,78.80834124371266,285.5591758351255,487.49221279635765,22.0792258196785,3
1,388530,2017-09-26 10:00:00,122.5767593383789,166.02943198709124,74.44539215570015,280.1105999828638,1888.1347603161532,43.45267264871234,3
2,388547,2017-09-26 12:50:00,-1.8821879625320437,5.236521932913235,-108.16333860264818,126.95079245194337,50.67603057551053,7.118709895445279,3
3,388650,2017-09-27 06:00:00,402.7186279296875,469.68945451697977,356.10812692295957,600.0222006379527,4485.091613785173,66.97082658729227,3
4,388723,2017-09-27 18:10:00,550.595947265625,559.9144246442658,471.4239538591387,656.4342346596816,86.83402065623939,9.31847737864075,3
5,388744,2017-09-27 21:40:00,472.9236450195313,591.0547871232233,482.00690529485524,696.7918644865542,13954.966734722662,118.13114210369196,3
6,388925,2017-09-29 03:50:00,600.2039184570312,585.3672082274605,481.667359814323,697.0746375157249,220.12797043624823,14.836710229570713,3
7,388969,2017-09-29 11:10:00,440.3055114746094,452.85753936965466,339.94066079078164,567.4582878589955,157.55340427799496,12.552027895045285,3
8,389017,2017-09-29 19:10:00,509.0550537109375,583.2087912517037,488.0882548068534,678.7922332282357,5498.776791264839,74.1537375407662,3
9,389063,2017-09-30 02:50:00,452.371337890625,504.0919145621481,399.01716834047664,621.707492433219,2675.018051234897,51.72057667152308,3
10,389086,2017-09-30 06:40:00,223.2747039794922,271.0582007444168,145.14614754781658,390.89882485564306,2283.262563083562,47.78349676492462,3
11,389118,2017-09-30 12:00:00,194.5471343994141,255.54086703360886,151.5388878977964,362.9036882862827,3720.235420651636,60.99373263419477,3
12,389165,2017-09-30 19:50:00,779.6221923828125,708.6398834686105,599.0726978200573,806.706597497459,5038.488178791202,70.98230891420201,3
13,389189,2017-09-30 23:50:00,1388.488525390625,1326.5195986471026,1223.380968876443,1444.735731388926,3840.1478817440443,61.96892674352239,3
14,389233,2017-10-01 07:10:00,351.4044189453125,345.12121354933714,229.15366878339753,471.4534483354808,39.47867004801385,6.283205395975358,3
15,389246,2017-10-01 09:20:00,381.1724243164063,413.92785842884683,299.81670461909437,521.9069076572841,1072.9184638944325,32.755434112440525,3
16,389283,2017-10-01 15:30:00,739.1285400390625,924.0595994261532,830.3941707120665,1057.9101407977362,34199.49672603168,184.93105938709073,3
17,389304,2017-10-01 19:00:00,1800.52685546875,1681.8874066499227,1597.5068827411358,1771.2866010430153,14075.318816035144,118.6394488188273,3
18,389350,2017-10-02 02:40:00,1441.6790771484375,1471.852781600478,1365.0202145792114,1618.759017369356,910.4524403590893,30.17370445204051,3
19,389363,2017-10-02 04:50:00,626.7893676757812,732.8191301389065,626.9903583271623,827.2160925112827,11242.31052798677,106.02976246312528,3
20,389365,2017-10-02 05:10:00,527.86962890625,541.137983905469,426.7048690100164,662.1786743509134,176.0492443853002,13.268354999219014,3
21,389371,2017-10-02 06:10:00,907.2471313476562,890.1168726150735,783.178938610061,1001.1172482010595,293.4457642452284,17.130258732582774,3
22,389433,2017-10-02 16:50:00,730.079345703125,766.5489332195813,654.0416023653689,887.2166380823334,1330.0308136204633,36.46958751645627,3
23,389450,2017-10-02 19:40:00,506.4071044921875,499.6419469903095,398.9993555838971,597.5495851387395,45.7673560252159,6.7651575018779795,3
24,389514,2017-10-03 06:20:00,1384.8114013671875,1399.302368574204,1269.727249655727,1522.5985023340108,209.98813059482498,14.49096720701641,3
25,389533,2017-10-03 09:30:00,1237.5465087890625,1359.6275637791953,1239.5895096931963,1473.387286025291,14903.78398750382,122.08105499013277,3
26,389538,2017-10-03 10:20:00,1352.361328125,1427.2510526726367,1322.4280775349803,1524.970746824109,5608.470842820893,74.88972454763666,3
27,389712,2017-10-04 15:20:00,1353.46630859375,1414.581214988534,1310.559211101986,1508.6844342780873,3735.031783643202,61.11490639478393,3
28,389731,2017-10-04 18:30:00,817.56494140625,766.9486402959808,669.5661856722966,866.8939251143536,2562.0099380854394,50.616301110269205,3
29,389749,2017-10-04 21:30:00,1910.62255859375,1946.8534493895163,1842.4362085397515,2040.3287075950743,1312.6774478547431,36.2308907957663,3
30,389828,2017-10-05 10:40:00,631.1419067382812,660.0671716721417,534.0061195108449,764.0038148153341,836.6709514940193,28.92526493386049,3
31,389835,2017-10-05 11:50:00,1744.285400390625,1812.579434136088,1687.7347754423208,1917.7411457706662,4664.0750452264265,68.29403374546291,3
32,390052,2017-10-07 00:00:00,972.8013305664062,928.960086427112,849.1881274817379,1061.4793581252152,1922.054687681207,43.841244139294304,3
33,390070,2017-10-07 03:00:00,1811.3671875,1742.506799656617,1638.5749541943553,1848.5752210271758,4741.753013941133,68.86038784338302,3
34,390075,2017-10-07 03:50:00,1788.3292236328125,1600.5729510850347,1495.9414504635686,1703.9547992508412,35252.41788103543,187.75627254777783,3
35,390104,2017-10-07 08:40:00,983.9612426757812,946.1342078982666,833.3751291179516,1074.6629548987105,1430.884560059303,37.827034777514655,3
36,390110,2017-10-07 09:40:00,1014.8997802734376,1095.471775857228,986.7317655096853,1186.598879722287,6491.846472354348,80.57199558379045,3
37,390115,2017-10-07 10:30:00,844.8679809570312,822.0510008661291,706.4338413709934,945.947427492075,520.6145804686238,22.81698009090212,3
38,390136,2017-10-07 14:00:00,537.8888549804688,481.82602930344245,381.76210432976217,598.2910108373475,3143.040422892639,56.0628256770263,3
39,390214,2017-10-08 03:00:00,374.9610290527344,446.83005758409865,343.9172409509472,551.7040640974349,5165.157262042053,71.86902853136428,3
40,390229,2017-10-08 05:30:00,301.0757141113281,300.80575217039114,194.7277709471645,407.9235481415332,0.0728794495544616,0.2699619409369802,3
41,390309,2017-10-08 18:50:00,132.8733367919922,177.9658036084638,75.4300280954207,303.45694106272543,2033.3305635945937,45.092466816471614,3
42,390576,2017-10-10 15:20:00,861.6998901367188,889.193245323099,777.3977671048375,991.8494632332022,755.884579404459,27.4933551863802,3
43,390610,2017-10-10 21:00:00,735.91455078125,862.384542370609,768.7772330362707,972.4543520505766,15994.658772612533,126.46999158935898,3
44,390676,2017-10-11 08:00:00,1115.495361328125,1248.9736442079811,1141.6960988598134,1352.2517708251235,17816.45200055489,133.47828287985612,3
45,390896,2017-10-12 20:40:00,746.3915405273438,774.9832313193969,668.5208163533995,885.8232385264865,817.4847823483741,28.5916907920531,3
46,390927,2017-10-13 01:50:00,760.5376586914062,798.496602700126,695.5786458119375,925.1768258262264,1440.8814302571213,37.958944008719754,3
47,391055,2017-10-13 23:10:00,1011.9616088867188,1052.9327215539818,952.65092850647,1160.2125675015309,1678.6320731935598,40.971112667263014,3
48,391105,2017-10-14 07:30:00,638.3654174804688,658.0039701882938,544.8523980690179,775.6257802902502,385.67275245802284,19.638552707825056,3
49,391138,2017-10-14 13:00:00,880.2151489257812,1021.2347035501896,914.3905258339443,1115.1251717936195,19886.514786466483,141.01955462440833,3
50,391151,2017-10-14 15:10:00,748.784423828125,835.9346211257705,732.6070724533223,959.4663884737822,7595.156889018535,87.15019729764549,3
51,391244,2017-10-15 06:40:00,419.77728271484375,541.0633846656068,430.74790654667197,656.5674654502195,14710.318526410889,121.28610195076305,3
52,391253,2017-10-15 08:10:00,271.6865539550781,323.71433952694497,214.68234568794585,435.80151866053103,2706.8904715121557,52.02778557186684,3
53,391315,2017-10-15 18:30:00,125.57887268066406,147.98085317224056,44.503046186291115,244.99550034725138,501.84872994497385,22.401980491576495,3
54,391377,2017-10-16 04:50:00,138.18846130371094,143.35236476328453,52.333889720801736,242.88006085378785,26.665898939796083,5.163903459573589,3
55,391399,2017-10-16 08:30:00,1137.457275390625,1241.0948489992643,1109.2232711630973,1362.7888512117347,10740.746663486127,103.63757360863929,3
56,391504,2017-10-17 02:00:00,2005.2569580078125,1992.6030204205567,1893.4597761872535,2086.266586556718,160.12213646216435,12.653937587255768,3
57,391527,2017-10-17 05:50:00,586.6900634765625,622.0223877165333,505.07582823793956,719.5691366321671,1248.3731361984303,35.33232423997083,3
58,391578,2017-10-17 14:20:00,386.9864807128906,367.75817979327496,261.1115567461569,480.5855882631497,369.72755625529254,19.228300919615663,3
59,391687,2017-10-18 08:30:00,224.1630401611328,239.2196114206921,143.1354059079776,342.53469358467225,226.70033809418686,15.056571259559291,3
60,391726,2017-10-18 15:00:00,131.08114624023438,126.5663841616729,14.565233907436985,234.21600621724588,20.383076626016727,4.514762078561475,3
61,391797,2017-10-19 02:50:00,136.51890563964844,159.72960188852375,32.16659841073603,252.8306168122608,538.7364203575543,23.21069624887531,3
62,391871,2017-10-19 15:10:00,372.0235595703125,461.2055239475104,370.2097300484878,566.435448865061,7953.422770175798,89.18196437719791,3
63,391936,2017-10-20 02:00:00,1007.1427612304688,1161.9867530975462,1055.5662757691084,1273.5717023861098,23976.66181733154,154.84399186707742,3
64,392065,2017-10-20 23:30:00,1708.8123779296875,1794.1233170072117,1692.433508321589,1919.0867093574811,7277.956326289038,85.31093907752415,3
65,392080,2017-10-21 02:00:00,1335.3603515625,1348.8169430013334,1240.1659277812855,1466.591351494048,181.07985315168318,13.456591438833357,3
66,392100,2017-10-21 05:20:00,1945.2205810546875,1962.7497677225651,1852.2265828821912,2058.956185812894,307.27238523729915,17.52918666787764,3
67,392274,2017-10-22 10:20:00,2048.809326171875,2043.12174915488,1918.3851021225196,2145.544336398635,32.34853232424934,5.687577016994965,3
68,392301,2017-10-22 14:50:00,2031.2635498046875,2051.5321337504556,1938.9527729576669,2155.4984309388315,410.81549516664893,20.268583945768114,3
69,392383,2017-10-23 04:30:00,179.73733520507812,212.14432381918803,114.06581085981757,318.467206009343,1050.212911035049,32.406988614109906,3
70,392484,2017-10-23 21:20:00,486.4396362304688,562.5012532866592,457.2851095040698,669.8330761569863,5785.369589202556,76.06161705619041,3
71,392505,2017-10-24 00:50:00,849.622314453125,1006.4081547860409,906.3821846694051,1121.3629202429822,24581.799728898593,156.78584033291588,3
72,392534,2017-10-24 05:40:00,741.6863403320312,854.8883748240027,743.6473665157049,972.5528864124695,12814.700613121484,113.2020344919714,3
73,392594,2017-10-24 15:40:00,1558.5699462890625,1587.8576603382198,1498.1913928565511,1696.6046714314384,857.7701942252077,29.28771404915733,3
74,392608,2017-10-24 18:00:00,500.19732666015625,581.2124425822097,472.5987606634009,699.8052117029209,6563.449007863766,81.0151159220535,3
75,392665,2017-10-25 03:30:00,2030.0748291015625,1971.975800312615,1881.6634607031465,2062.8747877950823,3375.4971462189396,58.09902878894741,3
76,392813,2017-10-26 04:10:00,69.0947494506836,117.6776268316646,8.359795782242134,229.91001550983466,2360.2959746154356,48.582877380981,3
77,392914,2017-10-26 21:00:00,457.5055847167969,499.6499252985461,393.99698226970014,611.5627535126529,1776.1454430704764,42.14434058174925,3
78,392968,2017-10-27 06:00:00,321.6732788085937,289.01095681318014,170.71911613473117,398.90069414986095,1066.8272781320757,32.66232199541355,3
79,393132,2017-10-28 09:20:00,2057.6376953125,2062.958525933026,1956.3400354694854,2177.759917772595,28.31123849232781,5.320830620526067,3
80,393237,2017-10-29 02:50:00,1905.3885498046875,1823.2105681668722,1725.2076209147888,1925.2452327091942,6753.220666065103,82.17798163781526,3
81,393274,2017-10-29 09:00:00,1392.30322265625,1528.1992928354869,1418.6693202513798,1642.817891751783,18467.74189016007,135.89607017923686,3
82,393289,2017-10-29 11:30:00,455.1174926757813,505.3260482057622,393.04947043019166,618.6346367094022,2520.899048407177,50.20855552998091,3
83,393320,2017-10-29 16:40:00,231.7777099609375,259.935931454437,139.7451785568593,380.1500660446158,792.8854376769787,28.158221493499525,3
84,393476,2017-10-30 18:40:00,41.36817169189453,35.0928747757319,-87.8794830870514,132.65856809526773,39.37935138600023,6.275296916162631,3
85,393487,2017-10-30 20:30:00,402.4849243164063,360.90197159664996,234.07451114831608,461.67322519582876,1729.141956893492,41.58295271975635,3
86,393511,2017-10-31 00:30:00,380.8842468261719,374.14969472491214,260.06673292621394,485.1145273692764,45.35419200458195,6.734552101259737,3
87,393515,2017-10-31 01:10:00,401.2786254882813,447.3996813834755,329.18680090989,551.4938462009313,2127.151796887629,46.12105589519422,3
88,393539,2017-10-31 05:10:00,343.4953308105469,341.9151848587604,239.78237655534355,463.30838539298855,2.4968612289471017,1.5801459517864487,3
89,393582,2017-10-31 12:20:00,214.83001708984372,245.89192859767445,129.23118897835448,334.61031490739174,964.842346520307,31.06191150783073,3
90,393650,2017-10-31 23:40:00,522.1036987304688,524.1395562299019,409.372689147537,629.5623180051242,4.14471575799831,2.0358574994331775,3
91,393680,2017-11-01 04:40:00,271.2933044433594,340.53095070857,214.35584953338295,450.85883405549475,4793.851660346435,69.23764626521063,3
92,393752,2017-11-01 16:40:00,102.95491027832033,128.5538732681665,-6.881835791336631,246.61606679150663,655.3069061555148,25.598962989846186,3
93,393754,2017-11-01 17:00:00,227.5038604736328,239.58866418279723,140.61684254239213,338.87984447662603,146.04248068903408,12.084803709164419,3
94,393900,2017-11-02 17:20:00,-1.181169033050537,-5.125608083298425,-136.76059449870655,104.69713363822025,15.558599421120459,3.9444390502478877,3
95,394056,2017-11-03 19:20:00,213.4267578125,284.44715111454286,162.13979713395332,401.3470583774398,5043.896264776855,71.02039330204286,3
96,394244,2017-11-05 02:40:00,802.4088745117188,782.1490637831797,647.4812673838323,891.4811097906708,410.45993075622545,20.259810728539037,3
97,394266,2017-11-05 06:20:00,1125.2515869140625,1106.7550821426553,1006.0423311976784,1213.4490882089729,342.12068875868994,18.496504771407217,3
98,394329,2017-11-05 16:50:00,533.4866333007812,583.595162624307,479.25458623317803,673.0844218922324,2510.864710966642,50.10852932352577,3
99,394352,2017-11-05 20:40:00,315.8779602050781,339.50447809858093,243.86557491405296,449.1845279615787,558.2123477720083,23.626517893502808,3
100,394371,2017-11-05 23:50:00,423.2335205078125,450.2116534535865,338.6506208153813,552.4861686755839,727.819657239857,26.978132945774007,3
101,394557,2017-11-07 06:50:00,1094.2901611328125,1070.6056999651344,969.0450874370749,1176.1068674842286,560.9537008032536,23.684461167678137,3
102,394582,2017-11-07 11:00:00,1090.5869140625,1109.5532987186832,1007.774331318493,1230.9713262125495,359.7237469263018,18.96638465618321,3
103,394597,2017-11-07 13:30:00,1329.0118408203125,1492.313074412478,1398.6135427222923,1584.1893762920897,26667.292892723017,163.30123359216554,3
104,394600,2017-11-07 14:00:00,1307.8096923828125,1353.7950205336483,1268.5511643639998,1451.0875128708424,2114.6504051400525,45.98532815083581,3
105,394863,2017-11-09 09:50:00,172.22305297851562,157.9213638676984,72.50572065360474,258.90978954208526,204.5383114224679,14.301689110817222,3
106,395057,2017-11-10 18:10:00,1290.1300048828125,1236.9542955797285,1139.5512315046992,1339.0684364487336,2827.656059886092,53.17570930308398,3
107,395180,2017-11-11 14:40:00,198.35227966308597,210.47734849853194,103.9787608418915,305.2556400708509,147.01729426430316,12.125068835445973,3
108,396568,2017-11-21 06:00:00,1310.8055419921875,1447.7247551076105,1330.6301575744515,1564.0221575756975,18746.87092014661,136.91921311542296,3
109,396571,2017-11-21 06:30:00,1461.103515625,1514.7565085257966,1407.6253142320938,1643.8705877001455,2878.643647212926,53.65299290079656,3
110,396683,2017-11-22 01:10:00,2048.25341796875,2042.6196264754992,1944.3493132907145,2129.5149337384123,31.739606589424884,5.633791493250783,3
111,396845,2017-11-23 04:10:00,1547.599365234375,1675.6315004960836,1585.6211190387894,1794.9321212097968,16392.22765967245,128.03213526170862,3
112,396908,2017-11-23 14:40:00,1890.26025390625,1907.7153376989875,1802.9628351183007,2022.655725282441,304.67995021148624,17.45508379273747,3
113,397081,2017-11-24 19:30:00,600.5789794921875,634.0063089262671,510.92425572662216,746.6853902417045,1117.386353094487,33.42732943407964,3
114,397157,2017-11-25 08:10:00,2026.92041015625,1917.6425455297856,1815.5191444823101,2027.2558491625343,11941.651697319881,109.2778646264644,3
115,397163,2017-11-25 09:10:00,1692.449462890625,1623.065970722032,1509.1921808737015,1742.8838301588028,4814.068985509201,69.38349216859297,3
116,397217,2017-11-25 18:10:00,1051.79150390625,948.0279588411836,844.5721175322434,1054.835401392869,10766.873284470068,103.76354506506641,3
117,397283,2017-11-26 05:10:00,1555.6978759765625,1488.6355995756505,1383.0287533233295,1624.312579583848,4497.348916072315,67.06227640091197,3
118,397314,2017-11-26 10:20:00,792.7081298828125,814.8653181313799,708.3135422363855,910.2493471747549,490.9409910824543,22.157188248567422,3
119,397348,2017-11-26 16:00:00,460.9329833984375,459.7673020974567,357.99622303057873,562.14877431779,1.358812895456275,1.1656813009807934,3
120,397355,2017-11-26 17:10:00,236.39698791503903,275.42089039427134,174.07100428846294,374.7101540699849,1522.8649647086334,39.023902479232305,3
121,397370,2017-11-26 19:40:00,608.9607543945312,604.8048637317669,500.6972355283418,705.1171456450994,17.27142720085202,4.155890662764364,3
122,397374,2017-11-26 20:20:00,696.4346923828125,686.0127478839523,587.4063186997585,781.9630391702902,108.61692713732178,10.42194449886017,3
123,397380,2017-11-26 21:20:00,762.0203247070312,800.8961431749384,685.6339447375902,908.0110378703888,1511.3292615496707,38.87581846790715,3
124,397386,2017-11-26 22:20:00,994.5449829101562,1014.4781631988983,895.3236837182764,1138.5671605832824,397.3316764234946,19.93318028874205,3
125,397417,2017-11-27 03:30:00,2060.045654296875,2044.9043596707231,1937.5031323864534,2153.391057673299,229.25880295593566,15.141294626151875,3
126,397430,2017-11-27 05:40:00,1586.6578369140625,1599.8116366450326,1496.5243060645798,1746.2435612249237,173.0224473624704,13.15379973097015,3
127,397476,2017-11-27 13:20:00,1093.192138671875,1058.6245838956518,952.8422686145398,1161.565331079308,1194.9158432071936,34.56755477622323,3
128,397546,2017-11-28 01:00:00,1044.4991455078125,1105.0284724764538,989.0055716601263,1216.4290733872604,3663.7994232766837,60.52932696864127,3
129,397678,2017-11-28 23:00:00,1065.4393310546875,1143.740831174918,1027.9096846236932,1253.300854442312,6131.12492107845,78.30150012023046,3
130,397689,2017-11-29 00:50:00,1243.2254638671875,1329.359204533124,1220.4214280095362,1420.9756624488823,7419.021281106813,86.13374066593656,3
131,397690,2017-11-29 01:00:00,1372.2376708984375,1491.777024265646,1405.4468012534205,1590.3633326565193,14289.657003450367,119.5393533672086,3
132,397706,2017-11-29 03:40:00,1177.5294189453125,1260.018851816846,1122.9891237301906,1375.0792696927542,6804.50653546725,82.48943287153361,3
133,397720,2017-11-29 06:00:00,1587.394287109375,1646.6043793467804,1545.1430171927416,1742.058305330469,3505.835022762059,59.21009223740543,3
134,397833,2017-11-30 00:50:00,745.7001342773438,831.4945997908358,742.4558274097673,928.2141667404368,7360.690312745771,85.79446551349201,3
135,397910,2017-11-30 13:40:00,1822.3905029296875,1894.6964241296287,1774.048723886878,2012.432397022436,5228.146240572101,72.30592119994117,3
136,397929,2017-11-30 16:50:00,1503.477783203125,1510.1204103070384,1406.8867404359519,1619.5119910363394,44.12449484164433,6.642627103913355,3
137,398018,2017-12-01 07:40:00,1767.8116455078125,1614.1687164491104,1496.61843915181,1717.4891546806064,23606.149649737356,153.64292905870207,3
138,398026,2017-12-01 09:00:00,1540.799560546875,1602.379006162039,1501.5537913063192,1712.054741895757,3792.0281222709536,61.579445615164104,3
139,398063,2017-12-01 15:10:00,772.4429321289062,756.2795847918451,641.0190349032222,863.1627071597018,261.25379713848235,16.163347337061168,3
140,398070,2017-12-01 16:20:00,480.3493041992188,552.9335083137316,449.39023816472536,669.0115232145008,5268.466686937261,72.58420411451283,3
141,398100,2017-12-01 21:20:00,386.4591369628906,380.3466396445417,274.4734252003294,482.64747550100174,37.362623466822676,6.112497318348915,3
142,398238,2017-12-02 20:20:00,389.9154052734375,473.96347576216016,354.18433065822853,581.9385047452856,7064.078152877292,84.04807048872266,3
143,398306,2017-12-03 07:40:00,375.3211975097656,435.71079842577967,323.39920374445626,549.8299195024954,3646.9038987954445,60.38960091601405,3
144,398308,2017-12-03 08:00:00,343.62762451171875,421.48419507883955,318.6514800785218,524.6175446616329,6061.64558047306,77.8565705671208,3
145,398359,2017-12-03 16:30:00,314.7106628417969,320.85510107781687,206.91672117380952,438.31700224676786,37.754121236264496,6.144438236019994,3
146,398373,2017-12-03 18:50:00,502.7513732910156,540.7339495507405,437.02090835985916,662.0456600109569,1442.6760993258138,37.98257625972485,3
147,398433,2017-12-04 04:50:00,957.9973754882812,1036.8385938518986,922.0067106394708,1150.3341187439112,6215.937713059597,78.84121836361737,3
148,398434,2017-12-04 05:00:00,1006.0026245117188,1006.0085147258275,884.2951747735399,1114.5930345175818,3.46946222465332e-05,0.005890214108717373,3
149,398435,2017-12-04 05:10:00,1054.575439453125,1082.4287211810913,970.7483860683849,1178.234175310371,775.8053030174616,27.853281727966305,3
150,398458,2017-12-04 09:00:00,894.0523071289062,861.5749534868833,763.9795808662975,986.1737008196086,1054.778499589024,32.47735364202299,3
151,398464,2017-12-04 10:00:00,731.8997192382812,742.9744475251763,632.835424226005,836.85242680573,122.6496066285531,11.074728286895038,3
152,398481,2017-12-04 12:50:00,1344.7318115234375,1369.8149548356675,1263.021985206395,1468.5460216991905,629.1640784218711,25.08314331223005,3
153,398496,2017-12-04 15:20:00,797.9885864257812,790.9902016472079,697.5520879733494,897.4182471623625,48.9773895089676,6.9983847785733815,3
154,398622,2017-12-05 12:20:00,199.96145629882807,241.0632288210188,147.02619323428326,340.0831517463932,1689.355704465914,41.10177252219074,3
155,398717,2017-12-06 04:10:00,914.7135620117188,834.8383259588152,724.3992565072946,939.0998094398104,6380.053334507067,79.87523605290357,3
156,398724,2017-12-06 05:20:00,323.2727966308594,393.5932210152201,293.1580339113696,507.2934155621766,4944.962085596591,70.3204243843607,3
157,398742,2017-12-06 08:20:00,592.3257446289062,598.5798568898634,488.0476369154357,677.9133121528429,39.113920172655,6.254112260957186,3
158,399009,2017-12-08 05:40:00,2049.41064453125,2052.2071700063298,1947.087390027427,2185.303617345413,7.820554732770084,2.7965254750797612,3
159,399066,2017-12-08 15:10:00,1401.1700439453125,1497.6746155024996,1373.4849824848163,1597.4343399670315,9313.132331436243,96.50457155718709,3
160,399074,2017-12-08 16:30:00,1790.3203125,1759.008788371044,1655.3907285485568,1875.732930330555,980.4115432781988,31.31152412895608,3
161,399184,2017-12-09 10:50:00,742.6654052734375,695.0339178030902,583.456133786108,805.2448486550632,2268.7585986378554,47.63148747034734,3
162,399384,2017-12-10 20:10:00,418.3880615234375,430.8583866450577,340.40091660908354,518.0283259902984,155.50900863891167,12.470325121620192,3
163,399440,2017-12-11 05:30:00,1669.1932373046875,1404.1332706982328,1314.0345209031989,1511.3127256378648,70256.7858974149,265.05996660645474,3
164,399474,2017-12-11 11:10:00,1992.1278076171875,1865.868991153447,1763.0867191354967,2000.4736986980167,15941.288734824499,126.25881646374046,3
165,399616,2017-12-12 10:50:00,140.4345703125,156.62472675792986,56.344824763649484,246.75439070319075,262.12116572749414,16.190156445429864,3
166,399631,2017-12-12 13:20:00,781.8533935546875,804.6679380069907,713.677209090596,922.0385475962786,520.5034385661165,22.814544452303153,3
167,399633,2017-12-12 13:40:00,1095.2030029296875,1253.4974656789018,1149.4566995154642,1360.0321074573712,25057.13693706239,158.2944627492143,3
168,399852,2017-12-14 02:10:00,2043.8565673828125,2013.3379638414694,1900.6085585685155,2140.9782379579297,931.3851621136769,30.518603541343055,3
169,399868,2017-12-14 04:50:00,2031.8797607421875,2023.1075882784014,1915.3418165987125,2118.681917146181,76.95100973440695,8.772172463786092,3
170,400052,2017-12-15 11:30:00,1738.6727294921875,1706.2758014510257,1609.8215942102975,1814.4182028164118,1049.5609465042157,32.3969280411618,3
171,400082,2017-12-15 16:30:00,1465.004638671875,1459.3778070500537,1359.210226498841,1576.7947311697499,31.661234100328556,5.626831621821339,3
172,400157,2017-12-16 05:00:00,427.2221984863281,451.56989061955335,347.5779504693101,551.4152439911361,592.8101122143174,24.347692133225223,3
173,400288,2017-12-17 02:50:00,76.794189453125,116.39602888691013,0.8628557473315408,212.6615741669462,1568.305686539299,39.60183943378513,3
174,400297,2017-12-17 04:20:00,62.86104583740234,55.2481034907716,-44.944116587037335,183.39465790743307,57.95689117312354,7.612942346630739,3
175,400362,2017-12-17 15:10:00,1119.08447265625,1141.2080335646817,1015.4481046508664,1252.6442472523863,489.45194726908846,22.123560908431728,3
176,400411,2017-12-17 23:20:00,874.3910522460938,853.2685126922653,742.3657450192609,956.4307836336696,446.1616772030478,21.12253955382846,3
177,400415,2017-12-18 00:00:00,898.406005859375,892.5309445226696,791.9126718946269,1001.3095000605143,34.51634571005014,5.8750613367053575,3
178,400422,2017-12-18 01:10:00,826.46484375,827.2492598224788,727.8010983770566,930.4659464151877,0.6153085747631414,0.784416072478848,3
179,400433,2017-12-18 03:00:00,855.9755859375,940.8848007061441,850.6662360742245,1037.8328816449214,7209.574752627733,84.90921476864412,3
180,400457,2017-12-18 07:00:00,478.2898559570313,453.70620339667386,341.4886967721649,563.98294557105,604.3559732083694,24.58365256035745,3
181,400498,2017-12-18 13:50:00,-2.353801965713501,-8.814226983551459,-135.1902192467815,104.38628688548101,41.737091411106576,6.460425017837958,3
182,400567,2017-12-19 01:20:00,1434.4849853515625,1536.862934804983,1435.0215658047157,1646.4305580366408,10481.244534287138,102.37794945342057,3
183,400624,2017-12-19 10:50:00,105.2577133178711,88.90805327068438,-31.658412619638316,218.38541840079873,267.31138365857356,16.349660047186717,3
184,400691,2017-12-19 22:00:00,479.5036926269531,489.1431953232676,365.98255495824935,611.5103559856653,92.92001223225414,9.63950269631448,3
185,400806,2017-12-20 17:10:00,117.96268463134766,76.82918815309537,-18.70239916101785,182.47198009622383,1691.964532526393,41.13349647825228,3
186,400819,2017-12-20 19:20:00,168.876220703125,229.35299847203922,116.53791571838738,334.66491374224023,3657.440649310637,60.47677776891422,3
187,400825,2017-12-20 20:20:00,119.9760513305664,147.91617770779993,40.80461059555427,252.6498082422366,780.6506619757806,27.940126377233526,3
188,401000,2017-12-22 01:30:00,555.0072021484375,511.35820490486503,406.0529245198574,613.4212387409655,1905.2349603693967,43.64899724357247,3
189,401117,2017-12-22 21:00:00,131.1127166748047,147.89744429329403,32.8284208168469,259.0278298903461,281.7270812268789,16.78472761848934,3
190,401146,2017-12-23 01:50:00,353.5892639160156,370.2652774183782,268.0414951840398,504.69093879505755,278.0894263309795,16.676013502362593,3
191,401158,2017-12-23 03:50:00,132.6444854736328,156.9152091117857,48.444719754499175,244.145136693349,589.068025919594,24.2707236381529,3
192,401252,2017-12-23 19:30:00,1161.078857421875,1050.1062330586515,942.195137475998,1165.034161232071,12314.923358061113,110.97262436322353,3
193,401255,2017-12-23 20:00:00,983.7315673828124,1018.5670492603382,902.9676657181531,1148.137774107071,1213.510797639429,34.83548187752581,3
194,401356,2017-12-24 12:50:00,1925.0477294921875,2011.0170804980569,1913.8240814337369,2134.588538029867,7390.729312370376,85.96935100586938,3
195,401384,2017-12-24 17:30:00,1163.452880859375,1146.8993224406406,1034.4574029278024,1259.355434891567,274.02029632245194,16.553558418734383,3
196,401400,2017-12-24 20:10:00,355.1087341308594,398.4833417841934,297.6571240059221,501.2751948772597,1881.3565890806613,43.37460765333401,3
197,401442,2017-12-25 03:10:00,1970.6839599609373,1994.691576958231,1886.2919627390042,2094.7262024963916,576.3656738887493,24.00761699729378,3
198,401518,2017-12-25 15:50:00,1892.8040771484373,1904.4204455598076,1800.9808411788035,2001.0291920043023,134.94001506868247,11.616368411370331,3
199,401611,2017-12-26 07:20:00,2008.80712890625,1893.2480551107267,1792.6169256174305,2033.7052572766218,13353.899536479204,115.55907379552332,3
200,401808,2017-12-27 16:10:00,1953.2769775390625,1908.3090494120936,1803.0455101649986,2015.4328752759313,2022.1145600322407,44.9679281269689,3
201,401870,2017-12-28 02:30:00,1459.327880859375,1426.6895686724267,1326.8308874785444,1549.266389423873,1065.2594224126958,32.63831218694827,3
202,401922,2017-12-28 11:10:00,1500.6378173828125,1424.7356425942496,1338.4677825836602,1534.2098183414098,5761.140137633552,75.90217478856289,3
203,401952,2017-12-28 16:10:00,1014.5828857421876,1001.9231529087657,884.3624754424965,1100.8418741895266,160.26883541362082,12.659732833421913,3
204,401977,2017-12-28 20:20:00,842.5167236328125,914.0682616163504,817.9329489189123,1036.8654314922733,5119.62258780966,71.55153798353786,3
205,402118,2017-12-29 19:50:00,2029.390380859375,1974.7297322084262,1869.868526519477,2093.206224497855,2987.7865109424724,54.660648650948815,3
206,402143,2017-12-30 00:00:00,1082.9434814453125,1230.0230775423029,1119.736272325496,1319.0847640140353,21632.407588053826,147.07959609699037,3
207,402194,2017-12-30 08:30:00,1910.96240234375,1843.9575289230052,1746.5544404620905,1939.0861892283742,4489.653062130039,67.00487342074484,3
208,402197,2017-12-30 09:00:00,2034.739501953125,2026.064838648476,1936.3382156100615,2120.995778148309,75.24978344902222,8.674663304648902,3
209,402219,2017-12-30 12:40:00,2023.1346435546875,2043.6208753991846,1941.2720633854294,2138.8169267922926,419.6856951864858,20.48623184449707,3
210,402291,2017-12-31 00:40:00,1561.623291015625,1624.9955125225763,1535.924514729874,1717.9081584266098,4016.0384587260996,63.37222150695129,3
211,402401,2017-12-31 19:00:00,532.7103271484375,651.3027620556213,537.5159957131558,750.1043441449598,14064.16561721463,118.59243490718382,3
212,402455,2018-01-01 04:00:00,2058.267822265625,2017.255705309268,1924.3185940401313,2120.8181925981603,1681.9937372419033,41.01211695635698,3
213,402480,2018-01-01 08:10:00,343.9093933105469,452.28087451464467,349.5353861649559,557.9424008192009,11744.37793837012,108.37148120409779,3
214,402510,2018-01-01 13:10:00,187.50343322753903,216.3598170401855,110.14682706451882,319.21314598664316,832.6908867427652,28.85638381264647,3
215,403063,2018-01-05 09:20:00,414.196533203125,418.01347698016053,305.76045397520886,521.9597040763603,14.569059797050281,3.816943777035533,3
216,403419,2018-01-07 20:40:00,1868.3095703125,1788.18777341474,1687.902043445533,1909.1840354001351,6419.502338125916,80.12179689776008,3
217,403422,2018-01-07 21:10:00,1927.1162109375,1736.0273447756445,1622.2965805055449,1825.6340894969512,36514.95477102354,191.08886616185555,3
218,403456,2018-01-08 02:50:00,1593.8780517578125,1400.8072678104004,1299.416366928038,1506.8361549891272,37276.32761406829,193.0707839474121,3
219,403506,2018-01-08 11:10:00,402.2666931152344,421.55428421860796,317.1000931248556,528.8559803242921,372.0111705709359,19.287591103373586,3
220,403524,2018-01-08 14:10:00,298.4026184082031,309.4090492134259,204.7305481267871,407.74774048758064,121.14151907015629,11.006430805222749,3
221,403613,2018-01-09 05:00:00,396.9745788574219,374.76276426298415,262.74300526591077,474.46908476319896,493.36470757767677,22.211814594437726,3
222,403689,2018-01-09 17:40:00,141.30259704589844,136.842467385876,42.365812962910546,250.43074555060352,19.89275658421181,4.460129660022432,3
223,403740,2018-01-10 02:10:00,271.3146667480469,260.49395786350334,138.94403494046918,361.9078192974733,117.0877407640394,10.820708884543535,3
224,403788,2018-01-10 10:10:00,453.25384521484375,488.60774125322524,377.1893366868334,601.7871777880357,1249.8979650926865,35.35389603838149,3
225,403832,2018-01-10 17:30:00,162.90805053710938,157.4458297530592,37.899535201203506,268.9135594318833,29.835855893709702,5.462220784050174,3
226,403864,2018-01-10 22:50:00,305.2595520019531,265.4514482577531,168.18956271127175,377.659669364901,1584.685123708992,39.808103744200025,3
227,404031,2018-01-12 02:40:00,-1.277732491493225,5.668884935387727,-89.16298283865726,113.67113101354292,48.25549367544613,6.946617426880952,3
228,404036,2018-01-12 03:30:00,-1.483663558959961,-6.394558198288973,-127.79471611826006,120.03324196764082,24.116886158590425,4.910894639329012,3
229,404175,2018-01-13 02:40:00,717.5055541992188,778.8258613964432,646.2738715547498,891.9136983988028,3760.180074761977,61.32030719722445,3
230,404185,2018-01-13 04:20:00,1075.96484375,1175.6018506620353,1065.0099453867344,1273.4514005561089,9927.53314638897,99.6370069120353,3
231,404237,2018-01-13 13:00:00,1040.9559326171875,936.1832054574097,834.6361888021304,1036.9144495905923,10977.324356497238,104.77272715977779,3
232,404253,2018-01-13 15:40:00,672.9827270507812,736.5459135409117,614.8091384208134,854.5799978261975,4040.2786767790985,63.56318649013042,3
233,404267,2018-01-13 18:00:00,799.767822265625,704.8281360742338,597.5306110513808,818.1547968469305,9013.544014119829,94.93968619139116,3
234,404282,2018-01-13 20:30:00,120.26278686523438,153.17144833708196,59.14940648893064,265.87033938208236,1082.9799998686653,32.90866147184758,3
235,404309,2018-01-14 01:00:00,67.5715560913086,59.683191299060354,-48.6490942125149,151.40215198917954,62.22629909558161,7.88836479224824,3
236,404479,2018-01-15 05:20:00,1990.116943359375,1942.6692571707936,1830.1610858688312,2057.725003738177,2251.282924650101,47.44768618858143,3
237,404506,2018-01-15 09:50:00,1663.4305419921875,1675.5322696027545,1589.7229146235632,1769.0889180659606,146.4518111603589,12.101727610566968,3
238,404577,2018-01-15 21:40:00,1715.9127197265625,1570.332748840553,1467.4967763819466,1698.3899814033393,21193.527923171376,145.5799708860095,3
239,404608,2018-01-16 02:50:00,955.3467407226562,1030.9254112498677,935.4140810967136,1135.987935048685,5712.13543866078,75.57867052721144,3
240,404611,2018-01-16 03:20:00,1022.7091064453124,960.9825498911267,866.1321287587293,1059.7254656390805,3810.167784037081,61.72655655418566,3
241,404645,2018-01-16 09:00:00,1096.347412109375,1057.9995722190617,953.8808926614489,1171.592136658133,1470.5568242531003,38.34783989031325,3
242,404681,2018-01-16 15:00:00,923.6468505859376,831.1822477644727,722.959827609048,941.0013747963773,8549.702774931264,92.46460282146495,3
243,404690,2018-01-16 16:30:00,1637.06494140625,1686.4714970178118,1540.428987655577,1790.0041347779988,2441.007737398346,49.40655561156177,3
244,435641,2018-08-20 21:50:00,44.301082611083984,32.46237991033673,-77.99023624112984,147.0272160508203,140.15488163668036,11.838702700747255,3
245,435674,2018-08-21 03:20:00,-1.8981930017471316,-1.324006497059511,-130.8837266304277,97.6150578091304,0.32969014216538706,0.5741865046876207,3
246,435728,2018-08-21 12:20:00,157.77610778808594,141.63903439452923,37.57497225013895,255.18294157154304,260.40513770903567,16.137073393556705,3
247,435820,2018-08-22 03:40:00,70.25945281982422,82.19436800749588,-17.076406310092207,166.74912526245484,142.44220053691572,11.934915187671663,3
248,435830,2018-08-22 05:20:00,54.6920280456543,74.80005026834793,-31.593782147856736,179.57231010878712,404.332557708341,20.108022222693634,3
249,435840,2018-08-22 07:00:00,218.7748870849609,201.4517862086771,81.23054829864134,301.9868016590823,300.08982396990467,17.323100876283803,3
250,435910,2018-08-22 18:40:00,173.17970275878906,158.41677636607088,63.03044094691387,260.353053103378,217.94399567681518,14.762926392718185,3
251,435925,2018-08-22 21:10:00,300.4423522949219,239.27040929325585,127.30857866249137,346.6465212709001,3742.006610599077,61.17194300166602,3
252,435978,2018-08-23 06:00:00,61.28165817260742,85.38618864050162,3.7886631423719965,200.19016506557898,581.0283890776394,24.104530467894193,3
253,435995,2018-08-23 08:50:00,74.98065185546875,84.84257135751713,-25.005085061144776,186.35006055635114,97.25745626488217,9.86191950204838,3
254,436057,2018-08-23 19:10:00,1267.9488525390625,1301.260381590766,1191.0995834443304,1393.0111825956135,1109.6579677624845,33.311529051703474,3
255,436088,2018-08-24 00:20:00,463.8679809570313,424.51867942796963,314.4200363094925,520.4859203035352,1548.3675308250156,39.34930152906168,3
256,436137,2018-08-24 08:30:00,1127.4278564453125,1087.2889833325926,1002.8639705580813,1187.8815528408027,1611.1291347590302,40.13887311271992,3
257,436248,2018-08-25 03:00:00,1564.89306640625,1440.8748117771993,1330.7523652918655,1535.3716144844523,15380.527481236059,124.01825462905072,3
258,436360,2018-08-25 21:40:00,212.81216430664065,206.95097509006482,90.3771705628782,307.0432565042345,34.353539032504884,5.861189216575838,3
259,436408,2018-08-26 05:40:00,215.9290313720703,269.3566919145765,156.97728174361308,380.8622387700533,2854.5149110452744,53.4276605425062,3
260,436461,2018-08-26 14:30:00,1652.27978515625,1587.9680030271813,1493.5058723960433,1693.752619098132,4136.005320616795,64.31178212906866,3
261,436466,2018-08-26 15:20:00,843.5875244140625,717.0267771299093,601.9110754948903,823.0656577612855,16017.62275312329,126.5607472841532,3
262,436839,2018-08-29 05:30:00,191.7359771728516,217.85513841504184,118.1853346136541,309.5764233878594,682.210583995533,26.119161242190245,3
263,437307,2018-09-01 11:30:00,391.8094787597656,368.6933038315886,266.856137948344,465.7290038154541,534.3575433100804,23.11617492817703,3
264,437340,2018-09-01 17:00:00,193.5056915283203,172.86393209733853,76.0124287460281,292.2376576578083,426.0822324065252,20.64175943098178,3
265,437364,2018-09-01 21:00:00,215.39874267578125,192.64073023517648,80.20411537400997,295.76462711800775,517.9271302467216,22.758012440604773,3
266,437508,2018-09-02 21:00:00,581.7047119140625,571.8954495147108,461.1742975807603,693.4602578148687,96.22162881933554,9.809262399351724,3
267,437647,2018-09-03 20:10:00,449.2752685546875,421.49719564824375,321.80517606914043,516.7573382719469,771.6213343957045,27.778072906443754,3
268,437784,2018-09-04 19:00:00,235.5295562744141,218.27938767293088,109.87261662065401,304.669912171787,297.56831677959724,17.25016860148321,3
269,437881,2018-09-05 11:10:00,323.8606872558594,304.9149375453236,177.96835010879857,407.01623726915517,358.94143209426653,18.94574971053578,3
270,437933,2018-09-05 19:50:00,79.71513366699219,86.2906038790201,-8.70850990898944,196.29183428754084,43.23680850926635,6.575470212027909,3
271,437989,2018-09-06 05:10:00,390.44580078125,328.5081160728455,230.88105833106533,451.1158981195968,3836.276787037725,61.937684708404504,3
272,438074,2018-09-06 19:20:00,302.77069091796875,312.0913684563531,216.76514057949294,405.3536614405368,86.87502977454272,9.32067753838436,3
273,438120,2018-09-07 03:00:00,568.4544067382812,564.6774242471998,434.9362897560312,671.8735035773245,14.265596737935551,3.7769824910814123,3
274,438319,2018-09-08 12:10:00,1172.9158935546875,1057.608803243562,965.9124769321389,1166.202580338406,13295.725076018034,115.30709031112542,3
275,438423,2018-09-09 05:30:00,420.2014465332031,428.3489445333968,325.9735804581947,528.2187912528519,66.38172366315953,8.14749800019365,3
276,438452,2018-09-09 10:20:00,1972.8408203125,1990.5999611793366,1886.535712837684,2094.387856609167,315.3870843281444,17.75914086683656,3
277,438782,2018-09-11 17:20:00,92.28968048095705,85.68302834567261,-8.31959340965883,190.72722772122475,43.64785243665838,6.606652135284435,3
278,438794,2018-09-11 19:20:00,299.24884033203125,312.68450226738287,201.92970562879978,415.6918986336234,180.5170116410564,13.435661935351618,3
279,438894,2018-09-12 12:00:00,88.04107666015625,60.31741959212035,-49.40049539224683,161.42378805861333,768.6011612260568,27.723657068035898,3
280,438943,2018-09-12 20:10:00,28.94403648376465,22.96080886416643,-83.72530480711052,129.7222146450261,35.79901274792295,5.9832276195982175,3
281,438946,2018-09-12 20:40:00,6.901577472686768,26.730610286712416,-83.55394889152966,133.99790443972492,393.1905423397059,19.82903281402565,3
282,439011,2018-09-13 07:30:00,-1.3737624883651731,3.401195478978424,-94.67989897983944,112.33305105997749,22.800223589898096,4.774957967343597,3
283,439057,2018-09-13 15:10:00,480.4144287109375,441.0766793437268,343.3756555252607,543.9977509952967,1547.458525277484,39.33774936721068,3
284,439089,2018-09-13 20:30:00,284.3271789550781,243.6563883107711,157.0655336319587,351.06139468181436,1654.1132116330525,40.67079064430703,3
285,439153,2018-09-14 07:10:00,712.6989135742188,668.1022969161736,557.7932564671369,766.2151328534467,1988.8582173446302,44.59661665804515,3
286,439154,2018-09-14 07:20:00,640.5982666015625,724.5143886946012,610.5519420284704,829.781362274813,7041.915547133772,83.91612209303867,3
287,439164,2018-09-14 09:00:00,567.8568725585938,545.8846982389266,455.41574201825784,653.541421955292,482.77644433384046,21.972174319667147,3
288,439219,2018-09-14 18:10:00,1032.992431640625,1043.878521620237,931.8746271912711,1140.5009062620531,118.50695504420993,10.886089979612052,3
289,439252,2018-09-14 23:40:00,122.90534973144533,127.18181374701439,34.41333779675872,233.22428187861047,18.288144476457063,4.276464015569061,3
290,439287,2018-09-15 05:30:00,614.2918701171875,492.0741768174688,369.6390564057272,599.0801456449366,14937.164555504103,122.21769329971869,3
291,439331,2018-09-15 12:50:00,367.33203125,319.74937959598816,225.2093016600134,439.7407933357842,2264.108738427036,47.58265165401184,3
292,439420,2018-09-16 03:40:00,672.8223266601562,677.2397710309973,565.530508976574,783.6704487913019,19.51381476947531,4.417444370841054,3
293,439431,2018-09-16 05:30:00,672.8796997070312,710.6495618520668,617.6101711622362,818.6761721030481,1426.562486454987,37.76986214503552,3
294,439579,2018-09-17 06:10:00,728.1810302734375,661.193112569415,566.1441918235138,748.9285187203391,4487.38111832089,66.9879177040225,3
295,439765,2018-09-18 13:10:00,1894.6541748046875,1918.9516692693276,1823.1525451532225,2027.9222688357697,590.3682372592147,24.297494464640067,3
296,439835,2018-09-19 00:50:00,1117.953369140625,1091.0763975343928,987.0805013962722,1223.3227527601343,722.3716027222143,26.876971606232246,3
297,439850,2018-09-19 03:20:00,778.8485717773438,689.524648161768,583.8569401278875,784.3281432145986,7978.763330081206,89.32392361557572,3
298,440033,2018-09-20 09:50:00,-1.0456600189208984,-6.4048387429417515,-102.96962510472856,107.46645296412629,28.72079659599778,5.359178724020853,3
299,440044,2018-09-20 11:40:00,46.24195861816406,50.034214133573826,-64.07977607667927,159.99038381625715,14.381201894155772,3.7922555154097637,3
300,440157,2018-09-21 06:30:00,1686.58154296875,1589.2625980171351,1492.0094306773665,1705.3340354674992,9470.977046495445,97.31894495161487,3
301,440178,2018-09-21 10:00:00,2000.4638671875,2002.540647518893,1900.085698838954,2128.9098801538053,4.3130165448604485,2.0767803313929107,3
302,440330,2018-09-22 11:20:00,428.6046142578125,359.8773882399895,259.36489314848836,469.2013926352438,4723.431596104927,68.727226017823,3
303,440410,2018-09-23 00:40:00,22.16681671142578,20.416714743184283,-100.66467771184396,121.82801149724456,3.062856899242767,1.7501019682414984,3
304,440429,2018-09-23 03:50:00,243.92092895507807,258.3599272947801,123.93477608514779,380.96979518725226,208.48467305391824,14.438998339702039,3
305,440486,2018-09-23 13:20:00,976.8545532226562,1002.2095319903316,901.1498050203031,1118.319694031283,642.874948309267,25.354978767675334,3
306,440554,2018-09-24 00:40:00,1115.056884765625,1318.9327116289999,1204.8581532371627,1443.468196617842,41565.352779224806,203.87582686337487,3
307,440575,2018-09-24 04:10:00,1116.849609375,1222.3333058304036,1110.2311790715212,1325.689159293741,11126.810217895718,105.48369645540356,3
308,440628,2018-09-24 13:00:00,181.60476684570312,145.90090861077852,55.47173950810938,243.2437456301653,1274.765492859594,35.70385823492461,3
309,440673,2018-09-24 20:30:00,197.1279144287109,210.72545490284625,84.84452297377375,331.3423985737114,184.8931069457488,13.597540474135343,3
310,440716,2018-09-25 03:40:00,-1.2707970142364502,-5.7932924516992585,-126.62961877697013,117.52270657607265,20.45296498187192,4.522495437462808,3
311,440766,2018-09-25 12:00:00,420.76165771484375,401.2742622707807,305.73538370635976,507.25108358666284,379.7585811932895,19.487395444063054,3
312,440795,2018-09-25 16:50:00,378.5000305175781,394.66443196092956,280.0856964779879,510.7544732842971,261.287874021822,16.164401443351437,3
313,440809,2018-09-25 19:10:00,514.2719116210938,522.7004673171007,417.64308083458036,641.0012489071447,71.04055112069076,8.428555696006924,3
314,440845,2018-09-26 01:10:00,1429.558837890625,1556.0272894994114,1447.8287977706104,1666.0635443072147,15994.269252323942,126.46845160878638,3
315,440850,2018-09-26 02:00:00,1074.8651123046875,1226.1723819506192,1128.3822453814714,1354.00191371926,22893.88984770668,151.30726964593168,3
316,440858,2018-09-26 03:20:00,1206.6917724609375,1328.4724028116075,1221.6171265947507,1438.894313861797,14830.521928606522,121.78063035066998,3
317,441034,2018-09-27 08:40:00,153.096435546875,137.94951827839975,24.64511859702098,247.44313376013037,229.42910273803372,15.14691726847525,3
318,441152,2018-09-28 04:20:00,639.9505004882812,572.1017932910719,463.7659063684802,684.7701016466222,4603.44706833265,67.84870719720936,3
319,441154,2018-09-28 04:40:00,590.9684448242188,579.3915651811861,471.6844003102252,679.7494326539395,134.0241422692629,11.576879643032612,3
320,441246,2018-09-28 20:00:00,91.47002410888672,90.01960682388363,-25.109384330471258,183.0596206242702,2.1037103006357176,1.450417285003084,3
321,441393,2018-09-29 20:30:00,207.16368103027344,151.34788749595288,48.87109559925756,259.1562987523791,3115.402807865901,55.81579353432056,3
322,441423,2018-09-30 01:30:00,574.550537109375,658.0145312119073,566.5688059744472,793.2433834569996,6966.238311547546,83.4639941025323,3
323,441649,2018-10-01 15:10:00,260.2368469238281,269.5538349775238,161.92877784616135,388.960059584493,86.8062663927083,9.316988053695695,3
324,441754,2018-10-02 08:40:00,447.9328918457031,406.10058656658555,298.8960984541767,513.0818155150542,1749.9417649652883,41.83230527911758,3
325,441763,2018-10-02 10:10:00,1636.964111328125,1660.3796853803883,1536.5970798373771,1768.4023526719375,548.2891081970267,23.41557405226331,3
326,441765,2018-10-02 10:30:00,1918.17529296875,1862.2137990683066,1743.1343033223786,1984.723634345755,3131.688799569367,55.96149390044343,3
327,441834,2018-10-02 22:00:00,850.1598510742188,680.4054053284132,582.7389791433227,778.7488261208865,28816.57185046565,169.75444574580558,3
328,441849,2018-10-03 00:30:00,622.2911376953125,620.8378957924847,492.32045304853085,742.5271445216299,2.111912028134602,1.4532419028278127,3
329,441855,2018-10-03 01:30:00,464.62506103515625,496.4874654644805,396.24875273881725,591.9937668841158,1015.212816017823,31.862404429324272,3
330,441918,2018-10-03 12:00:00,213.3413543701172,205.9442300236365,108.27122580822954,338.7041508979227,54.71744859729744,7.397124346480695,3
331,441946,2018-10-03 16:40:00,8.172502517700195,22.891399526088033,-82.40466828800872,135.69438958539735,216.64592914352846,14.718897008387838,3
332,441992,2018-10-04 00:20:00,413.99267578125,360.55630370212634,266.0389226363593,466.0901866695277,2855.4458609785465,53.43637207912366,3
333,442010,2018-10-04 03:20:00,101.26472473144533,178.09205178686923,95.11683594452238,284.9475957091783,5902.438182481071,76.82732705542391,3
334,442094,2018-10-04 17:20:00,264.6575012207031,286.02051552354555,179.15390101490397,389.75841440989257,456.37838010345024,21.36301430284243,3
335,442126,2018-10-04 22:40:00,461.0028381347656,480.6117706393404,362.1374179460747,587.1442404189163,384.51023396896994,19.608932504574796,3
336,442261,2018-10-05 21:10:00,45.181640625,87.48701854005638,-12.15248757300508,192.79195206399768,1789.7450005357402,42.30537791505638,3
337,442351,2018-10-06 12:10:00,1586.84716796875,1582.6747558402874,1472.9345468043473,1701.449402099616,17.409022969741894,4.172412128462611,3
338,442464,2018-10-07 07:00:00,80.76001739501953,89.48036107022553,-19.963607726193175,181.9506488275838,76.04439381370521,8.720343675205996,3
339,442606,2018-10-08 06:40:00,286.7028503417969,399.21162015968963,290.37378471434556,524.9870567744315,12658.223285935575,112.50876981789276,3
340,442677,2018-10-08 18:30:00,716.3248291015625,694.7709915433038,580.5541503918332,793.1345630800978,464.567913487803,21.553837558258692,3
341,442869,2018-10-10 16:00:00,277.2923278808594,326.3137847478577,224.20829966465033,437.7602776072163,2403.1032333629782,49.021456866998335,3
342,442880,2018-10-10 17:50:00,66.160888671875,68.89295522942399,-43.325921880145664,178.03721429559855,7.4641876748775875,2.7320665575489897,3
343,443069,2018-10-12 01:20:00,1451.78271484375,1388.632814429657,1290.7292977751351,1487.2093524525415,3987.90992230987,63.149900414093054,3
344,443093,2018-10-12 05:20:00,1920.6588134765625,1856.7951172910507,1749.329870386315,1943.0474005020872,4078.5716904753544,63.8636961855118,3
345,443181,2018-10-12 20:00:00,2048.647705078125,2031.1528862207444,1897.6673264785566,2169.896532655265,306.06868685255813,17.49481885738055,3
346,443199,2018-10-12 23:00:00,1940.2447509765625,1850.1947596007155,1762.1693033609822,1949.5669144010537,8109.000946790112,90.04999137584696,3
347,443314,2018-10-13 18:10:00,2053.10546875,2053.232165106676,1924.3953852415657,2179.1886755982846,0.016051966794945145,0.12669635667589318,3
348,443345,2018-10-13 23:20:00,1138.879638671875,1000.9055910108008,890.3571507982517,1130.0484052606794,19036.83782798038,137.97404766107422,3
349,443361,2018-10-14 02:00:00,565.7643432617188,564.5087125672786,483.7626720427574,667.8389649209093,1.5766084408201995,1.2556306944401285,3
350,443365,2018-10-14 02:40:00,595.1583251953125,605.2584313389799,488.7868658128742,714.562210218657,102.01214411334803,10.100106143667404,3
351,443414,2018-10-14 10:50:00,1043.4715576171875,948.5874128749208,849.5576743330599,1038.6371978170378,9003.000923471418,94.8841447422667,3
352,443451,2018-10-14 17:00:00,735.68408203125,702.303108280857,606.4916010785091,791.2432134036736,1114.2894085244243,33.38097375039297,3
353,443597,2018-10-15 17:20:00,712.3104858398438,657.7929849861268,544.3174636659307,783.2219056446522,2972.157899335024,54.51750085371691,3
354,443645,2018-10-16 01:20:00,-0.9496300220489502,-5.941415948647488,-106.76973746834771,101.7999645157122,24.91792673698722,4.991785926598538,3
355,443702,2018-10-16 10:50:00,39.44165802001953,34.044432469235204,-77.72339612087205,139.61338894088237,29.130043646039184,5.397225550784327,3
356,443706,2018-10-16 11:30:00,118.745361328125,138.26389785430968,9.410115214297765,247.6060700104106,380.97326812400536,19.518536526184675,3
357,443904,2018-10-17 20:30:00,480.4795227050781,452.2185614485179,352.21556383440407,553.1202175991283,798.6819311447979,28.260961256560222,3
358,444198,2018-10-19 21:30:00,522.2637329101562,499.5445171407736,405.4507309000689,592.0887202026206,516.1627651757643,22.71921576938263,3
359,444365,2018-10-21 01:20:00,104.22853088378906,69.8935217477208,-31.047506245112597,176.31506671787483,1178.8928523738912,34.335009136068265,3
360,444409,2018-10-21 08:40:00,298.45068359375,250.35550336008353,135.60528200758182,352.7237279752343,2313.1463617088616,48.09518023366647,3
361,444537,2018-10-22 06:00:00,600.166015625,601.7718653008061,503.12598982925687,697.8226545826966,2.578753181286551,1.6058496758060983,3
362,444649,2018-10-23 00:40:00,1665.3502197265625,1700.7186553721838,1605.4877670699943,1823.1425385198468,1250.9262400184537,35.368435645621275,3
363,446310,2018-11-15 04:30:00,140.55841064453125,139.83603450703401,30.629642828569132,248.78632763086875,0.5218272840254249,0.7223761374972355,3
364,446389,2018-11-15 17:40:00,257.2491455078125,245.83138890553693,151.70358377898322,338.1299575885731,130.36516582880745,11.417756602275574,3
365,446483,2018-11-16 09:20:00,-1.621306538581848,9.864655909765661,-98.37174382800582,100.35898390076927,131.92733336484912,11.48596244834751,3
366,446919,2018-11-19 10:00:00,1732.2911376953125,1697.3884236079725,1578.5368325381262,1832.7778038079914,1218.1994506626002,34.90271408733997,3
367,447005,2018-11-20 00:20:00,1850.085693359375,1751.8711382240097,1635.020185260066,1853.8746331663106,9646.098840437719,98.21455513536534,3
368,447022,2018-11-20 03:10:00,1940.67919921875,1808.7802240609417,1698.4820723566693,1903.3304866195685,17397.33964768013,131.8989751578083,3
369,447078,2018-11-20 12:30:00,1079.709716796875,1136.2655821320632,1036.429105944987,1237.8352043751017,3198.5659038119393,56.55586533518817,3
370,447172,2018-11-21 04:10:00,117.69644165039062,87.53605118269711,-23.105296878660443,190.1556188698665,909.649153163738,30.160390467693517,3
371,447210,2018-11-21 10:30:00,567.4305419921875,531.4239515977217,446.76258518649496,637.3903349945246,1296.474551834835,36.006590394465775,3
372,447298,2018-11-22 01:10:00,79.85668182373047,107.7775463601666,5.9817934204865235,237.87684607924956,779.5746764620166,27.920864536436127,3
373,447341,2018-11-22 08:20:00,263.6344909667969,270.9042146176366,173.37396313310796,376.3586565887699,52.84888195957884,7.269723650839751,3
374,447342,2018-11-22 08:30:00,208.61965942382807,212.66575267938393,113.90992292563315,322.226262212913,16.37087063265462,4.04609325555586,3
375,447429,2018-11-22 23:00:00,32.67243957519531,38.23816260829829,-65.18415339182674,136.94077757888294,30.977272881212997,5.565723033102977,3
376,447545,2018-11-23 18:20:00,222.23919677734372,194.55238940719394,113.57871904317173,292.8490214657622,766.5593023517802,27.68680737014978,3
377,447596,2018-11-24 02:50:00,741.4633178710938,697.5882178431017,593.6344076559955,807.8819227931842,1925.024402466309,43.87510002799206,3
378,447608,2018-11-24 04:50:00,258.3706359863281,281.40965286764697,183.42808469587786,397.67609369737954,530.7962988576946,23.039016881318844,3
379,447613,2018-11-24 05:40:00,395.601806640625,471.5298194465736,372.90726834680385,574.0429992806517,5765.063128660292,75.92801280594858,3
380,447628,2018-11-24 08:10:00,855.6245727539062,834.7819896353767,728.8495338090637,952.4194398411355,434.41327105281283,20.842583118529546,3
381,447640,2018-11-24 10:10:00,921.8082885742188,904.0813938724085,812.2242965114265,993.4807879376785,314.24279576906787,17.726894701810238,3
382,447791,2018-11-25 11:20:00,262.9120178222656,264.2105801397531,132.77446200716653,368.8522835527779,1.6862640923984924,1.2985623174874945,3
383,448133,2018-11-27 20:20:00,154.39825439453125,152.7000105386564,58.48971604296764,247.89126642341427,2.884032194016726,1.698243855874864,3
384,448281,2018-11-28 21:00:00,1883.1492919921875,1886.590186642997,1779.2179936677196,1989.2488308109314,11.839755997969215,3.4408946508094687,3
385,448293,2018-11-28 23:00:00,1986.634033203125,1995.171828324633,1887.93434586543,2102.3515492463225,72.89394553684576,8.537795121507997,3
386,448306,2018-11-29 01:10:00,890.0406494140625,845.0019161488258,738.6568070583455,951.4881922582005,2028.4874941371402,45.038733265236715,3
387,448343,2018-11-29 07:20:00,2058.107666015625,2001.0763633713248,1892.5380293323537,2108.826881055397,3252.5694813057676,57.03130264430024,3
388,448414,2018-11-29 19:10:00,1413.727783203125,1500.3115639213281,1392.305103893351,1598.4069023035884,7496.751083457882,86.58378071820312,3
389,448455,2018-11-30 02:00:00,2029.4698486328125,1963.9316232900771,1845.1397104383414,2079.3157728315377,4295.25898107516,65.53822534273536,3
390,448589,2018-12-01 00:20:00,736.15625,764.4056823915165,677.8781193057489,866.9830861180241,798.030430442862,28.249432391516507,3
391,448591,2018-12-01 00:40:00,275.88433837890625,290.010320544171,195.40698794200455,409.23467897893926,199.54337213337806,14.125982165264759,3
392,448600,2018-12-01 02:10:00,158.4221954345703,164.0439488062074,52.607528713306934,261.97901488233055,31.60411097151292,5.621753371637084,3
393,448748,2018-12-02 02:50:00,1412.1197509765625,1357.2821714504116,1264.5116344463888,1466.7322762718125,3007.160128286922,54.837579526150876,3
394,448759,2018-12-02 04:40:00,1507.2034912109375,1366.054512347723,1249.1143207584346,1469.9582493811217,19923.034234128187,141.14897886321455,3
395,448781,2018-12-02 08:20:00,1234.864501953125,1215.7905137365428,1120.1513025080117,1325.4509679529042,363.8170264863153,19.073988216582165,3
396,448858,2018-12-02 21:10:00,2002.7200927734373,1891.9308005913801,1787.1946154498753,1989.8485567246883,12274.267262201223,110.78929218205712,3
397,448936,2018-12-03 10:10:00,1714.7490234375,1759.9422219402984,1634.372450307087,1870.7582826617524,2042.425190913339,45.193198502798396,3
398,448942,2018-12-03 11:10:00,1252.44384765625,1329.2111104558123,1200.6245393587744,1426.050789468623,5893.212637737067,76.76726279956233,3
399,448963,2018-12-03 14:40:00,935.30029296875,955.8100819599904,856.4196193543228,1078.1136503708794,420.65144446520526,20.509788991240384,3
400,449061,2018-12-04 07:00:00,682.3285522460938,758.6979694523965,670.2450923090305,878.063777488472,5832.287884430327,76.36941720630273,3
401,449134,2018-12-04 19:10:00,193.85943603515625,221.31331500116542,107.03383556464779,317.7756505967264,753.7154702802808,27.45387896600917,3
402,449145,2018-12-04 21:00:00,114.10100555419922,111.64827451921457,-0.5608490291150359,217.2593158158989,6.015889529976881,2.4527310349846516,3
403,449179,2018-12-05 02:40:00,123.15557098388672,126.17526585851569,22.3311503849835,222.84109284217854,9.118557135860458,3.019694874628968,3
404,449299,2018-12-05 22:40:00,517.308837890625,491.7773639541531,402.16514691742924,605.779187905547,651.8561613687446,25.53147393647191,3
405,449306,2018-12-05 23:50:00,177.93020629882812,203.317580258807,93.7366100156879,315.5218781433474,644.5187565838133,25.387373959978873,3
406,449423,2018-12-08 02:30:00,2045.873291015625,2015.1733784177811,1916.4458672632413,2142.5020248712253,942.4846335152532,30.699912597843877,3
407,449521,2018-12-08 18:50:00,1946.7059326171875,1893.3668441952393,1785.8990460264954,2002.734331047031,2845.0583536844074,53.33908842194819,3
408,449614,2018-12-09 10:20:00,1724.029296875,1712.5018194739698,1605.7215943074975,1828.0388455810335,132.88273523126156,11.527477401030183,3
409,449618,2018-12-09 11:00:00,1700.307373046875,1651.701140262846,1535.308632313313,1763.6402676266207,2362.5658654552244,48.60623278402909,3
410,449916,2018-12-11 12:40:00,65.8258285522461,40.7990461219731,-86.20435495421901,160.58069786975116,626.339838812221,25.026782430272995,3
411,449950,2018-12-11 18:20:00,384.1228332519531,452.6851791211459,333.9699601912721,567.164664360947,4700.795271086815,68.56234586919277,3
412,449960,2018-12-11 20:00:00,424.6687316894531,417.9372342898127,309.25215158159295,520.9903572635359,45.3130572413659,6.731497399640432,3
413,450054,2018-12-12 11:40:00,372.29248046875,392.5374348127059,305.0149335233158,498.5188067034123,409.85817638885874,20.244954343955897,3
414,450319,2018-12-14 07:50:00,766.1658935546875,933.8848108467374,821.7622307371919,1063.3133941052938,28129.635217617484,167.71891729204992,3
415,450466,2018-12-15 08:20:00,2053.80224609375,2066.0427969886696,1947.8747775399627,2177.345819128236,149.8310862111165,12.24055089491958,3
416,450504,2018-12-15 14:40:00,2065.2998046875,2054.396982893904,1946.4503214938977,2149.549182850755,118.87152306291416,10.902821793596104,3
417,450719,2018-12-17 02:30:00,789.79345703125,704.6418006265438,610.2460562287384,816.9728980921421,7250.804588465136,85.15165640470616,3
418,450962,2018-12-18 20:30:00,347.7849426269531,382.2645229440808,282.60172857039754,466.9678369931462,1188.8414588452579,34.47958031712767,3
419,451145,2018-12-20 03:00:00,660.789306640625,682.1383301848429,570.3685701286092,817.0659659626693,455.7808062915684,21.349023544217857,3
420,451175,2018-12-20 08:00:00,1068.2930908203125,1054.0822464322964,945.9934918250098,1197.3496275645284,201.94809822040824,14.210844388016085,3
421,451218,2018-12-20 15:10:00,1365.995849609375,1280.5221694531372,1177.5273269960214,1389.2706386586092,7305.749999450845,85.47368015623783,3
422,451255,2018-12-20 21:20:00,300.5176086425781,346.6106784175329,238.43156887059564,446.62552382993965,2124.5710812788475,46.093069774954756,3
423,451355,2018-12-21 14:00:00,1924.413330078125,1926.0058807506439,1813.791649285763,2029.779492538861,2.536217644540345,1.5925506725188825,3
424,451388,2018-12-21 19:30:00,286.0940856933594,266.9294830893171,167.9315205421006,369.5353476166429,367.2819929708639,19.164602604042273,3
425,451451,2018-12-22 06:00:00,687.2723388671875,725.7592229893568,642.8153992102826,853.2654438631953,1481.2402494332853,38.48688412216927,3
426,451516,2018-12-22 16:50:00,595.54345703125,577.4478619609854,486.2044046927507,695.344632483492,327.45056094698475,18.095595070264608,3
427,451615,2018-12-23 09:20:00,149.1648406982422,121.04302042347263,16.968029859093456,221.2947950417244,790.8367755664403,28.12182027476956,3
428,451665,2018-12-23 17:40:00,89.52212524414062,101.74570499652397,-4.6917342217831495,193.36065690010176,149.41590196287606,12.223579752383344,3
429,451686,2018-12-23 21:10:00,172.025634765625,170.252198200603,68.6306017874699,291.8674631853035,3.145077250157015,1.7734365650219956,3
430,451720,2018-12-24 02:50:00,281.5912475585937,209.35223322544377,93.57691952509398,319.05701547625273,5218.47519182504,72.23901433314992,3
431,451731,2018-12-24 04:40:00,95.64984130859376,70.43422302441215,-40.56565433650451,185.55938238677544,635.8274054535542,25.215618284181616,3
432,451753,2018-12-24 08:20:00,68.0570297241211,40.609400787176895,-55.64793641116197,157.23799976179035,753.3723342601766,27.4476289369442,3
433,451819,2018-12-24 19:20:00,212.7166748046875,181.64234746310962,88.14594546439434,303.38743405243645,965.6138197315348,31.074327341577884,3
434,452050,2018-12-26 09:50:00,120.55564880371094,94.56150481779777,-3.354755425535454,192.9343585274171,675.6955215603858,25.99414398591317,3
435,452083,2018-12-26 15:20:00,45.67438507080078,44.30452817689793,-57.29651654324268,140.16339596834715,1.8765079097731614,1.369856893902849,3
436,452173,2018-12-27 06:20:00,-1.910463571548462,4.55689091935285,-103.97426261899194,108.59922533334114,41.826674110981365,6.467354490901312,3
437,452208,2018-12-27 12:10:00,-2.419126272201538,5.4901644508503065,-119.17399469366669,110.93492763072608,62.55687974175397,7.9092907230518446,3
438,452331,2018-12-28 08:40:00,91.68080139160156,76.32624588837818,-17.424606674872663,159.30853848098235,235.7623747015674,15.35455550322338,3
439,452510,2018-12-29 14:30:00,710.6376953125,731.6393499139808,618.0801464113582,838.6982034222526,441.0694959999006,21.001654601480823,3
440,452667,2018-12-30 16:40:00,159.85848999023438,145.93482258265433,32.68864917706782,246.92342583442434,193.8685140769067,13.92366740758004,3
441,452820,2018-12-31 18:10:00,451.8565673828125,421.6801510632408,311.2777179817058,536.032495110636,910.6161018921115,30.176416319571672,3
442,453003,2019-01-02 00:40:00,354.1595764160156,394.1770584757714,271.805177589743,492.9219683569352,1601.3988704028745,40.017482059755764,3
443,453103,2019-01-02 17:20:00,-2.014258861541748,-5.8246886859131655,-117.46609767518574,128.78063509055767,14.519375446459192,3.8104298243714174,3
444,453155,2019-01-03 02:00:00,-2.866860628128052,-6.083699347856466,-127.35432358713472,100.71455482145996,10.348051348743939,3.2168387197284134,3
445,453211,2019-01-03 11:20:00,-2.67603611946106,11.368533549200219,-106.45969361249958,147.77946248870194,197.24993717788038,14.044569668661278,3
446,453228,2019-01-03 14:10:00,-3.219672441482544,-5.248446788068731,-136.7647097885999,135.33976709539436,4.115925349366209,2.0287743465861867,3
447,453312,2019-01-04 04:10:00,116.71199035644533,127.58170895574895,24.950352033681888,249.94510812385562,118.15078242804714,10.869718599303624,3
448,453695,2019-01-06 20:00:00,171.47872924804688,176.32275377435087,58.624208404462024,274.29216075337587,23.464573611434663,4.844024526303997,3
449,453726,2019-01-07 01:10:00,153.9047088623047,150.68643671623698,47.66771210533029,254.8044676291621,10.357275606155227,3.2182721460677044,3
450,453747,2019-01-07 04:40:00,192.4498291015625,183.12446969843913,62.62928241728861,298.1768040881462,86.96232799742148,9.325359403123372,3
451,453948,2019-01-08 14:10:00,1050.5120849609375,927.7156603514801,831.0246296724102,1040.8291097447516,15078.961896866156,122.7964246094574,3
452,454118,2019-01-09 18:30:00,533.2188110351562,544.2063204842317,440.89793006410724,656.472130260325,120.72536389352221,10.987509449075446,3
453,454146,2019-01-09 23:10:00,655.1093139648438,735.1995215208325,607.1133024448047,843.9732674254997,6414.441346361356,80.09020755598874,3
454,454209,2019-01-10 09:40:00,752.51171875,694.1388140807034,568.7080665411847,810.7778935822125,3407.395999530794,58.372904669296645,3
455,454484,2019-01-12 07:30:00,379.3923645019531,359.32695678812837,255.15503956518887,455.0922110098106,402.62058672201795,20.065407713824754,3
456,454519,2019-01-12 13:20:00,1242.248046875,1333.4701414654455,1215.5771439701132,1422.167457296193,8321.47054146819,91.22209459044552,3
457,454542,2019-01-12 17:10:00,1524.9178466796875,1557.6695383232536,1459.6452116890819,1669.1536119446557,1072.6733055152388,32.75169164356612,3
458,454599,2019-01-13 02:40:00,1579.3499755859375,1592.3787601885406,1481.9038892960186,1697.5780872943783,169.74922822102715,13.028784602603082,3
459,454924,2019-01-15 08:50:00,315.9985046386719,303.3512687247375,198.56166456062124,427.16977068949797,159.95257626271126,12.647235913934367,3
460,454931,2019-01-15 10:00:00,339.0787353515625,362.81556201855403,265.8960931249059,464.1217684354966,563.4369402188004,23.736826666991533,3
461,454998,2019-01-15 21:10:00,808.2105102539062,824.1119259352522,718.3451612234139,922.1686566342371,252.85502067095496,15.901415681345952,3
462,455003,2019-01-15 22:00:00,1097.6934814453125,1208.4327629928707,1111.3489252768975,1296.19025069443,12263.18847766937,110.73928154755822,3
463,455173,2019-01-17 02:20:00,733.234619140625,694.4155464604947,578.0118643083133,806.8788251005983,1506.9204037452357,38.81907268013026,3
464,455222,2019-01-17 10:30:00,1553.61181640625,1407.803601387189,1295.5697260603743,1510.7327589720944,21260.03556704472,145.80821501906098,3
465,455303,2019-01-18 00:00:00,71.25619506835938,50.050425300800086,-65.06901243168684,149.53180260385088,449.68467143473157,21.20576976755929,3
466,455334,2019-01-18 05:10:00,274.7100830078125,364.9100877448242,253.70876846632373,477.90411255506046,8136.04085455693,90.20000473701168,3
467,455335,2019-01-18 05:20:00,249.4178924560547,341.4237922681697,233.0867543625956,447.4053351644036,8465.085600236942,92.00589981211499,3
468,455451,2019-01-19 00:40:00,567.0147705078125,512.4493151947544,399.11900043153696,641.4997615892149,2977.388913521343,54.56545531305812,3
469,455684,2019-01-20 15:30:00,5.19207239151001,21.827784887433644,-81.04568373949122,118.5282558892756,276.74693024702975,16.635712495923634,3
470,455702,2019-01-20 18:30:00,108.92247009277344,102.36751931632817,-14.507513552831298,195.9004478965958,42.96737968162041,6.554950776445267,3
471,455845,2019-01-21 19:10:00,967.9456176757812,1081.184154694169,986.6286836187929,1184.0955830209543,12822.966266064752,113.23853701838766,3
472,456173,2019-01-24 01:50:00,251.7425079345703,311.77467990620715,212.2997110706579,417.29938222951006,3603.86167163218,60.03217197163684,3
473,456254,2019-01-24 15:20:00,43.21201705932617,46.08895142979122,-56.01234454203483,152.9702507636948,8.276751371963138,2.876934370465051,3
474,456413,2019-01-25 17:50:00,1053.466796875,1050.4158503883907,948.4435820211513,1167.315760333226,9.308274464153579,3.0509464866092912,3
475,456434,2019-01-25 21:20:00,1787.2178955078125,1720.9311894275654,1615.398391002978,1818.431200044478,4393.927402969066,66.28670608024709,3
476,456509,2019-01-26 09:50:00,940.288330078125,934.9770699902012,835.968573894484,1045.2890602154964,28.209483721571864,5.311260087923756,3
477,456558,2019-01-26 18:00:00,1703.157470703125,1620.926252873518,1506.9275289643756,1725.2631522723548,6761.973185740272,82.23121782960698,3
478,456589,2019-01-26 23:10:00,479.56396484375,499.35992528207873,375.4211265884555,623.1302792247704,391.88004967587636,19.795960438328734,3
479,456659,2019-01-27 10:50:00,2017.220947265625,2000.9769449064656,1874.4519420580718,2125.1025949147916,263.8676126443751,16.244002359159367,3
480,456756,2019-01-28 03:00:00,2002.177490234375,2010.4453455268317,1896.7414528605088,2114.86525981858,68.35743113700453,8.267855292456716,3
481,456778,2019-01-28 06:40:00,1420.0267333984375,1510.8327436997197,1398.6234794547174,1612.8003265213465,8245.731506836566,90.80601030128219,3
482,456784,2019-01-28 07:40:00,1490.9547119140625,1475.0500662354082,1369.618709191433,1566.6237327594827,252.95775416353794,15.904645678654333,3
483,456971,2019-01-29 14:50:00,417.0758972167969,417.2221113717531,314.4324498538653,514.89085163645,0.021378579109563308,0.14621415495622614,3
484,457043,2019-01-30 02:50:00,1369.5623779296875,1255.6528871727905,1145.7107071813675,1340.3504552464883,12975.372084495593,113.90949075689696,3
485,457053,2019-01-30 04:30:00,1175.81884765625,1126.0174663394087,1016.4555201950479,1240.3549920531582,2480.177581065434,49.80138131684134,3
486,457063,2019-01-30 06:10:00,1287.3060302734375,1106.4373530891162,985.5262937272074,1222.7663965644067,32713.478386406234,180.8686771843213,3
487,457082,2019-01-30 09:20:00,729.388916015625,669.8817762995254,557.2576437613951,780.0169053133204,3541.099677191395,59.50713971609957,3
488,457095,2019-01-30 11:30:00,358.2891540527344,332.3132613115034,241.34431389807813,443.8112486610497,674.7470037039348,25.97589274123095,3
489,457154,2019-01-30 21:20:00,199.6370849609375,254.4196016325576,137.76486987284804,376.13993192551027,3001.1241328763344,54.7825166716201,3
490,457322,2019-02-01 01:20:00,1354.626220703125,1429.2577696548528,1334.830782291474,1532.3388985939328,5569.868098934148,74.63154895172784,3
491,457368,2019-02-01 09:00:00,1238.880859375,1324.5482017222416,1208.0083637251053,1455.2070404944652,7338.893544839499,85.66734234724163,3
492,457401,2019-02-01 14:30:00,986.5931396484376,1068.9654006154947,972.5167935887604,1191.9630302246937,6785.189376824952,82.37226096705706,3
493,457453,2019-02-01 23:10:00,1127.2325439453125,1071.5989665775992,981.3356539073047,1180.1216437309752,3095.094930729343,55.633577367713315,3
494,457569,2019-02-02 18:30:00,1097.878662109375,1133.4719816377965,1017.0014758945948,1259.1894748889483,1266.8843950523105,35.59331952842149,3
495,457738,2019-02-03 22:40:00,1325.674560546875,1294.4197398675262,1196.3626336990928,1396.7419374534581,976.8638156982474,31.254820679348768,3
496,457872,2019-02-04 21:00:00,169.60769653320312,197.6339583574522,79.16041747268994,288.0426728963825,785.4713518413612,28.026261824249076,3
497,458157,2019-02-06 20:30:00,402.310974121094,392.97732423216263,297.2717980413787,503.786366011751,87.11702024914815,9.333649888931348,3
498,458182,2019-02-07 00:40:00,696.384550476074,740.3329945457082,645.6153689575195,838.5644171967525,1931.465736141766,43.948444069634206,3
499,458271,2019-02-07 15:30:00,975.721472846138,984.4758556127189,886.642423360607,1094.7254823363396,76.63921762380821,8.754382766580875,3
500,458318,2019-02-07 23:20:00,799.903294613487,871.3405417511743,746.2708290040019,1011.2028765793667,5103.280278611018,71.43724713768734,3
501,458326,2019-02-08 00:40:00,1180.38268432617,1023.4608381856456,922.4237103806498,1125.1854520381296,24624.46579615041,156.9218461405244,3
502,458397,2019-02-08 12:30:00,2051.04431152344,2046.1592555782952,1927.8123059222153,2149.156334829682,23.863771587192467,4.885055945144586,3
503,458436,2019-02-08 19:00:00,2020.5198059082,2026.3766799693926,1921.7797584409604,2126.53470088333,34.302973768671684,5.856874061192684,3
504,458576,2019-02-09 18:20:00,1298.93648986817,1444.0244237018057,1327.1983223402779,1566.5969365881174,21050.508544113483,145.08793383363582,3
505,458579,2019-02-09 18:50:00,1433.1431427002,1461.9276456468585,1343.5019209394416,1559.4898863482197,828.547609886189,28.78450294665845,3
506,458586,2019-02-09 20:00:00,605.834844970703,620.8561038425004,520.8513093261928,760.5893166134856,225.63821809355167,15.021258871797386,3
507,458603,2019-02-09 22:50:00,538.207881164551,537.5700499235334,422.64508412641914,643.3868589965657,0.4068286920181706,0.6378312410176932,3
508,458749,2019-02-10 23:10:00,243.269967269898,235.37605276303856,130.8159925884931,334.54918532747985,62.31388624160578,7.893914506859431,3
509,458811,2019-02-11 09:30:00,255.614398956299,192.48634587653487,66.78370234362704,296.5502722292675,3985.1510856415175,63.12805307976413,3
510,458825,2019-02-11 11:50:00,402.888827514649,343.7205331902443,234.46111399104666,454.824736459223,3500.887053259383,59.16829432440471,3
511,458876,2019-02-11 20:20:00,180.420340287058,233.59721236695142,116.90003856079856,347.7625433000485,2827.7797242013494,53.17687207989343,3
512,459155,2019-02-13 18:50:00,790.240008544922,856.3767215064694,759.4363449580975,957.8274643677904,4374.064801358105,66.13671296154735,3
513,459171,2019-02-13 21:30:00,534.338143920899,654.6292067437905,546.4330937836909,758.3978179441743,14469.939795060827,120.29106282289149,3
514,459196,2019-02-14 01:40:00,332.620808410645,312.86643665618124,203.011714794145,406.34462741501125,390.23520341355567,19.75437175446376,3
515,459313,2019-02-14 21:10:00,814.953280639648,841.4890968584803,748.8212915742696,951.3565669920238,704.1495423996394,26.535816218832224,3
516,459391,2019-02-15 10:10:00,96.7824957998176,116.19033525309732,28.65984481060839,227.11194283030258,376.66423224428087,19.40783945327972,3
517,459421,2019-02-15 15:10:00,1259.3675201416,1190.6399676689955,1069.2311391879618,1316.9678274676987,4723.476468874595,68.72755247260443,3
518,459450,2019-02-15 20:00:00,1887.5792175293,1788.9241212960312,1681.1645366698979,1887.9834708806789,9732.828012795519,98.65509623326875,3
519,459515,2019-02-16 06:50:00,157.522663497925,126.68194552318249,18.095380484401968,243.32253378083738,951.1498851976062,30.840717974742518,3
520,459521,2019-02-16 07:50:00,200.302922439575,151.56593396281457,39.37662858670382,244.53405911855538,2375.2940457838804,48.736988476760445,3
521,459594,2019-02-16 20:00:00,1035.38106994629,960.0872456081632,836.5282261656746,1072.045395791862,5669.159983460678,75.29382433812668,3
522,459731,2019-02-17 18:50:00,878.237307739258,757.1405026767943,662.8258738535031,852.8875149923106,14664.436196336324,121.09680506246366,3
523,459909,2019-02-19 00:30:00,624.944398498535,635.3152231587388,533.547458468865,729.1954525500545,107.55400413269292,10.37082466020388,3
524,460210,2019-02-21 02:40:00,1272.05657958985,1248.1284902918521,1132.6853922699015,1348.223796207391,572.5534574529548,23.928089297997758,3
525,460252,2019-02-21 09:40:00,818.792074584961,734.0062609060932,617.8983212363474,860.6642477365638,7188.634201187693,84.78581367886784,3
526,460267,2019-02-21 12:10:00,729.210733032227,710.3263651380457,602.0449385540999,837.902595346379,356.6193507627858,18.88436789418131,3
527,460416,2019-02-22 13:00:00,81.0948823627672,76.7303814527359,-41.52581451880961,164.23669589053276,19.048868193664013,4.364500910031296,3
528,460425,2019-02-22 14:30:00,270.850466918945,269.1447220294568,155.2889867433461,399.1866833582656,2.909565628015262,1.705744889488244,3
529,460461,2019-02-22 20:30:00,529.643043518066,451.7005647613597,341.84796520788876,567.7734843964543,6075.029994739603,77.94247875670624,3
530,460467,2019-02-22 21:30:00,333.144758605957,228.437388705212,118.03702172047174,345.64779430479945,10963.633311531445,104.70736990074502,3
531,460591,2019-02-23 18:10:00,157.611667823792,163.5255149136806,61.386665009466995,266.1915899624654,34.97358740258393,5.9138470898886055,3
532,466385,2019-04-04 23:50:00,113.603217315674,139.78430775082717,33.774558423648045,246.22949284697512,685.4494963736686,26.181090435153166,3
533,466395,2019-04-05 01:30:00,571.360528564453,500.2145739234074,394.8745246710255,608.7249746731503,5061.746861785725,71.14595464104565,3
534,466585,2019-04-06 09:10:00,688.028922186958,748.7634265703405,639.3442272765961,859.1753542056075,3688.680022695108,60.7345043833825,3
535,466687,2019-04-07 02:10:00,234.916996002197,274.7446612165604,164.64844437856885,388.81199279285727,1586.2429164274129,39.82766521436341,3
536,466769,2019-04-07 15:50:00,173.014791870117,179.48243900142796,64.34986225956072,274.6357200136803,41.830459415155005,6.467647131310969,3
537,466777,2019-04-07 17:10:00,152.068901865106,145.42097696035162,47.172228836359935,256.79246834286556,44.19490553925348,6.647924904754376,3
538,466791,2019-04-07 19:30:00,135.848393630981,148.23462681151486,33.60626404241998,259.7391875197164,153.4187724025577,12.38623318053385,3
539,466828,2019-04-08 01:40:00,328.873357391357,349.3793150738846,253.0170740368857,449.4657509788172,420.49430047761246,20.505957682527594,3
540,466850,2019-04-08 05:20:00,659.060119628906,763.3488094808804,635.3404727497835,865.0527639302959,10876.130831041302,104.28868985197437,3
541,466901,2019-04-08 13:50:00,441.656960296631,441.5647001952899,336.91193325993504,548.6916589489638,0.00851192629946684,0.09226010134108265,3
542,467005,2019-04-09 07:10:00,927.549131774903,913.6353068267273,801.6954834786274,1029.2229983937498,193.59452468847695,13.913824948175716,3
543,473139,2019-05-21 22:40:00,428.455728149414,403.62708571091576,310.13729388814625,513.466301056051,616.461485338797,24.828642438498264,3
544,473477,2019-05-24 07:00:00,287.585398954504,277.5990231526818,170.80272056332552,392.94894595181563,99.72770165521982,9.986375801822192,3
545,473736,2019-05-26 02:10:00,538.834230804443,627.4089665384015,519.613403856562,748.2340245799596,7845.4838103405855,88.5747357339585,3
546,473754,2019-05-26 05:10:00,308.100733184814,277.79819424604347,168.74872438046938,385.31403465833534,918.243866135703,30.30253893877051,3
547,473870,2019-05-27 00:30:00,283.948212432861,309.7762292729274,213.856110114632,405.79515356155156,667.0864538907548,25.828016840066425,3
548,473965,2019-05-27 16:20:00,879.07816772461,797.3789768943886,674.9480902402091,911.2932504417529,6674.757782312928,81.69919083022137,3
549,473985,2019-05-27 19:40:00,81.1925835609436,92.4819505791304,-16.58166773180854,207.86261773086278,127.4498076713238,11.289367018186795,3
550,474042,2019-05-28 05:10:00,525.909355163574,444.9868416023951,329.6636471044569,549.5279055847426,6548.453201059184,80.9225135611789,3
551,474059,2019-05-28 08:00:00,581.37386932373,490.8766413238152,377.3567990766427,602.2709692958125,8189.748275668563,90.4972279999148,3
552,474105,2019-05-28 15:40:00,203.308500123024,275.2103844828862,184.7296465812996,362.60334694354566,5169.880974498994,71.90188435986218,3
553,474119,2019-05-28 18:00:00,-0.722003350655238,6.931203091418387,-99.76724922023104,124.82730970105561,58.57156884499723,7.653206442073625,3
554,474599,2019-06-01 02:00:00,91.1264809608459,64.80242872172113,-18.05372418997064,153.18403016828887,692.9557262881697,26.324052239124768,3
555,474724,2019-06-01 22:50:00,887.717114257813,871.9546253926917,760.5985868789915,1002.715203679292,248.4560552230738,15.762488865121327,3
556,474902,2019-06-03 04:30:00,366.110797119141,363.8273786453489,263.0325687820668,478.07209368703263,5.213999926455027,2.2834184737920964,3
557,475138,2019-06-04 19:50:00,172.423148345947,166.0119180713769,57.82469456952389,285.27776809841555,41.10387363356422,6.4112302745701015,3
558,475150,2019-06-04 21:50:00,189.070974731445,181.52231286719766,62.69893953255337,298.3097976140456,56.98229594074228,7.54866186424735,3
559,475157,2019-06-04 23:00:00,25.5025196254254,30.580722451531106,-117.62205042421616,132.47146866072256,25.788143943067976,5.078202826105706,3
560,475171,2019-06-05 01:20:00,120.177969646454,129.75451398131693,19.713810947096334,248.56306765104233,91.71020139759528,9.57654433486293,3
561,475184,2019-06-05 03:30:00,170.958589553833,150.86655692254686,40.827354862296446,270.5747277635575,403.68977525666725,20.092032631286145,3
562,475269,2019-06-05 17:40:00,97.5983635008336,81.44185275843093,-30.84761199975482,188.36250344122365,261.032839369373,16.156510742402673,3
563,475303,2019-06-05 23:20:00,56.3074927330017,31.33337147757269,-75.04698214005913,132.57920768268994,623.7067324808711,24.97412125542901,3
564,475418,2019-06-06 18:30:00,200.341394042969,192.71255373158428,85.75823119581032,279.4589567175731,58.19920449660852,7.628840311384721,3
565,475455,2019-06-07 00:40:00,47.1778081893921,57.83371438841759,-48.79811676690841,154.8609657644336,113.54833692242981,10.655906199025488,3
566,475573,2019-06-07 20:20:00,26.0727550238371,41.6614555521963,-76.22784276856808,144.86549899411585,243.00758416286644,15.588700528359201,3
567,475737,2019-06-08 23:40:00,905.912728881837,943.729089020057,849.1811011151176,1041.1589845667872,1430.077094103557,37.816360138220034,3
568,475751,2019-06-09 02:00:00,380.201891326904,401.2514817319829,296.6026724670482,503.18638661500273,443.08525622158976,21.049590405078902,3
569,475979,2019-06-10 16:00:00,1531.99248046875,1506.3337109445904,1395.413724202128,1604.5670856083232,658.3724534939441,25.658769524159652,3
570,476059,2019-06-11 05:20:00,2050.05085449219,2020.9355623965325,1884.5092507542174,2149.3828900172725,847.7002338154516,29.115292095657423,3
571,476083,2019-06-11 09:20:00,2018.6732421875,2073.8143163664904,1977.7394043082936,2189.4991365780406,3040.5380616129323,55.14107417899049,3
572,476111,2019-06-11 14:00:00,2048.75654907227,1957.0054128068118,1858.2846206754987,2058.8086202612926,8418.271006002673,91.75113626545817,3
573,476171,2019-06-12 00:00:00,757.139591979981,699.4259968757301,593.1345727052033,809.3385366598185,3330.859059857412,57.713595104250885,3
574,476313,2019-06-12 23:40:00,484.674206542969,513.8697438873605,402.21516356962616,621.1187514102754,852.379400827761,29.19553734439154,3
575,476400,2019-06-13 14:10:00,294.870655059815,332.9981265815242,234.74852015984445,418.58215093436525,1453.7040846387458,38.1274715217092,3
576,476469,2019-06-14 01:40:00,332.892356471012,361.64078382965505,248.35097875530022,464.1385357568476,826.4720755951749,28.748427358643028,3
577,476525,2019-06-14 11:00:00,424.188337537977,374.06640413354944,273.7360303082929,477.4052251376956,2512.2082081978733,50.12193340442758,3
578,476580,2019-06-14 20:10:00,319.969710540772,279.62373706575414,177.80386708189297,395.5138894441193,1627.7975756468434,40.34597347501784,3
579,476585,2019-06-14 21:00:00,468.65803527832,446.6038020922325,347.72334603944097,543.7152893013191,486.3892014263239,22.054233186087515,3
580,476773,2019-06-16 04:20:00,297.165982055664,237.45054821733453,146.65754871200497,336.3133501773578,3565.9330384999066,59.71543383832949,3
581,476777,2019-06-16 05:00:00,477.824130249024,462.5853116964508,360.91692626382263,552.5300931360282,232.22159087824937,15.238818552573207,3
582,476781,2019-06-16 05:40:00,423.714803314209,475.2422783579783,358.23892552807536,593.4194382099097,2655.080684386268,51.5274750437693,3
583,476839,2019-06-16 15:20:00,1516.83533630371,1339.88902121719,1233.860656483231,1440.203662542539,31309.998422697987,176.94631508651992,3
584,476852,2019-06-16 17:30:00,746.331802368164,795.4183868161198,665.3720018917292,903.027152982505,2409.492772766299,49.08658444795583,3
585,476980,2019-06-17 14:50:00,944.713995361329,1010.590742079843,908.4813527946873,1114.4649118311322,4339.745758215248,65.87674671851403,3
586,476981,2019-06-17 15:00:00,780.977319335938,772.9721152844891,663.6327500781038,869.0884655493425,64.0832919053341,8.005204051448914,3
587,477205,2019-06-19 04:20:00,-1.69226204156876,10.913325790353811,-94.906502129646,113.98070702305613,158.90084458831438,12.605587831922572,3
588,477307,2019-06-19 21:20:00,260.39255885074,275.73687605417166,159.7742791370568,364.84937632907827,235.44807043952915,15.344317203431672,3
589,477354,2019-06-20 05:10:00,840.884634399415,906.6341114047559,783.7444491898616,1009.4666357663501,4322.99372647586,65.74947700534096,3
590,477400,2019-06-20 12:50:00,651.566625976563,628.1132590559729,520.5000922996386,738.1233238768305,550.0604199118326,23.453366920590156,3
591,477447,2019-06-20 20:40:00,73.0039438247681,56.33864563719443,-65.09115172178525,168.45853469659085,277.7321636807462,16.66529818757367,3
592,477600,2019-06-21 22:10:00,-1.33214952647686,-9.506596868259123,-88.80024961595358,92.44455702071949,66.82158934357112,8.174447341782264,3
593,477693,2019-06-22 13:40:00,115.175488185883,96.52559325295378,-20.878017210768856,201.68192429433287,347.8185810092988,18.649894932929215,3
594,477766,2019-06-23 01:50:00,183.861639404297,235.18951010405934,114.37805863416754,325.90929676280444,2634.5503105715215,51.32787069976234,3
595,477786,2019-06-23 05:10:00,118.455107879639,97.41283353481883,-7.809984120955269,193.96106038804544,442.7773096026772,21.04227434482017,3
596,478028,2019-06-24 21:30:00,38.1737151145935,44.49760218531331,-56.3237548965569,147.51084135351743,39.99154768321722,6.323887070719813,3
597,478051,2019-06-25 01:20:00,0.279704386740922,10.96009443437162,-106.74563733524067,124.15819762188649,114.07073156952883,10.680390047630697,3
598,478102,2019-06-25 09:50:00,486.029851531983,437.5788221369246,323.432188664067,580.4210015098903,2347.5022494408145,48.45102939505841,3
599,478240,2019-06-26 08:50:00,953.375357055665,1044.8430406258199,940.7425972166048,1150.7625840677624,8366.337137689989,91.46768357015492,3
600,478264,2019-06-26 12:50:00,816.743840026855,910.9189776250843,807.1105420839374,1041.4041959691772,8868.956541645422,94.1751375982293,3
601,478410,2019-06-27 13:10:00,454.424423217774,453.1232215304857,349.4700463990955,559.4529843828401,1.6931258310019508,1.3012016872883123,3
602,478429,2019-06-27 16:20:00,933.991571044923,930.1658669067623,815.8830751160837,1059.0723082323034,14.63601215274025,3.825704138160745,3
603,478453,2019-06-27 20:20:00,479.829136657715,447.0651915877638,330.9889504283837,553.9206018250095,1073.47609654678,32.763945069951205,3
604,478496,2019-06-28 03:30:00,593.137215423584,660.7055151287777,561.6226249655291,766.4715262568822,4565.475125050876,67.56829970519368,3
605,478500,2019-06-28 04:10:00,879.864619445801,853.4579019323572,743.2810663591547,947.6498590586991,697.3147298348207,26.406717513443823,3
606,478516,2019-06-28 06:50:00,634.302561950684,577.0730755522022,465.3625036745065,700.0760067115687,3275.214113434008,57.229486398481754,3
607,478521,2019-06-28 07:40:00,473.441991705644,505.33963605284845,402.35555317901213,605.3262659969873,1017.4597149007438,31.897644347204448,3
608,478555,2019-06-28 13:20:00,644.524562835693,670.5326721993807,555.1774162590302,776.1788146238362,676.4217526735403,26.00810936368771,3
609,478563,2019-06-28 14:40:00,431.478233337403,569.0426764717811,461.37578062374655,669.393529524412,18923.976014871532,137.56444313437805,3
610,478564,2019-06-28 14:50:00,553.858005523682,539.6669918684202,429.2291512161409,640.4841152771212,201.38486856382764,14.191013655261827,3
611,478581,2019-06-28 17:40:00,339.849128723145,307.8274133284515,199.91281147251385,407.75809916265183,1025.3902568187507,32.0217153946935,3
612,478590,2019-06-28 19:10:00,438.34049987793,449.0486598360551,330.1724803005394,546.5457361200474,114.66468968879423,10.708159958125123,3
613,478722,2019-06-29 17:10:00,293.265856170654,308.5812813962864,194.1577154918563,422.86509945506936,234.56224984193713,15.315425225632396,3
614,478934,2019-07-01 04:30:00,310.050225830078,317.9045379874993,210.77954022070864,434.49836563286607,61.69021946621611,7.854312157421305,3
615,478998,2019-07-01 15:10:00,734.283581542969,746.9227746109343,650.5190607442452,853.8303547606131,159.74920140930124,12.639193067965266,3
616,479003,2019-07-01 16:00:00,644.311128234864,768.2751385650266,654.1732660049555,889.6390592613786,15367.07585713667,123.96401033016264,3
617,479065,2019-07-02 02:20:00,650.938647460938,676.0593484428726,586.0046197826227,778.419406808411,631.0496178237723,25.120700981934647,3
618,479179,2019-07-02 21:20:00,406.617147827149,480.8325794447987,378.8930519750029,575.6931230390861,5507.930290194038,74.2154316176497,3
619,479341,2019-07-04 00:20:00,464.504423522949,539.7528026445693,436.0066769959049,631.2047367920021,5662.318560431102,75.2483791216203,3
620,479355,2019-07-04 02:40:00,40.7844482421875,39.403549463545,-63.47135009845347,147.4894417406584,1.906881436856358,1.3808987786425035,3
621,479370,2019-07-04 05:10:00,145.163777923584,183.049657583593,73.26043950481773,284.37775433219434,1435.3398776126824,37.88587966000898,3
622,479437,2019-07-04 16:20:00,181.865061378479,209.4865808929878,76.30919765961814,316.1114643708255,762.9483402903907,27.621519514508805,3
623,479478,2019-07-04 23:10:00,176.128900864545,233.7680358206229,122.62413109481005,331.3248149502698,3322.269878484964,57.639134956077925,3
624,479507,2019-07-05 04:00:00,333.436009216309,315.01891054765736,215.72086368573255,420.44863756613995,339.1895233708503,18.417098668651647,3
625,479886,2019-07-07 19:10:00,25.7584980487823,18.28250731735837,-93.73874985140212,134.09090681683927,55.89043741633652,7.475990731423931,3
626,479910,2019-07-07 23:10:00,210.47956237793,217.27608224789756,111.57833057379453,323.6642592908217,46.19268234286397,6.796519869967568,3
627,479934,2019-07-08 03:10:00,63.2562837600708,51.77896122463678,-66.72212492419011,167.82829905017155,131.7289325823816,11.47732253543402,3
628,480025,2019-07-08 18:20:00,211.712895945499,169.69322863235448,59.76488373971029,260.31590685628635,1765.6524411073476,42.01966731314454,3
629,480034,2019-07-08 19:50:00,424.501215362549,406.9765308137531,294.01917840003523,500.199630748341,307.11456853480587,17.524684548795904,3
630,480174,2019-07-09 19:10:00,-1.04459303021431,-9.767517119728328,-126.7248698461378,110.49255691313442,76.08940467142396,8.722924089514018,3
631,480271,2019-07-10 11:20:00,335.993316268921,340.6400580511375,250.26613753384314,440.3507270177188,21.59220919059666,4.646741782216509,3
632,480434,2019-07-11 14:30:00,126.464558255672,112.64297517613535,3.114908793553355,225.94978293314983,191.03615882453386,13.821583079536651,3
633,480493,2019-07-12 00:20:00,133.478380584717,160.89986947095986,53.261733266943104,266.9660680374144,751.9380527383404,27.421488886242855,3
634,480501,2019-07-12 01:40:00,536.540379842123,551.7424177459458,457.2686954669475,647.7871146630358,231.1019564292642,15.20203790382277,3
635,480547,2019-07-12 09:20:00,671.300987243653,692.7821019809202,602.0669814371015,796.8397047373759,461.4382903556359,21.48111473726715,3
636,480552,2019-07-12 10:10:00,1426.87879060444,1561.0241842792952,1460.716280570622,1670.0128937601773,17994.98664418191,134.1453936748553,3
637,480912,2019-07-14 22:10:00,207.986888122559,255.89327951554733,140.7642222321348,370.98488708380336,2295.022336298186,47.906391392988326,3
638,480975,2019-07-15 08:40:00,-0.949630030989647,-1.8355421981411648,-126.38905190512077,105.6905399152227,0.7848403679070988,0.8859121671515178,3
639,481360,2019-07-18 00:50:00,460.243675231934,547.8127632205516,430.3354083750119,693.1781111193841,7668.345171158248,87.56908798861758,3
640,481385,2019-07-18 05:00:00,187.51837978363,156.78764265359166,39.85941958089921,259.84248627250014,944.3782045555167,30.730737130038335,3
641,481627,2019-07-19 21:20:00,82.4288857400418,51.892107827573426,-62.89891748624605,165.49024477647086,932.4948052754168,30.53677791246838,3
642,481665,2019-07-20 03:40:00,815.06708873402,685.969277209932,567.5302624347601,788.8099972537742,16666.24494030895,129.097811524088,3
643,481671,2019-07-20 04:40:00,748.360307312012,729.0066293825316,627.1921122990319,828.726445872219,374.56484939805443,19.35367792948034,3
644,481672,2019-07-20 04:50:00,668.159014892578,590.2447242427229,486.95562514974023,709.5874025475409,6070.636687470107,77.91429064985516,3
645,481721,2019-07-20 13:00:00,1667.55639953613,1730.9731212097656,1645.707696366683,1848.0301637492237,4021.6805878313785,63.41672167363572,3
646,481730,2019-07-20 14:30:00,1084.22606811524,1024.0459184545837,913.0414163206345,1120.1989526419777,3621.65041317899,60.1801496606563,3
647,481954,2019-07-22 03:50:00,995.196391296387,1029.0520245865707,930.7537720895237,1132.4870895660329,1146.203905479397,33.85563329018373,3
648,481963,2019-07-22 05:20:00,396.969799644069,430.72959265176326,304.5498203758979,535.0941912594201,1139.723623922363,33.75979300769427,3
649,482029,2019-07-22 16:20:00,960.362005615235,968.3471600931165,871.4571464214697,1080.8303346799303,63.762692035630195,7.985154477881451,3
650,482067,2019-07-22 22:40:00,88.0831954956054,74.01171574756881,-31.50388825519467,212.62903896007742,198.00654229940363,14.07147974803658,3
651,482176,2019-07-23 16:50:00,264.526462936402,306.4949333936579,213.24505848609044,405.66142074989114,1761.3525125215592,41.968470457255876,3
652,482326,2019-07-24 17:50:00,3.92961833978955,8.883418761394724,-106.04471895459143,117.71910764023602,24.5401386170956,4.953800421605174,3
653,482396,2019-07-25 05:30:00,177.273457527161,148.93780857220054,46.89520707416096,253.26260154230553,802.9090016987527,28.335648954960476,3
654,482489,2019-07-25 21:00:00,475.503273010254,613.6230445493327,513.859742863447,721.3780334197103,19077.071290007287,138.11977153907867,3
655,482617,2019-07-26 18:20:00,-1.73280802965164,8.228656461545421,-102.08378477205514,132.95100993320187,99.23077480937992,9.961464491197061,3
656,482620,2019-07-26 18:50:00,-1.77602154016495,2.541200498576997,-110.85991101161663,143.93472590956188,18.63840613179917,4.317222038741947,3
657,482623,2019-07-26 19:20:00,-1.71360201835632,1.7966186482210378,-101.41908987440517,99.58125614851323,12.321649128066792,3.510220666577358,3
658,482687,2019-07-27 06:00:00,123.316171264648,121.42225803173261,26.82097191789201,225.35417160372447,3.586907333812043,1.893913232915395,3
659,482726,2019-07-27 12:30:00,381.987061309815,394.36298951468905,280.6863451542911,498.8289268611553,153.16359893219754,12.375928204874072,3
660,482782,2019-07-27 21:50:00,901.291317749024,900.6036460315971,772.02841673001,1002.9174721410993,0.4728923909487767,0.6876717174268379,3
661,482812,2019-07-28 02:50:00,1095.19287109375,1253.3387984316973,1151.5375109565337,1365.0823198409084,25010.13433357932,158.14592733794734,3
662,482879,2019-07-28 14:00:00,1584.46015625,1503.8373112970635,1409.4389202455488,1599.9725443698665,6500.043128305235,80.62284495293648,3
663,482905,2019-07-28 18:20:00,1145.46983642578,1033.0543239725698,944.7425195153227,1132.844688606202,12637.247440117839,112.41551245321011,3
664,483152,2019-07-30 11:30:00,789.208166503907,855.116029215361,736.056957006884,960.4047293373233,4343.8463671918635,65.90786271145396,3
665,483193,2019-07-30 18:20:00,688.144102478027,642.861325098335,549.5654937788534,755.5523258818532,2050.529927218745,45.28277737969199,3
666,483258,2019-07-31 05:10:00,953.007757568359,944.7951680057658,841.5328604385054,1068.8769904268854,67.44662732361421,8.212589562593166,3
667,483265,2019-07-31 06:20:00,1072.60836791992,1045.3748653182713,927.1059557651291,1165.5754115011327,741.6636639540093,27.233502601648752,3
668,483266,2019-07-31 06:30:00,1063.77413482666,1155.4106812409968,1032.3354998944853,1250.0486981139434,8397.256638746914,91.63654641433686,3
669,483272,2019-07-31 07:30:00,1220.69328613281,1331.9465888446848,1218.6849422098787,1455.278977353255,12377.29736430004,111.25330271187477,3
670,483462,2019-08-01 15:10:00,161.078601455688,148.48291652992916,41.4566709484705,255.81252105400833,158.65127874898826,12.595684925758832,3
671,483491,2019-08-01 20:00:00,117.363568496704,84.9844188453736,-35.729727903935284,219.8574731812884,1048.4093321432501,32.37914965133041,3
672,483556,2019-08-02 06:50:00,210.848804698271,194.9151099852901,83.16888573133375,306.4728375542169,253.88262720647623,15.933694712980923,3
673,483567,2019-08-02 08:40:00,57.8868304014206,71.00525440997977,-44.38018398084913,183.82879581819333,172.09304846834155,13.118424008559167,3
674,483614,2019-08-02 16:30:00,137.750378131866,104.00016743927918,-2.525323344015757,204.88277430794378,1139.0767217940017,33.75021069258682,3
675,483831,2019-08-04 04:40:00,203.386684417725,215.18629122371973,101.29609809943003,325.2808365498528,139.2307207760771,11.799606805994728,3
676,483877,2019-08-04 12:20:00,729.290219116211,724.9553240581097,621.195142135133,836.3590862028426,18.791315164751282,4.334895058101324,3
677,483948,2019-08-05 00:10:00,94.5533951759338,113.38540189795289,-14.807595492443832,222.74103626577275,354.6444771781721,18.832006722019088,3
678,483952,2019-08-05 00:50:00,167.639944458008,165.11576656018298,46.453964801125736,274.0340925939962,6.371474059868299,2.5241778978250125,3
679,483994,2019-08-05 07:50:00,388.05498046875,327.48494024371234,222.22248021259418,436.9415900082713,3668.729772862678,60.570040225037644,3
680,484208,2019-08-06 19:30:00,1042.50105743408,1007.633570555283,879.7918389908922,1114.9494646314915,1215.7416412430787,34.86748687879697,3
681,484263,2019-08-07 04:40:00,882.232403564454,935.228554076696,819.2399063745014,1031.9690015753695,2808.5919691162107,52.996150512242025,3
682,484275,2019-08-07 06:40:00,440.602188110352,382.7219995815421,271.479430485572,508.0456915645601,3350.11622413058,57.880188528809924,3
683,484579,2019-08-09 09:20:00,1179.06965942383,1252.723997027652,1143.7307360554007,1351.5488680396238,5424.961447857804,73.65433760382211,3
684,484682,2019-08-10 02:30:00,1122.3827911377,1147.5332407052774,1030.7853335966686,1258.019740389289,632.5451134512555,25.150449567577425,3
685,484706,2019-08-10 06:30:00,2041.22196655274,2014.5944537065554,1914.2080853501548,2128.6829276960666,709.0244403737245,26.627512846184572,3
686,484754,2019-08-10 14:30:00,2050.52731933594,2039.1261466987971,1889.758397212159,2155.692925427538,129.98673750193225,11.401172637142736,3
687,484825,2019-08-11 02:20:00,1062.88897094727,1153.4599231841125,1054.6993211240413,1269.8595846088608,8203.097389088398,90.57095223684246,3
688,484838,2019-08-11 04:30:00,977.301690673828,944.8075672570989,843.8401097116055,1061.981771861458,1055.8680566216267,32.49412341672917,3
689,484925,2019-08-11 19:00:00,42.5087943553925,41.8184448303509,-69.8305743405194,130.312395383816,0.47658246672516863,0.6903495250416043,3
690,485151,2019-08-13 08:40:00,467.75263671875,376.27663635737457,278.6984496763292,489.967150812412,8367.85864211436,91.47600036137544,3
691,485156,2019-08-13 09:30:00,484.971329498291,478.13925277856265,372.6136424295993,581.448345424535,46.677272304254465,6.832076719728377,3
692,485184,2019-08-13 14:10:00,205.360795974732,233.3713957326251,124.6926210527288,342.20653057630824,784.5936987968804,28.01059975789309,3
693,485283,2019-08-14 06:40:00,139.660983467102,137.36641034319356,39.293140416014104,217.5497933315279,5.265065820962915,2.2945731239084353,3
694,485303,2019-08-14 10:00:00,1439.53700256348,1226.4568387197392,1125.9390230578683,1330.3962418179203,45403.15622367543,213.08016384374082,3
695,485357,2019-08-14 19:00:00,264.22027053833,244.88499578505497,136.89879318845044,337.6928522117448,373.85284978463477,19.33527475327503,3
696,485390,2019-08-15 00:30:00,745.806829833984,767.1215254030901,666.8866975255725,857.3445184536115,454.3162472036715,21.314695569106107,3
697,485474,2019-08-15 14:30:00,1118.54754638672,1217.0765933260138,1117.806493120481,1321.095806222491,9707.97309076559,98.52904693929395,3
698,485514,2019-08-15 21:10:00,121.178831863403,106.53766438229609,-17.45980077496591,204.0636251835603,214.36378520982274,14.641167481106919,3
699,485536,2019-08-16 00:50:00,30.1203031539917,44.35388570415379,-71.78459275773776,167.42679851922742,202.59487221227874,14.23358255016209,3
700,485566,2019-08-16 05:50:00,349.525318908691,388.3219400546719,290.49114915412554,496.5328517194648,1505.177812344773,38.79662114598091,3
701,485637,2019-08-16 17:40:00,2028.29761962891,2001.2271735510315,1894.1822608365387,2084.7667029804065,732.8090508553337,27.070446077878614,3
702,485699,2019-08-17 04:00:00,635.150355529785,648.693581751881,544.6225771770655,756.7975163197506,183.41897650286856,13.543226222095996,3
703,485709,2019-08-17 05:40:00,713.753196716309,697.8045882089673,598.777670247938,782.2509687599464,254.35811332045395,15.94860850734176,3
704,485808,2019-08-17 22:10:00,560.897972106934,578.9917898334448,477.8144437040763,696.7648669882574,327.3862399201962,18.093817726510792,3
705,485953,2019-08-18 22:20:00,932.122774011949,1005.973965432778,886.518128832672,1116.1959328227595,5453.9984742759225,73.85119142082897,3
706,485987,2019-08-19 04:00:00,935.700479125977,995.5564396341814,883.7197145477475,1101.404333157948,3582.73600835972,59.85596050820436,3
707,486285,2019-08-21 05:40:00,515.145318603516,496.0204653395469,382.64311937370366,621.5042878535367,365.7600123683496,19.1248532639691,3
708,486381,2019-08-21 21:40:00,207.128392410278,145.45663332973916,41.902744978138,251.89444891272836,3803.405868088024,61.671759080538834,3
709,486411,2019-08-22 02:40:00,120.030111885071,123.40528177598445,6.7215717393544905,224.26235925900946,11.391771792528742,3.3751698909134547,3
710,486546,2019-08-23 01:10:00,150.572353363037,114.62699859995645,12.445137432304836,221.7230598056166,1292.0685290437173,35.945354763080545,3
711,486647,2019-08-23 18:00:00,4.27437680645992,16.38941633824789,-71.03669283037492,116.12880924941182,146.7741828567853,12.115039531787971,3
712,486857,2019-08-25 05:00:00,29.322105319798,38.531148047861215,-69.78055425744863,192.69919683321666,84.80646796729401,9.209042728063217,3
713,486870,2019-08-25 07:10:00,91.8174110412598,119.9986138162338,-4.1929962747477045,230.4262251380695,794.1801898442021,28.181202774973997,3
714,486940,2019-08-25 18:50:00,111.825721316867,180.11973411585242,74.45822426279058,290.4459974439567,4664.072184187984,68.29401279898542,3
715,486975,2019-08-26 00:40:00,124.591904830933,109.94045223567421,-0.06569661359729617,219.68735474342574,214.6650631511155,14.651452595258789,3
716,486978,2019-08-26 01:10:00,68.9880605697632,93.9706956021406,-24.6420250141341,207.18711219956916,624.1320531609699,24.982635032377388,3
717,487283,2019-08-28 04:00:00,622.322055053711,618.6608548996234,504.86351675192316,735.4847739895555,13.404386568291239,3.6612001540876236,3
718,487336,2019-08-28 12:50:00,975.748019409181,918.2592998969151,806.0961441795291,1014.9205342730979,3304.9528711599824,57.4887195122659,3
719,487603,2019-08-30 09:20:00,858.314108276368,735.0560951532723,611.7863219867863,847.1247240278566,15192.537799053227,123.25801312309568,3
720,487653,2019-08-30 17:40:00,501.082483673096,451.55006306452793,341.0748713198084,558.1276776386619,2453.4606913441007,49.53242060856809,3
721,487855,2019-09-01 03:20:00,634.416217041016,665.7246124957778,557.4404368535536,784.5101802107463,980.2156259517499,31.308395454761808,3
722,487875,2019-09-01 06:40:00,494.263308876439,476.5828712135699,368.3271917044744,578.3660178938658,312.5978759506005,17.68043766286911,3
723,487876,2019-09-01 06:50:00,431.779666137696,402.3781446190327,302.814641797692,520.5845573655153,864.4494676124203,29.401521518663287,3
724,487900,2019-09-01 10:50:00,382.780509185791,316.37482894436107,215.59975562650413,423.0627069233868,4409.714368327038,66.40568024142993,3
725,487958,2019-09-01 20:30:00,375.977227461966,383.01710178045084,275.1542505026415,478.53726720588475,49.55983042006271,7.039874318484863,3
726,488167,2019-09-03 07:20:00,202.586982727051,195.89101075858338,103.95263432064888,292.41290696830674,44.83604060250429,6.6959719684676315,3
727,488186,2019-09-03 10:30:00,315.335985565186,278.00135166956136,179.54352796694727,391.1215764750028,1393.8748881203228,37.33463389562462,3
728,488199,2019-09-03 12:40:00,540.640786743164,556.3027242481736,447.8480023716185,682.0610357239603,245.29628641082735,15.661937505009632,3
729,488205,2019-09-03 13:40:00,744.525817871094,748.0123525279453,638.7572120028736,842.7392767052056,12.155923913425147,3.4865346568512905,3
730,488217,2019-09-03 15:40:00,468.188767751058,484.71552882136746,371.5325172771335,610.472485010346,273.1338314750968,16.526761070309476,3
731,488366,2019-09-04 16:30:00,1465.71959533692,1533.2454758328538,1417.0845743031648,1653.0505405338163,4559.744536751124,67.52588049593373,3
732,488477,2019-09-05 11:00:00,500.476373291016,502.5052172712562,391.22544302263117,612.5387580835172,4.116207896156884,2.0288439802401967,3
733,488569,2019-09-06 02:20:00,741.902967834473,776.4220804958383,679.0349290304026,883.3084842436929,1191.5691389280291,34.519112661365284,3
734,488664,2019-09-06 18:10:00,529.359770202637,582.0302408627464,479.29208237363673,713.4288199248157,2774.1784795574395,52.670470660109345,3
735,488669,2019-09-06 19:00:00,785.174111938477,819.2627372617347,706.3882850108017,930.3683571871667,1162.0343764294462,34.0886253232577,3
736,488679,2019-09-06 20:40:00,739.399057006836,735.4104732357204,633.1554670850139,821.2247165750832,15.908800499206741,3.9885837711156,3
737,488764,2019-09-07 10:50:00,368.953919728597,293.08563626426985,199.09141306066297,402.19582692052705,5755.996435823494,75.86828346432713,3
738,488816,2019-09-07 19:30:00,577.831797790527,570.600217828323,463.4312871712304,672.2329244200041,52.29574874975074,7.231579962204023,3
739,488847,2019-09-08 00:40:00,427.843797302246,442.5003971505068,334.82617890729654,537.3340042194952,214.815919112038,14.656599848260782,3
740,488867,2019-09-08 04:00:00,287.595877075195,302.1582637618933,185.10940374548028,417.5938702949138,212.0631060129276,14.56238668669829,3
741,488875,2019-09-08 05:20:00,292.639438629151,245.5236313480307,150.1337388905947,359.83781898145025,2219.89929575167,47.11580728112031,3
742,488888,2019-09-08 07:30:00,76.189232635498,59.056220890941596,-46.04363291457153,183.0508455807874,293.54009143910775,17.133011744556406,3
743,488923,2019-09-08 13:20:00,-1.31294353306294,0.4086732401150683,-118.65245812307988,112.37482169903845,2.9639643136878577,1.7216167731780083,3
744,489081,2019-09-09 15:40:00,48.9177154421806,39.59987692742537,-67.70357399777696,145.7338442392919,86.82211458705596,9.31783851475523,3
745,489313,2019-09-11 06:20:00,1924.83536376953,1755.160377163467,1645.0001151054294,1861.2112514201744,28789.601079767635,169.67498660606293,3
746,489345,2019-09-11 11:40:00,1583.05083465576,1458.5715020550342,1332.8988395535196,1567.828284879139,15495.104244722088,124.47933260072568,3
747,489369,2019-09-11 15:40:00,1127.83655395508,1170.9516224733025,1061.0730583051227,1275.7189587660685,1858.9091333310137,43.115068518222415,3
748,489392,2019-09-11 19:30:00,621.300852966309,695.9024518624126,597.0271902557527,812.9505546408732,5565.398557855127,74.60159889610361,3
749,489426,2019-09-12 01:10:00,245.999496459961,343.9086441298276,231.79030219257322,438.57799365061294,9586.20119743975,97.90914766986663,3
750,489843,2019-09-14 22:40:00,294.140811538696,306.6999063252325,209.14508364783478,405.49141855763696,157.73086185720808,12.559094786536491,3
751,489862,2019-09-15 01:50:00,488.538009643555,506.2362681830362,385.3296156078727,612.4713633585797,313.2283553303203,17.69825853948123,3
752,489877,2019-09-15 04:20:00,761.010991414388,676.4604983521217,576.201608829778,768.2060233206569,7148.7858770723315,84.55049306226624,3
753,489941,2019-09-15 15:00:00,123.269794988632,112.84762849219112,-2.616403740783149,200.87424877550393,108.62155447953477,10.42216649644088,3
754,490156,2019-09-17 02:50:00,609.867260742188,590.1494832621426,485.36695076202574,693.0471950664538,388.7907487525883,19.71777748004547,3
755,490178,2019-09-17 06:30:00,411.925257873535,345.27722438323264,221.60328955844608,463.4910221204125,4441.960368124463,66.64803349030234,3
756,490347,2019-09-18 10:40:00,-1.65598402917385,-8.48952492666514,-145.0870537190042,106.1111623043656,46.69728119768607,6.83354089749129,3
757,490408,2019-09-18 20:50:00,-1.70326897972509,12.639092639035308,-86.8748483724328,102.32621523662726,205.7033368032914,14.342361618760398,3
758,490443,2019-09-19 02:40:00,-1.66291952431202,-12.210865199475904,-110.05265085792969,104.49007783578169,111.25915796620849,10.547945675163884,3
759,490528,2019-09-19 16:50:00,-0.824791023135185,3.382062796983815,-117.34003550862195,119.07103633684557,17.697619063849825,4.206853820119,3
760,490539,2019-09-19 18:40:00,-0.80238401889801,-6.367605666901721,-105.67090171638256,103.41993753615586,30.971691991409134,5.56522164800371,3
761,490575,2019-09-20 00:40:00,334.556428527832,333.1450655271012,222.6450686192913,442.11304342279595,1.991945519831773,1.4113630007307734,3
762,490580,2019-09-20 01:30:00,419.302458190918,511.4769087372142,403.644580450711,613.8468117532902,8496.129333511606,92.17445054629621,3
763,490634,2019-09-20 10:30:00,266.242321968079,262.4770837418306,147.5006927644284,378.13340936658255,14.177018900402302,3.765238226248414,3
764,490638,2019-09-20 11:10:00,298.353599357605,291.657678470189,192.8836741759277,407.7001621061248,44.8353565305336,6.69592088741598,3
765,490700,2019-09-20 21:30:00,457.189715067546,439.7856694958932,352.2176318778574,554.0501859220792,302.90080226016653,17.404045571652773,3
766,490757,2019-09-21 07:00:00,882.794224548341,902.1340781344106,786.751683378257,1006.8981112350579,374.0299367306084,19.33985358606958,3
767,490837,2019-09-21 20:20:00,201.209987640381,223.39282737733055,120.90842701144896,314.79557700372555,492.0783787951878,22.182839736949546,3
768,490838,2019-09-21 20:30:00,216.185639190674,189.92489779394955,83.52982902006302,289.9325098141693,689.6265387056375,26.260741396724455,3
769,490874,2019-09-22 02:30:00,112.749503707886,86.0182667495309,-16.556044484055853,206.71746094404114,714.5590293237302,26.73123695835511,3
770,491146,2019-09-23 23:50:00,619.276109313965,572.1477741650067,468.6753818308924,671.7951207022061,2221.079973912537,47.128335148958286,3
771,491192,2019-09-24 07:30:00,287.293471908569,296.0022987360873,187.01253769652462,405.8568046858755,75.84366471170236,8.708826827518294,3
772,491196,2019-09-24 08:10:00,655.03035736084,707.0756780988786,596.2615354448474,830.7819005202675,2708.715410725315,52.04532073803864,3
773,491318,2019-09-25 04:30:00,405.696788024903,366.3169087732966,258.4185069754435,463.76702545557924,1550.7748898711034,39.37987925160644,3
774,491378,2019-09-25 14:30:00,410.591454315186,431.2421042407166,333.4613534314936,531.0869230853268,426.4493423468176,20.650649925530615,3
775,491431,2019-09-25 23:20:00,343.041272735596,354.3918193990189,254.6812208923576,453.1828040845795,128.8349095585408,11.350546663422904,3
776,491541,2019-09-26 17:40:00,920.240264892579,1036.1650510596764,936.5477879067043,1137.6732562610628,13438.55604788726,115.92478616709741,3
777,491552,2019-09-26 19:30:00,847.124853515625,766.9193021945194,666.2738439084043,897.1510648744808,6432.930462722493,80.20555132110553,3
778,491590,2019-09-27 01:50:00,286.82183380127,313.52380394477257,201.7208225733669,420.5149993687849,712.9952095445038,26.701970143502592,3
779,491648,2019-09-27 11:30:00,1448.98586120606,1362.030297274248,1254.7670051238904,1459.4088054676529,7561.2700986994605,86.9555639318121,3
780,491765,2019-09-28 07:00:00,1085.20884094238,1090.929896920432,985.8672473777718,1203.9461693501478,32.7304815040038,5.721055978051936,3
781,491772,2019-09-28 08:10:00,1573.06815795899,1591.4499507550556,1493.3320002528562,1706.0557087880427,337.89030639748955,18.38179279606561,3
782,491844,2019-09-28 20:10:00,1050.09967651367,935.2906529850358,824.4912705584027,1034.0017519933078,13181.11188359847,114.80902352863416,3
783,491948,2019-09-29 13:30:00,289.46121673584,282.8372643393671,184.77448177780198,419.3710734883025,43.876745350739476,6.62395239647293,3
784,491966,2019-09-29 16:30:00,2038.18295898438,2006.5354149961236,1889.676384262433,2145.406134193357,1001.567040488632,31.64754398825653,3
785,492019,2019-09-30 01:20:00,588.356837463379,537.1752751025494,417.8093696559446,636.6214647178768,2619.5523256954793,51.1815623608295,3
786,492119,2019-09-30 18:00:00,782.554483032227,704.0377803199765,605.4539015103182,849.1100393297546,6164.8726048039325,78.51670271225055,3
787,492125,2019-09-30 19:00:00,705.327612304688,668.2617480744602,568.1771371953124,763.646916039312,1373.8782911336818,37.06586423022782,3
788,492144,2019-09-30 22:10:00,423.098010253906,328.5038126018358,212.62178387123035,444.1069210866519,8948.062229438921,94.59419765207019,3
789,492248,2019-10-01 15:30:00,2022.44798583985,2058.7455787559566,1954.2505501021515,2177.370167389322,1317.5152515033938,36.29759291610662,3
790,492281,2019-10-01 21:00:00,1557.37531738281,1520.3948725964995,1433.8826049547408,1617.825526473451,1367.5532965933594,36.9804447863105,3
791,492310,2019-10-02 01:50:00,601.710070800781,571.352447083003,469.01894189874133,678.2284573735773,921.5853177901963,30.357623717777983,3
792,492460,2019-10-03 02:50:00,-1.86244853138924,-5.639345529998867,-106.81138273371496,103.06001384556409,14.264950938106407,3.776896998609627,3
793,492541,2019-10-03 16:20:00,397.500714111328,426.78537098617426,336.11878657633815,532.231597466604,857.5911282774788,29.284656874846235,3
794,492570,2019-10-03 21:10:00,1017.02591094971,956.0540850617608,855.4982204487414,1062.9949319684185,3717.5635521103914,60.971825887949194,3
795,492591,2019-10-04 00:40:00,320.24020614624,296.21884281277346,180.15437589709094,404.90953287428675,577.0258963984099,24.021363333466525,3
796,492865,2019-10-05 22:20:00,653.565269470215,648.9995449624726,524.0708820854724,753.666697319524,20.8458402805996,4.565724507742402,3
797,493067,2019-10-07 08:00:00,436.012135314941,420.8777256807194,315.1966574449784,534.1816324930107,229.0503549764208,15.13440963422164,3
798,493125,2019-10-07 17:40:00,267.254741244846,245.88330450954862,145.9180578153702,343.30098270247845,456.7383081308183,21.37143673529738,3
799,493133,2019-10-07 19:00:00,218.377460861206,166.65592980112814,49.17654402465567,289.8381332889191,2675.1167751985995,51.721531060077865,3
800,493249,2019-10-08 14:20:00,1471.65731811524,1510.9680724933692,1409.4753401318703,1606.9083945825669,1545.3354097775966,39.310754378129104,3
801,493327,2019-10-09 03:20:00,181.384843444824,144.91225791973886,26.936435119134387,221.14903600554823,1330.2494948846509,36.47258552508515,3
802,493357,2019-10-09 08:20:00,896.854969787598,903.2579657918585,798.9899137452072,1001.6291926937843,40.99835783057667,6.402996004260558,3
803,493360,2019-10-09 08:50:00,610.333572387695,629.3022318391955,528.6813723690458,732.521156307759,359.81004138700195,18.96865945150057,3
804,493378,2019-10-09 11:50:00,1189.88065490723,1099.9318309544885,1003.4917412387749,1203.804426288134,8090.7909304812965,89.94882395274158,3
805,493382,2019-10-09 12:30:00,1267.53700497276,1318.377872496692,1207.858752062727,1415.5077031607175,2584.7938105859853,50.84086752393182,3
806,493402,2019-10-09 15:50:00,304.142972183228,373.31023014804134,259.52684932256483,480.3791218801331,4784.1095743710375,69.16725796481336,3
807,493478,2019-10-10 04:30:00,719.155749511719,565.3322369639177,456.18483159872926,671.0472106335699,23661.673012543593,153.82351254780133,3
808,493666,2019-10-11 11:50:00,1895.9680053711,1998.073639364825,1877.9963993042209,2096.403541224768,10425.560493260567,102.10563399372518,3
809,493715,2019-10-11 20:00:00,206.379349136353,235.02467486393215,123.31553757355137,351.4147172229659,820.5546860391079,28.64532572757915,3
810,493753,2019-10-12 02:20:00,613.533726501465,594.7911089105165,478.16625106693544,697.920797830023,351.2857141605321,18.742617590948498,3
811,493790,2019-10-12 08:30:00,137.210497093201,149.147059739291,50.92703966665452,253.87786309708497,142.48152780403066,11.936562646089982,3
812,493840,2019-10-12 16:50:00,166.783213424683,183.12842760184182,65.72158936469637,283.5429246507065,267.1660264971938,16.345214177158823,3
813,493848,2019-10-12 18:10:00,123.143360137939,138.2472960624256,30.550104967098914,239.7542403607235,228.12888041099666,15.103935924486592,3
814,493966,2019-10-13 13:50:00,1648.59995727539,1681.151363086021,1574.4751540030913,1790.1810899561062,1059.5940202483944,32.551405810631195,3
815,493974,2019-10-13 15:10:00,1945.66290283203,1972.0826359586495,1871.7557710404506,2081.722876886626,698.0022984817878,26.41973312661935,3
816,493977,2019-10-13 15:40:00,1729.86567993164,1748.8029870094515,1641.6825205269804,1855.8705928854108,358.62159935932993,18.93730707781151,3
817,494074,2019-10-14 07:50:00,171.136842536926,216.7218515005156,108.13098072127656,325.4174329173497,2077.993042210546,45.585008963589615,3
818,494095,2019-10-14 11:20:00,178.757801246643,142.34783675214575,30.46759278417858,251.03768890751084,1325.68551449055,36.409964494497245,3
819,494198,2019-10-15 04:30:00,171.96540184021,213.93759140619224,127.1114323398145,307.3090434218362,1761.664696962748,41.972189565982234,3
820,494385,2019-10-16 11:40:00,773.745291137696,759.8095233303898,644.1557906319526,855.0164373271077,194.20562437915203,13.935767807306206,3
821,494503,2019-10-17 07:20:00,133.463442230225,150.99507847940095,36.55761418894154,279.88666149840014,307.35826957341953,17.531636249175932,3
822,494536,2019-10-17 12:50:00,856.524046325684,801.3202922138275,688.1451583826179,903.62335721458,3047.4544680423114,55.20375411185648,3
823,494628,2019-10-18 04:10:00,365.168534088135,364.55033937619515,255.41948319193546,473.94382228332773,0.38216470187039425,0.6181947119398501,3
824,494652,2019-10-18 08:10:00,486.53938293457,413.6566580803465,309.18976670299503,521.4917686683216,5311.891582176449,72.88272485422351,3
825,494712,2019-10-18 18:10:00,1072.40350952148,1096.4193244966689,949.2072672313268,1198.8492856346206,576.7593689225102,24.01581497518896,3
826,494722,2019-10-18 19:50:00,1209.25112609863,1170.8196222677511,1050.3803950002962,1289.758298388828,1476.9804867028604,38.43150383087891,3
827,494929,2019-10-20 06:20:00,281.522189331055,286.7743334996257,188.5986304189411,392.649110767115,27.585018367451003,5.2521441685706804,3
828,494979,2019-10-20 14:40:00,704.272268676758,696.0443344391907,597.7087133567342,810.9513614443646,67.69890181773214,8.227934237567297,3
829,495010,2019-10-20 19:50:00,851.368566894531,864.0887306345404,751.1163303821666,979.7347481089181,161.80256557265022,12.720163740009411,3
830,495036,2019-10-21 00:10:00,837.564944458008,790.6470382400861,698.2168603233835,879.7768322271424,2201.2899238737127,46.91790621792188,3
831,495052,2019-10-21 02:50:00,806.996160888672,735.3338628991778,627.5194959157925,836.9093110051922,5135.484953135059,71.66229798949416,3
832,495127,2019-10-21 15:20:00,621.876567077637,608.5574172659386,497.98731407377784,713.7841302871734,177.39975170646463,13.319149811698367,3
833,495386,2019-10-23 10:30:00,41.4065985824913,33.81196719313591,-85.79296292784339,137.90079808559994,57.678425940182215,7.594631389355392,3
834,495579,2019-10-24 18:40:00,232.661209106445,214.1795145084072,123.97146861187181,306.60859346370745,341.57303521513927,18.48169459803779,3
835,495722,2019-10-25 18:30:00,1967.56447753906,2017.9317580805514,1904.163457221213,2135.040434110507,2536.8629491453066,50.36728054149148,3
836,495733,2019-10-25 20:20:00,2015.23463134766,2016.0672209782329,1910.4871973248005,2118.37295017897,0.6932054929373246,0.8325896305727838,3
837,495861,2019-10-26 17:40:00,102.345066547394,135.91796631904327,25.50196298817484,231.913726466758,1127.139599077208,33.572899771649276,3
838,495979,2019-10-27 13:20:00,263.790756988525,322.6421436803336,227.1062409296698,420.1176013695531,3463.485715548788,58.851386691808614,3
839,495996,2019-10-27 16:10:00,311.277893829346,297.5089707422099,200.17541051336335,400.49005497773027,189.58324297946956,13.768923087136102,3
840,496117,2019-10-28 12:20:00,307.068327331543,274.5533890309417,162.26152937387226,375.79889273173944,1057.2212126919112,32.51493830060133,3
841,496119,2019-10-28 12:40:00,273.994596481323,223.68347773391977,126.7193380924716,327.4599194121722,2531.20866961531,50.31111874740324,3
842,496148,2019-10-28 17:30:00,413.019643147787,453.4242233337839,336.4887376725371,566.3156183561617,1632.5301000066538,40.404580185996906,3
843,496206,2019-10-29 03:10:00,303.136141967773,330.8827967260144,222.43570099604813,431.532574339108,769.8768502730396,27.74665475824139,3
844,496271,2019-10-29 14:00:00,919.025941467286,819.5117983396912,711.4034712980207,927.2186873001176,9903.064682419428,99.51414312759482,3
845,496515,2019-10-31 06:40:00,732.949197387695,813.2624450652252,693.256325709677,927.4101012879727,6450.217752512305,80.31324767753017,3
846,496644,2019-11-01 04:10:00,332.8982421875,397.9649026414621,290.1079432086591,506.56427896752865,4233.670302631199,65.06666045396213,3
847,496700,2019-11-01 13:30:00,667.558801269531,617.8123332229644,512.8962941010387,729.601820661422,2474.711083108075,49.74646804656663,3
848,496756,2019-11-01 22:50:00,681.267948913575,748.0285553300093,657.30092058868,863.0908789288707,4456.978569090058,66.76060641643437,3
849,496759,2019-11-01 23:20:00,1710.50638427734,1755.4754830521981,1667.8851633213933,1854.623647238622,2022.219844622948,44.96909877485814,3
850,496791,2019-11-02 04:40:00,940.519873046876,983.2401928555062,887.7243270704023,1071.4343148356675,1825.0257245516389,42.720319808630165,3
851,496912,2019-11-03 00:50:00,435.314849853516,539.1390386574037,444.03727660580165,642.2085249060315,10779.462180785318,103.8241888038877,3
852,496948,2019-11-03 06:50:00,142.886745643616,143.3710690928474,26.355467205754355,224.186390681611,0.2345692034753974,0.4843234492313968,3
853,497007,2019-11-03 16:40:00,345.115676879883,365.7167843540149,273.68955424900156,470.42489336901224,424.40562916073475,20.601107474131936,3
854,497011,2019-11-03 17:20:00,133.661031850179,137.4229851137125,38.74049417711202,247.2107091412147,14.152292357010452,3.7619532635335133,3
855,497297,2019-11-06 02:50:00,565.424447631836,569.6793095724339,472.5160118264658,675.996952115118,18.103850133548935,4.254861940597948,3
856,497413,2019-11-06 22:10:00,415.934745788574,384.42732019892105,286.1433080850656,492.19980074818864,992.7178672875169,31.50742558965294,3
857,497466,2019-11-07 07:00:00,111.257286834717,150.5767536520769,36.75588020716433,293.38702631404857,1546.020470801466,39.319466817359896,3
858,497508,2019-11-07 14:00:00,397.713535308838,362.1632843256165,248.64885850085122,475.01181390037664,1263.8203449700434,35.55025098322153,3
859,497573,2019-11-08 00:50:00,150.118759155274,160.25560869179802,50.29349279918906,259.0125147720487,102.75571852612705,10.13684953652401,3
860,497721,2019-11-09 01:30:00,436.313641357422,475.54604766584845,358.47748532457535,593.0588925254597,1539.1817047494594,39.23240630842645,3
861,497755,2019-11-09 07:10:00,-3.26555355787277,-17.29342867392107,-125.19357310288916,95.9525360726215,196.7812802714471,14.0278751160483,3
862,497850,2019-11-09 23:00:00,1349.0086517334,1407.150658254174,1302.401407250933,1510.1909247735423,3380.4929222617234,58.142006520773975,3
863,498114,2019-11-11 19:00:00,832.100514221192,900.8086411511163,776.5708880122421,1028.6885063324667,4720.806706218577,68.70812692992422,3
864,498229,2019-11-12 14:10:00,1031.60578308106,1022.7505056188719,919.7108909144541,1122.2562557181818,78.4159389323375,8.855277462188155,3
865,498310,2019-11-13 03:40:00,485.526196289063,584.0710320692677,487.94835619087377,680.4743604450714,9711.084658947517,98.54483578020472,3
866,498345,2019-11-13 09:30:00,177.017347240448,207.64471703785273,125.1758049695238,308.85971784196306,938.0357807069792,30.627369797404725,3
867,498475,2019-11-14 07:10:00,1864.91581420899,1914.6889000429799,1808.6239661917305,2019.5213955975782,2477.3600734377214,49.77308583398985,3
868,498570,2019-11-14 23:00:00,333.367242431641,290.436605144076,184.21453698058102,394.8175285526416,1843.0396179164657,42.93063728756499,3
869,498589,2019-11-15 02:10:00,304.800843811035,336.7272666008783,212.55923423735368,441.72382527950157,1019.2964721558247,31.926422789843286,3
870,498654,2019-11-15 13:00:00,1021.73220825195,1007.7195196595666,913.7082556966029,1125.8684087662973,196.3554415871142,14.012688592383483,3
871,498825,2019-11-16 17:30:00,180.142337799072,180.5541413082642,84.18681090613104,279.64705936510586,0.1695821301830077,0.41180350919219677,3
872,498847,2019-11-16 21:10:00,31.0548824310303,26.41331472960583,-96.0138683249516,162.9829537474164,21.544150726906846,4.641567701424471,3
873,498891,2019-11-17 04:30:00,64.5645654678345,69.62506971331062,-43.02289574175996,185.07146318872967,25.60870321848188,5.060504245476125,3
874,498978,2019-11-17 19:00:00,911.473788452149,818.4603208762171,709.2741113348118,936.9303348112406,8651.505150498942,93.01346757593194,3
875,498983,2019-11-17 19:50:00,1635.06797485352,1690.2132770891653,1580.5770157079376,1800.1050446090728,3041.004358660681,55.14530223564543,3
876,499023,2019-11-18 02:30:00,950.681015014649,1026.1845044127306,924.5552563789591,1137.128454067718,5700.776911286216,75.50348939808157,3
877,499228,2019-11-19 12:40:00,104.275482749939,103.23277485228257,-19.263901335479012,206.31548685501178,1.087239759835087,1.0427078976564275,3
878,499312,2019-11-20 02:40:00,456.190380859375,397.6909180646057,297.58963261905285,513.7241159438145,3422.187147276601,58.49946279476933,3
879,499461,2019-11-21 03:40:00,300.647194671631,363.8791083180417,250.19290164567582,466.708774353923,3998.27490338714,63.2319136464107,3
880,499475,2019-11-21 06:00:00,521.662445068359,506.37423405230015,402.06016867907886,620.2164013875988,233.72939607154413,15.28821101605888,3
881,499524,2019-11-21 14:10:00,351.607727050781,361.2268331566399,257.1296098823869,474.0856282431902,92.52720227577123,9.619106105858862,3
882,499575,2019-11-21 22:40:00,792.765200805665,896.3600272474737,783.0384718263774,1006.381069674917,10731.88806550846,103.59482644180866,3
883,499606,2019-11-22 03:50:00,228.557239151001,253.19681200206915,126.3289654037549,377.1140311761021,607.1085502830947,24.639572851068152,3
884,499833,2019-11-23 17:40:00,887.747016906739,877.9414654061064,775.8746336172815,984.9570886279428,96.1488402315569,9.805551500632532,3
885,499896,2019-11-24 04:10:00,-1.28680203258991,-11.616009204469124,-118.95249158668744,96.85126633668433,106.69252079960101,10.329207171879215,3
886,499897,2019-11-24 04:20:00,-1.19279373005817,-5.0143374294287595,-110.333163138871,115.0371210200428,14.60419624619905,3.8215436993705896,3
887,499983,2019-11-24 18:40:00,254.854124450684,256.2214589237799,144.4553672093047,346.799959517459,1.8696035613164275,1.3673344730958945,3
888,500051,2019-11-25 06:00:00,589.913124084473,511.15495309067927,403.2648566326505,606.1265257818176,6202.849498287652,78.75817099379373,3
889,500274,2019-11-26 19:10:00,755.017758178711,776.6325008063296,686.8297495370215,890.6119017927708,467.1970988581937,21.614742627618625,3
890,500711,2019-11-29 20:00:00,38.3795829349094,61.82116250705395,-52.985796689458304,177.40660130257072,549.5076528371845,23.441579572144548,3
891,500803,2019-11-30 11:20:00,111.539457607269,94.59347568009315,-3.4049325107397803,181.69418440469113,287.1663034761705,16.94598192717585,3
892,500874,2019-11-30 23:10:00,322.949514007568,355.29896496576475,247.36944156817242,455.50288321939524,1046.486977296778,32.34945095819677,3
893,500875,2019-11-30 23:20:00,319.129370117188,332.49361944029687,220.45434509520751,460.61838012836347,178.60315997021613,13.36424932310888,3
894,500892,2019-12-01 02:10:00,411.25888748169,392.00341503252514,275.11815669026845,476.7271121145849,370.77321924054735,19.25547244916487,3
895,500972,2019-12-01 15:30:00,624.406597900391,637.8513948335761,527.2452052348128,736.6741762118303,180.76256457458354,13.444796933185103,3
896,501116,2019-12-02 15:30:00,419.515817260742,468.3503332939321,381.2213016707986,570.7653268366225,2384.8099561959048,48.83451603319014,3
897,501117,2019-12-02 15:40:00,395.150967407227,446.05856355748955,332.4635976571021,537.6445918574519,2591.5833457982294,50.90759615026258,3
898,501138,2019-12-02 19:10:00,592.0435546875,650.9726929118726,556.8939179518557,768.1324398520198,3472.643331867218,58.92913822437265,3
899,501165,2019-12-02 23:40:00,315.762232971192,312.390882460808,201.20680327972605,408.934020809405,11.366004263866778,3.3713505103840475,3
900,501167,2019-12-03 00:00:00,239.258941650391,256.6131784087476,140.0139275839626,375.75659321615245,301.1695334650961,17.35423675835662,3
901,501241,2019-12-03 12:20:00,176.463561534882,199.09687241357267,88.98331980278452,301.12064906254426,512.2667613314578,22.63331087869068,3
902,501302,2019-12-03 22:30:00,31.5314727951499,45.117185868574104,-71.50915419500187,144.3740074959308,184.57159971340937,13.585713073424206,3
903,501312,2019-12-04 00:10:00,951.263638305664,1027.0977919299646,931.8076365261134,1162.2021612608069,5750.8188559140235,75.8341536243006,3
904,501349,2019-12-04 06:20:00,215.298436737061,294.5993870430021,191.60234580158823,390.87141456837026,6288.640719425338,79.30095030594109,3
905,501500,2019-12-05 07:30:00,567.919602338006,503.6464043693077,398.3354197467328,614.6579949806804,4131.043977123491,64.27319796869835,3
906,501592,2019-12-05 22:50:00,1721.02606201172,1796.1947107365518,1678.209150695811,1901.8313804117647,5650.32575111717,75.16864872483188,3
907,501621,2019-12-06 03:40:00,1862.13078613281,1813.1742481529961,1708.3600174548415,1920.3345476349575,2396.742610968961,48.9565379798139,3
908,501626,2019-12-06 04:30:00,1974.31420288086,1931.5632125622135,1830.4961199084967,2040.7994051123387,1827.6471732250045,42.75099031864647,3
909,501666,2019-12-06 11:10:00,1883.14876708985,1767.8887377316726,1649.154312050194,1879.5946579945594,13284.87436764793,115.26002935817746,3
910,501704,2019-12-06 17:30:00,1466.40011114823,1460.8346403278015,1352.3436145153855,1564.1739492786294,30.974465453041887,5.5654708204285726,3
911,501803,2019-12-07 10:00:00,400.47670135498,412.2683246779022,291.9227865706263,517.2356661896351,139.04238058968392,11.791623322922248,3
912,501901,2019-12-08 02:20:00,2033.45053710938,2017.5382418344084,1914.6927421877433,2105.97259675639,253.20114091788705,15.912295274971711,3
913,501947,2019-12-08 10:00:00,2045.6988647461,2037.5162973310833,1937.514173472467,2144.393930884496,66.95440950129503,8.18256741501682,3
914,501950,2019-12-08 10:30:00,1987.22995476974,1977.6463796645962,1865.2049141868927,2088.2580053794086,91.8449117959327,9.583575105143836,3
915,501966,2019-12-08 13:10:00,1463.36246643066,1549.1597207035184,1443.1453061822494,1661.4303729909168,7361.168840761494,85.79725427285825,3
916,501971,2019-12-08 14:00:00,1946.07256758841,2019.357940340328,1922.378694792415,2118.767784171817,5370.745859387562,73.28537275191798,3
917,502014,2019-12-08 21:10:00,1808.78219604492,1909.8883021160523,1811.55311304755,2022.006091932978,10222.44468486704,101.10610607113222,3
918,502041,2019-12-09 01:40:00,759.107302856446,795.0501881667284,675.9567016694441,930.3024806660467,1291.8910044281108,35.94288531028235,3
919,502201,2019-12-10 04:20:00,1296.00633850098,1415.8792735640745,1305.7563870139743,1521.1714210382204,14369.520560640865,119.87293506309447,3
920,502342,2019-12-11 03:50:00,462.296226099918,445.1073843409899,346.0422747890873,561.8994260853075,295.4562810134707,17.188841758928106,3
921,502476,2019-12-12 02:10:00,779.669465717517,785.1079833774186,676.9655372287907,900.9368063041537,29.577474337061027,5.4385176599015495,3
922,502565,2019-12-12 17:00:00,593.251971435547,656.4219874082627,560.1220124464539,779.8547416943086,3990.4509179931497,63.170015972715646,3
923,502567,2019-12-12 17:20:00,730.233485412598,664.9549091902647,564.3930458702945,780.360896977649,4261.292513614979,65.2785762223333,3
924,502912,2019-12-15 02:50:00,2043.81384887695,1922.8260599451687,1824.8345001757923,2038.0911822250766,14638.045070601267,120.98778893178132,3
925,502989,2019-12-15 15:40:00,411.428536987305,471.1674706555251,357.1540056102107,576.9484572341557,3568.7401958160026,59.73893366822011,3
926,503051,2019-12-16 02:00:00,785.261094665528,915.0698374361195,803.2886033930878,1003.9054675288323,16850.309699681588,129.8087427705915,3
927,503061,2019-12-16 03:40:00,531.341825866699,514.5982984702086,391.3858312373861,635.8611869678945,280.34570967702194,16.74352739649032,3
928,503229,2019-12-17 07:40:00,-3.45921400785446,-7.308130057820281,-121.0848336563237,110.00869780331792,14.8141547596845,3.8489160499658213,3
929,503351,2019-12-18 04:00:00,123.811834716797,132.7649585611057,30.443476775178404,241.8400259098291,80.15842657152885,8.953123844308692,3
930,503372,2019-12-18 07:30:00,204.976689529419,257.630891112129,150.5496163419919,356.13982552813934,2772.464944312662,52.654201582710016,3
931,503479,2019-12-19 01:20:00,1890.65306974712,1804.5290449736706,1707.8732868838065,1920.5939080647554,7417.347643177742,86.12402477344949,3
932,503569,2019-12-19 16:20:00,2054.66008300781,2052.0884743984125,1906.9522610853535,2167.6399709949324,6.613170839927713,2.571608609397572,3
933,503615,2019-12-20 00:00:00,1278.1431060791,1460.6115069047885,1341.5037513164057,1566.670710250811,33294.717299884076,182.46840082568838,3
934,503709,2019-12-20 15:40:00,733.780972290039,792.0113845509355,673.3102236095866,901.6131568277991,3390.780912073967,58.230412260896514,3
935,503900,2019-12-21 23:30:00,343.782894897461,394.82024264865544,275.4982191521896,504.9126093486241,2604.8108654763514,51.03734775119443,3
936,503912,2019-12-22 01:30:00,141.63773727417,153.84055479046674,52.15322826633124,271.51084456417817,148.90875533603835,12.202817516296733,3
937,503942,2019-12-22 06:30:00,673.62666015625,706.1981556784849,604.6985087546027,810.061871833528,1060.9023205549718,32.571495522234954,3
938,503995,2019-12-22 15:20:00,295.644284439087,286.414951378488,190.7037574952924,397.8909281169601,85.18058874346578,9.229333060599004,3
939,504120,2019-12-23 12:10:00,1084.38081054688,988.9154754035043,868.5089996766682,1083.785996695162,9113.63021403704,95.46533514337568,3
940,504122,2019-12-23 12:30:00,937.065783852026,882.4970772223471,799.0889935367479,998.841288971552,2977.743743235962,54.5687066296789,3
941,504139,2019-12-23 15:20:00,361.183573150635,356.172026953438,268.2689487970496,461.10481452872955,25.115595286640204,5.011546197197049,3
942,504149,2019-12-23 17:00:00,953.392440795899,841.8289037864004,746.4992768187856,952.2442821908685,12446.422790069773,111.56353700949865,3
943,504198,2019-12-24 01:10:00,236.653593444824,222.99399817157033,135.7899453987556,332.1547610956664,186.58454302909405,13.659595273253672,3
944,504329,2019-12-24 23:00:00,1753.6969909668,1759.0529473981858,1671.5802239424038,1852.8030492404082,28.686269294902065,5.355956431385721,3
945,504453,2019-12-25 19:40:00,33.7465591430664,29.213698679007006,-66.43837490328163,129.17079688235316,20.546823986632734,4.532860464059393,3
946,504488,2019-12-26 01:30:00,453.963424682617,444.50281115595715,326.1600780314072,559.7697892718865,89.5032083008197,9.46061352665987,3
947,504605,2019-12-26 21:00:00,310.51654586792,332.5635134360176,231.4503421174721,447.7271395749419,486.068778948748,22.046967568097614,3
948,504807,2019-12-28 06:40:00,264.075701904297,262.0397008627958,152.28561730499894,360.1626313606457,4.145300240993774,2.0360010415011516,3
949,504818,2019-12-28 08:30:00,723.683869934082,606.3805426862294,507.45315341431575,720.7029440427156,13760.070583416804,117.30332724785262,3
950,504853,2019-12-28 14:20:00,365.363820648193,431.4732666122807,340.6369869200609,531.1099788107448,4370.458845678637,66.10944596408774,3
951,505015,2019-12-29 17:20:00,970.396704101563,1016.9132059518529,922.4514175048046,1110.6603482248527,2163.784944388018,46.51650185028984,3
952,505031,2019-12-29 20:00:00,233.380920410156,239.7626889449481,117.53470610954392,345.05899013248245,40.726969631662705,6.381768534792116,3
953,505038,2019-12-29 21:10:00,276.595580291748,256.9333151573779,167.1292984296918,345.83998996027105,386.60467021426615,19.662265134370102,3
954,505068,2019-12-30 02:10:00,763.341915893555,687.7933706172232,593.0108588046407,779.388486967765,5707.582693369951,75.54854527633177,3
955,505115,2019-12-30 10:00:00,1942.34175832648,1888.8809441763356,1778.1522495781135,1994.75722300995,2858.058649596281,53.460814150144415,3
956,505206,2019-12-31 01:10:00,160.32260093689,126.36992541107367,22.12016306975849,228.9763064422648,1152.7841753613684,33.952675525816346,3
957,505219,2019-12-31 03:20:00,399.244746398926,377.51385994987584,262.0650361710948,493.6852270643278,472.2314258615119,21.73088644905016,3
958,505263,2019-12-31 10:40:00,760.236756896973,707.331038423508,584.1997562319983,808.0172184448038,2799.0150471935435,52.90571847346507,3
959,505268,2019-12-31 11:30:00,913.2387008667,924.5023810808324,813.1255903529773,1054.2253083391552,126.8704919662369,11.263680214132364,3
960,505413,2020-01-01 11:40:00,-1.63144304454327,-8.060577149915302,-130.48510376980644,100.99473111357632,41.333765344857845,6.429134105372032,3
961,505415,2020-01-01 12:00:00,-1.70826704502106,-18.98315206681538,-138.19726102086494,82.1806865737982,298.42165251621367,17.27488502179432,3
962,505576,2020-01-02 14:50:00,1867.06062316895,1948.6395611810274,1830.8352247982712,2050.710036830052,6655.123127178349,81.57893801207729,3
963,505589,2020-01-02 17:00:00,1861.45211791992,1791.8000576548186,1696.8349418240418,1887.7387614998386,4851.409499173325,69.65206026510145,3
964,505652,2020-01-03 03:30:00,340.019883728027,363.31764917453864,245.39746840042937,482.01471617464483,542.7858748006707,23.29776544651162,3
965,505747,2020-01-03 19:20:00,995.490936279297,1142.4947776148927,1032.2405273077989,1252.5406718624627,21610.129367420985,147.00384133559567,3
966,505822,2020-01-04 07:50:00,587.330834960938,615.1310147343811,526.6109451976602,731.0520619211692,772.8499954357559,27.80017977344312,3
967,505825,2020-01-04 08:20:00,463.801774597168,441.9976777060033,336.3792071614541,550.6925767545921,475.4186412392983,21.804096891164704,3
968,505877,2020-01-04 17:00:00,286.709215545654,275.9152328390379,165.99542427619753,379.05834306108545,116.51006267072694,10.793982706616077,3
969,505878,2020-01-04 17:10:00,144.633479499817,204.2168591121988,99.56745483881875,321.9035393096175,3550.1791260331925,59.583379612381776,3
970,505929,2020-01-05 01:40:00,136.490148735046,115.07372047723412,4.872812590632923,230.5573204337024,458.6633993220035,21.416428257811887,3
971,506033,2020-01-05 19:00:00,547.409181213379,572.1027867369652,472.4561087784638,674.1513423407831,609.7741537544841,24.693605523586143,3
972,506060,2020-01-05 23:30:00,392.073007202149,348.14007332485716,233.87407518030005,450.14981643125174,1930.102679066495,43.932933877291816,3
973,506164,2020-01-06 16:50:00,1605.50271606445,1597.3940597545609,1491.5501477438534,1702.8765516406884,65.75030715190361,8.108656309889057,3
974,506217,2020-01-07 01:40:00,699.643353271484,683.6383742537129,573.2729664928428,795.5404620622052,256.1593533592938,16.00497901777112,3
975,506307,2020-01-07 16:40:00,1949.11807250977,1878.2998156263318,1769.9611675053259,1993.3982058727331,5015.225508008635,70.81825688343815,3
976,506534,2020-01-09 07:10:00,1696.46807250977,1777.4394206445345,1654.8220852412223,1901.9380353411686,6556.359218761217,80.97134813476441,3
977,506669,2020-01-10 05:40:00,658.556468200684,596.85980569143,478.07235350633744,702.7324081727666,3806.4781647807877,61.696662509254,3
978,506687,2020-01-10 08:40:00,559.162927246094,551.5500000395675,438.1603737250903,660.7289592190498,57.956660651871054,7.612927206526479,3
979,507026,2020-01-12 17:10:00,34.0221453465913,55.98056635346078,-52.76539836175579,163.56543610398234,482.17225311492683,21.95842100686948,3
980,507060,2020-01-12 22:50:00,727.766448974609,575.1173256719878,467.45728679670884,672.4627420231272,23301.75484505885,152.6491233026212,3
981,507137,2020-01-13 11:40:00,1936.91455688477,2038.1670258709505,1940.7097925063947,2141.700152032593,10252.062475797438,101.25246898618047,3
982,507194,2020-01-13 21:10:00,1449.21476745606,1475.401245944048,1375.4980454074173,1582.7608686964988,685.7316556018634,26.186478487988097,3
983,507203,2020-01-13 22:40:00,1615.21141967774,1610.6234988669362,1496.081134626676,1709.6449761512333,21.049017366206414,4.58792081080378,3
984,507327,2020-01-14 19:20:00,2031.35477294922,2047.0463960360732,1936.991425586917,2152.7005292727736,246.22703509986653,15.69162308685327,3
985,507333,2020-01-14 20:20:00,1994.90269165039,1986.8974699983314,1877.7145892648457,2109.4217400033413,64.08357369858591,8.00522165205848,3
986,507419,2020-01-15 10:40:00,1177.81317138672,1189.78303566704,1084.6873071376835,1291.1021789126223,143.2776508892819,11.969864280320053,3
987,507470,2020-01-15 19:10:00,753.323236083985,742.7860235475981,616.810197772467,849.2686717962072,111.03284803698811,10.537212536386846,3
988,507540,2020-01-16 06:50:00,1888.68364868164,1819.7888827170586,1710.4405858662144,1922.5235783378002,4746.488777314449,68.89476596458144,3
989,507541,2020-01-16 07:00:00,1886.48870849609,1836.8699368209775,1723.1349301431387,1938.6667783349176,2462.0225025469576,49.61877167511261,3
990,507542,2020-01-16 07:10:00,1843.07825927735,1739.595415307639,1638.8384808529509,1839.0884126880517,10708.69899605955,103.48284396971098,3
991,507576,2020-01-16 12:50:00,2053.35503540039,2015.0208258025057,1895.1348333649817,2125.0113673579726,1469.5116254945333,38.33420959788441,3
992,507597,2020-01-16 16:20:00,2017.72033691406,1993.214672493816,1874.205232849336,2111.857375954187,600.5275886776177,24.505664420244102,3
993,507660,2020-01-17 02:50:00,661.396307694285,660.6499214374861,554.3205623534745,778.6522656734029,0.5570924443383155,0.7463862567989281,3
994,507762,2020-01-17 19:50:00,597.417826843262,537.5506204518351,433.55470953975407,637.5453415180581,3584.0824011137015,59.86720639142686,3
995,507811,2020-01-18 04:00:00,1310.22609863281,1333.0838058639054,1208.512187690535,1431.8761615302274,522.474779862473,22.857707231095446,3
996,507848,2020-01-18 10:10:00,345.86686706543,326.4076420336426,230.65507925796865,424.65512581069055,378.6614388377396,19.459225031787355,3
997,507861,2020-01-18 12:20:00,757.039846801758,706.2687148752352,597.7416571974164,832.2149289439898,2577.7078371003827,50.7711319265228,3
998,508094,2020-01-20 03:10:00,1318.85290527344,1467.0689438907634,1350.4987053530085,1586.665709198986,21967.994103411907,148.21603861732342,3
999,508168,2020-01-20 15:30:00,59.4826735496521,80.7840952062507,-41.13323141351629,187.02613481132744,453.7505645922078,21.3014216565986,3
0,583357,2017-09-25 08:30:00,173.25753784179688,209.2473877136398,90.96887712833892,326.6101866352266,1295.269293797792,35.98984987184292,4
1,583510,2017-09-26 10:00:00,115.9769058227539,109.21219263880502,15.072097419517139,213.83317516720547,45.76134446109186,6.764713183948885,4
2,583527,2017-09-26 12:50:00,-1.5178074836730957,7.100428116766804,-98.42372620170069,105.0630488350773,74.27398486468967,8.618235600439899,4
3,583630,2017-09-27 06:00:00,218.4697265625,306.05287786356246,205.04143758544566,404.0584170360089,7670.8083918247985,87.58315130106246,4
4,583703,2017-09-27 18:10:00,627.373046875,605.9648996568653,515.2702413552873,709.408251189819,458.30876731332734,21.408147218134673,4
5,583724,2017-09-27 21:40:00,702.780029296875,698.5016331387915,600.9685213035019,798.6195769494055,18.304673685503857,4.278396158083524,4
6,583905,2017-09-29 03:50:00,718.824951171875,696.8795985722234,603.3626780074419,793.4082496877638,481.5985007230371,21.945352599651642,4
7,583949,2017-09-29 11:10:00,505.9770812988281,455.7486423061594,363.2193390119109,546.0639662586581,2522.896083640243,50.228438992668714,4
8,583997,2017-09-29 19:10:00,503.345703125,554.940403153724,452.9951306989374,658.8022612386724,2662.0130710540116,51.59470002872399,4
9,584043,2017-09-30 02:50:00,609.6277465820312,634.6337577045259,542.7488438422931,720.1333973895835,625.3005922583271,25.00601112249467,4
10,584066,2017-09-30 06:40:00,625.585693359375,643.4047695203992,528.3106949075637,737.5087257566266,317.5194752323814,17.819076161024213,4
11,584098,2017-09-30 12:00:00,290.8446350097656,339.8939057711463,228.00989098626638,448.2754715583487,2405.830962223234,49.04927076138068,4
12,584145,2017-09-30 19:50:00,728.8623657226562,662.5916566037529,554.0985138824178,757.5953477702836,4391.806887122302,66.27070911890337,4
13,584169,2017-09-30 23:50:00,1213.6026611328125,1181.2197906204751,1065.4426584487915,1288.3589066378236,1048.6503026188095,32.38287051233738,4
14,584213,2017-10-01 07:10:00,395.0261535644531,391.246118855035,295.2181061781472,490.99213816897276,14.288662404405928,3.780034709418146,4
15,584226,2017-10-01 09:20:00,715.9625854492188,686.512362536359,603.7475217163328,787.7224449059307,867.3156296171308,29.450222912859772,4
16,584263,2017-10-01 15:30:00,1345.90185546875,1465.6249382582916,1341.130476688479,1565.921033824939,14333.616552631443,119.72308278954165,4
17,584284,2017-10-01 19:00:00,1445.362060546875,1481.631210758534,1361.352850663801,1571.0334262251556,1315.451257075888,36.26915021165905,4
18,584330,2017-10-02 02:40:00,1646.042724609375,1691.4878868227634,1596.2632974790852,1787.6920764531396,2065.262768601181,45.44516221338836,4
19,584343,2017-10-02 04:50:00,1531.461669921875,1576.1034860129323,1466.8723282295023,1685.551611777342,1992.8917439077832,44.64181609105731,4
20,584345,2017-10-02 05:10:00,1178.6578369140625,1288.955249061871,1189.182896041778,1390.3874372178514,12165.519126503528,110.29741214780847,4
21,584351,2017-10-02 06:10:00,1665.1015625,1757.4816330839542,1653.3436402215864,1861.4529062792787,8534.077441096359,92.3800705839542,4
22,584413,2017-10-02 16:50:00,939.062255859375,940.2047538701121,831.8932959316768,1049.4340495308109,1.305301704538198,1.1424980107370857,4
23,584430,2017-10-02 19:40:00,1361.8497314453125,1404.724369409695,1293.7236104787055,1496.7102625459286,1838.2345805768778,42.8746379643826,4
24,584494,2017-10-03 06:20:00,1295.421630859375,1424.1517922234002,1301.2857732057062,1542.8947923440294,16571.45444480797,128.7301613640252,4
25,584513,2017-10-03 09:30:00,651.8291625976562,704.006168646265,603.119464004112,799.0519573553602,2722.439960196554,52.177006048608746,4
26,584518,2017-10-03 10:20:00,754.9025268554688,877.6525884937142,769.0903813486769,988.5104131547547,15067.577632193066,122.75006163824548,4
27,584692,2017-10-04 15:20:00,1821.9306640625,1883.8509363468938,1777.3034224376681,1986.2854943317525,3834.120119773471,61.92027228439383,4
28,584711,2017-10-04 18:30:00,843.4920043945312,924.8282369855192,827.037001393566,1021.6505158053365,6615.58273209529,81.33623259098795,4
29,584729,2017-10-04 21:30:00,1932.1575927734373,1889.7369946952765,1794.6446924879278,1979.3545893166774,1799.5071413088567,42.420598078160765,4
30,584808,2017-10-05 10:40:00,450.5072326660156,500.99844996617253,397.0927353960806,615.2457168421922,2549.363024451664,50.491217300156904,4
31,584815,2017-10-05 11:50:00,1716.5001220703125,1758.4267516984366,1668.515295857388,1864.9119626193649,1757.8422719738976,41.92662962812415,4
32,585032,2017-10-07 00:00:00,1441.9525146484375,1434.8548522385565,1316.8945253066795,1529.307927069224,50.37681168463731,7.097662409880968,4
33,585050,2017-10-07 03:00:00,1747.8580322265625,1687.3685318121916,1598.047619144292,1788.5561807588313,3658.97966038018,60.48950041437092,4
34,585055,2017-10-07 03:50:00,1438.050048828125,1454.4220806313315,1345.0982639982265,1546.9888861767345,268.0434253652045,16.372031803206482,4
35,585084,2017-10-07 08:40:00,1748.7330322265625,1781.9105955641865,1681.946813208063,1890.2448434512185,1100.750709022049,33.17756333762395,4
36,585090,2017-10-07 09:40:00,1740.5330810546875,1843.7820016140538,1763.5260174299544,1945.9118524077614,10660.339596674332,103.2489205593663,4
37,585095,2017-10-07 10:30:00,1508.236328125,1596.6421669565136,1496.5752202910578,1693.4100016014916,7815.592339503562,88.40583883151362,4
38,585116,2017-10-07 14:00:00,289.6815490722656,264.63959406112025,150.7203618185752,362.7817146724027,627.099510780229,25.041955011145376,4
39,585194,2017-10-08 03:00:00,417.7050476074219,472.7807378544212,359.5529454504345,565.1834188529718,3033.331656183417,55.07569024699933,4
40,585209,2017-10-08 05:30:00,137.7738494873047,128.37034138488534,25.08831853540401,225.85947950958948,88.4259646322664,9.403508102419352,4
41,585289,2017-10-08 18:50:00,4.432459831237793,26.91533577069246,-89.24544484003766,124.46755515484594,505.47971050890965,22.48287593945467,4
42,585556,2017-10-10 15:20:00,934.7086181640624,947.8992198334319,848.1744696399941,1043.4914791216347,173.99197239997267,13.190601669369471,4
43,585590,2017-10-10 21:00:00,730.5418701171875,755.9083838819245,646.6822487226863,874.8605052787333,643.46002057659,25.366513764736965,4
44,585656,2017-10-11 08:00:00,1342.60302734375,1500.4564221586077,1413.5664009428165,1597.1666787890313,24917.694254575334,157.85339481485767,4
45,585876,2017-10-12 20:40:00,1249.7308349609375,1329.7156313442358,1239.2701629317826,1427.9515829032252,6397.567652477692,79.98479638329832,4
46,585907,2017-10-13 01:50:00,1469.4862060546875,1561.9974731507548,1458.9322421503869,1662.5063752045671,8558.334539719901,92.51126709606729,4
47,586034,2017-10-13 23:10:00,1155.9334716796875,1109.4033448641176,1017.8484456861987,1193.3552262268938,2165.0527014730196,46.53012681556993,4
48,586084,2017-10-14 07:30:00,637.3570556640625,642.9075601508836,556.8887738980542,755.0002172604773,30.808100058220816,5.550504486821069,4
49,586117,2017-10-14 13:00:00,1174.543212890625,1107.5319403883411,1011.3249271623346,1209.689389008171,4490.510642375347,67.01127250228387,4
50,586130,2017-10-14 15:10:00,777.72119140625,842.233231397951,737.7819882440194,943.360748179946,4161.803303890835,64.51203999170104,4
51,586223,2017-10-15 06:40:00,511.72857666015625,550.2673809637342,446.2489286181677,647.0295178027887,1485.2394371494813,38.53880430357799,4
52,586232,2017-10-15 08:10:00,544.5398559570312,573.8342032743104,462.5600288385112,683.9767580904277,858.1587847453816,29.294347317279176,4
53,586294,2017-10-15 18:30:00,416.6038208007813,404.66539365980833,309.5299633344065,510.8221243283302,142.52604260032018,11.938427140972976,4
54,586356,2017-10-16 04:50:00,147.69708251953125,128.8423742388043,33.84905107982084,222.63241818487856,355.5000243513135,18.854708280726953,4
55,586378,2017-10-16 08:30:00,939.5931396484376,972.7379049967037,878.8229519065872,1078.7482685405025,1098.5754699916215,33.144765348266105,4
56,586483,2017-10-17 02:00:00,1867.160400390625,1879.5654287410919,1766.2826984178466,1981.4302507957145,153.88472837588665,12.405028350466864,4
57,586506,2017-10-17 05:50:00,1118.2847900390625,1276.524895308638,1184.6216846728578,1371.1079996612677,25039.93091572632,158.24010526957545,4
58,586557,2017-10-17 14:20:00,502.8228149414063,528.6019051251916,436.6326517424431,623.0222979429087,664.5614907037349,25.779090183785286,4
59,586666,2017-10-18 08:30:00,194.43719482421875,219.176057541644,123.204205158491,322.8929395829587,612.0113285516137,24.738862717425263,4
60,586705,2017-10-18 15:00:00,139.82630920410156,103.82137021858472,3.2894949908496534,184.23907889080297,1296.3556313507906,36.004938985516844,4
61,586776,2017-10-19 02:50:00,194.1566467285156,168.64411635816657,68.24218390481442,265.8659284133971,650.8892058979814,25.512530370349026,4
62,586850,2017-10-19 15:10:00,638.7808227539062,706.4731150482181,612.0048796375406,803.7264831668481,4582.246436058554,67.69229229431187,4
63,586915,2017-10-20 02:00:00,1137.0267333984375,1129.3694549462728,1034.5864209527574,1238.3746851585886,58.63391329398653,7.657278452164746,4
64,587044,2017-10-20 23:30:00,1747.75927734375,1694.5163156396645,1600.6357627787083,1791.0102332052243,2834.812971022712,53.242961704085474,4
65,587059,2017-10-21 02:00:00,1284.1282958984375,1134.2609078203843,1034.9359656734855,1247.3228061005284,22460.234009337797,149.86738807805318,4
66,587079,2017-10-21 05:20:00,1693.056640625,1798.1356343052712,1698.465080926032,1911.8123161570159,11041.594912858474,105.0789936802712,4
67,587253,2017-10-22 10:20:00,2010.4989013671875,2026.1426766029062,1926.7180442723313,2125.7498617062265,244.7277036256872,15.64377523571875,4
68,587280,2017-10-22 14:50:00,1959.7481689453125,1993.4603719460297,1897.521646628701,2107.1449430544385,1136.5126311615645,33.71220300071718,4
69,587362,2017-10-23 04:30:00,343.2142028808594,300.6239750565065,205.1097866391672,400.93885981150356,1813.9275061302835,42.590227824352894,4
70,587462,2017-10-23 21:20:00,563.05078125,590.7836334615874,498.274610406172,675.1883294910868,769.1110917897505,27.732852211587442,4
71,587483,2017-10-24 00:50:00,1174.166015625,1191.0841694136764,1098.674761044082,1284.2290472202935,286.2239276173044,16.918153788676364,4
72,587512,2017-10-24 05:40:00,907.4205322265624,1025.2650480166442,914.32738044638,1129.5167121396269,13887.32990179884,117.8445157900818,4
73,587572,2017-10-24 15:40:00,1608.092529296875,1650.0267528049014,1553.1515786257264,1766.723754037339,1758.479101221117,41.934223508026435,4
74,587586,2017-10-24 18:00:00,872.5215454101562,830.2386159626647,728.3728904618603,917.4023168753114,1787.846122661552,42.2829294474916,4
75,587643,2017-10-25 03:30:00,1937.6988525390625,1785.3170496458545,1681.6825257973012,1881.7457781459098,23220.213852984503,152.38180289320803,4
76,587791,2017-10-26 04:10:00,210.03729248046875,308.0593535116247,195.72886270649792,402.4485498595661,9608.32444879566,98.02206103115594,4
77,587892,2017-10-26 21:00:00,140.61007690429688,124.05718408186304,15.388315465564586,225.46394122689475,273.99826079098153,16.552892822433833,4
78,587946,2017-10-27 06:00:00,227.45977783203125,178.79639664750266,69.77711302872831,285.1902864715528,2368.124668310731,48.66338118452859,4
79,588110,2017-10-28 09:20:00,2058.815185546875,2043.2135761171323,1944.0171439207727,2179.397758515038,243.41021679823527,15.601609429742666,4
80,588215,2017-10-29 02:50:00,1359.2994384765625,1490.267779887548,1382.7451072115798,1603.2344186989153,17152.706451944443,130.96834141098543,4
81,588252,2017-10-29 09:00:00,1747.4781494140625,1693.2265458963266,1598.9150442206,1796.3545511609766,2943.2364842456177,54.25160351773593,4
82,588267,2017-10-29 11:30:00,430.13958740234375,427.7756020106621,322.19830285842175,523.6542369479993,5.588426932084187,2.363985391681638,4
83,588298,2017-10-29 16:40:00,38.03193283081055,63.69898551533261,-44.29572124005711,190.28053072510124,658.7975935100312,25.667052684522062,4
84,588454,2017-10-30 18:40:00,255.9440460205078,258.7156844620316,149.69889867897868,368.0047752776782,7.681979650532509,2.7716384415238053,4
85,588465,2017-10-30 20:30:00,495.8447570800781,507.03321359738067,410.2726399942053,602.7541714367001,125.1815592395697,11.18845651730254,4
86,588489,2017-10-31 00:30:00,918.0885009765624,879.705558835297,786.7486525472575,994.9701893464327,1473.2502474197277,38.3829421412654,4
87,588493,2017-10-31 01:10:00,620.1079711914062,676.0582768063856,582.4641790641734,761.6728504171846,3130.4366984095905,55.95030561497936,4
88,588517,2017-10-31 05:10:00,472.0112609863281,511.0343270922185,402.5079477260977,613.0504579099784,1522.7996883046917,39.02306610589039,4
89,588560,2017-10-31 12:20:00,253.9151153564453,264.46419447540916,177.55428940621715,359.04464896013496,111.28307025815903,10.549079118963846,4
90,588628,2017-10-31 23:40:00,869.8997802734375,854.297381359838,736.1328027515415,961.892191782413,243.43485185909,15.602398913599473,4
91,588658,2017-11-01 04:40:00,492.5234680175781,471.7148899964999,378.0710844341256,577.5856742511777,432.9969192593001,20.808578021078233,4
92,588730,2017-11-01 16:40:00,500.16156005859375,511.7643480937691,415.1708797247459,613.373602205979,134.62469018920862,11.602788035175365,4
93,588732,2017-11-01 17:00:00,697.79736328125,720.0728297570594,625.8667448157213,807.1691345574999,496.19640671490697,22.275466475809367,4
94,588878,2017-11-02 17:20:00,-0.2064645141363144,5.063833769605594,-107.27863793630966,103.41406786697793,27.776043999612906,5.270298283741909,4
95,589034,2017-11-03 19:20:00,420.4084167480469,519.641055321319,412.96445415605274,613.0974810682894,9847.116558213647,99.23263857327208,4
96,589222,2017-11-05 02:40:00,792.2914428710938,781.3354289533974,667.6326090926158,872.6282663936192,120.03424096475713,10.956013917696396,4
97,589244,2017-11-05 06:20:00,966.8839111328124,990.884930175831,880.2341653454916,1107.0226993060244,576.0489151033402,24.001019043018573,4
98,589307,2017-11-05 16:50:00,528.068603515625,564.8484079847851,469.4298762815654,681.0829669277655,1352.7540167896511,36.779804469160126,4
99,589330,2017-11-05 20:40:00,280.9140014648437,330.8807229501371,232.98637020681406,431.36958873838205,2496.673255988883,49.96672148529342,4
100,589349,2017-11-05 23:50:00,154.41049194335938,135.90632112098575,29.069649086748253,249.51761672058797,342.4043378235834,18.504170822373624,4
101,589535,2017-11-07 06:50:00,1107.0810546875,1068.4897206436729,952.1920592136988,1167.6774313202966,1489.291063282252,38.591334043827146,4
102,589560,2017-11-07 11:00:00,1288.6451416015625,1340.4503575569786,1241.2162669524512,1434.6387539912323,2683.780400187298,51.80521595541609,4
103,589575,2017-11-07 13:30:00,1334.8966064453125,1347.3420741263158,1258.6743185149512,1442.09043169555,154.8896657988968,12.445467681003265,4
104,589578,2017-11-07 14:00:00,889.7786865234375,1030.1686229030565,928.5428224300987,1141.4097346784058,19709.33423667348,140.38993637961903,4
105,589841,2017-11-09 09:50:00,520.9667358398438,550.2103732791628,440.03468008023316,658.5743680067266,855.1903306823434,29.24363743931906,4
106,590035,2017-11-10 18:10:00,1388.1624755859375,1398.4277928962726,1301.8393841897641,1510.2077544789188,105.37673948186647,10.26531731033515,4
107,590158,2017-11-11 14:40:00,32.848087310791016,45.39100187740507,-57.95091648126659,129.3146426091729,157.32470582537894,12.542914566614051,4
108,591546,2017-11-21 06:00:00,1451.3446044921875,1405.5775866831054,1297.3145141199818,1503.2684171541714,2094.6199191368346,45.76701780908206,4
109,591549,2017-11-21 06:30:00,1729.7498779296875,1845.5332466338598,1731.1689501683525,1955.055181960507,13405.788468486304,115.78336870417229,4
110,591661,2017-11-22 01:10:00,2045.64599609375,1949.7982338906572,1832.6753249918909,2065.587276293973,9186.79351934062,95.84776220309277,4
111,591823,2017-11-23 04:10:00,1758.1103515625,1701.8369765083046,1587.0842756027462,1801.3204598360758,3166.6927399901424,56.27337505419541,4
112,591886,2017-11-23 14:40:00,1959.3133544921875,2026.0960615614895,1917.619298247408,2126.9430146561403,4459.929963504196,66.78270706930198,4
113,592059,2017-11-24 19:30:00,968.5335693359376,997.0460324123219,903.7020812595179,1090.3542822858117,812.9605506821769,28.51246307638428,4
114,592135,2017-11-25 08:10:00,1906.8349609375,1950.740263150749,1844.742872462763,2047.0745387383608,1927.6755624367177,43.90530221324889,4
115,592141,2017-11-25 09:10:00,1766.644287109375,1634.632610211267,1548.218037351974,1737.0990087684395,17427.082837450438,132.0116768981079,4
116,592195,2017-11-25 18:10:00,1129.3790283203125,1117.5122867550162,1014.4314170887915,1234.1915323794915,140.81955537752972,11.866741565296252,4
117,592261,2017-11-26 05:10:00,1170.74658203125,1121.2383578651554,1019.2955817077031,1209.1255487797898,2451.064260080271,49.50822416609458,4
118,592292,2017-11-26 10:20:00,832.6959838867188,859.6606017539233,743.1333927632598,954.7003380940793,727.0906167243662,26.964617867204538,4
119,592326,2017-11-26 16:00:00,1301.443603515625,1436.026903643619,1342.741915905079,1533.4748775207377,18112.66467334174,134.5833001279941,4
120,592333,2017-11-26 17:10:00,969.9645385742188,1122.3228843066831,1014.169891326558,1213.4763922542884,23213.06551433315,152.3583457324644,4
121,592348,2017-11-26 19:40:00,1928.3385009765625,1854.861030752062,1771.0863325780956,1962.5255333083262,5398.938630592342,73.4774702245004,4
122,592352,2017-11-26 20:20:00,1523.7584228515625,1491.4334042296039,1388.372461947097,1587.1543027210475,1044.9068289099725,32.325018621958634,4
123,592358,2017-11-26 21:20:00,847.3857421875,840.1663475323005,741.5385021925471,950.9558526255689,52.11965918752302,7.219394655199494,4
124,592364,2017-11-26 22:20:00,1180.6644287109375,1246.1803960610703,1152.7651842097039,1353.3469324267562,4292.341977823663,65.51596735013277,4
125,592395,2017-11-27 03:30:00,2041.491455078125,2044.6898972466145,1945.5423673880705,2137.95936208751,10.230032305171585,3.198442168489464,4
126,592408,2017-11-27 05:40:00,1989.4425048828125,1977.365197572593,1870.701064981819,2088.712948705825,145.861351865483,12.077307310219567,4
127,592454,2017-11-27 13:20:00,1295.591796875,1318.2983072601776,1220.0837560460218,1418.7145431323463,515.5856138721773,22.70651038517758,4
128,592524,2017-11-28 01:00:00,1296.993896484375,1324.5809306975632,1230.286048422732,1427.8130134714002,761.0444566796157,27.58703421318819,4
129,592656,2017-11-28 23:00:00,1010.3359375,953.1833004738129,860.3124807471,1048.448641294257,3266.4239190470935,57.15263702618711,4
130,592667,2017-11-29 00:50:00,1232.4112548828125,1148.7921593814353,1041.4204215446343,1244.467265483101,6992.153132468434,83.61909550137716,4
131,592668,2017-11-29 01:00:00,1356.9139404296875,1394.2235420053762,1281.147435363613,1493.3197655301099,1392.006369736633,37.3096015756887,4
132,592684,2017-11-29 03:40:00,1261.075927734375,1318.7697459877036,1208.5748197988755,1426.0442880533928,3328.5766646481093,57.69381825332857,4
133,592698,2017-11-29 06:00:00,1821.473388671875,1724.853816434065,1626.6297226802146,1812.1501770290465,9335.341739417378,96.61957223780996,4
134,592811,2017-11-30 00:50:00,642.0452270507812,628.6820327247024,516.5393170250385,738.3552276759784,178.57496259654684,13.363194326078883,4
135,592888,2017-11-30 13:40:00,1531.594482421875,1698.9883197001595,1602.026897985145,1821.5257421969118,28020.696758748803,167.39383727828454,4
136,592907,2017-11-30 16:50:00,1468.4171142578125,1539.5139881970392,1447.0147088303227,1644.4943109551436,5054.765483930296,71.09687393922673,4
137,592996,2017-12-01 07:40:00,1016.2992553710938,801.8987297985077,689.676904929107,915.8996441768577,45967.585365801126,214.40052557258605,4
138,593004,2017-12-01 09:00:00,1108.787841796875,972.073011287661,865.0582106510832,1085.0603267312265,18690.944881163123,136.71483050921404,4
139,593041,2017-12-01 15:10:00,358.7431945800781,345.5713216463613,241.2309966241903,448.4428715395095,173.49823658198193,13.171872933716827,4
140,593048,2017-12-01 16:20:00,375.3227233886719,365.5704899105945,223.75254509657822,469.8299321015404,95.1060578109328,9.752233478077358,4
141,593078,2017-12-01 21:20:00,208.45584106445312,187.7070815371027,93.70219755464579,293.26157693724497,430.5110219238146,20.748759527350416,4
142,593216,2017-12-02 20:20:00,231.7504425048828,324.89851268242495,230.29543200760065,438.4275105558342,8676.562977800315,93.14807017754214,4
143,593284,2017-12-03 07:40:00,108.62696838378906,109.85816315109494,-2.5275611937776117,204.96798868288192,1.5158405550413792,1.2311947673058796,4
144,593286,2017-12-03 08:00:00,159.71170043945312,165.76924750740693,60.69862750309351,263.36642350076426,36.69387648047575,6.057547067953806,4
145,593337,2017-12-03 16:30:00,256.08758544921875,270.69429745547063,166.86562199788466,373.52194510807834,213.3560356335829,14.606712006251882,4
146,593351,2017-12-03 18:50:00,734.8886108398438,806.3236056098465,714.5893604840267,910.9356988045611,5102.958477790317,71.43499477000273,4
147,593411,2017-12-04 04:50:00,385.50787353515625,413.27245082372775,305.775492451133,503.0485782333292,770.8717520130605,27.764577288571502,4
148,593412,2017-12-04 05:00:00,565.097412109375,567.1756142387372,442.23374776490556,673.9257597970535,4.318924090485745,2.0782021293622392,4
149,593413,2017-12-04 05:10:00,595.6688842773438,559.6896054473825,441.05469160757707,664.3804167951595,1294.5085051240965,35.97927882996123,4
150,593436,2017-12-04 09:00:00,970.8438110351562,888.8692448878686,779.5736125710825,982.0280381863436,6719.829495036038,81.97456614728765,4
151,593442,2017-12-04 10:00:00,730.6282958984375,704.4936111722741,614.7092553635266,811.9607217826466,683.0217457359593,26.134684726163414,4
152,593459,2017-12-04 12:50:00,492.179931640625,471.93347010656436,369.7276585471952,565.7161843607581,409.91920465019723,20.246461534060643,4
153,593474,2017-12-04 15:20:00,227.8423309326172,258.6277705423768,162.91875192904584,358.4968628527319,947.7432919661575,30.785439609759635,4
154,593600,2017-12-05 12:20:00,575.137451171875,582.0342236847505,483.0535394061546,674.8292663866408,47.565471094354855,6.896772512875486,4
155,593695,2017-12-06 04:10:00,999.573486328125,872.5663508677928,776.2931659497506,972.4404641336035,16130.812457839163,127.00713546033217,4
156,593702,2017-12-06 05:20:00,525.9873046875,540.002403218263,428.6159528956497,639.4734853688972,196.42298682699516,14.015098530762998,4
157,593720,2017-12-06 08:20:00,696.8433837890625,685.7317257760502,600.9564862618514,778.5475197763185,123.4689437981402,11.111658013012288,4
158,593987,2017-12-08 05:40:00,2045.234130859375,2040.369670175416,1939.7621722397096,2149.8970042114047,23.66297774578185,4.864460683958896,4
159,594044,2017-12-08 15:10:00,983.3007202148438,1009.1356127175106,909.1698623005941,1113.8493823019269,667.4416706243538,25.83489250266689,4
160,594052,2017-12-08 16:30:00,1500.0108642578125,1443.6567727206298,1332.488996743565,1559.2271089070578,3175.783632981171,56.35409153718274,4
161,594162,2017-12-09 10:50:00,847.768310546875,823.0062860145673,723.715983537169,918.8487127707486,613.157858938608,24.76202453230769,4
162,594362,2017-12-10 20:10:00,434.4558715820313,518.9456270183063,419.51616635805647,603.9787081167317,7138.518773681552,84.48975543627495,4
163,594418,2017-12-11 05:30:00,1416.191650390625,1295.7873912055256,1194.1175811614182,1383.5738213053091,14497.185629912585,120.40425918509936,4
164,594452,2017-12-11 11:10:00,1218.4332275390625,1122.708455380189,990.8013117459105,1236.6198048374683,9163.232004868247,95.72477215887352,4
165,594594,2017-12-12 10:50:00,548.592041015625,529.4266852573886,424.20253344187955,630.644044914051,367.31086133976464,19.165355758236387,4
166,594609,2017-12-12 13:20:00,1037.81396484375,1029.4941927454852,914.2246552181023,1135.195859797256,69.21860776706582,8.31977209826482,4
167,594611,2017-12-12 13:40:00,1413.35546875,1465.9531911901322,1363.869817544459,1591.3234582460827,2766.520405889187,52.5977224401322,4
168,594830,2017-12-14 02:10:00,2057.311767578125,2031.5142940144226,1923.5460303914929,2136.643866295519,665.509642269924,25.797473563702397,4
169,594846,2017-12-14 04:50:00,2057.18310546875,2042.2277477626478,1945.2468731137592,2133.2017518533517,223.66272411746976,14.955357706102177,4
170,595030,2017-12-15 11:30:00,1784.490966796875,1733.3144554872267,1642.8010309045287,1863.053277517728,2619.0353098265578,51.176511309648276,4
171,595060,2017-12-15 16:30:00,806.3468627929688,868.950611713089,768.4058266584329,974.4894906706699,3919.2293788534525,62.60374892012021,4
172,595135,2017-12-16 05:00:00,186.36167907714844,170.29694462569975,80.08063648263891,276.555262300641,258.0756929955623,16.064734451448686,4
173,595266,2017-12-17 02:50:00,155.1617431640625,169.97427828544835,77.43593275478568,281.49276052766504,219.4111967222893,14.81253512138585,4
174,595275,2017-12-17 04:20:00,44.26641845703125,63.03147709094867,-15.347238497057356,180.16790085732768,352.1274255343587,18.76505863391742,4
175,595340,2017-12-17 15:10:00,1197.8255615234375,1143.1725312729545,1029.4534476569572,1246.7864943976936,2986.9537155602065,54.65303025048297,4
176,595389,2017-12-17 23:20:00,826.5928955078125,830.0018432502279,726.5350140207914,952.7297569484689,11.620924710519196,3.408947742415421,4
177,595393,2017-12-18 00:00:00,1026.923583984375,961.6865177069866,881.894866806676,1070.9527624973346,4255.874816480367,65.23706627738841,4
178,595400,2017-12-18 01:10:00,810.3590087890625,758.5020593649052,651.7808815528251,863.1454773345399,2689.143203579606,51.85694942415728,4
179,595411,2017-12-18 03:00:00,966.548828125,1023.4149949744641,916.7808884158402,1124.6659127150501,3233.760932151089,56.86616684946409,4
180,595435,2017-12-18 07:00:00,322.6080017089844,243.3517416118523,146.62154859460958,338.5449208178756,6281.554764584249,79.25626009713207,4
181,595476,2017-12-18 13:50:00,-0.671676516532898,3.706493385899678,-106.92079637929595,98.67473570881957,19.168371694566474,4.378169902432576,4
182,595545,2017-12-19 01:20:00,1071.1123046875,1089.9503479035077,980.5216381807772,1204.1054673772965,354.8718722081734,18.83804321600769,4
183,595602,2017-12-19 10:50:00,238.44097900390625,200.56621721072395,78.87782128329577,305.5289445213151,1434.4975808903018,37.8747617931823,4
184,595669,2017-12-19 22:00:00,578.6731567382812,582.493940097633,488.3025455159129,690.0805678391152,14.598385479098923,3.820783359351708,4
185,595784,2017-12-20 17:10:00,199.59976196289065,196.07097672257987,88.11601527124962,299.7005056465083,12.452325272235223,3.528785240310782,4
186,595797,2017-12-20 19:20:00,149.76278686523438,186.1743410018638,90.79362113482125,299.28753726405245,1325.801274644696,36.411554136629434,4
187,595803,2017-12-20 20:20:00,140.90509033203125,149.99872504416462,54.66494097289282,236.89962968098638,82.69419227771688,9.093634712133365,4
188,595978,2017-12-22 01:30:00,514.0927124023438,501.57883230125185,402.53112678221703,603.1655294799644,156.59719518450382,12.5138801010919,4
189,596095,2017-12-22 21:00:00,480.562744140625,479.1325900887339,382.1339914814301,551.9792291680875,2.0453406121405955,1.4301540518911224,4
190,596124,2017-12-23 01:50:00,574.9576416015625,490.69813614436475,381.34081935471795,586.4214924745925,7099.664259891537,84.25950545719775,4
191,596136,2017-12-23 03:50:00,772.5523071289062,744.5024065344475,624.6029447815074,850.4035262534658,786.7969233590196,28.04990059445879,4
192,596230,2017-12-23 19:30:00,2021.673828125,1923.5350786716278,1819.794941687729,2020.6549774245927,9631.214144271753,98.13874945337216,4
193,596233,2017-12-23 20:00:00,1981.719970703125,1841.085548443409,1733.5211916739067,1955.7079549187754,19778.040724324124,140.63442225971608,4
194,596334,2017-12-24 12:50:00,1913.302001953125,1934.7874681793246,1824.5906822248414,2048.79515032704,461.6252589571639,21.485466226199605,4
195,596362,2017-12-24 17:30:00,846.1384887695312,885.7246247775317,799.480221679801,983.2047480112716,1567.0621640439133,39.586136008000494,4
196,596378,2017-12-24 20:10:00,877.5160522460938,850.4181454855129,733.5707643539023,953.3212636987748,734.296550805132,27.097906760580827,4
197,596420,2017-12-25 03:10:00,1857.6480712890625,1865.9089963769602,1760.1788399840382,1971.1554620712002,68.24288330785768,8.260925087897704,4
198,596496,2017-12-25 15:50:00,2015.983642578125,2043.5636690336605,1937.0518661309543,2134.128483834587,760.657859288039,27.580026455535517,4
199,596589,2017-12-26 07:20:00,2040.65478515625,2067.4993910224066,1966.2341067488494,2180.8728702754483,720.6328641092892,26.8446058661566,4
200,596786,2017-12-27 16:10:00,2025.8865966796875,1957.3011465217887,1841.3980549083722,2057.173132644269,4703.963973361618,68.58545015789878,4
201,596848,2017-12-28 02:30:00,1428.0548095703125,1448.2272844010972,1352.2371266206885,1541.2657752721398,406.9287407986431,20.172474830784722,4
202,596900,2017-12-28 11:10:00,1313.987548828125,1350.1940279636665,1248.4996836113655,1442.5879843810465,1310.909131392401,36.206479135541485,4
203,596930,2017-12-28 16:10:00,1599.589599609375,1601.0173720366404,1496.7018900660375,1710.8732187750088,2.038534104059279,1.4277724272653813,4
204,596955,2017-12-28 20:20:00,889.9563598632812,1106.9484671152616,1014.1658628800934,1216.3516935003795,47085.57460965493,216.99210725198031,4
205,597096,2017-12-29 19:50:00,2054.474365234375,2046.9924032599527,1941.4199120260269,2161.5932748512446,55.97975498670195,7.481961974422347,4
206,597121,2017-12-30 00:00:00,1071.0264892578125,1129.129576066356,1015.3927989254304,1216.0904994413006,3375.968696681153,58.103086808543594,4
207,597172,2017-12-30 08:30:00,2044.0166015625,2039.4582783829785,1949.697084398825,2131.1568515319227,20.778310208962946,4.558323179521494,4
208,597175,2017-12-30 09:00:00,2056.302734375,2088.675674524676,1986.435599061631,2209.9823820560327,1048.0072539345172,32.3729401496762,4
209,597197,2017-12-30 12:40:00,2049.9521484375,2039.194927419442,1926.625526363742,2145.1929634283197,115.71780403135072,10.75722101805809,4
210,597269,2017-12-31 00:40:00,1370.992919921875,1526.6285267079331,1436.974851765281,1627.3105181041703,24222.442099664506,155.63560678605813,4
211,597379,2017-12-31 19:00:00,945.3360595703124,1140.8551539757727,1039.8647439249603,1245.401527574279,38227.716277131316,195.51909440546035,4
212,597433,2018-01-01 04:00:00,1981.0809326171875,1975.0086104684617,1874.7609157266934,2075.90846223998,36.87309627790578,6.072322148725789,4
213,597458,2018-01-01 08:10:00,765.1175537109375,793.0884959334527,681.7273061775527,884.2726213908987,782.3736088152831,27.97094222251519,4
214,597488,2018-01-01 13:10:00,478.0615539550781,426.4762080201551,319.3688914812137,503.3869825656811,2661.0479152256767,51.585345934923,4
215,598041,2018-01-05 09:20:00,364.4898376464844,354.18465131753976,261.76746453537135,451.0828901310136,106.19686527426698,10.305186328944615,4
216,598397,2018-01-07 20:40:00,934.4514770507812,873.6129409102077,761.1021228032483,966.8925760587531,3701.327479727871,60.838536140573524,4
217,598400,2018-01-07 21:10:00,991.1026000976562,960.9272878162639,848.2033133220584,1055.103887303162,910.5494712795506,30.175312281392394,4
218,598434,2018-01-08 02:50:00,610.9375610351562,574.2372574807042,456.43218752623847,678.3662951954904,1346.9122809889245,36.700303554452034,4
219,598484,2018-01-08 11:10:00,353.6116943359375,423.003566051314,297.0267812957603,544.2141975327601,4815.2318601632705,69.39187171537651,4
220,598502,2018-01-08 14:10:00,293.9535217285156,292.58918931348035,191.81170514629488,406.4587363831222,1.8614029387159947,1.3643324150352782,4
221,598591,2018-01-09 05:00:00,404.2909240722656,437.4742720848521,333.1861076039246,533.4250087497791,1101.134585324426,33.183348012586464,4
222,598667,2018-01-09 17:40:00,110.34220123291016,107.53664224425142,-23.220250108089054,204.83407191138187,7.871161238843803,2.8055589886587313,4
223,598718,2018-01-10 02:10:00,325.188720703125,360.8427379424624,246.8585908222434,451.7921726353323,1271.208945302969,35.654017239337406,4
224,598766,2018-01-10 10:10:00,358.8269348144531,419.68452976056335,315.0972983410239,514.4785182078585,3703.6468626248206,60.857594946110225,4
225,598810,2018-01-10 17:30:00,94.9913330078125,104.21638772425679,0.7926177232352987,199.84905751839457,85.10163452139105,9.22505471644429,4
226,598842,2018-01-10 22:50:00,119.64702606201172,135.43597225027094,32.90073284483954,235.80290487375902,249.29082173574525,15.788946188259217,4
227,599009,2018-01-12 02:40:00,-0.0485485009849071,2.4583576574341417,-90.54405252846128,105.06774352757718,6.2845784871193535,2.506906158419049,4
228,599014,2018-01-12 03:30:00,-0.413996011018753,6.900439220395859,-98.21917186231134,105.3284356588874,53.50096275455933,7.314435231414612,4
229,599153,2018-01-13 02:40:00,653.0274658203125,641.0487802433303,522.6232380663068,741.802330017865,143.4889081522021,11.97868557698223,4
230,599163,2018-01-13 04:20:00,1134.23046875,1094.1977343202839,986.5613808886313,1175.5331606202728,1602.6198259201792,40.03273442971613,4
231,599215,2018-01-13 13:00:00,923.0509033203124,877.4965234729544,751.7788544907244,969.1359642382107,2075.201523277372,45.55437984735795,4
232,599231,2018-01-13 15:40:00,972.33447265625,1004.9191137909016,924.261362885977,1112.5472204084017,1061.7588378740313,32.58464113465163,4
233,599245,2018-01-13 18:00:00,1411.079833984375,1366.548234178005,1257.4697866960505,1462.664938505684,1983.0633813146899,44.53159980636997,4
234,599260,2018-01-13 20:30:00,558.2767333984375,560.232771194595,440.87036386053376,669.4273877371548,3.826083859996645,1.9560377961574886,4
235,599287,2018-01-14 01:00:00,266.40985107421875,219.1692605443754,98.9815391803276,325.2624682397138,2231.673393608326,47.24059052984336,4
236,599457,2018-01-15 05:20:00,2010.4268798828125,2023.2357141956816,1914.4592105668798,2152.801115298341,164.06623645453197,12.808834312869067,4
237,599484,2018-01-15 09:50:00,1394.2811279296875,1422.3828697648476,1316.0504293820993,1515.5038433607008,789.7078941699848,28.101741835160055,4
238,599555,2018-01-15 21:40:00,2051.37841796875,2051.0050227126408,1955.6936311000024,2165.097690438353,0.13942401728488027,0.37339525610923374,4
239,599586,2018-01-16 02:50:00,1632.216796875,1884.7745261742841,1779.0407142643012,1981.357829929006,63785.40662881047,252.55772929928412,4
240,599589,2018-01-16 03:20:00,1854.2034912109373,1891.429272472576,1791.5757571185882,1980.6236718560492,1385.7587905393752,37.22578126163876,4
241,599623,2018-01-16 09:00:00,2002.3994140625,1932.6353195922745,1850.906925821992,2042.7045096094175,4867.028877250545,69.76409447022547,4
242,599659,2018-01-16 15:00:00,1723.5064697265625,1768.715589050047,1662.2518881680967,1874.9064089013193,2043.8644700050506,45.2091193234844,4
243,599668,2018-01-16 16:30:00,1980.8773193359373,1936.2641038474103,1819.7708028555367,2051.6836813858035,1990.3389962257431,44.613215488526976,4
244,630611,2018-08-20 21:50:00,190.0885009765625,196.95541645064807,94.17785908662654,324.1497839433972,47.15452812823589,6.866915474085573,4
245,630644,2018-08-21 03:20:00,40.63288116455078,35.36053191797862,-55.88278707572823,138.72803266515666,27.797666577830043,5.272349246572162,4
246,630698,2018-08-21 12:20:00,113.9542465209961,136.43698654337354,16.946834113205878,257.32269139328434,505.4735989138124,22.482740022377442,4
247,630790,2018-08-22 03:40:00,363.2376403808594,396.211326126907,295.20264872179587,495.10875814037377,1087.263951679105,32.973685746047636,4
248,630800,2018-08-22 05:20:00,260.8701477050781,260.1307607283037,165.40080655294892,343.49229751248953,0.546693101423626,0.7393869767744263,4
249,630810,2018-08-22 07:00:00,138.00274658203125,128.00776624307008,38.61062628858873,238.86342615205086,99.89963197622035,9.99498033896117,4
250,630880,2018-08-22 18:40:00,391.1510925292969,392.6288193418979,300.91701562564214,476.28253487280307,2.1836765326799696,1.47772681260102,4
251,630895,2018-08-22 21:10:00,449.6423645019531,455.11931484681116,345.5070159343908,558.7649876950464,29.9969850800406,5.476950344858039,4
252,630948,2018-08-23 06:00:00,68.0724868774414,71.50152289560175,-15.567028731890154,164.51735071582792,11.75828801384096,3.429036018160346,4
253,630965,2018-08-23 08:50:00,54.94490432739258,51.0569234556262,-51.00145964468032,144.53434832677178,15.116395259221266,3.8879808717663806,4
254,631027,2018-08-23 19:10:00,1043.5958251953125,1073.7978109984726,963.2817871324601,1173.498164751837,912.1599464542868,30.20198580316014,4
255,631058,2018-08-24 00:20:00,971.986083984375,1014.7103766230757,905.7036067624027,1122.166282889624,1825.3651814773364,42.72429263870072,4
256,631107,2018-08-24 08:30:00,1568.056640625,1432.3755781308237,1319.9574631290848,1517.65607129042,18409.350719548584,135.68106249417633,4
257,631218,2018-08-25 03:00:00,1487.516845703125,1460.2995234455607,1367.649275631477,1555.158304067021,740.7826308721061,27.21732225756432,4
258,631330,2018-08-25 21:40:00,100.6894989013672,74.97145992761973,-17.303443421973476,189.07443058209574,661.4175286551938,25.71803897374747,4
259,631378,2018-08-26 05:40:00,531.0867919921875,444.5754125857577,332.85965969769745,555.2846966566831,7484.218766803246,86.5113794064298,4
260,631431,2018-08-26 14:30:00,1506.328369140625,1579.4088218041484,1478.043573903914,1666.0029134280446,5340.752561505481,73.08045266352337,4
261,631436,2018-08-26 15:20:00,532.9247436523438,528.0205712040971,427.7021611022401,631.4264489183039,24.050907402141448,4.904172448246641,4
262,631809,2018-08-29 05:30:00,147.1938934326172,173.98884450959562,84.23361707547681,265.9927921170929,717.9694032176678,26.794951076978435,4
263,632277,2018-09-01 11:30:00,347.6366577148437,317.06308740313995,204.59859833404101,421.80534824574823,934.7432016046928,30.573570311703747,4
264,632310,2018-09-01 17:00:00,112.09323120117188,117.62175260719746,7.343514624448756,214.45016288554237,30.564548936883163,5.52852140602559,4
265,632334,2018-09-01 21:00:00,271.6881408691406,283.7949596903976,178.17240980908934,381.020217172445,146.57506197074224,12.10681882125698,4
266,632478,2018-09-02 21:00:00,521.7286376953125,503.3755655298001,398.75449664595357,613.0717887124283,336.83525791250605,18.3530721655124,4
267,632617,2018-09-03 20:10:00,427.6202087402344,494.32579166711423,387.34665384664214,591.1063361923696,4449.634793614845,66.70558292687986,4
268,632754,2018-09-04 19:00:00,198.4600372314453,151.80815214170124,57.69769406808245,267.622035536032,2176.398382426685,46.65188508974407,4
269,632851,2018-09-05 11:10:00,206.74903869628903,189.77849336711103,88.13665513228182,289.85404600477665,287.99940876968554,16.97054532917801,4
270,632903,2018-09-05 19:50:00,60.44956207275391,71.07995955215299,-50.46817259293894,164.55521678620582,113.00535057001414,10.630397479399072,4
271,632959,2018-09-06 05:10:00,308.6480407714844,336.0477003660613,231.22735295999487,440.95017238810345,750.741345898691,27.399659594576917,4
272,633044,2018-09-06 19:20:00,131.7326202392578,124.54414199697206,23.757255515161265,215.56357075951865,51.67421943981569,7.188478242285754,4
273,633090,2018-09-07 03:00:00,570.3511352539062,563.6273300404788,472.5899414202216,674.4046930186176,45.20955654811421,6.723805213427454,4
274,633289,2018-09-08 12:10:00,724.40087890625,748.8721817604181,659.2504085258761,852.5956169591284,598.8446633804173,24.47130285416813,4
275,633393,2018-09-09 05:30:00,897.5176391601562,781.9156042505138,674.5172220488784,895.3269957718849,13363.830475250203,115.6020349096425,4
276,633422,2018-09-09 10:20:00,1524.151611328125,1694.0692261639826,1587.9906877859282,1788.9185400159877,28871.995831506872,169.91761483585765,4
277,633752,2018-09-11 17:20:00,172.40283203125,155.0491050615471,54.00430275907988,246.64154572278025,301.15183973899394,17.353726969702905,4
278,633764,2018-09-11 19:20:00,446.46038818359375,401.1202942859896,311.66353215661746,499.2252710165358,2055.724114643562,45.34009389760416,4
279,633864,2018-09-12 12:00:00,81.29508972167969,51.40360293197511,-36.44023067080694,137.66806320105164,893.5009824990834,29.89148678970458,4
280,633913,2018-09-12 20:10:00,373.44036865234375,305.9481520000632,190.1242857008176,415.8892818590498,4555.199308638375,67.49221665228055,4
281,633916,2018-09-12 20:40:00,357.9060363769531,339.6041115050622,224.10529784338397,453.8494036213043,334.96045401634046,18.301924871890947,4
282,633981,2018-09-13 07:30:00,83.32833862304688,70.86242472889998,-15.804449387178217,177.66085029883013,155.39900921628458,12.465913894146894,4
283,634027,2018-09-13 15:10:00,342.67901611328125,256.2235221817092,146.4689613399233,346.40618569535684,7474.5524309520915,86.45549393157205,4
284,634059,2018-09-13 20:30:00,229.9560546875,204.5962315825557,113.68850811157485,313.5331900814679,643.1206279140666,25.359823104944297,4
285,634123,2018-09-14 07:10:00,852.7893676757812,888.4496869310186,789.9669410129454,982.5162219644014,1271.658369385453,35.66031925523737,4
286,634124,2018-09-14 07:20:00,777.05908203125,750.6628907765444,639.6824437356437,849.6585490487354,696.7589127549978,26.396191254705627,4
287,634134,2018-09-14 09:00:00,383.0263671875,382.22105380677203,275.42667046333804,490.792181626015,0.6485296411795066,0.8053133807279664,4
288,634189,2018-09-14 18:10:00,1231.267333984375,1183.2053339056336,1078.9281815479417,1294.8420103163194,2309.9558515689428,48.06200007874145,4
289,634222,2018-09-14 23:40:00,705.6717529296875,766.1161452032031,667.890044972765,853.8774760315358,3653.5245573146362,60.44439227351563,4
290,634257,2018-09-15 05:30:00,1026.2864990234375,1107.3373445559698,1022.5808988116186,1217.4764754552607,6569.239561538415,81.05084553253232,4
291,634301,2018-09-15 12:50:00,459.80029296875,440.1604847283232,340.4356005408263,539.7843544995723,385.7220677207371,19.639808240426817,4
292,634390,2018-09-16 03:40:00,879.6940307617188,926.0340810171128,827.6909764099643,1005.0599255433111,2147.4002576724497,46.34005025539409,4
293,634401,2018-09-16 05:30:00,596.7369995117188,556.3490907320456,467.94423025620813,648.4928357420144,1631.1831755951976,40.387908779673126,4
294,634549,2018-09-17 06:10:00,685.941650390625,718.5137759339318,626.5870248761543,820.5950329287185,1060.94336240894,32.57212554330681,4
295,634735,2018-09-18 13:10:00,2061.50439453125,2067.617799147012,1946.6795786825967,2172.1353416106326,37.373715996022476,6.113404615762192,4
296,634805,2018-09-19 00:50:00,1567.713623046875,1500.8394776798746,1411.297846534672,1582.4791719615255,4472.151318566706,66.87414536700044,4
297,634820,2018-09-19 03:20:00,914.7715454101562,876.7285783324354,777.088899968265,980.4631782889023,1447.267344076552,38.042967077720846,4
298,635003,2018-09-20 09:50:00,-0.4444055259227752,-4.8520310167912735,-126.68032117286657,88.88528845695161,19.42716246775377,4.407625490868498,4
299,635014,2018-09-20 11:40:00,108.71331024169922,89.91003836627371,-11.72612548746585,179.66183336978668,353.5630332211679,18.80327187542551,4
300,635127,2018-09-21 06:30:00,2032.602783203125,1965.0496568158374,1872.6069550695781,2074.96022595328,4563.4248846968585,67.55312638728765,4
301,635148,2018-09-21 10:00:00,2032.1275634765625,2044.9546188603529,1940.5862675971725,2142.0985979020297,164.53334981882543,12.827055383790366,4
302,635300,2018-09-22 11:20:00,268.6479797363281,330.80216601954044,225.64676284005668,425.54230814576,3863.1428725282576,62.15418628321231,4
303,635380,2018-09-23 00:40:00,11.250252723693848,11.094047514465862,-90.48488242837908,116.843834959155,0.024400067389958875,0.15620520922798597,4
304,635399,2018-09-23 03:50:00,175.35621643066406,175.52380687125458,64.03440050056874,293.6809320529704,0.02808655577732319,0.16759044059051575,4
305,635456,2018-09-23 13:20:00,574.3302001953125,623.7888608364846,516.3287131792708,721.2943947308991,2446.159112418622,49.45866064117206,4
306,635524,2018-09-24 00:40:00,537.2448120117188,490.37784794229066,397.2552219176957,594.2106296375931,2196.512321085064,46.86696406942809,4
307,635545,2018-09-24 04:10:00,392.1269226074219,428.9490960078398,309.4337961194479,536.7170960353285,1355.8724539304442,36.82217340041791,4
308,635598,2018-09-24 13:00:00,166.56228637695312,148.79665294061883,57.985779360658526,232.23697296160267,315.6177313941992,17.765633436334298,4
309,635643,2018-09-24 20:30:00,147.2782440185547,200.22978626329552,111.44843424291967,313.04144640257175,2803.8658260965735,52.951542244740835,4
310,635686,2018-09-25 03:40:00,-0.7501010298728943,0.059565129848785245,-103.39615493091554,92.46532417668777,0.6555592901984523,0.8096661597216795,4
311,635736,2018-09-25 12:00:00,469.733642578125,442.60394278047846,348.12864742318914,550.6774240605351,736.0206111104226,27.129699797646538,4
312,635765,2018-09-25 16:50:00,797.6630249023438,747.2252582204313,638.2035907253563,843.7241616302713,2543.9683078590347,50.43776668191242,4
313,635779,2018-09-25 19:10:00,548.7195434570312,529.4005683177961,427.2234069537912,627.5195362259767,373.22280043038523,19.318975139235135,4
314,635815,2018-09-26 01:10:00,1546.720703125,1541.4391503610132,1436.8147717538618,1632.9501001423032,27.894799598777006,5.281552763986838,4
315,635820,2018-09-26 02:00:00,1319.65673828125,1411.9177322002201,1295.329401420877,1508.837009177353,8512.090998916246,92.26099391897014,4
316,635828,2018-09-26 03:20:00,1695.81982421875,1632.2022117431,1530.5173330721339,1726.725409990605,4047.200617101985,63.61761247565005,4
317,636004,2018-09-27 08:40:00,168.98394775390625,143.3659375856307,44.07523594789811,259.38385463965426,656.28244498187,25.61801016827556,4
318,636122,2018-09-28 04:20:00,334.13983154296875,389.59436467071424,294.0198265705257,478.5799753555154,3075.2052444162223,55.45453312774549,4
319,636124,2018-09-28 04:40:00,354.18463134765625,327.16672071948784,215.6467387547284,432.7885180883138,729.9674947116954,27.01791062816841,4
320,636216,2018-09-28 20:00:00,182.0640411376953,189.80754451917787,103.4954766816814,291.96943547132224,59.96184461903176,7.7435033814825545,4
321,636363,2018-09-29 20:30:00,583.0343017578125,498.75028680212466,391.1264235819307,612.893329200502,7103.795177050611,84.28401495568784,4
322,636393,2018-09-30 01:30:00,518.5375366210938,578.481772015999,482.0056555705778,680.5263687262217,3593.3113570798128,59.94423539490526,4
323,636619,2018-10-01 15:10:00,362.0281372070313,320.0192233200834,224.1077974027648,405.43421514509174,1764.7488459610024,42.00891388694788,4
324,636724,2018-10-02 08:40:00,284.58514404296875,297.61778040431295,174.72257635437236,385.52690757225366,169.84961052703105,13.032636361344203,4
325,636733,2018-10-02 10:10:00,1595.449951171875,1569.0584007615387,1448.203742211194,1684.8769074588463,696.5139330613233,26.391550410336322,4
326,636735,2018-10-02 10:30:00,2030.823974609375,1888.3284078645274,1772.324680693672,2013.515275442938,20304.98654193531,142.49556674484757,4
327,636804,2018-10-02 22:00:00,469.6740112304688,458.6923104116379,352.39984624994077,566.2395530951659,120.59775287431161,10.981700818830916,4
328,636819,2018-10-03 00:30:00,306.0769958496094,294.1820648549705,184.20330883287698,396.32558065026757,141.4893833672201,11.894930994638855,4
329,636825,2018-10-03 01:30:00,214.1817169189453,154.73091170365245,49.507448658708434,256.6567343924568,3534.398240746693,59.45080521529286,4
330,636888,2018-10-03 12:00:00,363.5173034667969,283.7327153859491,186.95480126410362,378.5965844926247,6365.580495230553,79.78458808084775,4
331,636916,2018-10-03 16:40:00,114.8345947265625,106.15463890744745,13.705979878353089,216.9631626452025,75.34163302178924,8.679955819115051,4
332,636962,2018-10-04 00:20:00,393.3689880371094,413.26315692464664,316.1288709815057,509.7073788885686,395.7779557258556,19.894168887537262,4
333,636980,2018-10-04 03:20:00,307.7127990722656,342.0380754641943,255.36356756484622,434.1840598997301,1178.2245993822976,34.325276391928696,4
334,637064,2018-10-04 17:20:00,665.262451171875,821.0095035917849,724.7519427127946,917.2246302874993,24257.14433749016,155.7470524199099,4
335,637096,2018-10-04 22:40:00,1004.1693725585938,1116.4405752043554,1005.3801489967642,1232.1850521439737,12604.822943525667,112.2712026457616,4
336,637231,2018-10-05 21:10:00,20.175498962402344,43.61683968924581,-66.65788489469833,139.87059870931355,549.4964550719701,23.441340726843464,4
337,637321,2018-10-06 12:10:00,1645.7802734375,1618.0219385979105,1511.333597573431,1726.1656300088864,770.5251530667656,27.758334839589452,4
338,637434,2018-10-07 07:00:00,-3.298097610473633,11.582876198920175,-87.63649537469979,120.01350017988808,221.44338151586447,14.880973809393808,4
339,637576,2018-10-08 06:40:00,906.3491821289062,994.2095255227916,900.0553373527365,1091.5088092762442,7719.43994129146,87.86034339388539,4
340,637647,2018-10-08 18:30:00,719.3622436523438,750.5005491739603,651.5397021562958,853.3325735850021,969.5940707575345,31.13830552161653,4
341,637837,2018-10-10 16:00:00,418.83502197265625,517.5846712113006,422.9793564692146,623.8137133561086,9751.49322475529,98.74964923864434,4
342,637848,2018-10-10 17:50:00,307.0043029785156,296.5552963837451,197.40508947167217,393.80108578261644,109.18173881755818,10.449006594770538,4
343,638037,2018-10-12 01:20:00,1090.2021484375,1156.1753754106555,1052.0014959702364,1271.262719177543,4352.466677251497,65.97322697315553,4
344,638061,2018-10-12 05:20:00,2016.9866943359373,2007.3917976497553,1924.4020623610604,2108.9862272228875,92.062042418506,9.594896686181983,4
345,638149,2018-10-12 20:00:00,1962.098388671875,1932.17292531305,1802.5282291661733,2047.995077992196,895.5333572403792,29.925463358825027,4
346,638167,2018-10-12 23:00:00,2014.4805908203125,1960.5341838575293,1861.2993389210174,2063.740657754783,2910.214824194219,53.94640696278316,4
347,638282,2018-10-13 18:10:00,1985.7489013671875,1974.1771532358548,1888.150191755825,2090.6860443770074,133.90535481500177,11.571748131332697,4
348,638313,2018-10-13 23:20:00,865.8251953125,768.6419798068385,666.9780822057265,871.4538997626992,9444.577376019837,97.18321550566145,4
349,638329,2018-10-14 02:00:00,465.8089599609375,529.1418876231738,443.27955360217817,628.8562148855905,4011.05972627006,63.33292766223633,4
350,638333,2018-10-14 02:40:00,631.1851806640625,634.1067776751989,529.4921484268115,722.0817714103136,8.535729095481388,2.9215970111364413,4
351,638382,2018-10-14 10:50:00,832.685302734375,744.9535823512906,656.8254904652655,824.8862710007429,7696.8547613757055,87.7317203830844,4
352,638419,2018-10-14 17:00:00,768.2376708984375,765.3024028124311,661.5351741759223,850.8467627135866,8.615798736727857,2.935268086006431,4
353,638565,2018-10-15 17:20:00,601.88134765625,701.618227690266,591.3563237733484,800.9229047561697,9947.44523891971,99.73688003401605,4
354,638613,2018-10-16 01:20:00,-0.5868500471115112,-11.04332478593079,-138.41862782168874,94.02600077270826,109.33786396356572,10.45647473881928,4
355,638670,2018-10-16 10:50:00,47.28879928588867,47.08564448258212,-55.97567328330701,149.9644965353559,0.04127187410652437,0.20315480330655333,4
356,638674,2018-10-16 11:30:00,127.67677307128906,153.0808364249592,55.24955853841465,238.74988478810693,645.3664348772854,25.404063353670125,4
357,638872,2018-10-17 20:30:00,378.1472778320313,346.3866422311995,242.0095483941415,441.0742892879174,1008.7379737688237,31.76063560083179,4
358,639166,2018-10-19 21:30:00,492.1911315917969,475.7531519824969,381.79333691436597,581.3607522723878,270.20717363576216,16.437979609299987,4
359,639333,2018-10-21 01:20:00,402.1370239257813,362.2563618027312,245.88319107088776,453.98926356755265,1590.467211372884,39.880662123050115,4
360,639377,2018-10-21 08:40:00,305.9404296875,305.51862414884494,209.45747764863881,398.44449309070154,0.17791991244008915,0.42180553865506454,4
361,639505,2018-10-22 06:00:00,503.3409423828125,532.8109739185335,422.46918105158994,640.855940102157,868.482758716389,29.470031535720977,4
362,639617,2018-10-23 00:40:00,1762.5120849609375,1778.370001307983,1685.5805869143492,1887.206661132043,251.47351086989613,15.857916347045602,4
363,641418,2018-11-15 04:30:00,220.942138671875,236.27026676577546,133.99369771653429,337.74565247170904,234.95151086302056,15.32812809390046,4
364,641497,2018-11-15 17:40:00,263.8435363769531,255.26711102223078,147.79292941358506,383.2484651698911,73.55507186512432,8.576425354722346,4
365,641591,2018-11-16 09:20:00,49.55882263183594,54.036237062792885,-57.4053230120893,153.73965587035548,20.04723998654153,4.477414430956948,4
366,642027,2018-11-19 10:00:00,869.4057006835938,864.1364226079554,770.5863018461603,982.2210058822969,27.765291438402887,5.26927807563834,4
367,642113,2018-11-20 00:20:00,930.7044677734376,936.419730239273,833.942675364492,1031.4193901812957,32.66422505338687,5.715262465835394,4
368,642130,2018-11-20 03:10:00,1395.1368408203125,1246.7532865659487,1157.5173433434443,1342.1542596573624,22017.67917315774,148.38355425436384,4
369,642186,2018-11-20 12:30:00,1041.88916015625,937.6727842591324,830.0645929491703,1024.2777983210747,10861.053005129312,104.21637589711759,4
370,642280,2018-11-21 04:10:00,243.71923828125,203.7209429753797,107.67788887310213,299.44308311911465,1599.863627375606,39.9982953058703,4
371,642318,2018-11-21 10:30:00,564.153564453125,511.073319825243,409.2303681764525,621.8260872340347,2817.5123697557956,53.080244627881996,4
372,642406,2018-11-22 01:10:00,91.70646667480467,94.38910372463661,-16.480054215263404,207.8319399565943,7.19654154113101,2.682637049831939,4
373,642449,2018-11-22 08:20:00,224.5312347412109,181.2432489040105,84.97998585284273,275.9491292290314,1873.8497178416633,43.28798583720041,4
374,642450,2018-11-22 08:30:00,124.75829315185548,96.59977921104287,-13.283405174732652,195.02036135953495,792.9019073549382,28.15851394081261,4
375,642537,2018-11-22 23:00:00,40.96086120605469,42.82473955633382,-55.26724115136756,131.2252302654051,3.4740425046392507,1.8638783502791298,4
376,642653,2018-11-23 18:20:00,250.6038818359375,232.3391839981471,150.91956973962974,351.69433107758573,333.5991871057856,18.264697837790408,4
377,642704,2018-11-24 02:50:00,363.1170654296875,322.52999440894786,223.05785357878665,396.13274487754956,1647.3103340425637,40.58707102073964,4
378,642716,2018-11-24 04:50:00,357.35382080078125,397.77884897016753,302.35366921068606,490.4073547788471,1634.1829024956742,40.42502816938628,4
379,642721,2018-11-24 05:40:00,258.8731689453125,334.5333176457407,224.53700134741362,441.43285862164265,5724.458101370904,75.66014870042818,4
380,642736,2018-11-24 08:10:00,473.15570068359375,452.880206027354,342.9429477143611,563.333415025966,411.0956835552064,20.275494656239744,4
381,642748,2018-11-24 10:10:00,436.424560546875,433.35503153446024,324.78142844897684,549.035407736116,9.422008358055944,3.069529012414762,4
382,642899,2018-11-25 11:20:00,149.87490844726562,183.27012682605724,102.73339702654452,263.8123385353598,1115.240610567181,33.39521837879161,4
383,643241,2018-11-27 20:20:00,324.4225769042969,289.9529482256414,194.08604650212408,383.3460001465928,1188.1553012443865,34.469628678655454,4
384,643389,2018-11-28 21:00:00,2002.007080078125,1926.6324524982265,1815.494158325097,2042.7703823271913,5681.334482808398,75.37462757989852,4
385,643401,2018-11-28 23:00:00,1874.339599609375,1830.4005440768199,1724.0091243780446,1925.8187163224723,1930.6406010929636,43.93905553255513,4
386,643414,2018-11-29 01:10:00,953.7488403320312,962.9654440010496,865.5038366245493,1058.410477562575,84.9457831917626,9.216603669018355,4
387,643451,2018-11-29 07:20:00,2053.500244140625,2050.985513603601,1939.4927783288615,2152.6641965998897,6.323869673842054,2.5147305370242066,4
388,643522,2018-11-29 19:10:00,1870.6800537109373,1882.4517545426013,1774.6693772410495,1974.1950929741777,138.5729404701994,11.77170083166402,4
389,643563,2018-11-30 02:00:00,1860.5391845703125,1818.1621608686023,1713.8868563506132,1925.4153979119833,1795.8121378153069,42.377023701710186,4
390,643697,2018-12-01 00:20:00,926.0851440429688,884.3928445410639,792.7376920940333,961.4796966743568,1738.2478377565324,41.69229950190481,4
391,643699,2018-12-01 00:40:00,658.0640258789062,674.554030242943,582.2705185748322,773.0356940410187,271.9202439259506,16.490004364036736,4
392,643708,2018-12-01 02:10:00,351.1937866210937,388.25030740245774,272.3147546365215,478.493253727958,1373.185732419665,37.05652078136404,4
393,643856,2018-12-02 02:50:00,1515.0628662109375,1377.83206789204,1288.877193818355,1481.8028235790207,18832.292007241933,137.23079831889754,4
394,643867,2018-12-02 04:40:00,1927.7340087890625,1851.285442197227,1752.8164468194095,1945.9534317670957,5844.383333946309,76.44856659183552,4
395,643889,2018-12-02 08:20:00,1506.8524169921875,1544.709239174951,1438.0925685060658,1642.0470113965239,1433.1389857773827,37.85682218276361,4
396,643966,2018-12-02 21:10:00,2022.8369140625,1969.3138584087517,1876.1240572115835,2081.1264847220923,2864.7174865142397,53.523055653748315,4
397,644044,2018-12-03 10:10:00,1755.4202880859375,1811.2373890071665,1718.5739995579718,1911.6215284904845,3115.5487552506615,55.817100921228985,4
398,644050,2018-12-03 11:10:00,1235.71923828125,1274.6335101057293,1173.7756165425208,1391.2784217607148,1514.3205516294656,38.91427182447933,4
399,644071,2018-12-03 14:40:00,402.8434753417969,435.16892126824285,340.9599701068645,541.4170037804349,1044.934454343583,32.32544592644598,4
400,644169,2018-12-04 07:00:00,503.941162109375,564.4460434278942,469.27050951226755,650.4956441050006,3660.8406633680947,60.50488131851921,4
401,644242,2018-12-04 19:10:00,176.02450561523438,184.8866562466931,85.77767214374158,282.86743574038684,78.53771381466416,8.862150631458718,4
402,644253,2018-12-04 21:00:00,272.7530517578125,285.1389680976408,183.28083559265895,382.40656903070135,153.41092357722636,12.385916339828327,4
403,644287,2018-12-05 02:40:00,572.909423828125,563.067893754407,456.8885129389488,658.2317290092822,96.85571419189563,9.84153007371799,4
404,644407,2018-12-05 22:40:00,718.6574096679688,660.8839480136779,551.3380798205807,761.4431662096833,3337.7728715198127,57.77346165429083,4
405,644414,2018-12-05 23:50:00,543.18896484375,563.8290602329536,458.16658514495504,680.6782425664902,426.0135376754223,20.640095389203566,4
406,644716,2018-12-08 02:30:00,2041.601318359375,2055.511439952646,1936.4386022971669,2168.968414380083,193.49148273958454,13.910121593271015,4
407,644814,2018-12-08 18:50:00,1995.7333984375,1947.7173611157345,1843.1576153401093,2050.0253895174465,2305.5398400851727,48.01603732176545,4
408,644907,2018-12-09 10:20:00,1010.1934814453124,989.0596281055497,892.8257074104803,1096.79968774789,446.6397569865994,21.13385333976271,4
409,644911,2018-12-09 11:00:00,732.7698974609375,771.854790083201,677.5285124139252,888.9882268547636,1527.6288312938686,39.08489262226351,4
410,645209,2018-12-11 12:40:00,107.03804779052734,75.7465620827735,-35.567283395139114,168.53740667588022,979.1570777985635,31.29148570775385,4
411,645243,2018-12-11 18:20:00,437.6287536621094,436.6684767339109,343.390378270098,534.5662350619324,0.9221317788303125,0.960276928198482,4
412,645253,2018-12-11 20:00:00,415.8728942871094,338.63420048961785,237.16393073589475,442.59627061220726,5965.815819542655,77.23869379749152,4
413,645347,2018-12-12 11:40:00,346.9101257324219,333.83951264881875,242.83854207344208,434.9801948838009,170.84092638125708,13.07061308360312,4
414,645612,2018-12-14 07:50:00,852.17529296875,965.2795893453547,857.1327217319854,1067.262312496935,12792.58185884683,113.10429637660468,4
415,645759,2018-12-15 08:20:00,1964.568115234375,1886.1298116675232,1784.396349126076,2010.0382701414735,6152.5674664455955,78.4383035668518,4
416,645797,2018-12-15 14:40:00,2055.286376953125,2035.2025554405402,1923.5423501892599,2134.6413720514797,403.35988654936364,20.08382151258479,4
417,646012,2018-12-17 02:30:00,1366.8638916015625,1262.193778518293,1160.7992368115097,1365.1899581421349,10955.832572864445,104.6701130832696,4
418,646259,2018-12-18 20:30:00,473.4486389160156,514.3819246411987,402.7224971857604,618.3724570853958,1675.533880259475,40.933285725183055,4
419,646442,2018-12-20 03:00:00,720.2761840820312,645.4508527600715,538.1710786132942,737.4735022448373,5598.830207441053,74.82533132195977,4
420,646472,2018-12-20 08:00:00,1030.7911376953125,1109.5359867921259,1013.1034766314827,1208.3469181601927,6200.751259279909,78.74484909681337,4
421,646515,2018-12-20 15:10:00,1417.6578369140625,1350.7806492320226,1253.491443211307,1442.454855809105,4472.55823225879,66.8771876820399,4
422,646552,2018-12-20 21:20:00,678.6973876953125,608.8769986456333,498.79979092020983,730.7801840371718,4874.8867270485625,69.82038904967919,4
423,646652,2018-12-21 14:00:00,2049.072265625,2047.66240283876,1928.1867725269458,2166.247134607943,1.9877130760242898,1.4098627862399553,4
424,646685,2018-12-21 19:30:00,405.7032165527344,390.6164504976671,297.7111327437961,495.0054461044122,227.61051000033098,15.0867660550673,4
425,646748,2018-12-22 06:00:00,2022.0537109375,2017.5678900011649,1902.76141412874,2145.149394877362,20.12258947286259,4.485820936335131,4
426,646813,2018-12-22 16:50:00,737.6896362304688,681.3218979941631,584.7717870581466,786.5455379449157,3177.3219138766713,56.36773823630563,4
427,646912,2018-12-23 09:20:00,179.0052947998047,157.26920116789003,56.67417639117148,245.1457153571503,472.45776637536085,21.736093631914656,4
428,646962,2018-12-23 17:40:00,21.942934036254883,47.10953832287481,-76.52891305189533,141.13821121653856,633.3579713193166,25.16660428661993,4
429,646983,2018-12-23 21:10:00,156.91336059570312,156.93743672275525,39.62377068057818,262.00759828340404,0.0005796598938301201,0.02407612705212614,4
430,647017,2018-12-24 02:50:00,142.0368194580078,83.61610550947307,-17.393966639586083,176.27843784226403,3412.9798182565214,58.42071394853474,4
431,647028,2018-12-24 04:40:00,66.0328369140625,41.021028660227635,-69.58491897724389,164.1188335030348,625.5905521266019,25.011808253834865,4
432,647050,2018-12-24 08:20:00,39.32094192504883,18.173373424327128,-79.41155011904115,118.45270370145707,447.21965349271665,21.1475685007217,4
433,647116,2018-12-24 19:20:00,426.8306274414063,427.48180202336005,334.17102182085483,525.9783141353053,0.4240283361826275,0.6511745819537396,4
434,647347,2018-12-26 09:50:00,263.7614440917969,279.2367600329814,175.98239763298525,364.74271671162734,239.48540347948014,15.475315941184533,4
435,647380,2018-12-26 15:20:00,147.39608764648438,127.67458156198886,28.066323242136733,212.95531178472686,388.93780224079364,19.721506084495516,4
436,647470,2018-12-27 06:20:00,29.3870906829834,18.85571296341553,-73.02129871922973,117.95456631634443,110.9099166722105,10.531377719567868,4
437,647505,2018-12-27 12:10:00,13.762460708618164,13.340143426874475,-80.37570089934412,134.16377049669734,0.17835188645937866,0.4223172817436893,4
438,647628,2018-12-28 08:40:00,137.00827026367188,132.6242650898947,23.503772110674692,248.6643265291241,19.21950136370511,4.384005173777183,4
439,647807,2018-12-29 14:30:00,594.241455078125,539.5029609944081,443.9264549925818,618.8426562741232,2996.3027345531086,54.73849408371689,4
440,647964,2018-12-30 16:40:00,384.9712219238281,447.925586945068,345.13098158227973,562.2526604531727,3963.2520752275113,62.95436502123988,4
441,648117,2018-12-31 18:10:00,594.0368041992188,554.7040317305548,434.9149908558616,661.7130788885921,1547.0669900716896,39.33277246866396,4
442,648300,2019-01-02 00:40:00,213.97364807128903,149.97099489844484,55.12774402880359,248.7461658218571,4096.339613163383,64.00265317284419,4
443,648400,2019-01-02 17:20:00,-3.232417345046997,-8.28973369073217,-120.71470860709341,84.6036736479064,25.576448620334432,5.057316345685173,4
444,648452,2019-01-03 02:00:00,-0.5879170298576355,0.31007848507061225,-97.75036638580596,85.42344470333829,0.8063959448312488,0.8979955149282477,4
445,648508,2019-01-03 11:20:00,-0.5356340408325195,-0.7513641125637848,-103.33037709155187,120.0909609373486,0.04653946384917684,0.21573007173126524,4
446,648525,2019-01-03 14:10:00,-1.620239496231079,-1.4320236454221957,-115.53170849764386,128.88745964743322,0.03542520649571184,0.18821585080888337,4
447,648609,2019-01-04 04:10:00,161.51242065429688,149.7542629328072,41.42281692428046,242.01204005602438,138.25427300342741,11.758157721489681,4
448,648992,2019-01-06 20:00:00,45.18245315551758,72.96812165394005,-28.73592476221662,173.64872321280282,772.0433739042267,27.785668498422467,4
449,649023,2019-01-07 01:10:00,688.6909790039062,697.3459793849318,587.1444983914382,815.085459135133,74.90903159555158,8.655000381025502,4
450,649044,2019-01-07 04:40:00,746.0106201171875,690.3857927102446,587.3444558227361,777.8492502554537,3094.121424052189,55.62482740694293,4
451,649245,2019-01-08 14:10:00,846.9951782226562,763.7176669196871,654.336903773705,869.5029109094085,6935.143888816158,83.27751130296917,4
452,649415,2019-01-09 18:30:00,286.1842346191406,297.48747050562235,195.20490520157506,436.3453123941318,127.76314150544842,11.30323588648173,4
453,649443,2019-01-09 23:10:00,325.03717041015625,302.12196076305634,201.39063905183957,396.2824823514046,525.106833170541,22.915209647099914,4
454,649506,2019-01-10 09:40:00,248.6197204589844,190.24476004683947,77.03346492278814,297.1475997406467,3407.6360031194877,58.37496041214493,4
455,649779,2019-01-12 07:30:00,1381.265625,1242.616053051154,1147.2061494748184,1348.06619086783,19223.70380159821,138.64957194884596,4
456,649814,2019-01-12 13:20:00,1521.5618896484375,1503.7121436536092,1411.6817031525054,1589.5295051643761,318.6134320798873,17.849745994828254,4
457,649837,2019-01-12 17:10:00,1524.946044921875,1691.4989078374513,1565.0270866082117,1798.5360522743588,27739.856145374742,166.55286291557627,4
458,649894,2019-01-13 02:40:00,1450.8238525390625,1381.4550725970214,1295.4766371617254,1521.6881867185098,4812.027630647323,69.3687799420411,4
459,650219,2019-01-15 08:50:00,1061.7291259765625,1021.8156890216524,926.3635714794492,1131.652788035432,1593.0824495535865,39.91343695491014,4
460,650226,2019-01-15 10:00:00,1425.8426513671875,1417.6231111866819,1314.0152765260686,1526.2761418124837,67.5608407789468,8.219540180505646,4
461,650293,2019-01-15 21:10:00,767.8401489257812,856.4437521355255,753.9786040003103,949.5427338901981,7850.598501749807,88.60360320974428,4
462,650298,2019-01-15 22:00:00,992.0714721679688,1062.8163288871915,958.7472546111696,1170.2807295695136,5004.834752223357,70.74485671922275,4
463,650468,2019-01-17 02:20:00,240.7281646728516,226.62211951858475,119.26170297883493,333.1930488276324,198.98050989421492,14.106045154266837,4
464,650517,2019-01-17 10:30:00,1427.8446044921875,1351.396415039549,1245.137199175857,1463.8065381561964,5844.325670586496,76.44818945263842,4
465,650598,2019-01-18 00:00:00,56.67890930175781,59.04796190315775,-62.98557733208945,171.62471968494438,5.6124102281998045,2.369052601399936,4
466,650629,2019-01-18 05:10:00,265.7823791503906,389.04764666799497,258.2819036998961,486.97947799105987,15194.326176186565,123.26526751760434,4
467,650630,2019-01-18 05:20:00,246.1959381103516,300.7237360736725,186.7815277394499,415.8113505704045,2973.2807507287453,54.52779796332092,4
468,650746,2019-01-19 00:40:00,1000.80224609375,1018.1020437021781,911.0381228370276,1101.9141370539264,299.2829972925744,17.299797608428094,4
469,650979,2019-01-20 15:30:00,-1.9606125354766848,11.662235221856116,-85.58732898664691,93.26641031462096,185.58198101946732,13.622847757332801,4
470,650997,2019-01-20 18:30:00,23.42748260498047,65.45189535388008,-53.59882370680701,157.15379453544827,1766.051266889876,42.02441274889961,4
471,651140,2019-01-21 19:10:00,970.3726806640624,889.3808111146335,777.7974254607931,1006.7492699992059,6559.682933111706,80.99186954942888,4
472,651468,2019-01-24 01:50:00,228.02587890625,257.77345357783014,145.6861184749694,377.0276249319749,884.9181988412362,29.74757467158014,4
473,651549,2019-01-24 15:20:00,42.269779205322266,37.249972076794734,-67.77411291446651,147.91180465449835,25.198463607615825,5.019807128527532,4
474,651708,2019-01-25 17:50:00,984.0706176757812,885.4339852591053,785.5575798790699,992.6694528199148,9729.185254502454,98.63663241667598,4
475,651729,2019-01-25 21:20:00,1575.9599609375,1578.3371658865974,1473.0650649054203,1693.6305965387185,5.651103370013192,2.377204949097404,4
476,651804,2019-01-26 09:50:00,1000.3364868164062,897.7271137644376,790.9187028216469,999.1124737630093,10528.683438118069,102.60937305196865,4
477,651853,2019-01-26 18:00:00,1900.930908203125,1915.8225295384302,1804.779283617372,2025.976311680089,221.76038599411754,14.891621335305217,4
478,651884,2019-01-26 23:10:00,583.4098510742188,636.7532413123871,520.0754743465808,738.1938446315274,2845.517282101515,53.343390238168354,4
479,651954,2019-01-27 10:50:00,2006.9290771484373,2016.034630214718,1898.1782512379955,2124.37040352629,82.91109664285318,9.105553066280663,4
480,652051,2019-01-28 03:00:00,1741.224609375,1736.8826382814104,1649.4457363007127,1839.6483670367925,18.85271297756735,4.341971093589564,4
481,652073,2019-01-28 06:40:00,1240.6842041015625,1256.9380106307121,1159.0247163734523,1362.7158000697127,264.18622668702756,16.253806529149642,4
482,652079,2019-01-28 07:40:00,1602.55126953125,1592.440466524495,1493.8116666997487,1693.6558348447836,102.2283374414075,10.110803006755077,4
483,652266,2019-01-29 14:50:00,380.2658386230469,390.8477434281864,303.5932996862114,487.96775634344755,111.97670930503477,10.581904805139516,4
484,652338,2019-01-30 02:50:00,1344.787841796875,1270.8689810745875,1182.893187120283,1360.9424149930119,5463.997970480937,73.91886072228749,4
485,652348,2019-01-30 04:30:00,935.7767944335938,974.3452154021338,854.9762612523493,1068.8167776472471,1487.5230960065212,38.56842096854007,4
486,652358,2019-01-30 06:10:00,1131.30029296875,1134.614696542072,1041.4924222554844,1230.3873405068266,10.98527104684896,3.314403573321897,4
487,652377,2019-01-30 09:20:00,561.4714965820312,586.1865776651559,487.3622054000347,687.5447676381938,610.8352329454277,24.715081083124687,4
488,652390,2019-01-30 11:30:00,417.9013671875,345.47189626063715,255.1355759542067,440.59909727355347,5246.02825874527,72.42947092686285,4
489,652445,2019-01-30 21:20:00,92.6358413696289,104.30135983302783,3.7059275291357388,199.25777052583157,136.0843210199012,11.665518463398925,4
490,652613,2019-02-01 01:20:00,849.812255859375,868.7752120770364,784.7003035926161,975.3615200769656,359.5937085129421,18.96295621766137,4
491,652659,2019-02-01 09:00:00,1143.3026123046875,1237.3294745267362,1118.6581826139295,1345.0167133637938,8841.050819324139,94.02686222204875,4
492,652692,2019-02-01 14:30:00,1109.318115234375,1001.4072318127594,899.9283223629755,1099.1447400264094,11644.758760833514,107.91088342161561,4
493,652744,2019-02-01 23:10:00,894.5682373046875,843.996968188601,746.4899810296062,938.223866906212,2557.45326001164,50.571269116086455,4
494,652860,2019-02-02 18:30:00,1412.4964599609375,1498.709666643774,1392.6025366935635,1608.9312664646866,7432.717006537479,86.21320668283647,4
495,653029,2019-02-03 22:40:00,1411.33544921875,1421.8845059004009,1305.9925684176183,1531.3658654717922,111.28259687268311,10.549056681650882,4
496,653163,2019-02-04 21:00:00,128.59014892578125,137.2514764596317,28.355798065907614,251.585874391845,75.01859464863598,8.661327533850454,4
497,653448,2019-02-06 20:30:00,612.439489746094,636.2797941739583,528.0149274793446,733.2410437385748,568.360115213248,23.84030442786434,4
498,653473,2019-02-07 00:40:00,894.992410278321,997.0491402931575,887.207755101414,1097.340796860933,10415.576141321228,102.05673001483649,4
499,653562,2019-02-07 15:30:00,1906.02846950955,1889.7463239884746,1793.0160871047558,1990.6563415988876,265.10826276947364,16.282145521075336,4
500,653609,2019-02-07 23:20:00,1088.40059300473,1177.0746271436767,1070.5385914957792,1271.6363110818786,7863.084330475104,88.67403413894681,4
501,653617,2019-02-08 00:40:00,1364.63901977539,1227.6521705278196,1134.111207995773,1347.306976077922,18765.39686677654,136.98684924757026,4
502,653688,2019-02-08 12:30:00,2039.43993530274,2036.635227513275,1936.069627906496,2136.3189949524726,7.866385784285959,2.8047077894650556,4
503,653727,2019-02-08 19:00:00,2015.02865600586,1979.692974923973,1881.331914610544,2075.709811584251,1248.610357520831,35.33568108188706,4
504,653867,2019-02-09 18:20:00,1094.67480163574,1304.1064223242174,1197.1484110454737,1414.9029718324687,43861.60374420224,209.43162068847732,4
505,653870,2019-02-09 18:50:00,1587.35137939453,1498.2049305050177,1392.6144176859802,1594.2293696192773,7947.089349610444,89.14644888951238,4
506,653877,2019-02-09 20:00:00,1264.5518737793,1358.9593104588448,1258.1818527975452,1465.6672910922812,8912.76410040227,94.40743667954484,4
507,653894,2019-02-09 22:50:00,530.113108825684,529.2214575609738,435.1542283644965,629.9359012222139,0.7950419778592326,0.8916512647101626,4
508,654040,2019-02-10 23:10:00,840.570935058594,835.746302047023,724.8600636744895,944.5314343339194,23.27708369634061,4.824633011570995,4
509,654102,2019-02-11 09:30:00,211.821353530884,201.81558821838368,115.06471554983546,294.89022620162524,100.11533948883482,10.00576531250033,4
510,654116,2019-02-11 11:50:00,360.636698913574,343.07534560590517,234.1698658442615,446.5352543543633,308.40112999677024,17.56135330766881,4
511,654167,2019-02-11 20:20:00,263.687316894531,254.61548056592466,161.14772823439145,347.84169937160266,82.29821437302223,9.071836328606366,4
512,654446,2019-02-13 18:50:00,838.988424682617,855.141277282516,761.0868005989671,955.8833228727722,260.9146471140604,16.152852599898893,4
513,654462,2019-02-13 21:30:00,1889.40978393555,1842.4330410066868,1736.3419299389761,1951.4756358694883,2206.8143762044924,46.97674292886313,4
514,654487,2019-02-14 01:40:00,535.446835327149,480.7250997999544,375.8887022503406,580.24759144968,2994.468339108225,54.72173552719454,4
515,654604,2019-02-14 21:10:00,831.047308349609,789.8856083208008,679.7968976233831,901.688732505444,1694.2855492615922,41.16170002880824,4
516,654682,2019-02-15 10:10:00,434.763536241319,360.726258221025,249.69724694637517,462.642713560961,5481.518536654313,74.03727802029402,4
517,654712,2019-02-15 15:10:00,942.788989257813,937.036586053044,844.3668134703337,1027.3411328201546,33.09014263023727,5.7524032047690525,4
518,654741,2019-02-15 20:00:00,1516.48798828125,1553.1200974185822,1444.532701569482,1658.0797985116567,1341.9114198494199,36.632109137332236,4
519,654806,2019-02-16 06:50:00,532.852781677246,534.6847449515716,447.52789817596386,628.873670480343,3.356089438477886,1.8319632743256307,4
520,654812,2019-02-16 07:50:00,401.235366821289,367.2473343940392,271.9268470084291,453.916686566913,1155.1863482757824,33.98803242724978,4
521,654885,2019-02-16 20:00:00,1010.58350830078,1037.6361675160922,935.0424402212701,1141.5721511061495,731.8463706198186,27.052659215312246,4
522,655022,2019-02-17 18:50:00,888.708432006836,814.3100403394158,720.853448869434,907.3211834190486,5535.1206826988655,74.39839166742024,4
523,655200,2019-02-19 00:30:00,1159.71358947754,1076.2902130095508,973.5284055108522,1177.1840331197477,6959.459741319838,83.4233764679891,4
524,655501,2019-02-21 02:40:00,1487.43549499512,1427.8500757249192,1328.2475563565154,1545.1859015256425,3550.4221896056256,59.58541927020087,4
525,655543,2019-02-21 09:40:00,1538.46851196289,1290.1982149537423,1194.0921248389657,1401.460194439059,61638.14037701042,248.27029700914773,4
526,655558,2019-02-21 12:10:00,828.529057312012,827.2913910451075,718.2973325679156,939.0194009996023,1.5318177882333501,1.2376662669045118,4
527,655707,2019-02-22 13:00:00,145.869140625,139.3338815437572,40.78171677323688,232.8905033852271,42.709611258966476,6.535259081242799,4
528,655716,2019-02-22 14:30:00,146.538720035553,156.33015361327472,56.18756386863404,251.1712681631188,95.87217150693607,9.791433577721705,4
529,655752,2019-02-22 20:30:00,527.596969604492,479.4494731063328,366.0772030688124,593.9886316819451,2318.1814190402497,48.14749649815917,4
530,655758,2019-02-22 21:30:00,684.912475585938,674.6830798466546,574.0831479137079,774.7294654244121,104.64053719086947,10.229395739283405,4
531,655882,2019-02-23 18:10:00,154.876795196533,165.50340937013533,53.21825476151687,255.60316097556964,112.92492879460572,10.62661417360232,4
532,661676,2019-04-04 23:50:00,704.706308465255,663.0423847298653,526.772270821057,773.8307075670098,1735.882541028373,41.663923735389744,4
533,661686,2019-04-05 01:30:00,1414.49826049805,1371.0158616011306,1253.3985800274745,1480.0966140728815,1890.7190138308217,43.48239889691945,4
534,661876,2019-04-06 09:10:00,366.814463297526,420.3945244017536,310.65554172828695,530.4907453205724,2870.8229479327615,53.58006110422758,4
535,661978,2019-04-07 02:10:00,172.954005050659,181.02744026459476,78.16406314754916,284.7255116741718,65.18035615361806,8.073435213935767,4
536,662060,2019-04-07 15:50:00,159.164293050766,153.60451867213942,53.26406203903827,257.5460657256781,30.911091141232472,5.559774378626571,4
537,662068,2019-04-07 17:10:00,128.500144895754,116.03329937742889,-5.144266870667155,199.95130714846266,155.42223717778302,12.466845518325115,4
538,662082,2019-04-07 19:30:00,148.418983650208,202.58698366012266,107.1055535044396,312.6451594739358,2934.172225074115,54.168000009914664,4
539,662119,2019-04-08 01:40:00,281.419225311279,292.5118758197279,182.42219137733318,396.64919770884234,123.0468953025919,11.092650508448912,4
540,662141,2019-04-08 05:20:00,573.949971516927,659.9551687222436,555.9201161828895,759.0844312805568,7396.893946325392,86.00519720531656,4
541,662192,2019-04-08 13:50:00,327.678687477112,293.5309335272936,179.77355009062626,417.8250683678207,1166.0690998173397,34.14775394981842,4
542,662296,2019-04-09 07:10:00,860.218812561035,788.7791386208323,705.4708103847678,874.5274010011661,5103.627012682466,71.43967394020262,4
543,668430,2019-05-21 22:40:00,455.374618530273,453.4525515478293,353.3716288892833,572.1459275537267,3.694341485000267,1.9220669824437095,4
544,668768,2019-05-24 07:00:00,219.465086768655,216.72767375151952,129.25404742049622,325.7139857986009,7.493430026382775,2.7374130171354807,4
545,669027,2019-05-26 02:10:00,1133.92152404785,1181.8090068401586,1056.8279859818642,1293.085187681263,2293.2110081836595,47.887482792308674,4
546,669045,2019-05-26 05:10:00,697.025312805176,747.3652996071024,643.9484550242881,850.8813605477427,2534.1142712181286,50.33998680192644,4
547,669161,2019-05-27 00:30:00,680.426565551758,717.8643447144685,611.6654154565667,815.9245190430249,1401.5873086358815,37.43777916271051,4
548,669256,2019-05-27 16:20:00,851.26558532715,813.2131548508216,713.8431832512163,931.9082008932003,1447.987465155804,38.05243047632837,4
549,669276,2019-05-27 19:40:00,109.527265399694,104.7945701694044,-7.355802365133024,206.62135624941303,22.398404142806,4.7326952302896075,4
550,669333,2019-05-28 05:10:00,344.002696228027,367.1508348145369,282.86868625600516,450.77324558554267,535.8363200202687,23.1481385865099,4
551,669350,2019-05-28 08:00:00,769.584790039062,720.3883648388611,624.5655578673143,807.5303868504689,2420.288252478963,49.196425200200906,4
552,669396,2019-05-28 15:40:00,136.940708196163,148.80636549460863,63.327334155843786,239.52448456428436,140.79382312415595,11.865657298445626,4
553,669410,2019-05-28 18:00:00,-0.170092358746949,5.1394204021543315,-95.54567484946864,100.70557736925036,28.190925758173538,5.30951276090128,4
554,669890,2019-06-01 02:00:00,448.509140014648,426.50517672008795,338.9822810623307,522.1914235470792,484.1744006683454,22.003963294560037,4
555,670015,2019-06-01 22:50:00,944.831890869141,983.9094545968508,888.2389253593526,1105.9684630062802,1527.0559868932153,39.07756372770973,4
556,670193,2019-06-03 04:30:00,644.111599731445,616.5899245410793,513.0480811519517,705.8525068047354,757.4426052839924,27.521675190365727,4
557,670429,2019-06-04 19:50:00,349.821440124512,329.1930371568985,218.31353919482817,432.4525950629913,425.53100899424356,20.628402967613454,4
558,670441,2019-06-04 21:50:00,347.28872833252,384.6358214664205,282.5125819983733,480.22562319839324,1394.8053655522378,37.3470931339005,4
559,670448,2019-06-04 23:00:00,247.652947998047,259.666974759769,150.6170346716381,371.35192202782827,144.33683903137225,12.014026761721993,4
560,670462,2019-06-05 01:20:00,253.958849334717,235.30315432644872,123.32677313679268,352.57456659866517,348.03495624152606,18.65569500826828,4
561,670475,2019-06-05 03:30:00,403.914256286621,360.1868987557849,256.0785665086478,455.55055435013566,1912.08179662957,43.727357530836116,4
562,670560,2019-06-05 17:40:00,156.056987953186,133.28538830512025,44.777257630534486,235.3969775666586,518.5457505317879,22.771599648065745,4
563,670594,2019-06-05 23:20:00,103.884332275391,135.30256221934076,38.60434631002472,239.3598449978243,987.105172810901,31.418229943949754,4
564,670709,2019-06-06 18:30:00,171.919546508789,218.76848331121792,106.00075456034276,313.7647434259503,2194.822879517978,46.84893680242891,4
565,670746,2019-06-07 00:40:00,120.573243713379,123.4958030481166,25.942269673855403,207.01937205337407,8.541353065061879,2.922559334737599,4
566,670864,2019-06-07 20:20:00,31.8688271641731,40.99907127968784,-48.19567162888985,143.0534737031047,83.36135760889151,9.130244115514738,4
567,671028,2019-06-08 23:40:00,1116.81694641113,1134.707009799053,1038.810764485322,1234.5642166902041,320.0543680239017,17.890063387922964,4
568,671042,2019-06-09 02:00:00,1209.65555725098,1188.1801437180868,1081.0577671467388,1283.2817674312628,461.19338640877663,21.4754135328933,4
569,671270,2019-06-10 16:00:00,912.912188720704,900.901600575219,801.6217841033682,998.6569275300617,144.25422760046283,12.010588145484917,4
570,671350,2019-06-11 05:20:00,2031.84938354492,2027.469432455226,1886.7841890348864,2138.3116002655806,19.183971548111938,4.379951089694032,4
571,671374,2019-06-11 09:20:00,2045.52758789063,2019.3773222788548,1928.0292736596502,2125.1451516049888,683.8363915663946,26.15026561177524,4
572,671402,2019-06-11 14:00:00,1893.19098864104,1778.8224762487314,1669.9861386552157,1891.3400038049706,13080.156626829623,114.3685123923085,4
573,671462,2019-06-12 00:00:00,256.880438995361,316.36348970709156,223.8826012484497,436.3333917548381,3538.2333219743123,59.483050711730584,4
574,671604,2019-06-12 23:40:00,345.604925537109,437.66985252517657,335.6788518950975,518.343990919351,8475.95078131821,92.06492698806755,4
575,671691,2019-06-13 14:10:00,919.190279388428,869.0861004572558,752.847675677677,981.6505517038521,2510.4287463669216,50.104178931172214,4
576,671760,2019-06-14 01:40:00,236.365536499023,261.4844952248513,163.06793288040697,358.0202824881193,630.9620874698653,25.118958725828293,4
577,671816,2019-06-14 11:00:00,366.059364767636,310.77285779062686,208.47497704411083,418.101810256333,3056.5978537188803,55.28650697700914,4
578,671871,2019-06-14 20:10:00,550.353231811524,575.5120097082896,472.6556351505029,675.4952304385982,632.9641052587828,25.158777896765628,4
579,671876,2019-06-14 21:00:00,414.404615783691,391.4801674142853,303.19250034736916,501.06191376107927,525.5303330415475,22.924448369405695,4
580,672064,2019-06-16 04:20:00,221.758965301514,213.05459593263265,96.54769260283598,330.40727065207324,75.76604610991983,8.704369368881345,4
581,672068,2019-06-16 05:00:00,447.885462188721,445.9117206907864,346.4105394136922,546.5331058284188,3.895655500669163,1.9737414979346113,4
582,672072,2019-06-16 05:40:00,450.697131347656,536.5046463955717,435.37345236526085,651.4654918404448,7362.929638698284,85.80751504791573,4
583,672130,2019-06-16 15:20:00,1426.97227172852,1433.3682530872377,1323.1906687684486,1543.603473828199,40.908577541065476,6.3959813587177905,4
584,672143,2019-06-16 17:30:00,1715.97615966797,1730.102776034082,1628.0347456046743,1839.4648993054304,199.56128995529988,14.126616366111875,4
585,672271,2019-06-17 14:50:00,919.53226928711,867.9790335440912,762.4959600014524,955.915061635895,2657.736115575274,51.55323574301883,4
586,672272,2019-06-17 15:00:00,953.148092651367,942.1363983958637,838.0901034949123,1042.880910118681,121.25741037668564,11.011694255503357,4
587,672496,2019-06-19 04:20:00,-1.11608203053474,8.602041872874521,-70.87125486714926,109.31099750642421,94.44193220201444,9.71812390340926,4
588,672598,2019-06-19 21:20:00,96.5039169311523,110.95841219890004,12.363234399130082,215.92524307507588,208.93243344534156,14.454495267747731,4
589,672645,2019-06-20 05:10:00,1072.5870300293,1014.1684290242043,908.8014591112153,1122.2674944802286,3412.732943392561,58.41860100509564,4
590,672691,2019-06-20 12:50:00,1334.03449401856,1379.5637455444712,1275.0537484892673,1480.9400042798784,2072.912744509683,45.52925152591115,4
591,672738,2019-06-20 20:40:00,406.926071166992,437.44223210876004,314.9693345441246,538.9036696530014,931.2360786238881,30.51616094176802,4
592,672891,2019-06-21 22:10:00,-0.464145009592176,-2.7314231779276685,-138.12232641361945,110.12407730186223,5.140550292610745,2.2672781683354923,4
593,672984,2019-06-22 13:40:00,137.070748662949,136.00803334153952,33.44741788394935,251.5875945684712,1.1293638543584643,1.0627153214094847,4
594,673057,2019-06-23 01:50:00,327.196419525147,325.0961899760912,210.81103026410645,441.4593191313122,4.410964158727236,2.1002295490558254,4
595,673077,2019-06-23 05:10:00,124.104217910767,109.08324676366989,4.773680563706753,203.190208078974,225.629574201924,15.020971147097114,4
596,673319,2019-06-24 21:30:00,-2.15438153743744,5.3600944700705675,-115.36808853960936,111.26915730973452,56.46734966741349,7.514476007508008,4
597,673342,2019-06-25 01:20:00,-4.91620246767998,12.880268366516312,-99.24691724568613,123.56019214490495,316.7143741523993,17.796470834196292,4
598,673393,2019-06-25 09:50:00,449.322232055664,456.53528819552315,355.49648563923284,578.7052486050471,52.02817887675955,7.213056139859134,4
599,673531,2019-06-26 08:50:00,1085.5449798584,1042.8067235001265,942.4896446268026,1140.85372196722,1826.558556545503,42.738256358273475,4
600,673555,2019-06-26 12:50:00,1146.5716003418,1092.6269203080406,989.6725785222325,1208.3557025842324,2910.0285039446767,53.94468003375937,4
601,673701,2019-06-27 13:10:00,318.80498085022,299.810713702131,189.1210305751666,410.2428148752727,360.78218449297174,18.994267148088966,4
602,673720,2019-06-27 16:20:00,518.59941482544,560.212381153473,452.9288887760858,665.1017986537066,1731.6389666180032,41.61296632803294,4
603,673744,2019-06-27 20:20:00,239.281298065186,345.8197993499675,241.86040956069775,470.8523897948181,11350.452256007393,106.53850128478152,4
604,673787,2019-06-28 03:30:00,866.652166748048,899.8790147081132,803.6522076808822,1002.2804784333546,1104.0234253612919,33.22684796006524,4
605,673791,2019-06-28 04:10:00,642.37067565918,632.1135943671059,530.4741928693868,732.9264621947923,105.20771663221834,10.25708129207419,4
606,673807,2019-06-28 06:50:00,685.497259521484,630.3355835237869,522.4213707291519,743.2880522905051,3042.810498874913,55.1616759976971,4
607,673812,2019-06-28 07:40:00,370.916160159641,422.2508053376753,317.4839548028017,511.996682999766,2635.2457955546797,51.33464517803429,4
608,673846,2019-06-28 13:20:00,470.324802398682,411.05631063125554,328.68856265213725,515.9926573808501,3512.7541163854958,59.26849176742644,4
609,673854,2019-06-28 14:40:00,294.059724807739,297.4423153016127,194.5773113229292,400.72172879098866,11.441918449245057,3.3825904938737494,4
610,673855,2019-06-28 14:50:00,484.738674926758,573.6156299684945,485.59808282753784,671.8065352572847,7899.11313749086,88.87695504173655,4
611,673872,2019-06-28 17:40:00,641.357776217991,684.0327027684937,584.3907384246214,790.9275007975759,1821.1493560907934,42.67492655050262,4
612,673881,2019-06-28 19:10:00,420.101666259766,444.99899623320624,344.7798046348786,569.1811605209117,619.877039806367,24.897329973440264,4
613,674013,2019-06-29 17:10:00,423.007838439942,508.69159973834775,398.20922836006724,595.543322156466,7341.706950242171,85.68376129840573,4
614,674225,2019-07-01 04:30:00,863.10895690918,849.4838748161516,743.3623526530472,952.4444295766262,185.6428620417654,13.625082093028482,4
615,674289,2019-07-01 15:10:00,768.448921203614,794.0716458811647,696.4388809963057,897.9303887404812,656.5240199015689,25.622724677550764,4
616,674294,2019-07-01 16:00:00,486.998273468018,582.1600088576165,484.1715159810525,668.2120811865763,9055.755882359965,95.1617353895985,4
617,674356,2019-07-02 02:20:00,627.815339660645,708.3141527793318,596.305007337821,806.7024805284865,6480.058913517266,80.49881311868683,4
618,674470,2019-07-02 21:20:00,473.572407531738,528.712032256241,414.5045265302654,625.4024253939135,3040.3782147590155,55.13962472450294,4
619,674632,2019-07-04 00:20:00,468.953047180176,442.1241710883703,333.8129305637882,536.3312485790834,719.7885923494625,26.828876091805682,4
620,674646,2019-07-04 02:40:00,174.800538635254,217.1971723189085,108.70809249370899,326.05041373527695,1797.4745477059898,42.39663368365453,4
621,674661,2019-07-04 05:10:00,214.94681854248,228.95225672916496,141.30889088777414,325.20641878868634,196.15229880105318,14.005438186684955,4
622,674728,2019-07-04 16:20:00,196.033073425293,161.52164909752773,61.48998182169883,273.23595193794955,1191.0384091310684,34.51142432776527,4
623,674769,2019-07-04 23:10:00,90.0794383778292,98.61567443991494,-4.705785518191322,206.4363078766273,72.86732610765297,8.536236062085734,4
624,674798,2019-07-05 04:00:00,90.8058454513549,94.36271711468787,-19.152602776526685,192.85747526305624,12.65133602942105,3.55687166333297,4
625,675177,2019-07-07 19:10:00,27.0342214584351,14.577653541544208,-76.25273273085396,126.52279798351525,155.16608426811544,12.45656791689089,4
626,675201,2019-07-07 23:10:00,342.093217468262,344.84688483355455,238.5482217807287,454.2345285807109,7.582683958677097,2.7536673652925288,4
627,675225,2019-07-08 03:10:00,40.5033444166183,30.738975116331847,-68.24163681905564,144.9655640231685,95.3429078323765,9.76436930028645,4
628,675316,2019-07-08 18:20:00,166.704004187333,155.85307132221,63.20382029116552,279.07741416830555,117.74274404340612,10.850932865122985,4
629,675325,2019-07-08 19:50:00,259.491009521484,274.3013791549222,174.16836509688153,368.60242984832826,219.34704867906834,14.8103696334382,4
630,675465,2019-07-09 19:10:00,-0.750634516775608,-12.804139939338489,-127.6727017953501,84.10816075988238,145.28699297175277,12.05350542256288,4
631,675562,2019-07-10 11:20:00,228.916278638338,207.41179995087055,107.35141488405091,310.41711197605235,462.44260361974256,21.50447868746747,4
632,675725,2019-07-11 14:30:00,321.4203619706,361.03513746652885,263.38977886343235,481.902936964806,1569.3304375928428,39.614775495928825,4
633,675784,2019-07-12 00:20:00,155.774745559692,189.06596828184357,80.1263297581568,291.98713891955344,1108.3055103359002,33.29122272215156,4
634,675792,2019-07-12 01:40:00,477.226415297564,518.4646605108247,419.70465131289154,609.2105548788405,1700.59286826902,41.23824521326071,4
635,675838,2019-07-12 09:20:00,426.015920257568,431.6645723796389,328.48411006958804,543.7462409794259,31.907270796176395,5.648652122070928,4
636,675843,2019-07-12 10:10:00,873.124877929688,934.6349752903641,824.1169071292921,1067.8972502253691,3783.4920773198564,61.51009736067613,4
637,676203,2019-07-14 22:10:00,283.172421264649,406.1653606406223,306.2874249312534,496.0950368064301,15127.263136341835,122.99293937597326,4
638,676266,2019-07-15 08:40:00,-0.260881510190666,2.513656948901418,-110.44121412179561,92.11795465470594,7.698063660981076,2.774538459092084,4
639,676651,2019-07-18 00:50:00,528.1048828125,587.522668851261,491.16860731261596,685.9237326412293,3530.4732977479744,59.41778603876094,4
640,676676,2019-07-18 05:00:00,304.84988861084,289.7364562292514,169.62273054135215,393.5952706893779,228.41583835285113,15.11343238158861,4
641,676918,2019-07-19 21:20:00,159.224599456787,156.7066790896398,58.903002453570394,243.8221201741089,6.339922975294609,2.517920367147184,4
642,676956,2019-07-20 03:40:00,630.445040616122,505.08963140394917,390.9149129384921,597.18870596535,15713.97861875131,125.35540921217284,4
643,676962,2019-07-20 04:40:00,574.458256530762,683.8209864294506,585.5645985697078,803.2404435168319,11960.206690893518,109.3627298986886,4
644,676963,2019-07-20 04:50:00,565.437803649902,552.1752784354621,452.0218689469512,645.5949295915996,175.89457506365272,13.262525214439847,4
645,677012,2019-07-20 13:00:00,1434.56927185059,1383.6169598215913,1285.7289553365054,1491.8032537685901,2596.1381011004432,50.952312028998676,4
646,677021,2019-07-20 14:30:00,1771.109375,1689.4231460281042,1576.1133027719452,1816.5159954566755,6672.640003648996,81.68622897189584,4
647,677245,2019-07-22 03:50:00,1088.01898193359,1083.9484992636787,981.3702098026404,1188.8460101725018,16.568829166048804,4.070482669911371,4
648,677254,2019-07-22 05:20:00,412.144022369385,403.7356876083618,278.360789751568,505.60687764453337,70.70009345343176,8.40833476102324,4
649,677320,2019-07-22 16:20:00,908.092636108399,959.7388218445333,875.5358714400801,1072.7912587483602,2667.328501091279,51.64618573613427,4
650,677358,2019-07-22 22:40:00,521.02593536377,495.05638013198507,393.7897889310598,599.0408363126855,674.4177989367299,25.969555231784966,4
651,677467,2019-07-23 16:50:00,567.804424888209,514.3850500718125,415.25975023276965,615.6946841092303,2853.6296057746563,53.4193748163965,4
652,677615,2019-07-24 17:50:00,96.6953994851364,96.45194829743895,-5.254086609802724,206.97545312081238,0.059268480791303736,0.24345118769745966,4
653,677683,2019-07-25 05:30:00,346.294766235352,340.663720977057,241.82397614785845,425.0542169091981,31.708670700966483,5.631045258294989,4
654,677776,2019-07-25 21:00:00,480.699848937988,568.4508367078371,450.8302695471144,661.9268024582684,7700.235854584202,87.75098776984908,4
655,677904,2019-07-26 18:20:00,-0.966702029109001,10.20595496721241,-115.26282116598425,133.55389089550127,124.82826435744977,11.172656996321411,4
656,677907,2019-07-26 18:50:00,-0.906950032711029,3.1866747573547527,-90.76293382694618,115.71433836106064,16.757763921841118,4.093624790065782,4
657,677910,2019-07-26 19:20:00,-0.983886359553588,-4.76766315180224,-107.57110181393115,90.74000093196388,14.3169668135595,3.783776792248652,4
658,677974,2019-07-27 06:00:00,89.0510827064514,69.71678690672834,-46.280639203454754,190.38800859094917,373.81499407118844,19.33429579972305,4
659,678013,2019-07-27 12:30:00,407.518274688721,340.5131749988382,253.7175687767551,455.5057291365721,4489.683384451132,67.0050996898828,4
660,678069,2019-07-27 21:50:00,625.704702758789,641.8627121408821,545.7496598612331,759.4954674496889,261.0812671918068,16.15800938209304,4
661,678099,2019-07-28 02:50:00,550.299339294434,560.6466905024918,461.21087010345303,697.5221564406204,107.06767702289349,10.347351208057717,4
662,678166,2019-07-28 14:00:00,1638.31770629883,1338.085797607013,1232.391525870704,1439.0406264198994,90139.19899673147,300.2319086918169,4
663,678192,2019-07-28 18:20:00,711.573693847657,586.5506871106819,486.717459235888,688.6967250359387,15630.75221355371,125.02300673697505,4
664,678439,2019-07-30 11:30:00,1282.10083618164,1346.9985248944452,1245.0860766585713,1450.8885174690083,4211.710000264153,64.89768871280512,4
665,678480,2019-07-30 18:20:00,1063.39584350586,1094.2991435352562,1000.5757478379087,1194.9786119152693,955.0139527068778,30.903300029396178,4
666,678545,2019-07-31 05:10:00,1726.27178955078,1642.373785407379,1536.0723933865706,1740.8204713782416,7038.875099246143,83.89800414340107,4
667,678552,2019-07-31 06:20:00,1738.14502563477,1691.5288729127594,1592.2887117867306,1791.4646952128542,2173.065694601817,46.61615272201061,4
668,678553,2019-07-31 06:30:00,1908.24619140625,1872.8503435073537,1758.7006310335173,1969.6515917656504,1252.866048481806,35.39584789889636,4
669,678559,2019-07-31 07:30:00,1988.11455688477,1957.887472368024,1845.5722939295192,2066.305560525103,913.6766383825129,30.227084516746118,4
670,678749,2019-08-01 15:10:00,87.8996813774109,87.63069464521809,-18.083159733248227,182.8231776422292,0.07235386209576905,0.26898673219281477,4
671,678778,2019-08-01 20:00:00,119.187704086304,103.56337115170696,3.696045826006969,191.4180343903023,244.1197796511336,15.624332934597035,4
672,678843,2019-08-02 06:50:00,96.3681619962057,94.32103067654705,-8.021194710923673,196.8409887714151,4.190746639927352,2.0471313196586465,4
673,678854,2019-08-02 08:40:00,119.53390083313,92.01087879144849,-4.527038708323772,207.43755394857467,757.5167423068865,27.523022041681514,4
674,678901,2019-08-02 16:30:00,63.0371371626854,62.26352099751234,-29.072609324870875,147.0713744180791,0.5984819710170709,0.7736161651730598,4
675,679118,2019-08-04 04:40:00,383.64167175293,408.261760616663,312.8182137611609,508.2826673298828,606.1487756581112,24.62008886373303,4
676,679164,2019-08-04 12:20:00,856.061553955079,824.1963780084991,738.2527539269616,919.0533166958504,1015.3894381064966,31.86517594657994,4
677,679235,2019-08-05 00:10:00,340.911435699463,392.97744167822333,301.39967787425326,495.48893278424526,2710.8689785803035,52.0660059787603,4
678,679239,2019-08-05 00:50:00,328.529732513428,299.46623343340985,179.77261559161454,415.49172371319895,844.686978774214,29.06349908001812,4
679,679281,2019-08-05 07:50:00,425.158999633789,432.42147006347557,326.46027727491963,543.7732481698962,52.74347674207188,7.262470429686573,4
680,679495,2019-08-06 19:30:00,1611.64369506836,1504.888016872065,1408.0520220836208,1617.9892291483045,11396.774827150915,106.7556781962951,4
681,679550,2019-08-07 04:40:00,946.664587402344,928.3058319169731,815.2858732321225,1022.981319176706,337.0439029716327,18.358755485370807,4
682,679562,2019-08-07 06:40:00,405.664245605469,331.6971637342278,235.35889220879997,434.28100084226463,5471.129200546898,73.96708187124119,4
683,679866,2019-08-09 09:20:00,1403.63818359375,1407.7713759937083,1308.209200161843,1508.0018508613987,17.08327941507273,4.133192399958261,4
684,679969,2019-08-10 02:30:00,1798.58637695313,1825.8532849880971,1730.1260896062686,1940.4975582108923,743.4842737873574,27.266908034967173,4
685,679993,2019-08-10 06:30:00,2042.05906982422,2037.4892168198146,1941.0883635314237,2130.4953294025277,20.883556481872432,4.569853004405331,4
686,680041,2019-08-10 14:30:00,2037.62591552735,2049.98035590164,1912.5820355918643,2182.69153997774,152.63219696188946,12.354440374290107,4
687,680112,2019-08-11 02:20:00,1129.96857299805,1128.1174192015474,1016.7973910446093,1243.809333648574,3.4267703783058345,1.8511537965025582,4
688,680125,2019-08-11 04:30:00,1164.40549011231,1059.6212439901335,954.1509523509321,1176.941661275035,10979.738235392851,104.78424612217646,4
689,680212,2019-08-11 19:00:00,68.8371194839478,82.1873722633443,-7.962445047949088,165.62501841827486,178.22924927378395,13.350252779396499,4
690,680438,2019-08-13 08:40:00,243.427327346802,223.64039802474173,125.2792525310918,329.90157397794195,391.5225719962087,19.786929322060274,4
691,680443,2019-08-13 09:30:00,296.244552230835,330.4973276542278,240.55050801268726,418.7718606014474,1173.2526242053812,34.25277542339279,4
692,680471,2019-08-13 14:10:00,559.018850708008,530.032433953411,437.4560407204991,619.5676753294531,840.2123562711835,28.98641675459703,4
693,680570,2019-08-14 06:40:00,184.635691452026,172.698000358547,63.77643931461661,289.2652682925359,142.50846864332792,11.937691093479003,4
694,680590,2019-08-14 10:00:00,1496.2857421875,1368.091303847336,1276.2111926158236,1488.0048038198738,16433.81402135016,128.1944383401642,4
695,680644,2019-08-14 19:00:00,622.068644714356,611.0112193163941,508.21525597447777,720.059826702077,122.26665643149242,11.057425397961879,4
696,680677,2019-08-15 00:30:00,1022.19213562012,1122.0469304432634,1022.3519741726346,1217.1903629104206,9970.980049172062,99.85479482314338,4
697,680761,2019-08-15 14:30:00,794.013067948191,760.5599039637434,663.8991075470776,862.0767258153642,1119.1141805703382,33.45316398444754,4
698,680801,2019-08-15 21:10:00,424.437159729004,502.3260044237397,385.31899822249915,618.5313460732264,6066.672127880653,77.88884469473567,4
699,680823,2019-08-16 00:50:00,403.984839944279,423.3867081911661,310.4629546629088,533.9067523579571,376.43249146956776,19.401868246887148,4
700,680853,2019-08-16 05:50:00,442.496199035645,430.6098832878313,323.7669156126559,530.392036023788,141.2845020567249,11.88631574781374,4
701,680924,2019-08-16 17:40:00,1919.63767089844,1934.0838617704417,1834.3198006300092,2041.8873245363511,208.69243071030178,14.44619087200158,4
702,680986,2019-08-17 04:00:00,632.896739196777,607.6478215991071,489.34093651380834,725.7870436920911,637.5078398539248,25.2489175976699,4
703,680996,2019-08-17 05:40:00,612.814526367188,579.0237912620042,480.05244542726956,701.2435415731921,1141.8137789486998,33.790735105183785,4
704,681095,2019-08-17 22:10:00,524.541937255859,439.17067866598137,333.4836748832843,521.6735989080313,7288.251793219757,85.37125858987764,4
705,681240,2019-08-18 22:20:00,863.472071030561,874.6920407849542,780.3880756086375,952.9752930258329,125.88772128949863,11.219969754393219,4
706,681274,2019-08-19 04:00:00,1005.04169311524,1039.240355067453,955.4039743182096,1129.6941218189063,1169.548479321741,34.198661952213,4
707,681572,2019-08-21 05:40:00,756.180853271484,794.5046685715696,686.9363704165115,896.5344492713215,1468.7148191550739,38.323815300085585,4
708,681668,2019-08-21 21:40:00,591.517997741699,607.4060255307087,489.1461607539711,713.3269303177497,252.4294270243444,15.888027789009698,4
709,681698,2019-08-22 02:40:00,370.151727294922,371.1835111326836,263.148477981061,475.75700482948326,1.064577887865985,1.0317838377615658,4
710,681833,2019-08-23 01:10:00,688.300936889648,650.0185330602412,553.9718637038808,763.542992639847,1465.5424429577806,38.2824038294068,4
711,681934,2019-08-23 18:00:00,97.6434741773103,99.36529659594474,7.448518280182964,189.51089853445384,2.9646724413121723,1.7218224186344457,4
712,682144,2019-08-25 05:00:00,103.55470085144,94.92426406907293,-2.160138255484517,211.7001238417973,74.48443905443447,8.63043678236707,4
713,682157,2019-08-25 07:10:00,105.927171707153,92.08331718394068,-8.989304340735806,210.50840585400934,191.65230805986607,13.843854523212315,4
714,682227,2019-08-25 18:50:00,100.354737599691,110.98514522375447,10.70670909380817,217.70395090368012,113.00556625374666,10.630407624063466,4
715,682262,2019-08-26 00:40:00,207.851348876953,185.92354305810957,85.46998849673572,285.20806462561706,480.8286680289042,21.92780581884344,4
716,682265,2019-08-26 01:10:00,208.080716705322,222.49941055355282,120.72914490945959,312.0669106751109,207.8987322890092,14.418693848230816,4
717,682570,2019-08-28 04:00:00,696.426699829102,682.4152523324615,582.5518919939777,785.7356836641965,196.32066095111253,14.011447496640471,4
718,682623,2019-08-28 12:50:00,911.464707946778,864.2581024228913,776.3622734641133,968.087885651957,2228.463605087856,47.206605523886765,4
719,682890,2019-08-30 09:20:00,1396.0673614502,1467.669957667463,1367.484024254115,1569.0990737504658,5126.931785052406,71.602596217263,4
720,682940,2019-08-30 17:40:00,565.24573059082,524.9454279901015,420.99300036677465,641.8024435865505,1624.1143897094792,40.30030260071851,4
721,683142,2019-09-01 03:20:00,607.954019165039,669.3591191524607,547.9480792832566,776.2514042830803,3770.5863044652624,61.40509998742175,4
722,683162,2019-09-01 06:40:00,259.418723658511,225.13998561240325,131.18464565988043,323.85347431488316,1175.0318820336747,34.27873804610775,4
723,683163,2019-09-01 06:50:00,251.392451477051,293.03484792601125,188.7761918797323,404.2009333764036,1734.0891820123777,41.642396448960255,4
724,683187,2019-09-01 10:50:00,250.712177276611,224.6239092142944,113.93463673544613,310.43064909520444,680.5977304912876,26.088268062316587,4
725,683245,2019-09-01 20:30:00,97.4104055404664,73.48101078451124,-31.880331194404153,182.66898993452546,572.6159333863342,23.92939475595516,4
726,683453,2019-09-03 07:20:00,362.020700836182,346.5595414036444,252.70268526794834,436.6259002365489,239.04745099834682,15.461159432537613,4
727,683472,2019-09-03 10:30:00,463.328060913086,389.2820450653102,269.92827045672607,489.3196211461799,5482.81246292907,74.04601584777583,4
728,683485,2019-09-03 12:40:00,819.332540893555,744.8602283682794,647.7616855086574,841.4307147143927,5546.125332862319,74.47231252527558,4
729,683491,2019-09-03 13:40:00,1004.34864349365,949.3926908972105,840.7759546315052,1063.957838921064,3020.156725782104,54.95595259643949,4
730,683503,2019-09-03 15:40:00,912.338897705079,829.8019647820624,730.731788083864,938.9706583330021,6812.345296338541,82.5369329230166,4
731,683652,2019-09-04 16:30:00,1973.64083862305,2001.3854900712997,1888.1818723774868,2112.9007531917186,769.7656839848624,27.74465144824967,4
732,683763,2019-09-05 11:00:00,493.952849578858,512.1212572277313,388.5954034716114,605.1235501309781,330.09103649564037,18.16840764887337,4
733,683855,2019-09-06 02:20:00,1616.87231750488,1534.4960161436984,1450.5975301141627,1635.3760055839616,6785.8550259481935,82.3763013611815,4
734,683950,2019-09-06 18:10:00,511.615980148316,487.0195943354095,385.9892650993478,584.0722232662467,604.982195057347,24.596385812906476,4
735,683955,2019-09-06 19:00:00,268.361011505127,271.85547816025286,162.47720545572867,365.6059481855808,12.211297203786431,3.494466655125848,4
736,683965,2019-09-06 20:40:00,341.974749755859,367.74291256532,284.05800341124285,462.65027194471713,663.9982145748885,25.76816280946099,4
737,684050,2019-09-07 10:50:00,259.096694946289,259.0757961998656,165.5558298890927,360.3869798148549,0.00043675760207069985,0.020898746423426928,4
738,684102,2019-09-07 19:30:00,572.412712097168,627.8989021959362,534.3256965658264,714.5191281926982,3078.7172916766476,55.48619009876825,4
739,684133,2019-09-08 00:40:00,208.676727294922,256.50505015112196,152.9381805115978,347.89997140218105,2287.5484672369007,47.828322856199975,4
740,684153,2019-09-08 04:00:00,166.183393478394,122.87429882938956,27.443530049960067,223.66104982225914,1875.6776793164258,43.30909464900445,4
741,684161,2019-09-08 05:20:00,118.475447845459,117.93938728236671,18.40875361622277,228.90480772221937,0.28736092730282503,0.5360605630922919,4
742,684174,2019-09-08 07:30:00,13.9310501813889,2.822940169113569,-100.92978836747459,95.68218958844031,123.39010804481146,11.108110012275331,4
743,684209,2019-09-08 13:20:00,-0.813587516546249,5.035438236357848,-83.64951148998931,101.47153478993923,34.21110225813534,5.849025752904097,4
744,684367,2019-09-09 15:40:00,96.340671157837,77.6742172374562,-22.865842279383894,180.56006117549336,348.4365019616993,18.66645392038079,4
745,684599,2019-09-11 06:20:00,1830.60424804688,1818.7985731618285,1716.7377562721188,1935.54455115951,139.37395949153648,11.80567488505153,4
746,684631,2019-09-11 11:40:00,1789.81179630055,1535.0538983939002,1437.3341383093398,1645.362371998229,64901.58654581498,254.75789790664976,4
747,684655,2019-09-11 15:40:00,1299.40813598633,1118.4601130534452,996.1826520739384,1223.6350811563211,32742.18700331984,180.9480229328849,4
748,684678,2019-09-11 19:30:00,659.735037231445,748.9487320726519,648.4255264027518,847.1048654564596,7959.083347219989,89.21369484120692,4
749,684712,2019-09-12 01:10:00,473.496118164062,491.6930927960268,401.51318798821876,602.4110290392672,331.1298857563702,18.196974631964792,4
750,685129,2019-09-14 22:40:00,1381.09479980469,1362.0797814982752,1252.637824337144,1472.8927460913121,361.57092119328735,19.01501830641473,4
751,685148,2019-09-15 01:50:00,1883.70149536133,1737.0786919566658,1630.1693154979105,1834.9340870574038,21498.246478242803,146.62280340466418,4
752,685163,2019-09-15 04:20:00,707.258080376519,700.9697042881122,607.4747024081508,786.6975215780784,39.54367382924685,6.288376088406835,4
753,685227,2019-09-15 15:00:00,314.821691894531,292.1490074301753,198.18727284204132,376.1151726198547,514.0506208202369,22.67268446435571,4
754,685442,2019-09-17 02:50:00,664.412020874023,729.3644665559945,605.6618630647297,844.0678615755184,4218.820200069448,64.95244568197143,4
755,685464,2019-09-17 06:30:00,519.898741069593,471.67598772469404,364.3678847893203,579.1268911800223,2325.433940162967,48.22275334489899,4
756,685633,2019-09-18 10:40:00,-0.42840051362291,1.0688284914117283,-130.89316042403942,122.97177321082874,2.2416946935170134,1.4972290050346384,4
757,685694,2019-09-18 20:50:00,-0.843491601316552,29.896576758906917,-54.93052117875462,131.9890136126615,944.9518027912119,30.740068360223468,4
758,685729,2019-09-19 02:40:00,-0.12057100282982,-8.603689333422912,-118.62319212307193,87.98830067304904,71.96329661084452,8.483118330593092,4
759,685814,2019-09-19 16:50:00,-0.686081014946102,4.6155006914321035,-75.08048177846275,119.9347149262358,28.106768589404044,5.301581706378205,4
760,685825,2019-09-19 18:40:00,-0.115769503265619,-11.001747274304448,-109.2199791194825,94.64963396633722,118.50451203155149,10.885977771038828,4
761,685861,2019-09-20 00:40:00,317.979606628418,309.9759321977112,204.60384351651675,414.66848249257436,64.05880439275042,8.003674430706837,4
762,685866,2019-09-20 01:30:00,396.644871520996,504.5339080636996,398.92260756767587,609.0878560675225,11640.04420611283,107.8890365427036,4
763,685920,2019-09-20 10:30:00,510.638070678711,467.93858353236396,386.00192932446544,562.5682443151802,1823.2462025610573,42.69948714634705,4
764,685924,2019-09-20 11:10:00,527.241091156006,491.8888575887609,397.8535540588571,581.1376470629116,1249.7804181930467,35.35223356724504,4
765,685986,2019-09-20 21:30:00,441.449885050456,471.3659928194185,378.4128293541112,582.226627047277,894.9735040441813,29.916107768962547,4
766,686043,2019-09-21 07:00:00,944.1719329834,914.1548640121179,816.6246220951516,1010.5036545533853,901.0244296267083,30.01706897128213,4
767,686123,2019-09-21 20:20:00,638.969906616211,562.540749034021,471.88587889479714,676.1762849526413,5841.416128723229,76.42915758218999,4
768,686124,2019-09-21 20:30:00,656.600570678711,606.9220632167744,486.44377457802926,704.4075960909794,2467.954103645695,49.67850746193665,4
769,686160,2019-09-22 02:30:00,355.582000732422,309.69209891324255,198.83801032578867,413.91643596415514,2105.883088973929,45.88990181917944,4
770,686432,2019-09-23 23:50:00,626.334796142578,587.6279123564437,497.25935362714694,692.3518597500045,1498.2228524333073,38.70688378613431,4
771,686478,2019-09-24 07:30:00,364.904452514648,338.2334447587502,242.91720383053385,430.9049430329871,711.3426547151631,26.671007755897847,4
772,686482,2019-09-24 08:10:00,580.290832519531,632.0679885827917,537.8811908605753,728.2374454116841,2680.873889999253,51.77715606326069,4
773,686604,2019-09-25 04:30:00,489.319128417969,513.4518050272081,416.5735982400306,617.3870901358049,582.3860803261173,24.132676609239127,4
774,686664,2019-09-25 14:30:00,462.523979187012,460.5457691271473,370.8566896190364,559.6031666869146,3.913315040949874,1.9782100598646934,4
775,686717,2019-09-25 23:20:00,577.944868469238,555.6789422895835,453.53217437580753,652.1298196511466,495.7714686378268,22.26592617965457,4
776,686827,2019-09-26 17:40:00,1239.33172607422,1253.4304199446885,1144.9312836760453,1347.4133269947638,198.7731688531903,14.09869387046865,4
777,686838,2019-09-26 19:30:00,1146.33418579102,1197.4731831300835,1082.5158530570366,1309.501163007231,2615.1970488447446,51.13899733906351,4
778,686876,2019-09-27 01:50:00,698.292477416992,726.9008514297151,618.1822369930406,822.693258962452,818.4390636518482,28.60837401272306,4
779,686934,2019-09-27 11:30:00,1760.07434997559,1751.4864390204013,1662.0447365121634,1874.8632332521472,73.75221457424821,8.58791095518859,4
780,687051,2019-09-28 07:00:00,1000.10331420898,961.6209980287712,850.9600064721093,1056.8951332359593,1480.8886585935632,38.48231618020884,4
781,687058,2019-09-28 08:10:00,1707.95983276367,1658.2197698430855,1565.1137264707484,1743.9874547963327,2474.0738593437027,49.74006292058448,4
782,687130,2019-09-28 20:10:00,963.497573852539,983.0929309034331,895.5165597198654,1075.4708845978598,383.9780179520254,19.59535705089411,4
783,687234,2019-09-29 13:30:00,449.598640441895,504.624415933815,395.90378752871084,613.7238037381316,3027.835968487184,55.02577549192,4
784,687252,2019-09-29 16:30:00,2023.02262573242,1971.8081125126057,1853.5790280210804,2121.852123115857,2622.9263643425343,51.21451321981431,4
785,687305,2019-09-30 01:20:00,502.752430725098,480.0228178017577,378.27803556640265,578.2778469722846,516.635303644879,22.729612923340312,4
786,687405,2019-09-30 18:00:00,688.45516204834,650.6344879538004,550.1152747315169,753.510157453205,1430.4033889653733,37.82067409453953,4
787,687411,2019-09-30 19:00:00,840.33242340088,841.2728292762433,732.7998997922817,944.9229587867763,0.8843632104179152,0.9404058753633535,4
788,687430,2019-09-30 22:10:00,668.609329223633,590.4339143201734,480.5781334149814,700.8061562653982,6111.395495328066,78.17541490345968,4
789,687534,2019-10-01 15:30:00,1851.72418212891,1815.5388769642127,1706.9626135881756,1929.8288962995637,1309.3763098622608,36.18530516469718,4
790,687567,2019-10-01 21:00:00,860.615756225586,869.7283251903477,797.5982872994681,963.7033309828831,83.03891313753901,9.11256896476175,4
791,687596,2019-10-02 01:50:00,447.010995483399,430.717329280808,335.94326024904854,524.6880161720484,265.48355832145614,16.293666202590998,4
792,687746,2019-10-03 02:50:00,-0.283822010550648,-5.238534698737207,-102.43345271274345,84.72150783306392,24.549177822476878,4.954712688186559,4
793,687827,2019-10-03 16:20:00,486.448721313477,552.1404512899836,454.1119069512331,651.8272541160509,4315.403387306259,65.69172997650662,4
794,687856,2019-10-03 21:10:00,1412.24622192383,1463.838712473939,1378.5754544194253,1566.7107685835058,2661.785081163087,51.592490550109005,4
795,687877,2019-10-04 00:40:00,695.248172157689,642.3173239952639,542.6321802850981,748.7180497896867,2801.6746871937057,52.93084816242515,4
796,688151,2019-10-05 22:20:00,658.943293762207,671.8532710193628,548.8916194230825,774.8996859112465,166.66751278027968,12.909977257155788,4
797,688353,2019-10-07 08:00:00,347.25348815918,382.69722153101327,263.963408218397,484.8424889737211,1256.258235333608,35.443733371833275,4
798,688411,2019-10-07 17:40:00,522.027669270833,481.86642695583276,391.3425293393204,576.0304498764829,1612.9253842841679,40.161242315000266,4
799,688419,2019-10-07 19:00:00,334.186186981201,308.53768125279544,188.90047298582505,416.64276654221294,657.8458461000524,25.648505728405553,4
800,688535,2019-10-08 14:20:00,1281.37418060303,1315.318820842434,1203.6891779967286,1431.1472705787426,1152.238600982562,33.94464023940395,4
801,688613,2019-10-09 03:20:00,462.661642456055,500.9397565164511,398.88474527452456,593.8201652200559,1465.214016020693,38.27811406039609,4
802,688643,2019-10-09 08:20:00,1351.81712646484,1425.9435575133668,1321.7265947659068,1555.2776410579916,5494.727779992015,74.12643104852691,4
803,688646,2019-10-09 08:50:00,1051.69226989746,995.6543502447556,892.5128382159213,1092.289891256257,3140.248439002945,56.03791965270432,4
804,688664,2019-10-09 11:50:00,2044.36395263672,1984.1609969623134,1874.3175017149608,2086.213261855236,3624.3958719345464,60.20295567440644,4
805,688668,2019-10-09 12:30:00,1687.23098754883,1740.7057636365573,1633.187547712333,1855.5629857461358,2859.55167763258,53.47477608772738,4
806,688688,2019-10-09 15:50:00,478.302108764649,524.6891443162863,415.72245373123445,614.9318794887737,2151.75706726886,46.38703555163727,4
807,688764,2019-10-10 04:30:00,1871.5204284668,1859.2376327677684,1740.9928748539296,1987.2356702844388,150.86707018414836,12.282795699031567,4
808,688952,2019-10-11 11:50:00,1897.62126232329,1853.3892400248985,1750.4651907978264,1970.1824904668913,1956.4717966054016,44.232022298391485,4
809,689001,2019-10-11 20:00:00,863.081744384766,965.4007614792203,863.4322386056577,1061.9857254362864,10469.181259175219,102.31901709445424,4
810,689039,2019-10-12 02:20:00,1039.36177062988,947.693911068869,847.23849065645,1067.1393759051668,8402.996476497241,91.66785956101103,4
811,689076,2019-10-12 08:30:00,267.984840393067,274.5337900088556,192.97368389411616,360.5290951170912,42.88874107013785,6.548949615788615,4
812,689126,2019-10-12 16:50:00,192.592282867432,181.5013619095969,93.12615728255149,272.79257794287855,123.00852769294575,11.090920957835095,4
813,689134,2019-10-12 18:10:00,176.00738067627,157.78837680962988,67.30262052878366,250.9978441951632,331.9321018926477,18.219003866640122,4
814,689252,2019-10-13 13:50:00,1644.459765625,1639.412526358585,1531.8300764816854,1731.8992502359088,25.47462421244234,5.04723926641509,4
815,689260,2019-10-13 15:10:00,1957.22030029297,1955.3611965965345,1847.0492364141667,2057.288687605014,3.456266554100393,1.859103696435568,4
816,689263,2019-10-13 15:40:00,1751.90966491699,1747.6936650572059,1659.1041979250328,1835.9349955327439,17.774654817700675,4.215999859784233,4
817,689360,2019-10-14 07:50:00,279.139943695068,288.2217017438697,185.05680033172285,379.31070588146144,82.47832925697452,9.081758048801703,4
818,689381,2019-10-14 11:20:00,445.316513824463,426.2577757571377,333.06861466738866,525.5206960020371,363.23549671891425,19.058738067325294,4
819,689484,2019-10-15 04:30:00,245.727407073975,235.26325032632084,139.307690294473,342.7783278276944,109.49857643947605,10.464156747654158,4
820,689671,2019-10-16 11:40:00,906.906192016602,899.5351554737517,777.3480490307219,1014.9397369105167,54.33217971603332,7.37103654285022,4
821,689789,2019-10-17 07:20:00,688.470614624023,784.1051556882633,681.1583589195649,904.9446660670579,9145.965444567852,95.63454106424024,4
822,689822,2019-10-17 12:50:00,750.449612426758,746.1310878158176,652.0807841320083,849.6287331234345,18.64965481529757,4.318524610940358,4
823,689914,2019-10-18 04:10:00,380.849062347412,400.20942536632526,316.2683924466831,498.09689704324836,374.8236562241053,19.36036301891329,4
824,689938,2019-10-18 08:10:00,474.88755645752,454.07679378947387,362.17802388837316,540.9925993889827,433.0878428257434,20.810762668046152,4
825,689998,2019-10-18 18:10:00,1053.68928527832,1071.3988366399385,963.3381707618344,1168.300849849255,313.62820942980096,17.709551361618423,4
826,690008,2019-10-18 19:50:00,1770.62281188965,1749.2457684607734,1646.8187294804013,1867.2529602248824,456.97798576007216,21.377043428876505,4
827,690215,2019-10-20 06:20:00,283.09133605957,266.19317452816244,171.93769936911275,374.0409542563368,285.54786314154154,16.89816153140754,4
828,690265,2019-10-20 14:40:00,290.450344085693,305.36524465416875,205.74107551119226,406.8937539612227,222.45425896751766,14.91490056847573,4
829,690296,2019-10-20 19:50:00,785.385931396484,836.8431964427348,734.5343104960799,952.0297983098401,2647.8501260401013,51.45726504625077,4
830,690322,2019-10-21 00:10:00,813.990809631348,850.1739340831158,755.9663250616413,961.4446975874566,1309.2184950921135,36.18312445176775,4
831,690338,2019-10-21 02:50:00,928.308905029297,787.1515860102113,685.0634410199426,888.3001257152447,19925.388712655924,141.15731901908566,4
832,690413,2019-10-21 15:20:00,637.128715515137,637.9027689438603,536.9887474037716,743.5705207088063,0.5991587105184383,0.7740534287233913,4
833,690672,2019-10-23 10:30:00,57.6322961330414,60.713663755970884,-24.085515396215865,161.20524953320523,9.4948264276381,3.081367622929484,4
834,690865,2019-10-24 18:40:00,802.390173339844,678.692248241353,589.9077129965307,780.2293660685106,15301.176673671875,123.69792509849094,4
835,691008,2019-10-25 18:30:00,2023.2451171875,2045.165656065176,1928.895912568322,2133.52913402683,480.51002468770974,21.92053887767611,4
836,691019,2019-10-25 20:20:00,2046.09204711914,2051.0838345038533,1934.5647231234705,2175.0833075511964,24.91794129418219,4.991787384713234,4
837,691147,2019-10-26 17:40:00,119.692446517944,134.36159074205,40.072580220056985,236.81352047483298,215.18379226762218,14.669144224105992,4
838,691265,2019-10-27 13:20:00,207.087819671631,242.55964933181488,147.20716403553743,345.6320945730696,1258.2506994411012,35.471829660183886,4
839,691282,2019-10-27 16:10:00,159.586881637573,108.84515282183293,17.82827677184514,207.39369105555141,2574.723043210105,50.74172881574006,4
840,691403,2019-10-28 12:20:00,177.822494888306,179.18024212253889,85.79265259360575,269.67044739572407,1.8434775520670206,1.3577472342328747,4
841,691405,2019-10-28 12:40:00,238.69814529419,206.0597951413114,106.29718173793208,305.4557728065633,1065.2619007019098,32.63835015287859,4
842,691434,2019-10-28 17:30:00,274.300953335232,320.9728930805326,220.21984377186652,411.33752802181726,2178.2699595889662,46.67193974530056,4
843,691492,2019-10-29 03:10:00,211.265951538086,278.8516651389848,172.59508825231762,382.0029708439563,4567.828682942717,67.5857136008988,4
844,691557,2019-10-29 14:00:00,817.227780151367,836.3323118290374,738.5462986244167,935.1242465136544,364.98313062311047,19.104531677670366,4
845,691801,2019-10-31 06:40:00,953.862481689454,845.9544226224582,750.2600715364836,933.6022187072441,11644.149211606244,107.90805906699575,4
846,691930,2019-11-01 04:10:00,371.395408630371,375.9993039763378,278.5605391668742,474.78642574834555,21.195852356614807,4.603895345966805,4
847,691986,2019-11-01 13:30:00,758.897065734863,711.4975030458287,611.944721289386,819.6293718531238,2246.7185431116895,47.39956268903427,4
848,692042,2019-11-01 22:50:00,636.429788208008,717.9470301306646,605.6196668717059,815.4528409036534,6645.060730676938,81.5172419226567,4
849,692045,2019-11-01 23:20:00,1556.38296356201,1760.0402452857354,1667.4397768863182,1857.6188681104115,41476.28839909686,203.65728172372542,4
850,692077,2019-11-02 04:40:00,1212.50780639648,1304.5763842981883,1211.682070396668,1410.0017060763876,8476.62303684293,92.0685779017083,4
851,692198,2019-11-03 00:50:00,301.635327148438,353.75176878518886,232.72659979400754,450.4292366769791,2716.1234888768563,52.116441636750835,4
852,692234,2019-11-03 06:50:00,194.16028175354,178.71485226707082,84.32169117794399,274.25432449232653,238.5612920214916,15.44542948646918,4
853,692293,2019-11-03 16:40:00,385.948130557412,409.4801962628395,307.79213905984335,497.3841391491127,553.758116364557,23.5320657054275,4
854,692297,2019-11-03 17:20:00,332.239408365885,391.70287963476704,275.2208065519295,487.3737036961161,3535.9044153451573,59.46347126888202,4
855,692612,2019-11-06 02:50:00,359.629388427734,289.36685072741716,181.90303962767294,400.23656767084486,4936.824204088445,70.26253770031684,4
856,692728,2019-11-06 22:10:00,313.110559082031,361.98233663122215,263.9719159545683,452.18923882744804,2388.4506408176258,48.871777549191165,4
857,692781,2019-11-07 07:00:00,15.9477143794298,29.304243741972858,-69.02788669799607,122.55162125913097,178.39687661247484,13.356529362543057,4
858,692823,2019-11-07 14:00:00,570.209225463867,538.7497313707195,432.64207487252384,635.3333850833665,989.6997685967859,31.459494093147555,4
859,692888,2019-11-08 00:50:00,165.43434753418,152.78447293224215,59.360049672735244,246.3528071100111,160.01932744475235,12.649874601937853,4
860,693036,2019-11-09 01:30:00,255.574837493896,312.77832672471203,214.50474863383866,421.7899471969754,3272.239180180084,57.20348923081602,4
861,693070,2019-11-09 07:10:00,-1.57169104218483,-4.715096579241954,-103.01467957346217,79.40651696771965,9.880998370401384,3.1434055370571237,4
862,693165,2019-11-09 23:00:00,898.09115447998,876.4484917456823,794.1523119441196,977.913855205695,468.4048502305578,21.642662734297687,4
863,693429,2019-11-11 19:00:00,1985.3385925293,1912.9837641006277,1802.3138532532444,2022.6051262471437,5235.221196942614,72.35482842867236,4
864,693544,2019-11-12 14:10:00,1521.23590087891,1509.8535960666482,1413.3731186100886,1610.2006725775195,129.5568628392367,11.382304812261737,4
865,693625,2019-11-13 03:40:00,672.012731933594,685.6268241263274,589.9500924139535,784.0155883654554,185.34350623224555,13.614092192733438,4
866,693660,2019-11-13 09:30:00,501.631100303248,486.7125908957051,379.3430979574226,599.0622314838018,222.56192294294598,14.9185094075429,4
867,693790,2019-11-14 07:10:00,2005.44212646485,1876.8466519799224,1762.7905049376413,1987.4270809132572,16536.79605800365,128.59547448492754,4
868,693885,2019-11-14 23:00:00,357.404568481445,364.4591824410175,259.2817831550048,492.52237406292795,49.76757811859548,7.054613959572521,4
869,693904,2019-11-15 02:10:00,139.759717559814,180.64996098497954,69.77621608444016,300.15356312494396,1672.0120073692945,40.89024342516555,4
870,693969,2019-11-15 13:00:00,402.656175231934,416.0782375428409,301.58248842768893,516.5037205662095,180.15175667786696,13.422062310906881,4
871,694140,2019-11-16 17:30:00,356.139515686035,337.1870684242737,246.98012048037268,420.7922605642532,359.19525720984257,18.95244726176128,4
872,694162,2019-11-16 21:10:00,352.033976745606,281.20041113835595,177.74056852687127,375.5655069125919,5017.394016636601,70.83356560725008,4
873,694206,2019-11-17 04:30:00,-0.831193026900292,2.1766207545429967,-97.78578177132385,124.0286492093778,9.046943743840176,3.007813781443289,4
874,694293,2019-11-17 19:00:00,754.907293701173,789.2589361854092,695.6048508464872,891.6602211046991,1180.035341364782,34.35164248423621,4
875,694298,2019-11-17 19:50:00,1527.48841552735,1524.3282717013108,1428.6682340178922,1616.5916675331634,9.986509001254321,3.1601438260393024,4
876,694338,2019-11-18 02:30:00,1047.04517211914,999.0064347885381,901.9971697115435,1101.194379159299,2307.720284318572,48.038737330601975,4
877,694543,2019-11-19 12:40:00,162.684591674805,168.27536830887283,67.36374396582048,264.9350074587887,31.25678337203873,5.590776634067822,4
878,694627,2019-11-20 02:40:00,577.30466003418,567.6006205833678,462.1342951304757,672.098307248192,94.16838166291879,9.70403945081216,4
879,694776,2019-11-21 03:40:00,382.359484863281,365.3836662069683,265.47916322662036,457.12112006013484,288.1784190520142,16.975818656312697,4
880,694790,2019-11-21 06:00:00,424.210949707031,472.61575256895935,374.5640624367011,572.0265818083567,2343.0249401021492,48.404802861928374,4
881,694839,2019-11-21 14:10:00,301.609721374512,296.3215800510844,200.47492263868315,389.8006609724329,27.96443865654226,5.288141323427567,4
882,694890,2019-11-21 22:40:00,1039.18785400391,939.4413693033058,826.3732316918905,1032.6036400133246,9949.361210127854,99.74648470060413,4
883,694921,2019-11-22 03:50:00,556.769473266602,624.1928468379062,524.9240837417321,739.0658494676333,4545.911303735655,67.4233735713043,4
884,695148,2019-11-23 17:40:00,1113.26630249023,1154.967201307724,1049.9334397931386,1266.1117011332476,1738.9649621868837,41.700898817494135,4
885,695211,2019-11-24 04:10:00,-0.406527012772858,-16.701358343773265,-142.01198730015503,92.32015523904312,265.52152810575245,16.294831331000406,4
886,695212,2019-11-24 04:20:00,-0.508790534970008,-3.4249336195111466,-111.2818673803578,100.69152010250988,8.503890489517106,2.9161430845411385,4
887,695298,2019-11-24 18:40:00,231.383406829834,252.46387699860225,162.61394960473416,351.298388963494,444.3862225363278,21.080470168768244,4
888,695366,2019-11-25 06:00:00,752.526666259766,759.6669489042999,659.701225236174,878.3168155987692,50.9836362438328,7.140282644533954,4
889,695589,2019-11-26 19:10:00,607.892678833008,711.1283424967786,592.6543528601674,811.2004847069032,10657.602252099176,103.23566366377065,4
890,696026,2019-11-29 20:00:00,70.902286305147,63.729362076129064,-25.186738219182942,172.0258755441983,51.450841995232565,7.172924229017937,4
891,696118,2019-11-30 11:20:00,177.627774333954,166.54584711442251,80.61001286596748,264.49643539917656,122.80911089899271,11.08192721953148,4
892,696189,2019-11-30 23:10:00,226.521292114258,240.2007852409956,143.19751767421343,332.2427040281638,187.12853220446155,13.679493126737611,4
893,696190,2019-11-30 23:20:00,229.09987411499,225.9541719034752,133.24430082776726,312.07984681063834,9.895442403529028,3.145702211514788,4
894,696207,2019-12-01 02:10:00,298.067233436986,275.6653053571275,190.77190442418436,363.96813437992023,501.84638169515114,22.401928079858465,4
895,696287,2019-12-01 15:30:00,619.223313903809,534.6717969257036,429.7094464827729,637.6180348194714,7148.959023298843,84.55151697810538,4
896,696431,2019-12-02 15:30:00,411.466999816895,486.7515222853237,395.2712487982919,593.9990021822024,5667.759323299344,75.28452246842869,4
897,696432,2019-12-02 15:40:00,383.908905029297,421.9524178134563,331.02992203701797,521.4648078296525,1447.3088649584924,38.043512784159304,4
898,696453,2019-12-02 19:10:00,519.046008300781,626.8356964337465,512.0197693210296,715.0777126082863,11618.61686780198,107.78968813296558,4
899,696480,2019-12-02 23:40:00,349.969741821289,340.9788924062784,235.69816193946716,438.5212177076601,80.8353732033962,8.990849415010587,4
900,696482,2019-12-03 00:00:00,271.274609375,275.9383088242759,177.95078556786694,361.0636982363275,21.750092553176295,4.663699449275896,4
901,696556,2019-12-03 12:20:00,414.501746368408,415.18778149291177,289.8252588124151,526.4771015676176,0.4706441920528708,0.6860351245037464,4
902,696617,2019-12-03 22:30:00,334.80811623966,312.83423211664785,227.14995040955213,425.9184739321628,482.8515834515663,21.97388412301217,4
903,696627,2019-12-04 00:10:00,1256.57126464844,1242.024103895741,1147.1147127600195,1333.6034987755102,211.61988596486697,14.547160752699028,4
904,696664,2019-12-04 06:20:00,1146.85865478516,1256.1670288377913,1138.1734140672804,1368.7525953813215,11948.320638029954,109.30837405263128,4
905,696815,2019-12-05 07:30:00,1052.31657140395,1050.961683107819,939.6737003465286,1169.7669160845683,1.8357222949930183,1.3548882961310937,4
906,696907,2019-12-05 22:50:00,1549.61776428223,1510.3760375733862,1415.6202308217805,1609.3072115321722,1539.9131150915825,39.24172670884377,4
907,696936,2019-12-06 03:40:00,1728.2479888916,1845.6403107782128,1742.1594941200165,1946.6309162136552,13780.957237930103,117.39232188661276,4
908,696941,2019-12-06 04:30:00,1887.32953491211,1868.050677089155,1759.0436483993421,1967.2178878727034,371.67435895771064,19.278857822954933,4
909,696981,2019-12-06 11:10:00,1686.31066894531,1608.698943844578,1497.4765617194469,1709.9088816678473,6023.579873111589,77.61172510073197,4
910,697019,2019-12-06 17:30:00,1768.67437422903,1622.6981504174132,1518.2845067988528,1732.0946672125492,21309.057918299244,145.97622381161682,4
911,697118,2019-12-07 10:00:00,1166.27765808106,1132.6725357347095,1028.6857120003385,1241.6330752179877,1129.3042479131875,33.60512234635053,4
912,697216,2019-12-08 02:20:00,2015.34099378084,2029.451955828357,1935.6611759655764,2141.625969062463,199.11924990646455,14.110962047516978,4
913,697262,2019-12-08 10:00:00,2040.84048461914,2047.4628930518372,1954.7109000565179,2148.438257470193,43.856293449460104,6.622408432697284,4
914,697265,2019-12-08 10:30:00,2024.86878083882,2019.7393395653778,1914.31316002519,2119.457528389177,26.311167777691576,5.129441273442126,4
915,697281,2019-12-08 13:10:00,1756.26916198731,1900.7901925360432,1800.2690548335502,1995.1283432473635,20886.32827086783,144.52103054873305,4
916,697286,2019-12-08 14:00:00,1961.0362291838,1921.7268807756702,1816.5091506366584,2034.4585022086712,1545.2248722717397,39.309348408129836,4
917,697329,2019-12-08 21:10:00,1559.74527587891,1642.5549686179463,1547.4033745821469,1747.4060859863264,6857.445211533607,82.80969273903634,4
918,697356,2019-12-09 01:40:00,1699.41836708471,1672.2962119218284,1565.788335936042,1767.1125584809627,735.6113006794279,27.122155162881654,4
919,697516,2019-12-10 04:20:00,1543.99611944901,1491.43935681831,1391.8810688983428,1606.4609842565746,2762.2132982197386,52.55676263069995,4
920,697657,2019-12-11 03:50:00,647.47339630127,605.2234139691342,509.78975424326285,695.4895654857643,1785.0610070657874,42.2499823321358,4
921,697791,2019-12-12 02:10:00,845.635546232525,819.1164995466023,728.3521487915411,917.7033188550045,703.2598371301486,26.519046685922717,4
922,697880,2019-12-12 17:00:00,823.471154785157,819.9753315655057,727.7557483279115,922.5982494676857,12.22077998305278,3.4958232196512427,4
923,697882,2019-12-12 17:20:00,758.37205657959,735.1058040581947,638.0537446952186,857.2267395394394,541.3185063893305,23.266252521395245,4
924,698227,2019-12-15 02:50:00,2046.7088256836,2021.5376949305717,1915.6547531829856,2147.8096870199224,633.5858233860503,25.171130753028365,4
925,698304,2019-12-15 15:40:00,773.310995483399,829.0258853467424,740.0740855804219,919.4000393783018,3104.1489524844837,55.71488986334339,4
926,698366,2019-12-16 02:00:00,1338.37530212402,1365.0621508651304,1258.5783264108534,1460.7357165790993,712.1878957309085,26.686848741110452,4
927,698376,2019-12-16 03:40:00,996.24425354004,1056.3971747158375,966.0681445398681,1162.2636685239145,3618.373925981718,60.15292117579759,4
928,698544,2019-12-17 07:40:00,-0.407594004832208,-4.2581028732061865,-112.390307583653,92.02942213375931,14.826418545426657,3.8505088683739785,4
929,698666,2019-12-18 04:00:00,129.580947494507,153.29757031406288,55.451285960127215,262.4098567877687,562.4781979650787,23.71662281955588,4
930,698687,2019-12-18 07:30:00,239.314395904541,271.48192953340714,180.44419618107167,386.0971309003607,1034.7502197642348,32.16753362886615,4
931,698794,2019-12-19 01:20:00,1912.00705566406,1919.6781825822638,1825.5807361071463,2034.700177604931,58.84618819519022,7.671126918203754,4
932,698884,2019-12-19 16:20:00,2031.84884033203,2005.079058967294,1914.5160067631225,2095.13814754751,716.6211943157663,26.76978136473599,4
933,698930,2019-12-20 00:00:00,1096.10093688965,1085.943785035171,997.6033208944286,1183.7420392804054,103.1677337949467,10.157151854479025,4
934,699024,2019-12-20 15:40:00,774.69073791504,842.6221066366198,730.0997524369815,935.9382466549303,4614.670856387233,67.93136872157982,4
935,699215,2019-12-21 23:30:00,355.559593200684,460.4017579685842,367.2637141263377,565.4455749509748,10991.879513219537,104.84216476790021,4
936,699227,2019-12-22 01:30:00,113.906769180298,137.67142872033304,39.24586346285631,243.37488133665818,564.7590430537784,23.76465954003504,4
937,699257,2019-12-22 06:30:00,368.258769989014,365.72627478635314,272.41732171958284,474.4313938264161,6.413531951500313,2.5324952026608685,4
938,699310,2019-12-22 15:20:00,844.771414184571,917.1678180683082,820.7691561613362,1012.5754514983408,5241.2392952971995,72.39640388373721,4
939,699435,2019-12-23 12:10:00,1349.9007019043,1291.5047105253466,1191.914578472991,1394.5914458335335,3410.0918091307926,58.39599137895334,4
940,699437,2019-12-23 12:30:00,1333.5126535516,1338.5565258329011,1233.951894370003,1440.9621012894945,25.440647590078765,5.043872281301219,4
941,699454,2019-12-23 15:20:00,1279.18937072754,1210.2245068869001,1099.3027946228526,1309.4209569499474,4756.15244455801,68.96486384063996,4
942,699464,2019-12-23 17:00:00,991.358163452149,918.3804145835637,817.7706051457544,1018.7117965566977,5325.751829926305,72.97774886858531,4
943,699513,2019-12-24 01:10:00,232.289330291748,247.66809290588188,155.91957735142765,349.9584639524456,236.50633954188183,15.378762614133876,4
944,699644,2019-12-24 23:00:00,873.834594726563,937.2703371554927,830.9030555659863,1048.6778278184213,4024.093417509519,63.43574242892976,4
945,699768,2019-12-25 19:40:00,42.4496680259705,49.445717686813694,-34.67675115312744,135.57860225894697,48.94471085698413,6.996049660843191,4
946,699803,2019-12-26 01:30:00,437.222772216797,372.9470660574216,256.9648500566791,470.2674379017614,4131.366402286373,64.27570615937543,4
947,699920,2019-12-26 21:00:00,419.035704040527,395.8976468492828,290.18734967682786,494.8630160895273,535.3696905852862,23.138057191244172,4
948,700122,2019-12-28 06:40:00,293.871925354004,330.31458887448525,234.43100853929752,420.91823915412647,1328.0677244670137,36.44266352048123,4
949,700133,2019-12-28 08:30:00,755.048123168946,660.1638342811789,564.7027849611427,758.2243283018337,9003.028277737238,94.88428888776707,4
950,700168,2019-12-28 14:20:00,609.687501525879,600.7394515897969,503.75840908473464,691.392984720854,80.06759765861989,8.948049936082157,4
951,700330,2019-12-29 17:20:00,1929.33088989258,1829.2579852189301,1742.761695363808,1934.6014265033766,10014.586249821414,100.07290467364987,4
952,700346,2019-12-29 20:00:00,725.373028564453,671.3257524080085,554.375657856264,762.9365907105254,2921.1080599309707,54.04727615644447,4
953,700353,2019-12-29 21:10:00,564.85466003418,542.1529743620302,453.08367887443706,648.5394637027628,515.3665323570906,22.70168567214978,4
954,700383,2019-12-30 02:10:00,1171.04371337891,1084.782349422857,984.6604503491593,1186.4482014523599,7441.02291155867,86.26136395605317,4
955,700430,2019-12-30 10:00:00,2061.84210526316,2048.1448405816,1954.387787543568,2148.178290404858,187.6150597567172,13.697264681560227,4
956,700521,2019-12-31 01:10:00,95.7180952757596,79.19009545299159,-20.733655034536806,187.5326688916271,273.1747781414194,16.52799982276801,4
957,700534,2019-12-31 03:20:00,382.408056640625,372.8775138179803,259.09323171227476,482.7531553279296,90.83124649426422,9.53054282264469,4
958,700578,2019-12-31 10:40:00,1091.95644836426,885.0903800751216,763.688538781321,990.5825081782725,42793.570209406476,206.8660682891384,4
959,700583,2019-12-31 11:30:00,933.659155273438,879.9734562399545,766.7679519909192,979.2650923909778,2882.154280713771,53.6856990334835,4
960,700728,2020-01-01 11:40:00,-0.186191505938768,-9.371175394132722,-107.09273739894539,102.33712515666205,84.36392902638254,9.184983888193955,4
961,700730,2020-01-01 12:00:00,-0.215000507421791,-9.361368359054234,-101.35773824783986,94.5864855179022,83.65604487737546,9.146367851632442,4
962,700891,2020-01-02 14:50:00,1986.37738647461,1972.6561250363604,1869.8785452498532,2074.2070621670646,188.2730154567923,13.721261438249485,4
963,700904,2020-01-02 17:00:00,1808.48396606445,1859.4433222025923,1773.6724066570273,1958.4270929509023,2596.8559780140226,50.95935613814231,4
964,700967,2020-01-03 03:30:00,423.310855102539,422.12520541587634,304.90511208995866,525.8157698731984,1.405765179483257,1.1856496866626571,4
965,701062,2020-01-03 19:20:00,875.995413208008,773.7641111853269,669.9948646201352,876.274410946308,10451.239113252645,102.23130202268112,4
966,701137,2020-01-04 07:50:00,731.090383911133,620.6968972123964,509.7267014782144,717.9254977720133,12186.721905504142,110.39348669873664,4
967,701140,2020-01-04 08:20:00,519.81004486084,545.1421890070226,441.72193149312074,641.964502458433,641.7175270429733,25.3321441461826,4
968,701192,2020-01-04 17:00:00,371.20816192627,351.70803127862433,242.75540034401007,451.6209658462839,380.2550952752502,19.500130647645676,4
969,701193,2020-01-04 17:10:00,324.397515869141,300.99652898006696,196.175105005417,413.1308182438913,547.6061873826148,23.400986889074034,4
970,701244,2020-01-05 01:40:00,609.025901794434,499.5587762206744,419.91349611728805,594.0053984382281,11983.05158138126,109.46712557375963,4
971,701348,2020-01-05 19:00:00,590.298356628418,570.3004874569098,465.7371021853489,665.9560635574584,399.91477140075915,19.997869171508228,4
972,701375,2020-01-05 23:30:00,670.658090209961,617.4092958406803,509.79457450549023,721.1944474434728,2835.4341017819324,53.24879436928063,4
973,701479,2020-01-06 16:50:00,1509.95646057129,1569.6216021105265,1477.0061327016826,1661.7141446790388,3559.9291148971133,59.6651415392364,4
974,701532,2020-01-07 01:40:00,1080.18880615234,1020.0573123831402,916.4805900755453,1126.467435787467,3615.796542915312,60.13149376919978,4
975,701622,2020-01-07 16:40:00,2033.66393432617,2011.6441698970107,1919.8094460854368,2123.74373167451,484.870025515669,22.019764429159295,4
976,701848,2020-01-09 07:10:00,1903.56656494141,1955.7843375931916,1870.6095380940033,2061.484957331859,2726.695780713152,52.217772651781615,4
977,701983,2020-01-10 05:40:00,400.050425720215,390.9095360676785,287.95705086717646,485.2682571026185,83.55586363984861,9.140889652536487,4
978,702001,2020-01-10 08:40:00,163.83164768219,168.56220083232233,56.152561858643395,274.56226814118077,22.378133106226844,4.730553150132323,4
979,702340,2020-01-12 17:10:00,309.925402832031,327.02789216975543,217.7430775001491,410.50463824763597,292.4951415469775,17.10248933772442,4
980,702374,2020-01-12 22:50:00,916.468197631837,981.737674084765,894.9735100735074,1082.729895003939,4260.104556439318,65.26947645292796,4
981,702451,2020-01-13 11:40:00,1845.53786010742,1814.8375072456327,1710.4249630704646,1923.9803908016725,942.5116658382609,30.70035286178745,4
982,702508,2020-01-13 21:10:00,1561.83035888672,1624.3538971610287,1526.617390655101,1722.1331462031728,3909.192838338951,62.52353827430875,4
983,702517,2020-01-13 22:40:00,1635.80477294922,1636.579128541972,1535.614626817815,1742.7962260580741,0.5996265840263705,0.7743555927520447,4
984,702641,2020-01-14 19:20:00,2048.52763671875,2048.39272433141,1931.7275044658197,2153.452891057223,0.018201352257692396,0.13491238733968203,4
985,702647,2020-01-14 20:20:00,1932.55236816406,1917.7153852287656,1828.8296420257848,2024.742734551393,220.1360626222164,14.836982935294373,4
986,702733,2020-01-15 10:40:00,1189.92549438477,1214.395179673135,1108.3077961640495,1322.1977171153167,598.7654981116314,24.4696852883651,4
987,702784,2020-01-15 19:10:00,1503.03764038086,1573.8024742356688,1476.718710523886,1666.9626045861,5007.661710498692,70.76483385480878,4
988,702854,2020-01-16 06:50:00,1940.96458129883,1828.8519682957003,1723.4054231922623,1936.9693236625683,12569.2379943895,112.11261300312958,4
989,702855,2020-01-16 07:00:00,1787.35122680664,1727.8639333765896,1624.8080724674398,1819.2391863332018,3538.7380796329157,59.487293430050386,4
990,702856,2020-01-16 07:10:00,1789.34343261719,1677.815336305319,1569.83829652844,1782.3977278311522,12438.516266949966,111.52809631187097,4
991,702890,2020-01-16 12:50:00,2044.10091552735,2051.3198217809777,1956.8693906460637,2163.110266572724,52.11260749866461,7.218906253627665,4
992,702911,2020-01-16 16:20:00,2035.13111572266,2034.9880729414417,1934.6684603673164,2144.225054308233,0.02046123725868224,0.14304278121835523,4
993,702974,2020-01-17 02:50:00,655.916661312706,604.513529165508,501.1263879820108,695.63878927914,2642.2819945423,51.403132147197994,4
994,703076,2020-01-17 19:50:00,543.55491027832,499.87116070316273,393.5628789675529,592.8167329261267,1908.2699769450526,43.683749575157265,4
995,703125,2020-01-18 04:00:00,1293.90900878906,1376.3324231175793,1272.230365450261,1468.2869930949053,6793.61922957077,82.42341432851936,4
996,703162,2020-01-18 10:10:00,166.458215713501,171.05433233300892,58.124449244988355,263.7931633291921,21.12428798011682,4.59611661950791,4
997,703175,2020-01-18 12:20:00,270.630711364746,275.24851281184465,184.08351905069642,379.8467054795313,21.324090204826447,4.617801447098657,4
998,703408,2020-01-20 03:10:00,1035.39243231879,1073.0178431171444,954.4155618746003,1168.5278838688555,1415.6715377449182,37.625410798354324,4
999,703482,2020-01-20 15:30:00,87.7342464447022,74.05119882358058,-15.203584232711275,179.47438330652497,187.22579220188192,13.683047621121617,4
0,778704,2017-09-25 08:30:00,180.50613403320312,206.58096658126294,110.62561776354708,308.11062704027677,679.8968924093596,26.074832548059817,5
1,778857,2017-09-26 10:00:00,230.55960083007807,202.2843983179419,100.2176286073164,308.6362408941977,799.4870771023111,28.27520251213616,5
2,778874,2017-09-26 12:50:00,-1.708267092704773,10.152190822597388,-77.92263221680476,100.33217320847142,140.67046196065368,11.860457915302161,5
3,778977,2017-09-27 06:00:00,515.2979125976562,553.3559298529599,455.7947310370851,643.2029982755218,1448.4126774049896,38.05801725530364,5
4,779050,2017-09-27 18:10:00,552.0455322265625,537.5017874506947,451.2376803545311,623.7237351805494,211.52051210558255,14.543744775867822,5
5,779071,2017-09-27 21:40:00,702.771484375,742.4921981383792,658.2273315237311,832.2501384530428,1577.7351018723014,39.720713763379194,5
6,779252,2017-09-29 03:50:00,376.7552795410156,431.2098848251066,355.4166448727864,521.5463650728839,2965.3040366461487,54.454605284090974,5
7,779296,2017-09-29 11:10:00,488.155517578125,449.28293370160907,369.08352801962405,539.9730662592569,1511.0777772367665,38.87258387651593,5
8,779344,2017-09-29 19:10:00,511.9153442382813,563.7962493766678,480.1948288674136,651.3911969524213,2691.6283179782567,51.88090513838648,5
9,779390,2017-09-30 02:50:00,475.6040954589844,529.2493975662169,437.2330273670204,621.4920475437,2877.818438176245,53.64530210723251,5
10,779413,2017-09-30 06:40:00,615.0958862304688,613.2590149981767,525.8721973199791,709.1600201283292,3.374095924022235,1.8368712322920828,5
11,779445,2017-09-30 12:00:00,310.62860107421875,323.1130272359177,222.7970207028531,412.89957907189176,155.8608965869128,12.484426161698934,5
12,779492,2017-09-30 19:50:00,288.9725036621094,328.1017999808757,221.8677932888286,426.9718443244037,1531.1018304018185,39.12929631876631,5
13,779516,2017-09-30 23:50:00,1070.0623779296875,969.6004843380163,887.8762115336247,1068.8187278075425,10092.592064024275,100.46189359167124,5
14,779560,2017-10-01 07:10:00,232.9792022705078,222.32199185154667,132.32634008635387,311.9798255044037,113.57613391401392,10.657210418961142,5
15,779573,2017-10-01 09:20:00,717.8944702148438,729.295634068756,636.3399128754239,827.7518465926556,129.98653722375624,11.401163853912294,5
16,779610,2017-10-01 15:30:00,1242.57666015625,1450.9835788453936,1368.7775939828578,1556.4233633867332,43433.44375750331,208.4069186891436,5
17,779631,2017-10-01 19:00:00,1593.2933349609375,1577.7064470020912,1488.895939488375,1670.3465276602665,242.95107624162836,15.586887958846319,5
18,779677,2017-10-02 02:40:00,1251.808349609375,1334.6023134936074,1258.172460510479,1425.5439661999278,6854.840455663583,82.79396388423243,5
19,779690,2017-10-02 04:50:00,788.2462158203125,831.6168756949646,747.7364511557886,919.2595663223565,1881.0141379627594,43.37065987465212,5
20,779692,2017-10-02 05:10:00,670.45263671875,618.7064750393558,503.55700646771965,704.6086903117236,2677.665248550001,51.74616167939416,5
21,779698,2017-10-02 06:10:00,961.6787719726562,966.7345852639415,882.4464363533284,1061.552260491658,25.561248036336995,5.05581329128529,5
22,779760,2017-10-02 16:50:00,897.40234375,819.1784947146707,727.500381656953,904.2664080099097,6118.970557901987,78.2238490353293,5
23,779777,2017-10-02 19:40:00,821.8465576171875,876.2649739845394,770.9810151587307,978.5236197321091,2961.3640399304772,54.41841636735194,5
24,779841,2017-10-03 06:20:00,945.7725219726562,877.812882531496,759.8223715054253,960.8999973869606,4618.5125929725,67.95963944116022,5
25,779860,2017-10-03 09:30:00,1253.6165771484375,1260.0029488466325,1179.8448853657997,1366.1506782041454,40.78574346750653,6.386371698195035,5
26,779865,2017-10-03 10:20:00,1339.0411376953125,1343.2506222438217,1241.2738296451544,1435.0810381034094,17.719760164137544,4.209484548509181,5
27,780039,2017-10-04 15:20:00,1403.681396484375,1346.3276511516829,1251.8270355663678,1438.3728069966883,3289.4521036873057,57.35374533269214,5
28,780058,2017-10-04 18:30:00,669.7280883789062,688.9166895204069,598.7335977778832,773.446847628725,368.2024137675986,19.188601141500612,5
29,780076,2017-10-04 21:30:00,1611.267578125,1640.3834748018949,1552.6505720410898,1734.329180437672,847.7354392996174,29.115896676894863,5
30,780155,2017-10-05 10:40:00,326.55938720703125,410.3954606437545,315.1346722568976,500.75142023175516,7028.487209287657,83.83607343672327,5
31,780162,2017-10-05 11:50:00,1083.138671875,1064.1157911180685,981.5761486601533,1163.567379228992,361.86999229243474,19.0228807569315,5
32,780379,2017-10-07 00:00:00,929.2297973632812,951.5784558328832,857.533028160131,1043.5503310754257,499.4625353909088,22.3486584696019,5
33,780397,2017-10-07 03:00:00,1572.8968505859375,1609.823698246604,1515.6688782246142,1700.9515298655288,1363.5920781540676,36.92684766066645,5
34,780402,2017-10-07 03:50:00,1726.0279541015625,1674.5013510191834,1586.7714747685336,1772.4978969341207,2654.990825209039,51.5266030823791,5
35,780431,2017-10-07 08:40:00,1256.8065185546875,1198.9517426086265,1113.9314305668806,1279.437363657284,3347.1750997689132,57.854775946060954,5
36,780437,2017-10-07 09:40:00,1561.8602294921875,1487.4419044783372,1390.8188814544217,1578.3802680482788,5538.087097867063,74.41832501385034,5
37,780442,2017-10-07 10:30:00,1418.2857666015625,1471.3879614775924,1383.1013795785284,1574.5366731641084,2819.843100651856,53.1021948760299,5
38,780463,2017-10-07 14:00:00,166.94529724121094,171.92615291242782,80.6064796812629,261.4347191893308,24.808923217493422,4.9808556712168865,5
39,780541,2017-10-08 03:00:00,440.64593505859375,487.6218232984331,408.47274225562023,575.1321347437132,2206.7340759218796,46.97588823983938,5
40,780556,2017-10-08 05:30:00,53.71783065795898,55.356019252955136,-30.17046602106775,142.59688076847883,2.683661872775488,1.6381885949961585,5
41,780636,2017-10-08 18:50:00,-1.5578200817108154,18.927547397175815,-59.793118601199936,113.75433749544924,419.65028074502595,20.48536747888663,5
42,780903,2017-10-10 15:20:00,1020.6283569335938,992.3398313562516,874.7633770609024,1075.9128291816112,800.2406793399422,28.28852557734217,5
43,780937,2017-10-10 21:00:00,838.1022338867188,871.9230161687253,784.3624967135572,965.9469411362695,1143.84531416689,33.820782282006576,5
44,781003,2017-10-11 08:00:00,1526.6219482421875,1590.4315101092445,1486.0251717389433,1689.7949555271216,4071.6601856657785,63.80956186705703,5
45,781223,2017-10-12 20:40:00,1208.14453125,1317.7570497405652,1233.6972790614245,1395.6984051850077,12014.904209844499,109.61251849056521,5
46,781254,2017-10-13 01:50:00,1525.440673828125,1669.3320508890984,1585.2670950970808,1756.3543696611518,20704.72839250321,143.89137706097335,5
47,781381,2017-10-13 23:10:00,1217.398681640625,1315.8234537863082,1232.1464804338157,1404.7200781640738,9687.435771929648,98.42477214568316,5
48,781431,2017-10-14 07:30:00,709.2021484375,634.3650715107342,537.1774455173264,741.9431692187027,5600.588082942662,74.8370769267658,5
49,781464,2017-10-14 13:00:00,964.3746948242188,1072.6712343182671,976.2141157878907,1164.6857027498368,11728.14046638598,108.29653949404837,5
50,781477,2017-10-14 15:10:00,799.6371459960938,858.8594357272428,780.9251178091606,966.252755166081,3507.279601000167,59.22228973114909,5
51,781570,2017-10-15 06:40:00,276.4573669433594,345.4216397203281,258.95107987243273,438.27498075536556,4756.070919656146,68.9642727769687,5
52,781579,2017-10-15 08:10:00,560.8915405273438,587.4650101901276,501.6362383951663,699.6792732066746,706.1492899188936,26.57346966278385,5
53,781641,2017-10-15 18:30:00,543.0726318359375,530.0532569809008,428.471566119459,617.0348540973143,169.50412161596304,13.019374855036745,5
54,781703,2017-10-16 04:50:00,61.64191818237305,65.61239662316211,-47.66965308238656,159.2439351506873,15.764699048770769,3.9704784407890656,5
55,781725,2017-10-16 08:30:00,1191.359619140625,1263.8551143651273,1171.277436802292,1350.701378927976,5255.596827845835,72.49549522450229,5
56,781830,2017-10-17 02:00:00,2039.0394287109373,1976.6971177364994,1878.593540977144,2060.358233908017,3886.563737633514,62.34231097443785,5
57,781853,2017-10-17 05:50:00,1132.6234130859375,1193.6839278378181,1102.52739991793,1291.9106468798504,3728.386461764634,61.060514751880646,5
58,781904,2017-10-17 14:20:00,330.7967834472656,354.288670851445,253.74226151035313,444.14515537159247,551.8687738106405,23.49188740417935,5
59,782013,2017-10-18 08:30:00,232.1309356689453,219.17596850447993,142.89651522022524,310.4536518957339,167.83117423237636,12.954967164465387,5
60,782052,2017-10-18 15:00:00,93.36890411376952,92.80933907194698,-7.826317481715293,179.59279460000548,0.3131130360298582,0.5595650418225375,5
61,782123,2017-10-19 02:50:00,72.3919677734375,64.08996784992469,-24.192494233383023,154.82267705088714,68.9232027300067,8.30199992351281,5
62,782197,2017-10-19 15:10:00,679.999267578125,664.693253190152,577.3989982707224,751.8148049559233,234.27407644483804,15.30601438797305,5
63,782262,2017-10-20 02:00:00,1027.759033203125,1123.2836047446708,1037.2852822310256,1197.0254096468443,9124.943768195904,95.52457154154581,5
64,782391,2017-10-20 23:30:00,1595.836181640625,1664.1155826426832,1550.7744155219134,1748.8436091288888,4662.076601199866,68.2794010020582,5
65,782406,2017-10-21 02:00:00,753.7564697265625,707.78260212113,614.6843230895066,807.7409073503288,2113.5965026018334,45.973867605432474,5
66,782426,2017-10-21 05:20:00,1774.5965576171875,1772.4401307953501,1671.7331503319524,1877.5273572385508,4.650176637939687,2.1564268218373854,5
67,782600,2017-10-22 10:20:00,2011.10986328125,2071.166317407609,1975.557295096803,2187.61372533669,3606.777682231446,60.05645412635886,5
68,782627,2017-10-22 14:50:00,1981.07568359375,2012.9404136824596,1902.8111592785804,2110.360001375147,1015.3610236263162,31.86473008870962,5
69,782709,2017-10-23 04:30:00,229.1484375,232.86983199464598,139.30614513393527,337.1525878307562,13.848776984781392,3.7213944946459776,5
70,782809,2017-10-23 21:20:00,526.2423095703125,532.5198954707932,445.9439329704204,614.2458037718284,39.408084737914635,6.277585900480744,5
71,782830,2017-10-24 00:50:00,986.2612915039062,1046.7719605246343,941.7810430716137,1135.9554675795096,3661.5410653361,60.51066902072807,5
72,782859,2017-10-24 05:40:00,909.4756469726562,997.6923572941577,902.017727039856,1091.3785974393918,7782.187979947694,88.21671032150141,5
73,782919,2017-10-24 15:40:00,1690.07421875,1597.3430595060681,1511.028294520017,1683.3074384799206,8599.067894723452,92.73115924393187,5
74,782933,2017-10-24 18:00:00,665.65673828125,761.8765604054233,670.0546114617587,842.3839156664839,9258.254169607557,96.21982212417333,5
75,782990,2017-10-25 03:30:00,2026.630859375,1982.9630468648152,1892.01388403129,2059.197052918597,1906.8778494246549,43.66781251018483,5
76,783138,2017-10-26 04:10:00,159.1055908203125,232.06034162127733,146.6370086709178,323.9960023762135,5322.395664430878,72.95475080096483,5
77,783239,2017-10-26 21:00:00,221.58663940429688,301.2368449136575,213.58725784418309,382.52025475808057,6344.155237683378,79.6502055093606,5
78,783293,2017-10-27 06:00:00,335.9586181640625,306.03641753160366,216.21901760639568,395.2001554537809,895.3380906891201,29.92220063245884,5
79,783457,2017-10-28 09:20:00,1824.6099853515625,1769.4091023383576,1663.7739803317963,1864.4255395463242,3047.1374854375367,55.20088301320493,5
80,783562,2017-10-29 02:50:00,1915.462158203125,1826.2688581712684,1743.545111637118,1909.9490905856424,7955.444770572782,89.19330003185655,5
81,783599,2017-10-29 09:00:00,1619.978515625,1650.5038741896878,1552.104044325728,1737.3343953011522,931.7975155027618,30.52535856468785,5
82,783614,2017-10-29 11:30:00,577.7155151367188,576.2276709833377,480.79533412820496,669.9920695190139,2.2136802247501657,1.4878441533810474,5
83,783645,2017-10-29 16:40:00,260.9251403808594,269.12021448844035,159.25826881243486,376.5168193777136,67.15923962874417,8.195074107580979,5
84,783801,2017-10-30 18:40:00,55.16255187988281,58.291904601694974,-28.025951684886845,151.21355276235246,9.79284845751318,3.129352721812161,5
85,783812,2017-10-30 20:30:00,423.8385620117188,407.91773720531177,321.5754762684047,499.4700073116386,253.47266251630577,15.92082480640704,5
86,783836,2017-10-31 00:30:00,419.9517822265625,371.0662567113339,293.2945440439591,456.73438323308324,2389.794604900067,48.88552551522861,5
87,783840,2017-10-31 01:10:00,273.6861877441406,284.790488160675,182.63248793264933,377.71244751590126,123.30548774064573,11.104300416534386,5
88,783864,2017-10-31 05:10:00,217.18394470214844,218.1819251810204,112.44123675334303,303.1476998696772,0.9959650362095189,0.9979804788719662,5
89,783907,2017-10-31 12:20:00,306.9856262207031,321.9225861281061,215.29184472265513,409.84309782591896,223.11277127536403,14.93695990740298,5
90,783975,2017-10-31 23:40:00,550.9139404296875,599.0147488923375,506.19963128259775,691.1542079816684,2313.68777476054,48.10080846264998,5
91,784005,2017-11-01 04:40:00,242.54808044433597,281.04493467778553,193.23501967833175,371.82774710347604,1482.007785871464,38.49685423344957,5
92,784077,2017-11-01 16:40:00,510.8686218261719,505.18161890588635,404.10762027160837,596.5069260031738,32.34200221533606,5.687002920285522,5
93,784079,2017-11-01 17:00:00,525.1704711914062,585.3165165335606,503.3268042118349,675.6117983189837,3617.546770300489,60.146045342154366,5
94,784225,2017-11-02 17:20:00,-1.286802053451538,-0.7224858084113218,-123.85824905826509,93.17673660701625,0.3184528244162894,0.5643162450402163,5
95,784381,2017-11-03 19:20:00,286.0924072265625,414.2213518067138,336.1842943518579,505.26046080226314,16417.026439223486,128.1289445801513,5
96,784569,2017-11-05 02:40:00,352.7681579589844,291.44932766088544,185.832773681279,384.07001917825795,3759.9989491270553,61.31883029809893,5
97,784591,2017-11-05 06:20:00,464.3636169433594,470.3848799018468,378.63706640849705,573.7106779080001,36.255607615252416,6.021262958487398,5
98,784654,2017-11-05 16:50:00,594.6951904296875,611.8020503734763,520.4825968066034,705.8794894443214,292.64465713640493,17.106859943788777,5
99,784677,2017-11-05 20:40:00,354.81427001953125,375.18359842931324,285.59748596779406,472.0976138210443,414.9095398655515,20.369328409781986,5
100,784696,2017-11-05 23:50:00,159.3429718017578,156.15872817850513,67.43129316020155,250.14417197798653,10.13940745222538,3.1842436232526836,5
101,784882,2017-11-07 06:50:00,646.7024536132812,621.1080603606126,539.4476431234374,720.3598620142591,655.0729659722492,25.594393252668624,5
102,784907,2017-11-07 11:00:00,863.433349609375,957.5162048167941,875.941200536367,1042.6088747113245,8851.583643980193,94.08285520741913,5
103,784922,2017-11-07 13:30:00,1205.2176513671875,1331.3408065659635,1239.140117321812,1419.302189726471,15907.050277294531,126.12315519877598,5
104,784925,2017-11-07 14:00:00,750.6753540039062,836.2342823780281,753.0141021098764,931.9372435262228,7320.3302245281075,85.55892837412182,5
105,785188,2017-11-09 09:50:00,204.00778198242188,212.25530118149277,116.32032547788377,306.66209871082634,68.021572939043,8.247519199070894,5
106,785382,2017-11-10 18:10:00,1084.769775390625,992.2965780151925,906.6341784587873,1080.0185792340856,8551.292232835698,92.4731973754325,5
107,785505,2017-11-11 14:40:00,40.1090087890625,50.66738494362311,-40.55307020081824,131.68458329478818,111.47930702119415,10.558376154560612,5
108,786893,2017-11-21 06:00:00,1362.6910400390625,1361.7158090717796,1264.3237512473945,1451.644182076299,0.9510754395474798,0.9752309672828687,5
109,786896,2017-11-21 06:30:00,1429.2259521484375,1421.4119347347832,1336.7347147474488,1519.6647505901615,61.05886814089194,7.8140174136542555,5
110,787008,2017-11-22 01:10:00,2049.332763671875,2035.5223556692742,1936.35136762103,2126.6926055611257,190.7273691982989,13.810408002600752,5
111,787170,2017-11-23 04:10:00,1890.1007080078125,1900.6180489995452,1813.7102762793209,1985.6570130884597,110.61446153638057,10.51734099173268,5
112,787233,2017-11-23 14:40:00,1773.3240966796875,1794.2222836474566,1706.7593602465322,1880.1277491665992,436.7342185398345,20.898186967769107,5
113,787406,2017-11-24 19:30:00,669.6987915039062,780.314918122312,695.5892253753087,879.9371073764682,12235.927468059162,110.6161266184057,5
114,787482,2017-11-25 08:10:00,2022.4464111328125,2018.757981710763,1930.9420512280496,2135.786389195188,13.604511601440162,3.6884294220494667,5
115,787488,2017-11-25 09:10:00,1022.28173828125,1183.57935816275,1094.0336918036778,1290.7638362154598,26016.922179436846,161.29761988149994,5
116,787542,2017-11-25 18:10:00,752.168701171875,759.1764117915238,668.3071551851243,847.5748424979719,49.10800812873903,7.007710619648833,5
117,787608,2017-11-26 05:10:00,719.4454345703125,718.0986460574729,628.2905416488157,820.6724275956539,1.8138392983166112,1.3467885128395665,5
118,787639,2017-11-26 10:20:00,509.9615173339844,510.3568656716973,426.4636545819881,610.3134284116319,0.1563003081323558,0.39534833771290323,5
119,787673,2017-11-26 16:00:00,691.8095092773438,679.878938715532,594.2779982367038,764.996650164034,142.33851393037045,11.930570561811805,5
120,787680,2017-11-26 17:10:00,290.966796875,330.3274828289331,244.14006711109255,429.89275324983055,1549.2635987641474,39.360685953933114,5
121,787695,2017-11-26 19:40:00,833.3693237304688,894.5883447267036,803.1521958850924,992.2152371676624,3747.7685317374376,61.2190209962348,5
122,787699,2017-11-26 20:20:00,676.4837646484375,711.6642362810055,619.4577611171038,817.5737923088747,1237.665584289923,35.180471632568015,5
123,787705,2017-11-26 21:20:00,798.2637939453125,839.4340728682461,744.1702750822649,945.3715464483994,1694.9918665921475,41.17027892293356,5
124,787711,2017-11-26 22:20:00,1140.5186767578125,1195.5920430400063,1103.7898516056848,1279.2078694477284,3033.0756736526782,55.073366282193774,5
125,787742,2017-11-27 03:30:00,2053.908935546875,2066.5480262174633,1987.3690753903363,2183.0060612133416,159.74661297935228,12.639090670588303,5
126,787755,2017-11-27 05:40:00,1110.5858154296875,1250.1467274596394,1148.370184117186,1344.0168209152987,19477.248166631958,139.56091202995185,5
127,787801,2017-11-27 13:20:00,989.15625,1054.6864289401938,964.0577853411896,1137.1837930198244,4294.204351933814,65.53017894019376,5
128,787871,2017-11-28 01:00:00,1029.36767578125,1071.5295077364003,981.1044672668643,1157.7283154617,1777.6200738143345,42.16183195515032,5
129,788003,2017-11-28 23:00:00,529.807373046875,475.0351007881703,378.68844266498644,568.6982224854451,3000.00180838167,54.772272258704675,5
130,788014,2017-11-29 00:50:00,564.2800903320312,673.5558306583897,586.138841461443,773.4408450766854,11941.187423873724,109.27574032635846,5
131,788015,2017-11-29 01:00:00,707.9281005859375,707.0391989465313,606.6215779566888,828.8606187328071,0.7901461245390042,0.8889016394061855,5
132,788031,2017-11-29 03:40:00,770.7014770507812,799.0531676264334,719.3012625594777,889.6101494377682,803.8183584975217,28.35169057565213,5
133,788045,2017-11-29 06:00:00,1221.549072265625,1248.7755471559562,1159.5141812619697,1345.1883387543023,741.2809349538379,27.226474890331247,5
134,788158,2017-11-30 00:50:00,193.6049652099609,234.46068342778904,122.58644783553268,323.89836735070855,1669.189711094573,40.85571821782813,5
135,788235,2017-11-30 13:40:00,1544.9317626953125,1670.5661072440555,1570.8265460523448,1772.983033530353,15783.98853019227,125.634344548743,5
136,788254,2017-11-30 16:50:00,1572.45458984375,1577.8551596222717,1488.191396887388,1683.3557509696507,29.166153932681766,5.400569778521685,5
137,788343,2017-12-01 07:40:00,1513.1043701171875,1488.5803944176882,1384.2224520058496,1582.4019437992629,601.4253841096303,24.52397569949926,5
138,788351,2017-12-01 09:00:00,1887.160888671875,1665.1492082981044,1562.6472127323404,1772.478792796058,49289.18622238526,222.01168037377056,5
139,788388,2017-12-01 15:10:00,549.8271484375,549.9587723843001,438.053843761704,641.81175066535,0.017324863371240444,0.13162394680011857,5
140,788395,2017-12-01 16:20:00,591.2197265625,604.9135082375277,509.98248054785904,690.1858201487237,187.51965656332465,13.693781675027708,5
141,788425,2017-12-01 21:20:00,425.1238098144531,431.7368226461435,333.54036562609855,538.7864083677449,43.73193871210129,6.613012831690355,5
142,788563,2017-12-02 20:20:00,431.9327697753906,413.41066985332094,320.41516246068863,535.4648248705652,343.0681855231338,18.522099922069685,5
143,788631,2017-12-03 07:40:00,76.09052276611328,108.65826477054553,4.088689726104633,209.68931178465704,1060.6578192672605,32.56774200443225,5
144,788633,2017-12-03 08:00:00,84.02301788330078,90.06690722311482,18.22616711013363,188.55106293870796,36.528598351917836,6.043889339814044,5
145,788684,2017-12-03 16:30:00,115.23047637939452,115.1546445874538,19.95039656879892,203.78292999994514,0.005750460668939853,0.07583179194071477,5
146,788698,2017-12-03 18:50:00,348.15838623046875,378.3022262352502,279.59559394827176,493.7515359498018,908.6510902338626,30.143840004781453,5
147,788758,2017-12-04 04:50:00,274.9223937988281,221.16626608754677,135.67557967371704,312.27756259954526,2889.721266511591,53.75612771128135,5
148,788759,2017-12-04 05:00:00,324.250244140625,271.56926449307133,163.58461920776256,370.83494351944915,2775.285616625964,52.68097964755367,5
149,788760,2017-12-04 05:10:00,308.0126647949219,275.5161240115793,185.81106599235815,358.1030882077587,1056.0251628834485,32.496540783342596,5
150,788783,2017-12-04 09:00:00,571.7222900390625,554.1322382901103,459.91814753279164,645.9245117586178,309.40992053081607,17.59005174895219,5
151,788789,2017-12-04 10:00:00,294.8215637207031,326.4122645471023,245.3030008094996,404.6413178925776,997.9723787030591,31.5907008263992,5
152,788806,2017-12-04 12:50:00,972.17919921875,897.6690886115973,794.9925743970626,1022.9191827137204,5551.756582690126,74.51011060715268,5
153,788821,2017-12-04 15:20:00,607.71875,586.4884535240982,498.90815127362316,675.0821749188931,450.7254884546888,21.23029647590181,5
154,788947,2017-12-05 12:20:00,256.1713256835937,267.3068127122758,166.6983420643045,362.97778248330434,123.99907136594777,11.135487028682121,5
155,789042,2017-12-06 04:10:00,796.1296997070312,742.4783075852084,655.3530854676435,837.9775932060708,2878.471876609592,53.65139212182282,5
156,789049,2017-12-06 05:20:00,479.4476318359375,562.5807753203272,471.51165988706566,649.155325009806,6911.1195455961315,83.13314348438973,5
157,789067,2017-12-06 08:20:00,863.8948974609375,873.6609319791862,799.4894693566682,959.6659627054421,95.37543021162544,9.766034518248716,5
158,789333,2017-12-08 05:40:00,2061.462158203125,2087.5502289956,1984.6300102931627,2170.040317090655,680.5874376731772,26.08807079247481,5
159,789390,2017-12-08 15:10:00,1544.8057861328125,1478.4794871251875,1391.206299004837,1590.807501817523,4399.177940048882,66.32629900762504,5
160,789398,2017-12-08 16:30:00,1707.8206787109375,1755.805157651719,1644.9564285116496,1858.9881252672903,2302.5102192182935,47.9844789407814,5
161,789508,2017-12-09 10:50:00,500.2714538574219,544.2552645550411,450.98654894993433,642.1573421022375,1934.5756034840028,43.98381069761922,5
162,789708,2017-12-10 20:10:00,439.3825378417969,501.1211253118255,410.41750112807455,597.400895196679,3811.653182794375,61.73858747002862,5
163,789764,2017-12-11 05:30:00,1323.2998046875,1289.3720090938073,1194.0447321280003,1373.7702279328964,1151.0953138473963,33.927795593692736,5
164,789798,2017-12-11 11:10:00,2017.7283935546875,1884.2655975714306,1776.0511197919775,2009.5113669675434,17812.31791166846,133.4627959832569,5
165,789940,2017-12-12 10:50:00,415.4930114746094,366.88875943644666,273.47243844036973,470.58961332954647,2362.373316189244,48.60425203816271,5
166,789955,2017-12-12 13:20:00,742.1024780273438,732.82705371315,640.8477038452608,847.6427438994585,86.03349620833646,9.275424314193742,5
167,789957,2017-12-12 13:40:00,973.309814453125,1165.423981613859,1059.3739124856866,1281.3923520935145,36907.85322386246,192.11416716073404,5
168,790176,2017-12-14 02:10:00,1990.21875,1993.8710213109284,1896.3332290139558,2100.0809959257294,13.339085728630849,3.652271310928427,5
169,790192,2017-12-14 04:50:00,2041.2261962890625,2050.626502111617,1948.6260932770404,2142.0682653232643,88.36574955755017,9.400305822554401,5
170,790376,2017-12-15 11:30:00,1914.724853515625,1794.3269287117982,1691.4402658629722,1880.7712654536383,14495.660297067921,120.39792480382675,5
171,790406,2017-12-15 16:30:00,1546.9986572265625,1526.396332976988,1431.6512171860618,1626.4273279803504,424.4557644846011,20.602324249574394,5
172,790481,2017-12-16 05:00:00,206.2203826904297,246.5929484238149,153.356837565821,360.8698337184941,1629.9440638965102,40.372565733385215,5
173,790612,2017-12-17 02:50:00,147.2227783203125,148.69949991878136,62.86094516763724,250.4489379578305,2.180706679384414,1.4767215984688562,5
174,790621,2017-12-17 04:20:00,54.34047317504883,54.97411282427853,-59.209321522235626,152.14588100500245,0.40149920507593706,0.6336396492296998,5
175,790686,2017-12-17 15:10:00,1242.0767822265625,1259.4543757392405,1172.246697469336,1355.4340918629757,301.98075629186866,17.377593512678004,5
176,790735,2017-12-17 23:20:00,1029.076904296875,1028.4149393889213,923.6645606471036,1132.7538826255059,0.43819753936213524,0.6619649079536885,5
177,790739,2017-12-18 00:00:00,1102.714599609375,1097.6026619533968,1023.3456276364875,1195.6323390398175,26.131906598607703,5.111937655978181,5
178,790746,2017-12-18 01:10:00,1089.4984130859375,1013.7390511491107,931.674432764006,1101.1865165777642,5739.480921075129,75.75936193682685,5
179,790757,2017-12-18 03:00:00,1152.0728759765625,1167.7614260751095,1073.2240012078657,1259.0267267385595,246.13060419461945,15.688550098547012,5
180,790781,2017-12-18 07:00:00,527.9608154296875,489.02758018674126,405.88771006824237,582.9618467774594,1515.7968064825911,38.93323524294624,5
181,790822,2017-12-18 13:50:00,-1.962746500968933,9.889477170665431,-95.95788278802527,134.36507613620876,140.47520596245,11.852223671634365,5
182,790891,2017-12-19 01:20:00,1340.39208984375,1294.0077014045057,1200.0477748610724,1407.4841008771614,2151.511490882698,46.384388439244276,5
183,790948,2017-12-19 10:50:00,303.9321594238281,246.5623401516906,151.3065592600644,346.6804006672227,3291.2961633177233,57.36981927213753,5
184,791015,2017-12-19 22:00:00,475.3047790527344,513.809048251205,423.8070581695482,592.8976464017154,1482.5787465082947,38.50426919847064,5
185,791130,2017-12-20 17:10:00,134.84585571289062,131.37421841447664,34.68462173519467,217.50123973821078,12.052265531739124,3.471637298413981,5
186,791143,2017-12-20 19:20:00,174.79249572753906,203.04296383272035,88.54149834514385,298.9442084687484,798.088948161865,28.250468105181284,5
187,791149,2017-12-20 20:20:00,97.43125915527344,105.98879255173591,20.16855922269094,202.99706808553654,73.23137783157058,8.557533396462475,5
188,791324,2017-12-22 01:30:00,759.2950439453125,642.4732081834345,547.0056280257307,730.7039994910785,13647.341310775195,116.82183576187799,5
189,791441,2017-12-22 21:00:00,292.5119323730469,284.5765093569942,188.404753644345,387.1608699921255,62.97093844369818,7.935423016052653,5
190,791470,2017-12-23 01:50:00,427.0530700683594,466.1877188608145,374.1699788974645,555.1250261396397,1531.5207361088114,39.13464879245515,5
191,791482,2017-12-23 03:50:00,290.9737854003906,317.8843316112754,215.20421365183594,410.4111394308057,724.177497368165,26.910546210884775,5
192,791576,2017-12-23 19:30:00,1147.8648681640625,1194.9973760317769,1105.93561365628,1291.6754696387654,2221.4732979001565,47.13250786771437,5
193,791579,2017-12-23 20:00:00,1492.86474609375,1537.0167242237776,1463.411011226823,1631.9745609662425,1949.3971727944356,44.1519781300276,5
194,791680,2017-12-24 12:50:00,1986.8505859375,1973.9747914954278,1887.6750365110702,2067.3897975850873,165.78608251449785,12.87579444207222,5
195,791708,2017-12-24 17:30:00,1101.7725830078125,1100.200277710296,1011.5978972318626,1191.7676135003862,2.472143948598607,1.5723052975165501,5
196,791724,2017-12-24 20:10:00,1051.5645751953125,978.1760814347801,884.1405259862297,1097.7738910882451,5385.871016439696,73.38849376053236,5
197,791766,2017-12-25 03:10:00,2027.506103515625,2011.1352604142069,1913.813650686598,2107.8408998012064,268.00450385124964,16.37084310141813,5
198,791842,2017-12-25 15:50:00,2024.232666015625,2052.5187621258306,1950.4850851167648,2146.772258741137,800.1032331557863,28.286096110205563,5
199,791935,2017-12-26 07:20:00,1868.51708984375,1840.9600701033855,1732.5555912864174,1946.0638617085654,759.3893369708369,27.557019740364467,5
200,792132,2017-12-27 16:10:00,1414.4620361328125,1413.228685539456,1308.7379960659919,1527.5346680898606,1.5211536861330532,1.2333505933565903,5
201,792194,2017-12-28 02:30:00,1118.655029296875,1171.9066048525299,1050.5475502867653,1283.948761063824,2835.7302991596202,53.25157555565488,5
202,792246,2017-12-28 11:10:00,1039.647216796875,1006.2696495773249,924.5384693359312,1091.6835611672516,1114.0619934955846,33.37756721955009,5
203,792276,2017-12-28 16:10:00,1331.996337890625,1355.0848554527504,1265.3569630486943,1452.1885924270634,533.0796432165725,23.08851756212539,5
204,792301,2017-12-28 20:20:00,864.8306884765625,923.6062967690228,834.7055932696087,1027.7427871938396,3454.572130148732,58.77560829246033,5
205,792442,2017-12-29 19:50:00,2052.659423828125,2058.7226730096827,1964.4561996629398,2152.880549471902,36.762990637660046,6.063249181557694,5
206,792467,2017-12-30 00:00:00,421.8004760742188,449.7221265595912,349.06451318189835,543.457053712323,779.618565827295,27.921650485372368,5
207,792518,2017-12-30 08:30:00,2054.89013671875,2004.1656422637675,1912.2804997171506,2099.707125672566,2572.974337713551,50.724494454982505,5
208,792521,2017-12-30 09:00:00,2058.517578125,2045.6927739218568,1937.106529582484,2153.7590460156725,164.47560284896028,12.82480420314323,5
209,792543,2017-12-30 12:40:00,2002.1646728515625,2003.0779803794464,1922.13204602335,2079.0493453609115,0.8341306404894815,0.9133075278839442,5
210,792615,2017-12-31 00:40:00,719.8861694335938,732.5954084122657,639.7055575470011,851.7666301002114,161.52475541699366,12.70923897867192,5
211,792725,2017-12-31 19:00:00,1182.8001708984375,1301.4989692023837,1223.0318889985085,1392.3849863310018,14089.404718800903,118.6987983039462,5
212,792779,2018-01-01 04:00:00,2013.011962890625,1997.6026988203118,1915.152334007272,2080.692251148936,237.445419188644,15.409264070313156,5
213,792804,2018-01-01 08:10:00,812.5641479492188,824.3618183503561,720.1488051224327,914.4562355164244,139.18502689387205,11.797670401137339,5
214,792834,2018-01-01 13:10:00,340.2471923828125,352.4547387464921,270.98322761738154,438.69397653160183,149.02418822138765,12.207546363679626,5
215,793387,2018-01-05 09:20:00,250.7277374267578,246.34151107751862,151.2658886386007,338.2433681246602,19.238981586760193,4.386226349239195,5
216,793743,2018-01-07 20:40:00,1840.7515869140625,1730.7787433678518,1612.9751197175688,1838.5130520761716,12094.026317639336,109.9728435462107,5
217,793746,2018-01-07 21:10:00,1867.1502685546875,1776.944195831619,1682.4615878010247,1878.393507386615,8137.135556119518,90.20607272306847,5
218,793780,2018-01-08 02:50:00,1737.6317138671875,1632.024565874788,1524.112828711529,1731.4561004476782,11152.86970708855,105.6071479923994,5
219,793830,2018-01-08 11:10:00,287.298828125,361.61456450826654,260.57910954804163,471.6952962029905,5522.828674187166,74.31573638326654,5
220,793848,2018-01-08 14:10:00,255.51785278320312,226.74524161802043,127.57309199667718,320.88099660386973,827.8631532627959,28.772611165182695,5
221,793937,2018-01-09 05:00:00,274.4673156738281,293.9376271845266,217.00895256165745,390.92701810750856,379.0930303236377,19.47031151069848,5
222,794013,2018-01-09 17:40:00,143.28631591796875,131.74769929786208,35.443028264255204,224.7157627187143,133.13967350580177,11.538616620106666,5
223,794064,2018-01-10 02:10:00,329.2911071777344,346.97021196073445,240.4923005717971,441.70266223628977,312.55074592829595,17.67910478300007,5
224,794112,2018-01-10 10:10:00,151.89590454101562,212.55949869225182,99.27804707251096,309.7929632192959,3680.0716553458983,60.6635941512362,5
225,794156,2018-01-10 17:30:00,94.50109100341795,123.94677147814053,24.989406490643944,212.87925156685577,867.0480986194585,29.44568047472258,5
226,794188,2018-01-10 22:50:00,270.7880249023437,218.18718859420207,135.87056294588334,302.8670474324053,2766.8479803159103,52.60083630814162,5
227,794355,2018-01-12 02:40:00,-1.3721619844436646,0.4283919965119147,-107.13562736566737,97.3028116523786,3.2419946383349845,1.8005539809555793,5
228,794360,2018-01-12 03:30:00,-1.999024510383606,-2.9599822286365383,-111.7618062792894,92.19925118732715,0.9234397362698821,0.9609577182529323,5
229,794499,2018-01-13 02:40:00,790.555908203125,769.3839221205964,676.9836876431867,852.835709071111,448.25299467878614,21.171986082528633,5
230,794509,2018-01-13 04:20:00,1217.927978515625,1230.3662778622345,1149.1768702688926,1321.8368304644778,154.7112906358659,12.438299346609483,5
231,794561,2018-01-13 13:00:00,856.4296875,905.6695301288081,824.5909130446813,998.5123354573461,2424.5621021097877,49.239842628808105,5
232,794577,2018-01-13 15:40:00,924.4796752929688,935.975694579234,842.1071983802643,1042.8403383841041,132.15845943018167,11.49601928626521,5
233,794591,2018-01-13 18:00:00,1084.4283447265625,1036.5124546114382,933.0938250765669,1127.906353946346,2295.932525524665,47.915890115124284,5
234,794606,2018-01-13 20:30:00,199.2572021484375,225.49283379332894,115.14014081242414,324.38118905153425,688.3083678064291,26.23563164489144,5
235,794633,2018-01-14 01:00:00,106.94263458251952,120.03321507704396,33.93310045559124,210.47162165303357,171.36329768362387,13.090580494524445,5
236,794803,2018-01-15 05:20:00,2042.9581298828125,2040.7774382014534,1927.8703017926234,2147.694214328543,4.755416209148873,2.1806916813591215,5
237,794830,2018-01-15 09:50:00,1544.3218994140625,1668.175308957943,1570.475127879637,1757.83597489485,15339.667055644162,123.85340954388039,5
238,794901,2018-01-15 21:40:00,1860.6832275390625,1867.0398823491896,1762.0250943569781,1935.2136241351714,40.40706037511214,6.356654810127111,5
239,794932,2018-01-16 02:50:00,1411.60595703125,1562.6153277133965,1469.6741959766296,1661.7483770028778,22803.83003381792,151.00937068214648,5
240,794935,2018-01-16 03:20:00,1528.6328125,1571.1146213143193,1477.871471923009,1661.253568168239,1804.704080136374,42.481808814319265,5
241,794969,2018-01-16 09:00:00,1700.3660888671875,1641.7695812255379,1541.887998078733,1734.457264551047,3433.5507077979028,58.59650764164962,5
242,795005,2018-01-16 15:00:00,1422.1123046875,1465.923642391658,1362.6915131786538,1550.0894564957796,1919.433311427772,43.81133770415795,5
243,795014,2018-01-16 16:30:00,1788.990234375,1805.112650958388,1709.3890507091555,1902.8439621228945,259.9323164883054,16.12241658338803,5
244,825964,2018-08-20 21:50:00,42.43904113769531,48.732584525054065,-43.71440830208863,144.01356844703858,39.60868836856709,6.293543387358753,5
245,825997,2018-08-21 03:20:00,14.178783416748049,20.39480407882964,-85.93445716111957,123.74061278131286,38.63891287142527,6.216020662081592,5
246,826051,2018-08-21 12:20:00,211.08615112304688,205.77977623936442,114.1308211587058,303.49233466894947,28.157614406175952,5.306374883682452,5
247,826143,2018-08-22 03:40:00,146.89198303222656,120.43119651573654,37.93763623410465,228.8373326370175,700.1732230712599,26.460786516490018,5
248,826153,2018-08-22 05:20:00,49.037384033203125,63.721815180707296,-40.14938032819176,164.15003702301055,215.63251812579065,14.68443114750417,5
249,826163,2018-08-22 07:00:00,208.4270782470703,183.70050968674622,93.6356394869332,298.30165656611405,611.4031927684081,24.726568560324097,5
250,826233,2018-08-22 18:40:00,207.15771484375,206.24559027682736,122.01543618122751,285.38693755538264,0.8319712255838182,0.9121245669226425,5
251,826248,2018-08-22 21:10:00,234.5995330810547,232.43874974678988,135.54466867856317,318.585037060024,4.668984617636534,2.1607833342648064,5
252,826301,2018-08-23 06:00:00,55.27143859863281,68.89993710972009,-34.47822672551571,164.64089313464038,185.735971666708,13.628498511087273,5
253,826318,2018-08-23 08:50:00,57.260738372802734,33.995278118079504,-64.63507498831233,124.1989387780255,541.2816408641063,23.26546025472323,5
254,826380,2018-08-23 19:10:00,650.6826171875,692.4137167321346,611.1994396134711,798.6004440202826,1741.4846692042036,41.73109954463462,5
255,826411,2018-08-24 00:20:00,694.8154296875,720.825546784169,625.6155268637559,815.0560913519985,676.5261913824319,26.010117096668978,5
256,826460,2018-08-24 08:30:00,878.5872802734375,872.4045084919243,776.9900783258846,962.1409537300158,38.226666902276214,6.182771781513225,5
257,826571,2018-08-25 03:00:00,1367.6397705078125,1428.3019317535893,1343.1955063710961,1513.5698888918064,3679.8978070086264,60.662161245776815,5
258,826683,2018-08-25 21:40:00,89.02706146240234,68.9043884304216,-29.001370147755125,150.1040348059809,404.9219699520049,20.12267303198074,5
259,826731,2018-08-26 05:40:00,526.9881591796875,540.0581896889207,433.3144209310011,647.4526125460371,170.82569751228718,13.07003050923322,5
260,826784,2018-08-26 14:30:00,1495.3526611328125,1339.447796976346,1228.4791241000703,1415.9895162077144,24306.326667646303,155.9048641564666,5
261,826789,2018-08-26 15:20:00,389.7243957519531,393.65490844750735,302.28793423878005,484.46200806592685,15.448930049912962,3.9305126955542278,5
262,827162,2018-08-29 05:30:00,100.53582763671876,130.55606692881008,46.61466701040728,210.93376201620018,901.2147671544235,30.02023929209132,5
263,827630,2018-09-01 11:30:00,430.5514526367188,481.86511966831915,395.1723081203313,591.3034887695949,2633.0924242299484,51.313667031600346,5
264,827663,2018-09-01 17:00:00,123.10437774658205,113.80757262664235,30.961554080583856,197.9478593673368,86.43058543813686,9.296805119939691,5
265,827687,2018-09-01 21:00:00,271.72119140625,254.8707675448668,152.6984816074083,352.9958143027747,283.93678430827254,16.850423861383206,5
266,827831,2018-09-02 21:00:00,632.7638549804688,582.5702257383122,492.1649281073567,676.6548388836611,2519.400416499077,50.19362924215659,5
267,827970,2018-09-03 20:10:00,427.6079406738281,426.12590727800887,330.4186367343844,515.2118856576593,2.1964229863235607,1.4820333958192577,5
268,828107,2018-09-04 19:00:00,244.16314697265625,217.8571195008105,137.83169681033465,326.44968604992107,692.0070813495026,26.306027471845738,5
269,828204,2018-09-05 11:10:00,290.95086669921875,290.2261648024305,190.2365770761314,381.51914962702034,0.5251928392084827,0.7247018967882468,5
270,828256,2018-09-05 19:50:00,78.76103973388672,94.24244490658008,-11.972399476113718,197.4351064159973,239.67390612109662,15.481405172693357,5
271,828312,2018-09-06 05:10:00,342.0088806152344,325.39534414421956,241.44954005902142,407.4194154908103,276.00959407373927,16.61353647101481,5
272,828397,2018-09-06 19:20:00,220.17385864257807,219.27653636579484,132.3362601219866,312.22237065228296,0.8051872684114365,0.8973222767832283,5
273,828443,2018-09-07 03:00:00,533.0752563476562,516.2294330207679,396.575137422183,611.8518292858606,283.78176356073425,16.845823326888308,5
274,828642,2018-09-08 12:10:00,769.9059448242188,840.1439187090386,737.3892376710999,929.8954905635013,4933.372975444641,70.2379738848199,5
275,828746,2018-09-09 05:30:00,797.1316528320312,745.6723780985553,662.2517035202022,836.7641446549455,2648.0569560953536,51.45927473347592,5
276,828775,2018-09-09 10:20:00,1718.551025390625,1792.9999598866941,1693.3904563530082,1880.9598649541592,5542.643847599989,74.44893449606911,5
277,829105,2018-09-11 17:20:00,129.5499725341797,112.4795001940822,20.561053661033604,206.4299222045849,291.4010259140332,17.07047234009748,5
278,829117,2018-09-11 19:20:00,317.7662048339844,326.1317076929161,221.72158673877843,437.04005608604837,69.98163808279502,8.365502858931734,5
279,829217,2018-09-12 12:00:00,15.389294624328612,16.04961139956047,-76.32924440171172,105.86525143024498,0.4360182436525991,0.6603167752318573,5
280,829266,2018-09-12 20:10:00,25.082462310791016,35.41909199695293,-61.749994811368246,126.34396302291796,106.84591326884373,10.336629686161913,5
281,829269,2018-09-12 20:40:00,27.02508354187012,57.46213831047399,-26.76444660884769,163.01834971499724,926.4143029869915,30.43705476860387,5
282,829334,2018-09-13 07:30:00,44.82600402832031,37.125624325809156,-82.62672586785727,145.07850741240804,59.29584756284581,7.700379702511157,5
283,829380,2018-09-13 15:10:00,334.2016906738281,332.91481830466654,246.86358455448854,436.5981749065565,1.656040494511552,1.2868723691615855,5
284,829412,2018-09-13 20:30:00,103.3075714111328,97.96979274367905,-21.46578994036105,198.9492007383571,28.491881102724303,5.3377786674537475,5
285,829476,2018-09-14 07:10:00,630.6041259765625,617.2254558498463,523.4468155854046,709.340253194075,178.98881435948852,13.378670126716202,5
286,829477,2018-09-14 07:20:00,504.5178833007813,548.1630991814883,443.5533189357581,639.4681489359741,1904.9048692735173,43.645215880706985,5
287,829487,2018-09-14 09:00:00,610.007080078125,596.8229580282298,480.2157539346828,688.6755327347774,173.8210742265334,13.184122049895223,5
288,829542,2018-09-14 18:10:00,933.3843994140624,861.3088449753992,764.8508573686372,955.6789200921216,5194.885547640699,72.07555443866318,5
289,829575,2018-09-14 23:40:00,196.4858856201172,218.4370546429097,133.28242875061264,328.84034222365455,481.85382146720497,21.9511690227925,5
290,829610,2018-09-15 05:30:00,815.1725463867188,820.271962232603,737.4536136866097,903.1382364858695,26.004041969254967,5.099415845884209,5
291,829654,2018-09-15 12:50:00,437.1838073730469,392.23417794541604,284.539440428628,472.4179863245507,2020.4691856813363,44.94962942763084,5
292,829743,2018-09-16 03:40:00,1143.2598876953125,1075.233276186949,975.5064576789056,1176.7156137538184,4627.619873309804,68.02661150836343,5
293,829754,2018-09-16 05:30:00,631.019775390625,611.1809870793907,533.2820510062193,709.7649496006155,393.57752165796825,19.83878831123434,5
294,829902,2018-09-17 06:10:00,781.6513671875,796.5277087383012,687.8283555257245,916.0873655780389,221.305537936093,14.876341550801158,5
295,830088,2018-09-18 13:10:00,1995.2821044921875,1991.071794320227,1891.119504307379,2106.1940718034743,17.726711744114898,4.2103101719606,5
296,830158,2018-09-19 00:50:00,1477.238037109375,1558.7446317488311,1474.8800639138549,1650.635832652107,6643.324969720618,81.50659463945613,5
297,830173,2018-09-19 03:20:00,1025.7806396484375,1013.1263867895474,910.1405963826395,1116.1888566291207,160.13011541672873,12.654252858890118,5
298,830356,2018-09-20 09:50:00,-0.8183889985084534,-12.713272984347139,-117.26980514716483,88.39393849340324,141.48826503656161,11.894883985838685,5
299,830367,2018-09-20 11:40:00,87.58168029785156,61.108988723320905,-33.68660125569404,167.3610639176311,700.8033992002264,26.472691574530657,5
300,830480,2018-09-21 06:30:00,2007.64794921875,1961.234925357833,1846.3591935521902,2044.6737559375265,2154.168783914057,46.413023860917065,5
301,830501,2018-09-21 10:00:00,1991.794921875,2016.7419536797493,1926.2401740102816,2108.88203544326,622.354395867171,24.94703180474926,5
302,830653,2018-09-22 11:20:00,321.5318908691406,317.1980768909605,226.2286768806116,412.8961658648225,18.78194359746925,4.333813978180103,5
303,830733,2018-09-23 00:40:00,19.283016204833984,26.682677518056593,-80.58039529268754,144.82386164266083,54.75498755040334,7.399661313222609,5
304,830752,2018-09-23 03:50:00,200.3750762939453,248.4642045203139,143.5520761796768,328.013536399153,2312.56425357212,48.08912822636859,5
305,830809,2018-09-23 13:20:00,1116.399169921875,1099.6473435458606,986.0783678420294,1201.6319914288524,280.623686932131,16.751826376014378,5
306,830877,2018-09-24 00:40:00,898.320556640625,1045.804181710926,960.5793978797203,1160.7935268347776,21751.419663877135,147.48362507030106,5
307,830898,2018-09-24 04:10:00,468.7236633300781,552.4772005573112,455.6316470626684,647.57411308096,7014.65499807352,83.7535372272331,5
308,830951,2018-09-24 13:00:00,207.8785095214844,189.34120681258187,90.1471376276661,276.315816558353,343.63159172148505,18.53730270890253,5
309,830996,2018-09-24 20:30:00,227.1759490966797,227.31805768125832,138.0729944280784,330.99785232829936,0.020194849810943487,0.1421085845786365,5
310,831039,2018-09-25 03:40:00,-1.601567029953003,-4.5150438994931825,-108.85521571738782,92.39785743778062,8.488347469345644,2.9134768695401796,5
311,831089,2018-09-25 12:00:00,511.8086242675781,534.7236922532998,436.1824949507499,616.5148046604775,525.1003407902446,22.915067985721635,5
312,831118,2018-09-25 16:50:00,773.1895751953125,795.7840983895695,707.8215943055509,877.326817615113,510.51247837581855,22.59452319425702,5
313,831132,2018-09-25 19:10:00,689.54833984375,759.1459587673119,650.1562602386683,848.5745876285259,4843.828559829337,69.59761892356187,5
314,831168,2018-09-26 01:10:00,1439.864013671875,1476.27325996432,1360.7624337583945,1580.7557592513328,1325.6332155839202,36.409246292445005,5
315,831173,2018-09-26 02:00:00,1144.5611572265625,1232.3600298524225,1135.1088263163333,1328.7921015482236,7708.642034371986,87.79887262585999,5
316,831181,2018-09-26 03:20:00,1415.2083740234375,1493.7678964639763,1390.5961636497193,1594.5174051647032,6171.598566085517,78.55952244053879,5
317,831357,2018-09-27 08:40:00,167.5658416748047,147.9788603648805,52.36665226182222,245.20849054817054,383.64983683531983,19.586981309924198,5
318,831475,2018-09-28 04:20:00,689.95068359375,634.2223487037514,529.81225999026,743.6113162161492,3105.647309611831,55.728334889998564,5
319,831477,2018-09-28 04:40:00,618.5020141601562,607.2071159839211,503.5810699562697,720.765022353502,127.57472481152045,11.294898176235165,5
320,831569,2018-09-28 20:00:00,136.04466247558594,136.66148668415897,63.01226708623057,224.42446332492682,0.38047210428175166,0.6168242085730355,5
321,831716,2018-09-29 20:30:00,190.5942840576172,149.587007878681,60.28889750556267,252.07022317905486,1681.5966996155478,41.007276178936195,5
322,831746,2018-09-30 01:30:00,309.99102783203125,294.828786908546,197.4003702092406,392.9658179336921,229.89354982181018,15.162240923485228,5
323,831972,2018-10-01 15:10:00,178.78184509277344,183.0957503032531,89.34808884914345,287.4495756608453,18.609778165003686,4.313905210479675,5
324,832077,2018-10-02 08:40:00,308.7104187011719,267.2386554438701,163.0088812778674,355.84864318214863,1719.907147669688,41.4717632573018,5
325,832086,2018-10-02 10:10:00,1110.1995849609375,1024.7898370385658,935.0368605679408,1128.4993839369267,7294.8250401630785,85.40974792237171,5
326,832088,2018-10-02 10:30:00,1414.2698974609375,1201.077180836197,1095.1989469563782,1312.5278251564844,45451.134421836934,213.19271662474057,5
327,832157,2018-10-02 22:00:00,297.36505126953125,260.92286605003574,167.5938216348899,344.3244896041974,1328.0328635720173,36.442185219495514,5
328,832172,2018-10-03 00:30:00,223.3307647705078,163.83517496884704,85.97634373905841,270.6689654417581,3539.725205847481,59.49558980166077,5
329,832178,2018-10-03 01:30:00,337.7641296386719,279.78801451084576,193.88117651347576,376.52385804756693,3361.2299253149486,57.97611512782612,5
330,832241,2018-10-03 12:00:00,206.30194091796875,194.03345613053776,76.8165461772443,300.2603674255543,150.51571897942569,12.268484787430992,5
331,832269,2018-10-03 16:40:00,46.06376647949219,40.58387856270513,-55.18761596557208,123.03367294693633,30.029171580548788,5.479887916787057,5
332,832315,2018-10-04 00:20:00,227.3199615478516,208.80132005156528,86.74001629529049,296.5362080860273,342.94008286797714,18.518641496286307,5
333,832333,2018-10-04 03:20:00,99.17855834960938,93.36585771817082,-9.730972318125286,197.320860472868,33.78748863072623,5.81270063143856,5
334,832417,2018-10-04 17:20:00,745.9820556640625,788.6985528149188,709.1713228499791,870.8948800681471,1824.6991288391143,42.7164971508563,5
335,832449,2018-10-04 22:40:00,958.5458374023438,1053.2565753904157,942.1065915426268,1160.8580014526829,8970.123890245219,94.71073798807197,5
336,832584,2018-10-05 21:10:00,34.74087905883789,45.49129848172527,-46.83073007123504,146.5466764877075,115.5715177679943,10.750419422887383,5
337,832674,2018-10-06 12:10:00,1872.2540283203125,1847.328617713645,1750.0781598852755,1935.976883877626,621.2760939109769,24.925410606667583,5
338,832787,2018-10-07 07:00:00,55.42028427124024,83.67566178021748,-11.25168956799914,195.51326779401631,798.3663581748168,28.25537750897724,5
339,832929,2018-10-08 06:40:00,334.3601379394531,354.48662853873833,263.98853691064016,458.2675775433369,405.07562384311575,20.126490599285205,5
340,833000,2018-10-08 18:30:00,853.6365966796875,814.1999469707666,721.1408307130106,920.7991120492611,1555.2493402641285,39.43664970892087,5
341,833191,2018-10-10 16:00:00,218.59669494628903,213.35326418189877,123.81888570529017,319.8604693059997,27.493566180954314,5.2434307643902685,5
342,833202,2018-10-10 17:50:00,127.1815948486328,119.06418687162547,32.2441523319682,200.78753298073372,65.89231226518227,8.117407977007332,5
343,833391,2018-10-12 01:20:00,1267.760009765625,1255.1366927900247,1158.8194288596735,1335.233616998406,159.34813146647988,12.623316975600346,5
344,833415,2018-10-12 05:20:00,1786.79638671875,1733.3897419343677,1642.9615144352954,1829.5068153361442,2852.269707125184,53.40664478438225,5
345,833503,2018-10-12 20:00:00,1963.5565185546875,1893.0724156771794,1772.789552543738,2022.2892069353616,4968.0087584471485,70.48410287750812,5
346,833521,2018-10-12 23:00:00,1749.6688232421875,1802.5299619539471,1706.0774549070197,1908.2925555314216,2794.299985903892,52.86113871175962,5
347,833636,2018-10-13 18:10:00,2056.78076171875,2007.755268153779,1915.057101313455,2121.4472913488917,2403.499019289006,49.02549356497093,5
348,833667,2018-10-13 23:20:00,1478.5115966796875,1327.3689390632583,1239.0882111117994,1433.529246838041,22844.102951357152,151.14265761642923,5
349,833683,2018-10-14 02:00:00,621.3013916015625,690.123559455305,599.6977802270662,799.5017583064752,4736.490788088706,68.82216785374249,5
350,833687,2018-10-14 02:40:00,675.8157348632812,688.9285980818901,595.4717291921736,768.8214935481466,171.94718178994412,13.112863218608823,5
351,833736,2018-10-14 10:50:00,1081.0548095703125,970.8548503971896,880.4349538971335,1053.5157934729737,12144.031001757958,110.19995917312292,5
352,833773,2018-10-14 17:00:00,698.0811767578125,584.3072239136352,501.54100860970266,677.1876339777687,12944.51234578908,113.7739528441773,5
353,833919,2018-10-15 17:20:00,670.4910888671875,651.4622003739764,561.6260778475845,753.2906230042078,362.09859728706067,19.02888849321107,5
354,833967,2018-10-16 01:20:00,-1.074468970298767,-16.342481704794565,-110.53967497151646,82.58658287152477,233.11221286072586,15.268012734495798,5
355,834024,2018-10-16 10:50:00,112.8962860107422,96.28213878292146,6.046549303308864,203.35173487272112,276.02988810770347,16.614147227820737,5
356,834028,2018-10-16 11:30:00,111.39859008789062,101.55529646779215,5.466237193089703,184.4296884895647,96.8904292914714,9.843293620098478,5
357,834226,2018-10-17 20:30:00,433.4539184570313,449.90349492921433,356.6230224885869,537.2128087954334,270.58856611419736,16.449576472183026,5
358,834520,2018-10-19 21:30:00,154.55029296875,146.81663886354826,52.48957196027236,243.09390207187872,59.80940581890368,7.733654105201737,5
359,834687,2018-10-21 01:20:00,112.17063903808594,94.82621181773635,-16.347559966632467,202.01842734542467,300.8291556020037,17.344427220349587,5
360,834731,2018-10-21 08:40:00,317.4519348144531,316.1871090924994,223.32655385116152,407.28781312768393,1.599784106915803,1.2648257219537413,5
361,834859,2018-10-22 06:00:00,705.7720336914062,721.2037328037659,632.5902945408266,812.8392946988453,238.13733749440124,15.431699112359638,5
362,834971,2018-10-23 00:40:00,881.1552124023438,908.8361920898318,822.8819211519864,998.798423341138,766.2366364591259,27.680979687488048,5
363,836772,2018-11-15 04:30:00,174.6401824951172,180.59529430572465,83.12796611901999,274.38929698902507,35.46335667683649,5.9551118106074625,5
364,836851,2018-11-15 17:40:00,246.6686248779297,245.33899670025733,159.56835842774947,341.22049011504794,1.7679110908603255,1.3296281776723617,5
365,836945,2018-11-16 09:20:00,31.006328582763672,34.33013525192205,-54.11708940355337,130.39810276840706,11.047690773941722,3.3238066691583796,5
366,837381,2018-11-19 10:00:00,829.1666259765625,982.8721553981103,877.50207573306,1074.1544095425827,23625.389774758296,153.7055294215478,5
367,837467,2018-11-20 00:20:00,1750.968994140625,1737.5712445235295,1657.0817524719812,1823.1366594072972,179.49969480238374,13.397749617095542,5
368,837484,2018-11-20 03:10:00,1912.168212890625,1841.5209242061783,1743.0186492047458,1944.4031457712063,4991.039398463554,70.64728868444672,5
369,837540,2018-11-20 12:30:00,1180.5240478515625,1216.0231325233885,1119.4754232029552,1309.833826049639,1260.1850125374744,35.49908467182604,5
370,837634,2018-11-21 04:10:00,90.2776870727539,90.72327430745683,-27.618645850182446,184.36897832678463,0.19854798373020138,0.44558723470292705,5
371,837672,2018-11-21 10:30:00,641.4065551757812,618.3313378765705,525.849935894105,698.7043860787791,532.465653405795,23.07521729921075,5
372,837760,2018-11-22 01:10:00,91.6744613647461,112.47853726123195,24.635883476011905,226.04094411043843,432.80957390674376,20.804075896485855,5
373,837803,2018-11-22 08:20:00,311.5323791503906,312.5540116572009,217.72363691102325,402.7391688074406,1.0437329789713938,1.0216325068102492,5
374,837804,2018-11-22 08:30:00,246.3159027099609,242.2057695232534,150.96757935870454,311.1859621495663,16.89319481247447,4.110133186707515,5
375,837891,2018-11-22 23:00:00,34.164405822753906,36.1454117237126,-68.07460975166934,135.17131858840386,3.92438437963316,1.9810059009586922,5
376,838007,2018-11-23 18:20:00,179.32070922851562,177.8426962212637,87.16453619080517,285.53259743790903,2.1845224496058555,1.478013007251917,5
377,838058,2018-11-24 02:50:00,649.0328979492188,630.7021010949413,532.1467405399466,717.429061469476,336.0181133127871,18.330796854277423,5
378,838070,2018-11-24 04:50:00,295.5616455078125,322.4408819467839,232.9957986456378,435.1943545481318,722.4933515421288,26.879236438971418,5
379,838075,2018-11-24 05:40:00,401.9305419921875,484.698630118202,396.93594707850446,577.3357198427641,6850.556412035703,82.7680881260145,5
380,838090,2018-11-24 08:10:00,1059.2662353515625,992.9074289038352,891.4974779156125,1105.8789147599334,4403.491193166929,66.35880644772726,5
381,838102,2018-11-24 10:10:00,840.6887817382812,805.5267074435692,716.841848505969,888.5197273504039,1236.3714687068502,35.162074294712056,5
382,838253,2018-11-25 11:20:00,175.9162139892578,184.3707806676907,102.39309880686224,257.56457545214005,71.47969772006763,8.454566678432883,5
383,838595,2018-11-27 20:20:00,331.375,291.1176670506425,194.64242260908978,381.5806365736999,1620.652856195423,40.257332949357476,5
384,838743,2018-11-28 21:00:00,1945.4969482421875,1923.4503393570562,1822.3889315917995,2019.4459936184576,486.05296333394875,22.046608885131263,5
385,838755,2018-11-28 23:00:00,1898.5023193359373,1870.9973589873346,1753.8136920964282,1970.1819250776605,756.5228437782072,27.504960348602708,5
386,838768,2018-11-29 01:10:00,657.743896484375,612.8974753913105,519.8950412350946,700.0249009940582,2011.2014848564572,44.846421093064464,5
387,838805,2018-11-29 07:20:00,2054.652099609375,2042.5467801862637,1939.865745716747,2146.626341510684,146.53875833555495,12.105319423111268,5
388,838876,2018-11-29 19:10:00,1906.2208251953125,1919.9025715631437,1829.3362726925504,2003.983632357498,187.19018367366328,13.681746367831238,5
389,838917,2018-11-30 02:00:00,2013.15380859375,1950.889847574059,1868.8012862516257,2040.3862106877511,3876.8008418615873,62.263961019690896,5
390,839051,2018-12-01 00:20:00,876.8938598632812,960.3363210886534,857.8006214612316,1055.2547125202116,6962.6443353477425,83.4424612253722,5
391,839053,2018-12-01 00:40:00,761.6549072265625,745.1418715772502,656.9375617884249,866.1447707899678,272.6803463554594,16.513035649312314,5
392,839062,2018-12-01 02:10:00,469.0151977539063,427.95008956573406,341.9362396904026,530.2267596648826,1686.3431105062912,41.065108188172246,5
393,839210,2018-12-02 02:50:00,1421.2928466796875,1378.0285234965195,1287.9730263549964,1467.1554720401564,1871.8016604976094,43.26432318316802,5
394,839221,2018-12-02 04:40:00,1313.64501953125,1267.209130992145,1165.3258159502395,1358.939348025065,2156.291744416184,46.43588853910501,5
395,839243,2018-12-02 08:20:00,1512.072509765625,1484.5646243565136,1401.3454926814964,1579.1314031997208,756.6837596808036,27.507885409111395,5
396,839320,2018-12-02 21:10:00,1952.0194091796875,1870.4520354510767,1774.1695898919847,1970.3471383118972,6653.236456982875,81.56737372861085,5
397,839398,2018-12-03 10:10:00,1917.286376953125,1890.8076008087983,1779.623117716921,1990.8140998479753,701.1255861013664,26.47877614432673,5
398,839404,2018-12-03 11:10:00,1262.703125,1298.1930155565074,1203.899542182875,1400.2714081668812,1259.5323317128705,35.48989055650736,5
399,839425,2018-12-03 14:40:00,239.82017517089844,248.04524435346315,160.8053231616374,348.6576078164878,67.6517630579757,8.22506918256471,5
400,839523,2018-12-04 07:00:00,566.9290771484375,599.9305287300839,494.93489957202235,691.7861133868513,1089.0958064957513,33.00145158164639,5
401,839596,2018-12-04 19:10:00,125.3697280883789,107.01168396630852,10.817057765507219,205.15784782070256,337.0177839878829,18.358044122070382,5
402,839607,2018-12-04 21:00:00,321.1493530273437,307.92782903249656,228.631644813945,376.32065257541603,174.80869674631847,13.221523994847132,5
403,839641,2018-12-05 02:40:00,221.9633636474609,202.1500687080858,99.72078965019058,297.5432763000885,392.56665635466743,19.813294939375112,5
404,839761,2018-12-05 22:40:00,563.312744140625,510.50449085065696,414.4876680845932,602.2282884253007,2788.7116155374197,52.808253289968036,5
405,839768,2018-12-05 23:50:00,382.6209716796875,417.386535972397,321.774254423036,513.7633853362534,1208.6444605905167,34.765564292709485,5
406,839888,2018-12-08 02:30:00,2064.611083984375,2060.9820125344704,1953.602781345963,2189.8061840217656,13.170159588512576,3.629071449904586,5
407,839986,2018-12-08 18:50:00,1656.3634033203125,1756.4479746070488,1656.0667571041683,1846.266496685901,10016.921409649793,100.08457128673626,5
408,840079,2018-12-09 10:20:00,949.8289794921876,1025.376512389152,930.2069011487469,1110.135367249587,5707.4297268179025,75.5475328969643,5
409,840083,2018-12-09 11:00:00,1081.494384765625,1010.5503730379435,923.6716959153811,1091.129837614547,5033.0528000174145,70.94401172768153,5
410,840381,2018-12-11 12:40:00,35.67272186279297,25.30797300292647,-72.60149712122181,140.32704966607469,107.42801892810388,10.364748859866499,5
411,840415,2018-12-11 18:20:00,538.4169921875,506.96168583722437,397.6878066914195,595.8959412445286,989.4362975896906,31.455306350275634,5
412,840425,2018-12-11 20:00:00,455.4893798828125,382.01132040946305,301.9200660511533,466.11363458088147,5399.025223969078,73.47805947334945,5
413,840519,2018-12-12 11:40:00,438.2682495117188,458.13725151889616,358.46314943623497,557.0264267836988,394.77724076121785,19.869002007177357,5
414,840784,2018-12-14 07:50:00,826.13720703125,911.6544380983571,815.0060291460406,1023.8056998197907,7313.196809384988,85.5172310671071,5
415,840931,2018-12-15 08:20:00,2046.8992919921875,2031.6952426833977,1939.7345112260427,2154.1570277937935,231.16311538411048,15.204049308789763,5
416,840969,2018-12-15 14:40:00,2052.373291015625,2036.191648393852,1936.6140351035788,2131.997816857275,261.84555793878405,16.181642621773108,5
417,841184,2018-12-17 02:30:00,1242.08642578125,1149.1077027245426,1059.366845733207,1241.3596215718228,8645.042941255891,92.9787230567074,5
418,841433,2018-12-18 20:30:00,580.3452758789062,618.6378929751173,540.7011365289547,716.7163286994506,1466.3245240770366,38.292617096211075,5
419,841616,2018-12-20 03:00:00,851.8055419921875,765.7583879071403,665.1416807555479,852.4869375593189,7404.11272613585,86.04715408504717,5
420,841646,2018-12-20 08:00:00,1098.4356689453125,1065.0643811111454,980.9139765499638,1152.7097562277102,1113.6428517108295,33.371287834167106,5
421,841689,2018-12-20 15:10:00,1531.58642578125,1470.8495686106235,1394.8600811583037,1562.9840298048684,3688.965818965088,60.736857170626536,5
422,841726,2018-12-20 21:20:00,751.1976318359375,708.6882046216069,607.3188459853923,811.56223641505,1807.0514020904686,42.50942721433057,5
423,841826,2018-12-21 14:00:00,2072.021240234375,2030.3401022276485,1926.5550382950128,2144.199425500868,1737.317265535784,41.68113800672654,5
424,841859,2018-12-21 19:30:00,424.1528015136719,388.96172050575564,298.21323525518875,483.9473093524109,1238.412182505723,35.19108100791624,5
425,841922,2018-12-22 06:00:00,1235.8670654296875,1103.7384769060088,996.1833912637732,1217.4447619835364,17457.963905259592,132.12858852367867,5
426,841987,2018-12-22 16:50:00,641.0966186523438,641.036809868052,559.5354249950681,731.6929184469248,0.0035770906784515655,0.05980878429170389,5
427,842086,2018-12-23 09:20:00,163.42454528808594,164.38571650032355,63.36361051339761,255.82393083568346,0.9238500992343286,0.9611712122376161,5
428,842136,2018-12-23 17:40:00,128.65635681152344,125.80214406975773,9.382812002660208,219.55616507368597,8.146530375257715,2.854212741765707,5
429,842157,2018-12-23 21:10:00,183.5462951660156,194.42246585235068,100.36879405322708,286.9048782238285,118.29108879829462,10.876170686335087,5
430,842191,2018-12-24 02:50:00,261.2044677734375,191.80614520528277,110.60849329202506,279.682541804623,4816.127175273654,69.39832256815473,5
431,842202,2018-12-24 04:40:00,62.52212905883789,36.92602169886885,-69.99163634294013,153.81373643816838,655.1607119830612,25.59610735996904,5
432,842224,2018-12-24 08:20:00,65.38884735107422,66.85494041814604,-26.76319415089859,166.7310527121233,2.149428881316069,1.4660930670718244,5
433,842290,2018-12-24 19:20:00,455.1846618652344,426.4833467614354,328.06141818142663,537.0491365866408,823.7654886875575,28.701315103798947,5
434,842521,2018-12-26 09:50:00,244.7814483642578,211.84379154993744,109.41047456169535,298.2728808510987,1084.8892364179455,32.93765681432038,5
435,842554,2018-12-26 15:20:00,142.7933349609375,136.19596797093564,40.21813929717106,234.4194962404839,43.52525120076619,6.597366990001859,5
436,842644,2018-12-27 06:20:00,4.634649753570557,8.87349822345413,-89.54207366006892,95.12474918609873,17.967836350634308,4.238848469883573,5
437,842679,2018-12-27 12:10:00,9.050514221191406,24.91462558249336,-72.0096786535642,140.16048315742552,251.67002928378977,15.864111361301955,5
438,842802,2018-12-28 08:40:00,100.6303253173828,95.14899199990734,-10.204170050425356,195.08550589417794,30.045014937266536,5.48133331747546,5
439,842981,2018-12-29 14:30:00,961.8353271484376,891.8279366906459,795.6240220686794,993.3832922264993,4901.034718709712,70.00739045779176,5
440,843138,2018-12-30 16:40:00,270.67791748046875,297.360319913896,196.61976379595745,384.9086496865843,711.9505996193633,26.682402433427228,5
441,843291,2018-12-31 18:10:00,233.2438507080078,232.77284809826267,129.31060169512065,332.23673283372324,0.2218434583867344,0.47100260974514185,5
442,843474,2019-01-02 00:40:00,441.84423828125,414.2295427398258,315.1231821998459,522.7797224390296,762.571409845555,27.614695541424226,5
443,843574,2019-01-02 17:20:00,-0.767678439617157,-2.549133606902918,-100.43916208230293,79.50207310589973,3.173582513049139,1.781455167285761,5
444,843626,2019-01-03 02:00:00,-1.8723042011260984,-7.588791550528631,-101.92083832202722,77.4214786345955,32.678227615879194,5.716487349402533,5
445,843682,2019-01-03 11:20:00,-1.490065574645996,9.383778104857285,-84.91470185079064,110.16701097455372,118.24047636627346,10.873843679503281,5
446,843699,2019-01-03 14:10:00,-1.7930935621261597,0.48918206499256256,-125.15998976497563,124.57374245942538,5.208782038140156,2.282275627118722,5
447,843783,2019-01-04 04:10:00,143.42510986328125,122.20556346628304,22.633907182662536,234.03181706512933,450.26914929435975,21.21954639699821,5
448,844166,2019-01-06 20:00:00,163.56654357910156,178.29583941458233,91.71694036726133,257.8625226994995,216.95215580911113,14.72929583548077,5
449,844197,2019-01-07 01:10:00,181.37155151367188,160.59385224620294,67.49961753668241,262.22015670906933,431.71278684937903,20.777699267468932,5
450,844218,2019-01-07 04:40:00,270.0005798339844,234.02682179226923,143.23445344804793,309.7885783873824,1294.111267643865,35.97375804171514,5
451,844419,2019-01-08 14:10:00,360.7444152832031,386.84212012898183,295.6143863998377,477.38232066918385,681.0901982173815,26.097704845778708,5
452,844589,2019-01-09 18:30:00,673.3843994140625,716.6491839046988,606.0331088645731,812.9579326551597,1871.8415770212048,43.264784490636316,5
453,844617,2019-01-09 23:10:00,676.2052001953125,744.9118099502085,654.0233954809713,847.697230788249,4720.598224011573,68.70660975489602,5
454,844680,2019-01-10 09:40:00,268.29376220703125,223.57335746141896,127.01103271889411,326.62506929277197,1999.9146006113817,44.720404745612285,5
455,844952,2019-01-12 07:30:00,637.0913696289062,650.0889340908566,558.008759269961,734.2585721069191,168.93668194255423,12.997564461950333,5
456,844987,2019-01-12 13:20:00,1534.6318359375,1499.3090607560337,1408.0889902465262,1593.3296948222,1247.6984465204146,35.32277518146634,5
457,845010,2019-01-12 17:10:00,1018.5870361328124,975.3362636807708,877.1715328477644,1073.8833980148238,1870.6293176982795,43.25077245204159,5
458,845067,2019-01-13 02:40:00,778.6004638671875,719.3477978991189,611.4529188867774,814.0738046291335,3510.8784243235195,59.25266596806864,5
459,845392,2019-01-15 08:50:00,522.2720947265625,551.4909103701,449.1104938171389,637.3489688388267,853.7391876110307,29.218815643537482,5
460,845399,2019-01-15 10:00:00,460.6880798339844,485.65328146102013,396.0103687320895,587.8325075682538,623.2612922785486,24.965201627035754,5
461,845466,2019-01-15 21:10:00,884.1077880859375,878.1658711273765,787.1004782842664,973.5441531709605,35.30637714243508,5.941916958561023,5
462,845471,2019-01-15 22:00:00,1377.7650146484375,1273.75194977455,1185.3963184834104,1353.2669569096006,10818.717664459533,104.01306487388752,5
463,845641,2019-01-17 02:20:00,126.07611083984376,138.21465727493924,36.411058023730064,226.54058885560676,147.34430955696914,12.138546435095478,5
464,845690,2019-01-17 10:30:00,809.6830444335938,813.6671097038239,723.1794513069766,898.2215451715165,15.872776077454352,3.9840652702301895,5
465,845771,2019-01-18 00:00:00,45.48115921020508,48.17434843484451,-44.4032866646249,155.584119894197,7.253268199713949,2.6931892246394327,5
466,845802,2019-01-18 05:10:00,93.56949615478516,126.790959401378,36.45910702355316,228.17222495320686,1103.6656202447193,33.22146324659285,5
467,845803,2019-01-18 05:20:00,80.260009765625,100.01298935094441,-18.44034220966459,198.86788194909246,390.18020249804533,19.75297958531941,5
468,845919,2019-01-19 00:40:00,1076.526123046875,1148.7870669246818,1061.393427060977,1254.402742641344,5221.6440101115395,72.26094387780677,5
469,846152,2019-01-20 15:30:00,9.020394325256348,14.860422970758759,-103.15107988723354,107.43022931442655,34.105934580288725,5.840028645502411,5
470,846170,2019-01-20 18:30:00,24.93839836120605,48.197960197070394,-30.231959351616503,143.1461708489227,541.0072167963971,23.259561835864343,5
471,846313,2019-01-21 19:10:00,432.3686828613281,369.1165896688529,272.2264359482627,442.0986548793412,4000.8272932295713,63.25209319247523,5
472,846635,2019-01-24 01:50:00,283.9956970214844,320.3048810022784,210.57991417148708,423.123317944838,1318.356841351151,36.309183980794046,5
473,846716,2019-01-24 15:20:00,-4.750959873199463,7.48785110068154,-79.11633649163305,96.415059041102,149.78849405439004,12.238810973881002,5
474,846875,2019-01-25 17:50:00,1031.9749755859375,988.2589934041088,897.233837889209,1086.056501291635,1911.0870981219675,43.715982181828736,5
475,846896,2019-01-25 21:20:00,1228.463623046875,1112.769271439593,1006.0645702789913,1210.636130912898,13385.182993829392,115.69435160728199,5
476,846971,2019-01-26 09:50:00,900.5006103515625,913.8139003519101,814.4342154352873,1013.425096194907,177.2436906333552,13.313290000347592,5
477,847020,2019-01-26 18:00:00,1954.1785888671875,1918.9152385953726,1818.6127104505163,2028.1965222527865,1243.503872392711,35.26335027181494,5
478,847051,2019-01-26 23:10:00,516.1195678710938,545.3922661458561,453.11982315820103,662.4546530206828,856.8908642852729,29.27269827476232,5
479,847121,2019-01-27 10:50:00,1787.012451171875,1868.0650608681829,1774.7570600006939,1964.6496468973328,6569.525538582018,81.05260969630785,5
480,847218,2019-01-28 03:00:00,1236.879150390625,1140.7311961602848,1052.118553946932,1235.3143577710423,9244.429102679604,96.14795423034025,5
481,847240,2019-01-28 06:40:00,593.7567138671875,645.9680086214241,540.6344606751699,736.4696156772759,2726.0192999137776,52.21129475423663,5
482,847246,2019-01-28 07:40:00,1061.6463623046875,1162.6827578740108,1065.2450404170359,1257.2107944252655,10208.353229640774,101.0363955693233,5
483,847433,2019-01-29 14:50:00,171.27383422851562,204.3359185057291,124.38482568461502,299.5689797142456,1093.1014167535664,33.06208427721347,5
484,847505,2019-01-30 02:50:00,1087.539794921875,1014.5880932354869,931.8880182737308,1110.4003810107117,5321.950778939761,72.9517016863881,5
485,847515,2019-01-30 04:30:00,785.7903442382812,668.5339576888238,554.8577281312384,762.2695068961964,13749.060186635796,117.25638654945749,5
486,847525,2019-01-30 06:10:00,888.39208984375,813.0929010074987,718.379314971954,908.8765732890013,5669.967839397439,75.29918883625135,5
487,847544,2019-01-30 09:20:00,419.5569458007813,399.27114169298045,300.0444242228079,486.2039403878814,411.5138483000701,20.285804107800857,5
488,847557,2019-01-30 11:30:00,254.8001708984375,235.5669386773911,157.37223480185511,330.7768724005675,369.91722166869715,19.233232221046393,5
489,847616,2019-01-30 21:20:00,213.51168823242188,218.0727150818064,116.45128747724307,315.2085466538275,20.802965920806464,4.561026849384518,5
490,847784,2019-02-01 01:20:00,1351.15869140625,1446.1669185752849,1358.7540408793525,1534.0620003301633,9026.563229802932,95.00822716903485,5
491,847830,2019-02-01 09:00:00,1080.4854736328125,1240.6321351716279,1117.559236764427,1332.9061220510341,25646.95320202788,160.14666153881535,5
492,847863,2019-02-01 14:30:00,1464.51171875,1324.8625284014797,1226.917599679496,1409.1136933418666,19501.89636499725,139.64919034852028,5
493,847915,2019-02-01 23:10:00,1015.7283935546876,1046.4995144791797,945.5402632076008,1139.7055660138267,946.8618829497118,30.77112092449204,5
494,848031,2019-02-02 18:30:00,759.2332153320312,860.7208685331349,772.0230462897193,948.2917220285096,10299.743752267479,101.48765320110363,5
495,848200,2019-02-03 22:40:00,1395.2147216796875,1474.3043162192,1398.7841786839801,1574.5982265243247,6255.163964424489,79.08959453951252,5
496,848334,2019-02-04 21:00:00,179.76834106445312,183.340132332898,75.87768067867275,274.08857580754886,12.75769286533911,3.5717912684448834,5
497,848619,2019-02-06 20:30:00,603.441407775879,659.602148437377,566.1039031143192,757.995949508348,3154.0287916480265,56.160740661497925,5
498,848644,2019-02-07 00:40:00,928.717053222656,1035.8595437989359,940.5262447308497,1137.3246290674697,11479.513286888227,107.1424905762799,5
499,848733,2019-02-07 15:30:00,1602.16039360894,1709.2605173725744,1608.1042731722819,1788.9265763918343,11470.436510185811,107.10012376363443,5
500,848780,2019-02-07 23:20:00,1352.58281828228,1245.3407580770072,1151.6227577080347,1340.99550247316,11500.859477071348,107.24206020527276,5
501,848788,2019-02-08 00:40:00,1612.65369262695,1432.8492169250737,1342.719961601327,1525.4211781003569,32329.649482426623,179.8044757018763,5
502,848859,2019-02-08 12:30:00,2026.04451904297,2053.320786492499,1942.1346860718413,2140.6235257178314,743.9947659782276,27.27626744952886,5
503,848898,2019-02-08 19:00:00,2053.36199340821,2030.3590661560422,1921.6933800496004,2123.529741884857,529.1346621685166,23.002927252167638,5
504,849038,2019-02-09 18:20:00,1324.56585388184,1377.7200686211936,1289.3067859501484,1473.7449572117748,2825.3705445573178,53.15421473935362,5
505,849041,2019-02-09 18:50:00,1783.63943481446,1783.0961810569625,1673.8328251246407,1855.868188422626,0.295124645035148,0.5432537574974958,5
506,849048,2019-02-09 20:00:00,1459.25,1505.9782747586955,1405.4358463620943,1591.7421062091098,2183.531661924142,46.728274758695534,5
507,849065,2019-02-09 22:50:00,454.593547058106,476.17673386587614,370.2136239920513,571.3138448344124,465.8339527791021,21.58318680777012,5
508,849211,2019-02-10 23:10:00,361.794465637207,448.5635766744992,367.1698916428396,534.5820291293836,7528.878630201942,86.76911103729219,5
509,849273,2019-02-11 09:30:00,264.078388214111,221.8895746323196,121.07588977682401,316.7417156221855,1779.8959914391448,42.18881358179138,5
510,849287,2019-02-11 11:50:00,436.012686157227,442.99302870173096,343.4924262930183,530.3999619431083,48.72518203861215,6.980342544503969,5
511,849338,2019-02-11 20:20:00,210.805014038086,205.3065156193735,114.7070775354879,302.0740569219636,30.23348486058387,5.498498418712501,5
512,849617,2019-02-13 18:50:00,666.180143737793,619.6913748210169,531.3563541573294,712.3820711235895,2161.2056353974035,46.48876891677605,5
513,849633,2019-02-13 21:30:00,1827.24777832031,1824.885874855588,1725.8068500075863,1909.18330642863,5.578587976665744,2.3619034647219905,5
514,849658,2019-02-14 01:40:00,353.865068054199,389.6041592148416,302.4449323146188,487.40304957892226,1277.282636988722,35.7390911606426,5
515,849775,2019-02-14 21:10:00,259.744995880127,250.49063473872536,151.73362933343103,351.98751607842763,85.64320013548503,9.25436114140166,5
516,849853,2019-02-15 10:10:00,340.50566823859,379.3844189418714,281.0876727503486,493.7308641462632,1511.557256247905,38.87875070328141,5
517,849883,2019-02-15 15:10:00,755.47604675293,683.1237002533194,585.1666292676763,780.253995423533,5234.86204399971,72.35234649961058,5
518,849912,2019-02-15 20:00:00,815.693304443359,692.5137162306248,611.5397915797552,779.5290641632002,15173.210952258763,123.17958821273419,5
519,849977,2019-02-16 06:50:00,513.784812927246,481.4699765407555,373.9316991789661,585.8704206944356,1044.2486506856485,32.31483638649047,5
520,849983,2019-02-16 07:50:00,385.606058502197,318.170865500273,237.90386944720282,411.27220470430103,4547.50525520674,67.435193001924,5
521,850056,2019-02-16 20:00:00,531.115032958984,458.23078881027703,365.70434132248647,552.2846828446723,5312.113045128324,72.88424414870696,5
522,850193,2019-02-17 18:50:00,524.085220336914,448.8121172866205,378.68559852000186,528.816173096052,5666.040042820098,75.27310305029346,5
523,850371,2019-02-19 00:30:00,565.160356140137,524.2747725745661,435.1654454934662,610.5632417656061,1671.6309434972786,40.88558356557087,5
524,850672,2019-02-21 02:40:00,1781.64296875,1653.3086719588537,1564.819926817459,1754.3669488078417,16469.691732878007,128.33429679114624,5
525,850714,2019-02-21 09:40:00,830.463110351563,847.5687924472555,741.0959484145095,951.9156351076538,292.6043599588945,17.105682095692487,5
526,850729,2019-02-21 12:10:00,790.222961425781,743.0773900102547,652.8210676053988,818.0603058270191,2222.7049040964926,47.14557141552632,5
527,850878,2019-02-22 13:00:00,123.726945174368,108.84987987874953,26.758968484072508,208.55870399325727,221.32707181009533,14.877065295618465,5
528,850887,2019-02-22 14:30:00,294.460907745361,261.475106310558,165.22154764643435,358.5288118568213,1088.0630962962532,32.98580143480302,5
529,850923,2019-02-22 20:30:00,568.236749267578,479.5061873644118,383.7709084573683,579.1061166793413,7873.112615651615,88.73056190316623,5
530,850929,2019-02-22 21:30:00,781.299612426758,774.7592109436792,687.2154387026977,871.8286326854957,42.77685155985894,6.540401483078767,5
531,851053,2019-02-23 18:10:00,11.978600102663,15.198479689959004,-72.64350421013235,108.52602764637186,10.367624556685488,3.2198795872960044,5
532,856847,2019-04-04 23:50:00,171.591342163086,203.2438975990181,107.71895361231847,293.7161124599599,1001.8842656247548,31.6525554359321,5
533,856857,2019-04-05 01:30:00,436.036708068848,447.1636129299961,351.64609222909985,540.84942627824,123.80801178904102,11.126904861148091,5
534,857047,2019-04-06 09:10:00,599.055096096463,626.3212652658374,536.3599240801107,721.9655946118738,743.4439811729427,27.266169169374393,5
535,857149,2019-04-07 02:10:00,263.2171875,262.83989333579564,181.70143382446747,354.70222361556654,0.14235088634268628,0.3772941642043861,5
536,857231,2019-04-07 15:50:00,197.496016311646,193.96386711482427,102.65574214007891,286.2729064717159,12.476077948608424,3.5321491968217344,5
537,857239,2019-04-07 17:10:00,133.213846507825,138.16275064188204,45.938659387974546,237.5424212405402,24.491652128086912,4.948904134057045,5
538,857253,2019-04-07 19:30:00,164.821396636963,194.4171006851083,98.0728745314654,286.5506314631341,875.9056981054046,29.595704048145308,5
539,857290,2019-04-08 01:40:00,400.716242980957,408.1481904120502,305.77271010051373,513.7818613475633,55.2338426185327,7.431947431093192,5
540,857312,2019-04-08 05:20:00,500.33090616862,497.377841987199,408.9183765304119,593.7259992528458,8.720588059591588,2.9530641814209844,5
541,857363,2019-04-08 13:50:00,503.710653686523,425.8562740190824,332.3329455032678,517.4094103517408,6061.304433401994,77.85437966744064,5
542,857467,2019-04-09 07:10:00,946.076095581055,941.0637657422216,837.604902153824,1022.3093868038028,25.12345041326032,5.012329838833466,5
543,863602,2019-05-21 22:40:00,267.898416137695,262.1949980514528,174.79812601469925,342.1594017737137,32.52897786647474,5.703418086242209,5
544,863940,2019-05-24 07:00:00,103.375687543084,107.17185892605205,22.444238662877748,197.10530801094794,14.410917168865593,3.796171382968055,5
545,864199,2019-05-26 02:10:00,964.815383911133,975.6624388619502,875.0027201463565,1065.3458653595903,117.65860110604814,10.84705495081721,5
546,864217,2019-05-26 05:10:00,377.034812927246,438.6977962179738,350.8461119285595,542.5602621922849,3802.3235083125787,61.66298329072782,5
547,864333,2019-05-27 00:30:00,474.400997924805,558.1327674457367,463.59096124738244,650.0622655848424,7011.00922710643,83.73176952093172,5
548,864428,2019-05-27 16:20:00,581.29711151123,558.4399506828213,464.1457330119611,650.7493677766396,522.4498011357422,22.857160828408723,5
549,864448,2019-05-27 19:40:00,111.720772743225,111.77517264313188,-0.6926240892396232,205.03558899111187,0.0029593491098789237,0.05439989990688332,5
550,864505,2019-05-28 05:10:00,468.563578796387,450.14503187101207,342.51791870224815,551.9214544868623,339.2428708422381,18.418546925374926,5
551,864522,2019-05-28 08:00:00,498.479846954346,487.3709537574404,395.061098528055,571.0665882222065,123.40750806025484,11.10889319690557,5
552,864568,2019-05-28 15:40:00,248.307627487183,225.61136970805435,122.03696411873416,313.9434194312008,515.1201171766575,22.696257779128644,5
553,864582,2019-05-28 18:00:00,-0.741565022203657,10.083341027456747,-95.46755052825681,108.26438122690868,117.17859098397442,10.824906049660404,5
554,865062,2019-06-01 02:00:00,158.192143249512,152.26265118889475,69.03234847662448,242.85445193650517,35.15887609692283,5.929492060617235,5
555,865187,2019-06-01 22:50:00,816.943380737305,778.628251423756,691.1846755561003,853.9028148058215,1468.0491343139856,38.31512931354905,5
556,865365,2019-06-03 04:30:00,480.063877868652,483.8933825506374,382.8224891239263,589.5388573024362,14.665106109347976,3.8295046819853837,5
557,865601,2019-06-04 19:50:00,421.557035900298,404.2003597633512,309.9459448577554,490.32748272162047,301.2542065228591,17.356676136946817,5
558,865613,2019-06-04 21:50:00,294.283824920654,325.3992075039377,225.97370852860308,403.0284234476131,968.167033304114,31.11538258328369,5
559,865620,2019-06-04 23:00:00,224.934622192383,235.13496501520476,132.3775026988301,354.45608816980484,104.04699370309154,10.200342822821767,5
560,865634,2019-06-05 01:20:00,188.323946380615,236.72040499290253,150.5482709546346,328.48439834737934,2342.2172062108584,48.39645861228752,5
561,865647,2019-06-05 03:30:00,456.304615783691,390.7944778881388,291.61215676224816,495.7731807285622,4291.578167094271,65.51013789555225,5
562,865732,2019-06-05 17:40:00,107.492619453371,98.334128938042,-13.144287923111118,191.58234083110963,83.87794851937137,9.158490515329007,5
563,865766,2019-06-05 23:20:00,107.081260299683,101.92032804658314,4.0921871638725245,192.29380563720596,26.635221721086378,5.160932253099858,5
564,865881,2019-06-06 18:30:00,132.408611965179,135.19610286480574,51.97138850023164,220.89946780171496,7.770105515501849,2.7874908996267322,5
565,865918,2019-06-07 00:40:00,77.2711463928223,76.0618622957558,-14.967372218043925,174.45810496734163,1.4623680274179423,1.2092840970665009,5
566,866036,2019-06-07 20:20:00,29.9308552145958,40.08051444955731,-50.16259034084972,143.0247202478476,103.01558258583957,10.149659234961515,5
567,866200,2019-06-08 23:40:00,972.612432861329,910.8982635750131,815.8036050411508,1013.4115690364239,3808.638690700063,61.71416928631595,5
568,866214,2019-06-09 02:00:00,407.271810150147,424.19113094172553,343.3735872130551,502.66577542591426,286.26341604834096,16.919320791578514,5
569,866442,2019-06-10 16:00:00,1652.43819580078,1588.0048943882846,1494.3334439414343,1690.4930625272168,4151.650330913487,64.43330141249544,5
570,866522,2019-06-11 05:20:00,2025.0302734375,2060.1699241407523,1952.9343538537544,2181.9617634957503,1234.79505154658,35.1396507032523,5
571,866546,2019-06-11 09:20:00,2042.56697998047,2052.6925539310305,1964.1216218347106,2154.9212085198965,102.52724782826867,10.125573950560465,5
572,866574,2019-06-11 14:00:00,2007.11207275391,1927.1209078084007,1820.272904841398,2016.596614928895,6398.586469339684,79.99116494550935,5
573,866634,2019-06-12 00:00:00,868.478442382813,804.3848398083254,708.546377659407,918.0127761847808,4107.989890976362,64.09360257448759,5
574,866776,2019-06-12 23:40:00,213.145124053955,231.02628285392677,143.65643758810467,309.24547367279257,319.73584002980846,17.881158799971786,5
575,866863,2019-06-13 14:10:00,829.940786743164,802.9279390190377,713.8264343178352,886.8333749457563,729.6939421668379,27.012847724126345,5
576,866932,2019-06-14 01:40:00,150.470330810547,169.96717991627102,84.07493170439714,269.54572905580056,380.12712505137114,19.49684910572401,5
577,866988,2019-06-14 11:00:00,355.384333891027,343.22846093638327,257.76337832814966,442.8825976695643,147.76524728943846,12.155872954643712,5
578,867043,2019-06-14 20:10:00,646.382814025879,617.6066569833786,516.8862372282505,710.1258755191818,828.0672141346495,28.776157042500472,5
579,867048,2019-06-14 21:00:00,662.898889160157,607.7661775550351,514.4884579369989,697.1960493669906,3039.6158889335334,55.13271160512181,5
580,867236,2019-06-16 04:20:00,299.269645690918,266.3402276193843,163.9563144677776,368.72293998330974,1084.3465745298533,32.929418071533746,5
581,867240,2019-06-16 05:00:00,358.965151977539,379.3046878019695,280.49315920198364,482.216520013262,413.6967175532928,20.339535824430527,5
582,867244,2019-06-16 05:40:00,301.357369232178,281.45794477845476,178.18834370290185,377.93475628309614,395.9870935894374,19.899424453723213,5
583,867302,2019-06-16 15:20:00,1540.03069152832,1548.0293306144604,1458.6589480643556,1639.2818525684618,63.978227230333395,7.998639086140429,5
584,867315,2019-06-16 17:30:00,1842.32813720703,1826.4294540807002,1721.2682883557989,1938.8816899266822,252.76812515144528,15.898683126329843,5
585,867443,2019-06-17 14:50:00,914.83611907959,1008.0711531488695,923.1252731701859,1095.559382924461,8692.771577899697,93.23503406927944,5
586,867444,2019-06-17 15:00:00,1157.34470825195,1115.7368732845478,1014.2921580011458,1207.144224148319,1731.2119306745724,41.60783496740214,5
587,867668,2019-06-19 04:20:00,-1.39990404248238,14.092946136834204,-80.24895529435227,118.04037939693131,240.0284066787499,15.492850179316584,5
588,867770,2019-06-19 21:20:00,128.213238364772,129.37073261938326,32.724137585717855,214.8638453375751,1.3397929494580885,1.1574942546112652,5
589,867817,2019-06-20 05:10:00,871.823699951172,800.9713772931163,714.0318719555728,908.5666308300309,5020.051626041225,70.85232265805564,5
590,867863,2019-06-20 12:50:00,845.635221862794,834.6032360161796,745.6818009666086,912.9999873333995,121.70471171989959,11.031985846614361,5
591,867910,2019-06-20 20:40:00,103.586632728577,119.82935613484496,11.11484685806675,216.70443527212447,263.8260636525249,16.242723406267956,5
592,868063,2019-06-21 22:10:00,-1.13635503053665,-11.030028712639762,-98.40578329336715,65.12251346062885,97.88477892793973,9.893673682103111,5
593,868156,2019-06-22 13:40:00,152.847228050232,152.6227756820918,59.27031432873147,235.70256231380645,0.05037886556374007,0.22445236814019154,5
594,868229,2019-06-23 01:50:00,270.860615539551,251.818884243734,152.25160677374686,349.60000827320044,362.58753074209716,19.041731295817016,5
595,868249,2019-06-23 05:10:00,102.777287101746,95.15475667113682,-8.378447540983379,199.62516191678213,58.10297016556289,7.622530430609174,5
596,868491,2019-06-24 21:30:00,9.86375249624253,10.119146291316259,-74.82973517119653,113.04557456137707,0.06522599056216202,0.2553937950737293,5
597,868514,2019-06-25 01:20:00,1.05643399506807,24.01128513689414,-79.65983971481576,122.99606810649236,526.9251909433938,22.954851141826072,5
598,868565,2019-06-25 09:50:00,482.684049224854,428.6300769837509,298.87759503772276,530.3295824046484,2921.8319150419456,54.05397224110311,5
599,868703,2019-06-26 08:50:00,814.212750244142,776.6755228094001,683.1924449636947,879.6135256169325,1409.043443487532,37.537227434741794,5
600,868727,2019-06-26 12:50:00,1123.11641540527,1246.403272837861,1155.9327219269294,1337.3297381496668,15199.64921560407,123.2868574325912,5
601,868873,2019-06-27 13:10:00,500.573959350586,531.126671882945,445.6215015787408,619.2485481158197,933.4682430849638,30.552712532358953,5
602,868892,2019-06-27 16:20:00,917.219941711426,934.416208747214,839.1537583416459,1025.0506625928688,295.71159996612795,17.19626703578797,5
603,868916,2019-06-27 20:20:00,417.423327636719,470.6353206671334,368.84892586466566,567.2831662510935,2831.5162022688664,53.21199303041436,5
604,868959,2019-06-28 03:30:00,1204.78063659668,1134.6420748614612,1020.1310993279659,1260.166272843733,4919.417842285113,70.1385617352189,5
605,868963,2019-06-28 04:10:00,763.895762634278,709.886200354725,605.91580426842,795.9855220628169,2917.0328176289077,54.00956227955294,5
606,868979,2019-06-28 06:50:00,234.160981750488,272.31844691625116,188.3530800932092,355.3879944722255,1455.9921478764297,38.15746516576317,5
607,868984,2019-06-28 07:40:00,405.60461184853,394.76444135054095,299.90984952355785,489.86321039612307,117.50929642547216,10.84017049798905,5
608,869018,2019-06-28 13:20:00,567.683977508545,566.9758430809059,455.57856102660844,681.8201208115711,0.5014543676078292,0.7081344276391519,5
609,869026,2019-06-28 14:40:00,476.001600646973,574.9297974787245,477.353125712373,678.0040484392927,9786.78812838177,98.9281968317515,5
610,869027,2019-06-28 14:50:00,466.969410705566,517.2156263414878,415.73088158863567,601.7651297875512,2524.6821857315495,50.24621563592177,5
611,869044,2019-06-28 17:40:00,319.170533029657,330.69544209095704,232.5550929088898,432.0297006736811,132.82352887123568,11.524909061300036,5
612,869053,2019-06-28 19:10:00,375.890943908692,396.80648082983276,295.2400267286031,500.50269052072184,437.4596846996021,20.915536921140756,5
613,869185,2019-06-29 17:10:00,369.386082458496,377.6810958270524,287.8815976221086,470.37937042643125,68.80724678452934,8.295013368556397,5
614,869397,2019-07-01 04:30:00,550.273207092285,611.3974298166263,513.4380634289112,709.5505342684862,3736.170603654879,61.12422272434128,5
615,869461,2019-07-01 15:10:00,533.894759368897,537.2792399961539,454.4661213085594,624.4623028438212,11.454709116277588,3.3844806272569485,5
616,869466,2019-07-01 16:00:00,415.295595932007,387.5381244321032,298.5684522048281,469.4081862190674,770.4772240679733,27.75747149990383,5
617,869528,2019-07-02 02:20:00,408.774743652344,382.7147480516281,281.3368820293421,493.0701573340977,679.1233707093332,26.059995600715922,5
618,869642,2019-07-02 21:20:00,270.115832519531,291.54625311943033,196.5302169926466,374.77633350073876,459.26292708858915,21.43042059989932,5
619,869804,2019-07-04 00:20:00,507.385081481934,483.5579718317107,394.4985689475096,565.1620810649072,567.7311542837639,23.827109650223292,5
620,869818,2019-07-04 02:40:00,145.427912902832,185.18839761559346,90.8566360673317,287.47872774407654,1580.8961445937384,39.76048471276147,5
621,869833,2019-07-04 05:10:00,258.221732330322,299.6720573766655,210.31786457687457,374.356988088258,1718.1294464475307,41.450325046343494,5
622,869900,2019-07-04 16:20:00,160.717415428162,139.70814018922562,41.98484226588123,222.1576293231864,441.389646065386,21.009275238936397,5
623,869941,2019-07-04 23:10:00,22.4802236837499,32.14450652393566,-64.14426547513337,115.072711184076,93.39836281510892,9.66428284018576,5
624,869970,2019-07-05 04:00:00,107.6372215271,66.87109020844399,-21.831855491594876,169.35307988051153,1661.8774626899062,40.76613131865601,5
625,870349,2019-07-07 19:10:00,27.5703795909882,30.76476010378725,-68.80257462198527,121.85829636367319,10.204066860550322,3.19438051279905,5
626,870373,2019-07-07 23:10:00,174.119731140137,196.04585127924128,83.94445222199882,300.6759400161905,480.7547443544345,21.926120139104285,5
627,870397,2019-07-08 03:10:00,75.5201221466064,70.50010017923456,-29.331726111209594,173.00086916785608,25.20062055289576,5.020021967371832,5
628,870488,2019-07-08 18:20:00,135.991040179604,120.16161053987344,20.431633230513146,220.4857543639855,250.57084271918046,15.829429639730563,5
629,870497,2019-07-08 19:50:00,350.378448486328,371.60211173162264,282.69933662133946,467.8653750152754,450.4438815496702,21.22366324529463,5
630,870637,2019-07-09 19:10:00,-1.30547453761101,-6.835645778867671,-105.82163140497296,83.20792689676098,30.58279395762224,5.530171241256661,5
631,870734,2019-07-10 11:20:00,416.816113923725,367.7147803492691,275.82816080309635,470.2562052883859,2410.940958789991,49.10133357445591,5
632,870897,2019-07-11 14:30:00,206.352634620666,219.59290684988358,121.57135348873736,317.82633172551226,175.30480870378992,13.240272229217567,5
633,870956,2019-07-12 00:20:00,20.834755063057,35.90982148363054,-56.45548174312978,141.09891106941032,227.25762758470387,15.075066420573538,5
634,870964,2019-07-12 01:40:00,282.726659986708,286.1143278719854,207.6454413234546,371.58744818922634,11.47629370093972,3.3876678852773807,5
635,871010,2019-07-12 09:20:00,315.230312347412,248.39916998546377,158.34286881966153,356.54775055953246,4466.401589402991,66.83114236194822,5
636,871015,2019-07-12 10:10:00,680.944090270997,749.3021748769376,663.2370612096568,843.1862263470689,4672.82773099293,68.35808460594058,5
637,871375,2019-07-14 22:10:00,257.126365661621,307.0478903093697,208.38091441942325,402.61905201825226,2492.158623155781,49.9215246477487,5
638,871438,2019-07-15 08:40:00,-1.04566001594067,-12.58611064360145,-101.96011521886518,68.0253521413272,133.18200068947604,11.540450627660778,5
639,871823,2019-07-18 00:50:00,550.777398681641,590.3479959538449,497.3204071335206,665.4032435196599,1565.832168478954,39.57059727220394,5
640,871848,2019-07-18 05:00:00,314.922971343994,296.32566301781117,212.15985467572398,393.14952155950556,345.85987697910906,18.597308326182826,5
641,872090,2019-07-19 21:20:00,180.443238830566,166.68735014087102,70.09181128276447,259.43334619115086,189.2244736432784,13.755888689694984,5
642,872128,2019-07-20 03:40:00,633.28353881836,582.3330268605476,497.29519998545214,666.5999497743976,2595.9546687631737,50.950511957812296,5
643,872134,2019-07-20 04:40:00,283.801453399658,299.74035339541433,216.40945024632202,387.19026456408864,254.04853307472158,15.938899995756344,5
644,872135,2019-07-20 04:50:00,293.529940032959,335.19979219436124,234.41603122079354,435.6284815590543,1736.376579153117,41.66985216140222,5
645,872184,2019-07-20 13:00:00,1766.82727050781,1754.8291867968137,1668.415823855929,1848.5660593151329,143.9540127360747,11.998083710996298,5
646,872193,2019-07-20 14:30:00,1273.50826721191,1288.0060707375712,1201.2623766629633,1397.289218877208,210.18630706867754,14.497803525661311,5
647,872417,2019-07-22 03:50:00,1072.77699279785,1177.1889634234485,1079.3061329121165,1280.2754063772736,10901.859609920853,104.41197062559854,5
648,872426,2019-07-22 05:20:00,708.619646574322,656.2055015047898,564.2099652324765,740.659638949425,2747.242603369966,52.414145069532196,5
649,872492,2019-07-22 16:20:00,1082.447265625,1213.366332434083,1123.0003262992773,1308.690013194538,17139.80205416114,130.919066809083,5
650,872530,2019-07-22 22:40:00,132.158376693726,119.6801487905723,12.957714902157008,219.46346033611383,155.7061716030438,12.478227903153709,5
651,872639,2019-07-23 16:50:00,617.10090637207,562.0871418009526,461.13695632330456,666.1305587335952,3026.5142922863265,55.01376457111735,5
652,872788,2019-07-24 17:50:00,53.236106671785,61.32183080797576,-36.12109469542813,159.56241196480593,65.37893480657773,8.085724136190755,5
653,872857,2019-07-25 05:30:00,209.950284576416,193.61525617883777,94.40622604588685,300.63514856896745,266.8331527496876,16.33502839757824,5
654,872950,2019-07-25 21:00:00,515.24567565918,661.7545159913275,564.9951393179956,758.152201765518,21464.84029547067,146.50884033214743,5
655,873078,2019-07-26 18:20:00,-1.44418453872204,-2.428708355765797,-105.33689100616364,83.74171910901943,0.9692871463264093,0.9845238170437571,5
656,873081,2019-07-26 18:50:00,-1.54821702837944,-1.5267582701822713,-101.29823371341185,104.80924634311951,0.00046047830336455934,0.021458758197168804,5
657,873084,2019-07-26 19:20:00,-1.52468689805583,2.590759664371405,-92.18583860883795,107.4146185062796,16.936900408194145,4.115446562427235,5
658,873148,2019-07-27 06:00:00,105.147233963013,86.42235498168169,-11.510580941442681,177.6596242276046,350.62109286550276,18.7248789813313,5
659,873187,2019-07-27 12:30:00,322.993800354004,310.688610548027,205.87532360949405,405.04740118963576,151.41769616112083,12.305189805977022,5
660,873243,2019-07-27 21:50:00,219.010224914551,278.4176885635021,188.11977290330157,389.1094654580138,3529.246737201447,59.40746364895111,5
661,873273,2019-07-28 02:50:00,595.36368560791,649.9067660342854,559.136536209692,751.5955206094172,2974.9476223980505,54.543080426375354,5
662,873340,2019-07-28 14:00:00,1365.76957702637,1291.7894442142845,1182.4476210754513,1387.4583793676536,5473.060050893803,73.98013281208546,5
663,873366,2019-07-28 18:20:00,1100.46416015625,1036.828991139507,950.3486580041638,1135.0202684375429,4049.4347357894508,63.63516901674302,5
664,873613,2019-07-30 11:30:00,943.804347229003,922.7506198565125,840.8579024350503,1028.67455470072,443.2594362751593,21.053727372490584,5
665,873654,2019-07-30 18:20:00,962.416604614258,978.0670838641901,883.6501783386823,1074.6283971163925,244.9375007525558,15.650479249932118,5
666,873719,2019-07-31 05:10:00,788.396118164063,776.5698772001577,690.8530207939663,876.9841398789558,139.85997533634955,11.826240963905207,5
667,873726,2019-07-31 06:20:00,1133.82709655762,1097.9679891473954,1008.6194173501154,1178.0952970552999,1285.8755842580265,35.859107410224624,5
668,873727,2019-07-31 06:30:00,1236.77611083985,1185.4751476096817,1088.096793623852,1276.1591303300802,2631.7888283430734,51.300963230168236,5
669,873733,2019-07-31 07:30:00,1714.50682678223,1754.5802971697879,1662.4880707378886,1851.3587092493772,1605.883028902471,40.07347038755779,5
670,873923,2019-08-01 15:10:00,153.720640563965,165.13767621856152,74.55314828043355,259.62688327121793,130.34870313832846,11.417035654596532,5
671,873952,2019-08-01 20:00:00,124.985061264038,84.43122089124422,-7.758153318234712,168.8920541614705,1644.6139689820382,40.55384037279377,5
672,874017,2019-08-02 06:50:00,211.902572631836,197.61814664283793,90.4617891631019,283.4825649497909,204.04482583516338,14.284425988998066,5
673,874028,2019-08-02 08:40:00,86.5322177290917,97.60745694581843,11.245650419819146,195.86902068199097,122.6609237077217,11.075239216726729,5
674,874075,2019-08-02 16:30:00,144.95632019043,106.28453734875136,-17.389463373352573,206.44350011137195,1495.5067881539512,38.67178284167865,5
675,874292,2019-08-04 04:40:00,495.750340270996,483.84623255839097,390.473437834649,597.5131654971201,141.70778043330245,11.904107712605025,5
676,874338,2019-08-04 12:20:00,731.786653137207,704.5901112795494,604.2214159187355,804.1913361246033,739.651889015323,27.19654185765762,5
677,874409,2019-08-05 00:10:00,384.829304504395,396.7672681247193,304.03015302405504,493.1401371947039,142.5149754001864,11.937963620324297,5
678,874413,2019-08-05 00:50:00,317.404972076416,304.6314464870253,211.50383278145395,402.70607509503907,163.16295598281943,12.773525589390715,5
679,874455,2019-08-05 07:50:00,523.757094573975,500.5459771091154,412.31394469376806,589.5620047566349,538.7559739675089,23.21111746485957,5
680,874669,2019-08-06 19:30:00,1411.94901733399,1322.5974667758237,1226.2685332286794,1417.5689031031634,7983.69958714855,89.35155055816631,5
681,874724,2019-08-07 04:40:00,937.91999206543,982.5887485063554,907.3251311706177,1074.920746229072,1995.2978019787085,44.668756440925335,5
682,874736,2019-08-07 06:40:00,374.936434173584,372.7678232488399,292.85369439973294,465.4674447857869,4.702873342919649,2.1686109247441436,5
683,875040,2019-08-09 09:20:00,1615.86765441894,1542.7637784178605,1448.4302416727821,1624.9566595852164,5344.176686381203,73.10387600107947,5
684,875143,2019-08-10 02:30:00,1607.21536254883,1756.7639375453812,1651.2174070656765,1851.8452530911873,22364.776283499104,149.54857499655122,5
685,875167,2019-08-10 06:30:00,2018.25336914063,2035.0407683339517,1932.7501254141864,2121.031001734527,281.8167716759411,16.78739919332179,5
686,875215,2019-08-10 14:30:00,2028.05755004883,2044.7290054866737,1923.9050841266496,2184.9218176564195,277.9374264160061,16.671455437843633,5
687,875286,2019-08-11 02:20:00,1442.42446899414,1506.3189700222872,1385.4304475261308,1602.920471458341,4082.507261635911,63.89450102814726,5
688,875299,2019-08-11 04:30:00,1512.15409545899,1482.3606667852039,1390.7875255566514,1579.671837402024,887.6483921399821,29.79342867378614,5
689,875386,2019-08-11 19:00:00,26.449946141243,48.52051898738416,-37.98287453957198,124.76454342691228,487.1101857568234,22.070572846141157,5
690,875612,2019-08-13 08:40:00,222.306362247467,217.87196632992828,128.57882770332813,312.3445317446512,19.66386715348409,4.434395917538723,5
691,875617,2019-08-13 09:30:00,417.840521240235,350.05211438738314,250.73918634759053,474.15038742615064,4595.26810364777,67.78840685285184,5
692,875645,2019-08-13 14:10:00,390.564734649658,421.7261974729105,317.7397977805397,538.6406741331676,971.0367652849454,31.161462823252464,5
693,875744,2019-08-14 06:40:00,82.8294803619385,78.82228233612565,-18.37919215623453,177.28137550034805,16.057636018078327,4.007198025812841,5
694,875764,2019-08-14 10:00:00,1277.1224395752,1212.5033620589834,1122.9628663818755,1304.5697131745032,4175.6251790467995,64.61907751621652,5
695,875818,2019-08-14 19:00:00,642.143389892578,646.5311930014906,548.1256283808768,725.0343742415591,19.252816122582388,4.387803108912522,5
696,875851,2019-08-15 00:30:00,992.311059570313,1072.3484072982226,995.8168624818269,1158.6446962210987,6405.977031318317,80.0373477279096,5
697,875935,2019-08-15 14:30:00,918.888867187501,976.2255677107413,892.563970009295,1077.5289360208792,3287.4972268917472,57.336700523240324,5
698,875975,2019-08-15 21:10:00,132.218234634399,146.0361342969841,57.30523733322878,236.73685984585117,190.93435108526918,13.817899662585091,5
699,875997,2019-08-16 00:50:00,160.241564750671,171.840158667266,78.90997836900485,282.6148695738742,134.5273808420747,11.598593916595007,5
700,876027,2019-08-16 05:50:00,287.505780029297,276.38399041908275,167.29722764516535,368.8702393203167,123.69420413386965,11.12178961021425,5
701,876098,2019-08-16 17:40:00,1714.57138061524,1673.0627916605583,1578.709731199378,1764.712820014186,1722.9629570087259,41.50858895468173,5
702,876160,2019-08-17 04:00:00,569.408369445801,535.7924247133599,450.0740458661444,627.4304345618388,1130.031740254535,33.61594473244111,5
703,876170,2019-08-17 05:40:00,774.590966796875,762.1297587575622,675.5443888422236,870.203520433571,155.28170579903522,12.46120803931285,5
704,876269,2019-08-17 22:10:00,495.725775146484,443.8597994128316,345.13651076452123,532.2321444004425,2690.0794388038216,51.86597573365242,5
705,876414,2019-08-18 22:20:00,902.242991727941,907.2566842401034,811.6171915347866,1005.9910318989146,25.137112606513107,5.013692512162379,5
706,876448,2019-08-19 04:00:00,1006.31418762207,1016.8980775087841,932.8419136777297,1122.0563476238353,112.01872513408969,10.583889886714132,5
707,876746,2019-08-21 05:40:00,595.168981933594,549.958832312108,451.20531789088545,644.8326949888541,2043.957628797144,45.210149621485925,5
708,876842,2019-08-21 21:40:00,522.120234680176,502.2175392215393,421.7060999938751,597.1884547693239,396.1172865192396,19.902695458636742,5
709,876872,2019-08-22 02:40:00,352.81508102417,350.2247656209086,254.91379898724284,458.3752909706377,6.709733888373268,2.5903154032613998,5
710,877007,2019-08-23 01:10:00,160.034459686279,149.55120545817726,45.091695681902365,244.62738310585357,109.89861921101306,10.483254228101742,5
711,877108,2019-08-23 18:00:00,95.2144942032664,96.40242375699177,5.920202306581604,183.49104864251834,1.4111766246141526,1.1879295537253682,5
712,877318,2019-08-25 05:00:00,66.7680452346802,61.78275572361328,-36.50624314090721,153.10027592091598,24.853111509153887,4.985289511066924,5
713,877331,2019-08-25 07:10:00,123.099013137817,105.25240808262578,1.3878751080752296,214.6183231219654,318.5013119959768,17.84660505519122,5
714,877401,2019-08-25 18:50:00,86.9459518856472,122.3168260418531,22.19746908072448,218.27593978514915,1251.0987385741544,35.3708741562059,5
715,877436,2019-08-26 00:40:00,52.0745419025421,50.604892374067056,-28.01794283474982,136.14637369804132,2.1598697365469235,1.4696495284750455,5
716,877439,2019-08-26 01:10:00,192.190110778809,241.81228633327302,145.79965580268106,343.2687426539876,2462.360306758048,49.622175554464036,5
717,877744,2019-08-28 04:00:00,699.017541503906,734.9749812144737,635.6999689595158,827.2930901443376,1292.9374705391078,35.957439710567655,5
718,877797,2019-08-28 12:50:00,629.323669433594,606.8065674769258,503.61795516684845,696.9784892723492,507.01988052698954,22.51710195666817,5
719,878064,2019-08-30 09:20:00,1447.07049255371,1450.1972579271664,1354.993606319632,1549.7043632716602,9.776661700646345,3.1267653734564647,5
720,878114,2019-08-30 17:40:00,647.733209228516,595.7848123796617,485.906349680167,715.241625473824,2698.6359351660512,51.94839684885426,5
721,878316,2019-09-01 03:20:00,439.735723876953,444.91667751014757,358.15492031226887,535.6764947972805,26.842280549312083,5.1809536331945765,5
722,878336,2019-09-01 06:40:00,193.839177322388,196.21492150418692,106.6786190560068,285.70251828837735,5.644160417351428,2.3757441817989218,5
723,878337,2019-09-01 06:50:00,130.853371810913,130.81578285819978,47.50480940375824,230.0623753263656,0.0014129293660757412,0.03758895271320739,5
724,878361,2019-09-01 10:50:00,374.402912902832,288.3375264690435,186.61021416527348,376.7068798906186,7407.2507419973435,86.06538643378849,5
725,878419,2019-09-01 20:30:00,115.174922180176,77.21967952666743,-20.53631398358136,165.1534179602829,1440.6004448867156,37.95524265350856,5
726,878628,2019-09-03 07:20:00,126.135370063782,174.40098343771646,71.59900397237442,277.64438894476615,2329.569434362121,48.26561337393446,5
727,878647,2019-09-03 10:30:00,253.951306915283,253.58077220783463,168.01443559631724,348.25359602117794,0.13729596942384997,0.37053470744837114,5
728,878660,2019-09-03 12:40:00,574.33713684082,532.2610305549804,434.8517341520986,645.5772297050037,1770.398720177272,42.076106285839614,5
729,878666,2019-09-03 13:40:00,601.482786560059,653.7762552237664,556.5449978875005,749.1985230045285,2734.6068648821433,52.29346866370736,5
730,878678,2019-09-03 15:40:00,613.401218838162,621.6868020895415,518.8108867049853,734.1279166475036,68.65088981554106,8.285583251379535,5
731,878827,2019-09-04 16:30:00,1882.38904418946,1906.7024908248309,1799.1753331647153,1991.2561404390574,591.1436872910255,24.313446635370838,5
732,878938,2019-09-05 11:00:00,342.339670944214,325.31679940218135,226.94108664519163,424.0577834844596,289.77815553654494,17.022871542032647,5
733,879030,2019-09-06 02:20:00,801.761128234864,719.2475971751354,628.8688109631804,812.3153717122229,6808.4828079448,82.51353105972862,5
734,879125,2019-09-06 18:10:00,183.746276473999,201.21894032518094,105.8424668871136,283.546555366393,305.2939820564004,17.47266385118195,5
735,879130,2019-09-06 19:00:00,417.906704711914,462.4259682471141,367.8451208791811,568.6387037414263,1981.9648257165957,44.51926353520008,5
736,879140,2019-09-06 20:40:00,693.662991333008,697.087870181838,601.9416818056594,788.5856970772542,11.729795129162849,3.4248788488299624,5
737,879225,2019-09-07 10:50:00,368.967219034831,316.89957268123163,223.96804221619556,412.8255021872178,2711.039796803487,52.06764635359934,5
738,879277,2019-09-07 19:30:00,602.613386535645,589.9233392226251,488.69266520259293,700.9035787436486,161.03730080668151,12.690047313019818,5
739,879308,2019-09-08 00:40:00,505.897621154785,456.0167766511409,370.23567098184355,554.3837810130482,2488.0986483967204,49.880844503644084,5
740,879328,2019-09-08 04:00:00,278.10327835083,295.64522164927376,194.06982801276536,393.9784748441248,307.71977468581576,17.541943298443755,5
741,879336,2019-09-08 05:20:00,279.406158447266,264.37852221404796,156.7426382500934,370.82616405107797,225.8298507579283,15.027636233218061,5
742,879349,2019-09-08 07:30:00,61.2716209010074,50.64147324461144,-54.587362968582184,137.43062701356502,113.00003919678058,10.630147656395962,5
743,879384,2019-09-08 13:20:00,-1.22331554293633,1.0490320604258447,-104.6627810757079,123.50982062839415,5.16356363050582,2.272347603362175,5
744,879542,2019-09-09 15:40:00,50.4495226867497,32.395910501931404,-58.34724655387333,124.96801647916982,325.9329129198197,18.0536121848183,5
745,879774,2019-09-11 06:20:00,1957.2298828125,1881.1802809506185,1791.566739240522,1978.3080794247442,5783.541943350683,76.04960186188146,5
746,879806,2019-09-11 11:40:00,1343.1412784352,1317.7451397429797,1211.6281912004185,1417.6218354237342,644.9638604744914,25.396138692220347,5
747,879830,2019-09-11 15:40:00,822.685256958008,1037.5992755037937,949.2597997212426,1122.5670713139045,46188.035367498305,214.91401854578567,5
748,879853,2019-09-11 19:30:00,424.63461151123,403.58039304832886,294.58477090839926,515.6475530439152,443.28011508356695,21.054218462901133,5
749,879887,2019-09-12 01:10:00,250.347226715088,344.29316489767353,249.33608296971678,446.10472508383054,8825.839301006183,93.94593818258554,5
750,880304,2019-09-14 22:40:00,330.842057800293,369.82186058051326,270.9501350643415,467.3163028984321,1519.4250247848677,38.97980278022027,5
751,880323,2019-09-15 01:50:00,758.545475769043,731.4337423561502,640.6840421319646,832.4376635247099,735.0460886517689,27.111733412892818,5
752,880338,2019-09-15 04:20:00,849.840759277344,812.423069984432,727.5310216747234,906.5497046274058,1400.0834720208993,37.41768929291197,5
753,880402,2019-09-15 15:00:00,139.162677955627,135.7928109686284,48.123536581551754,228.5078911245911,11.356003510063037,3.369866986998602,5
754,880617,2019-09-17 02:50:00,620.655303955078,661.7388291408896,572.7954029231607,744.1386243849365,1687.8560416932157,41.083525185811595,5
755,880639,2019-09-17 06:30:00,486.984896850586,422.0981524816096,331.6220449707236,513.821607490724,4210.28959480489,64.8867443689764,5
756,880808,2019-09-18 10:40:00,-2.28604747653007,20.484899813918318,-99.84690925201582,157.28679039835302,518.5160405043787,22.770947290448387,5
757,880869,2019-09-18 20:50:00,-2.00259053079705,29.402751390335986,-53.01041349858406,110.93389372783858,986.2955011832761,31.405341921133036,5
758,880904,2019-09-19 02:40:00,-1.45912252664566,-8.528782094848445,-100.84474734604375,75.96987999302101,49.98008641028119,7.069659568202785,5
759,880989,2019-09-19 16:50:00,-0.748500525951385,-2.422441947196752,-104.6393936459752,108.10878952488578,2.80207988176096,1.6739414212453672,5
760,881000,2019-09-19 18:40:00,-1.2414545238018,5.3028058637548625,-91.96478628182649,101.19802711521736,42.82734402014328,6.544260387556663,5
761,881036,2019-09-20 00:40:00,161.029476165772,107.05480233737357,28.10626261034112,209.40853298548026,2913.2654148819975,53.97467382839842,5
762,881041,2019-09-20 01:30:00,477.450140380859,482.828331346156,385.551423519387,582.771419028004,28.924938059202216,5.378190965296994,5
763,881095,2019-09-20 10:30:00,443.636880493164,430.5185930621888,334.5273721364588,532.9039040257671,172.0894651216823,13.118287430975215,5
764,881099,2019-09-20 11:10:00,279.709761047363,321.36188832146365,217.68024436620675,426.4743825279519,1734.8997064578816,41.65212727410068,5
765,881161,2019-09-20 21:30:00,336.937187194824,381.7008937622547,286.49561919937474,488.2387049097797,2003.7894256550373,44.76370656743069,5
766,881218,2019-09-21 07:00:00,875.956985473633,974.083992665112,889.9461311334022,1077.897488970482,9628.909540356557,98.12700719147892,5
767,881298,2019-09-21 20:20:00,484.55948638916,430.4704770228968,327.75458251549543,521.3157581787978,2925.6209342237094,54.08900936626321,5
768,881299,2019-09-21 20:30:00,425.768333435059,333.12651742136273,240.4978489095181,427.22672980329446,8582.506074315548,92.64181601369626,5
769,881335,2019-09-22 02:30:00,168.736932754517,158.11634330695762,46.93428703936769,267.4995069024031,112.79692021360971,10.620589447559382,5
770,881607,2019-09-23 23:50:00,293.919415283203,267.8926950774856,165.54296552073754,357.12700997705275,677.3901646666997,26.026720205717425,5
771,881653,2019-09-24 07:30:00,388.832836151123,366.9577236207963,260.6755705369616,459.0819412926506,478.5205482144563,21.875112530326703,5
772,881657,2019-09-24 08:10:00,824.276268005372,769.7827983137272,685.3671037242817,852.0447770748848,2969.538239034211,54.493469691644805,5
773,881779,2019-09-25 04:30:00,519.675021362305,493.7212944827663,412.06821003588703,577.6724679989196,673.5959389376862,25.953726879538635,5
774,881839,2019-09-25 14:30:00,245.703442382813,284.53061900761423,181.9343481771394,386.17060336756566,1507.549644653512,38.82717662480124,5
775,881892,2019-09-25 23:20:00,793.519117736817,790.8254212685758,694.4293940685837,883.3989966968948,7.256000663014653,2.6936964682411144,5
776,882002,2019-09-26 17:40:00,1093.81475830078,1130.823289160635,1039.6970834498256,1219.4405855075127,1369.6313564048398,37.008530859855,5
777,882013,2019-09-26 19:30:00,1351.17053833008,1310.620162025103,1198.4145011241333,1415.6391907629534,1644.333018475251,40.550376304977135,5
778,882051,2019-09-27 01:50:00,651.505727667558,599.763624944261,511.71355906879,691.130487395805,2677.2451942282155,51.742102723296966,5
779,882109,2019-09-27 11:30:00,1815.33077392578,1874.1141211870543,1775.7650776752891,1966.8539421337623,3455.4819152395567,58.78334726127423,5
780,882226,2019-09-28 07:00:00,1129.12615661621,1164.5825319539945,1070.2195376207326,1245.3295243954885,1257.1545520938525,35.45637533778449,5
781,882233,2019-09-28 08:10:00,1858.743359375,1865.6562350472338,1752.8433988611903,1956.1543594664593,47.78785005976322,6.912875672233895,5
782,882305,2019-09-28 20:10:00,679.940514373779,772.9399836439316,667.9089458586639,850.2843783980912,8648.901284530046,92.99946927015253,5
783,882409,2019-09-29 13:30:00,298.388787841797,311.2759982281878,202.76846278105185,402.69413389139163,166.0801915430987,12.887210386390791,5
784,882427,2019-09-29 16:30:00,2018.34451904297,2005.7668967358263,1886.0696017180157,2144.070829408376,158.1965829011577,12.577622307143656,5
785,882480,2019-09-30 01:20:00,297.914488983154,281.66435275833396,187.79620526409502,367.193398963485,264.0669273252085,16.25013622482004,5
786,882580,2019-09-30 18:00:00,699.755949401856,661.067337066689,571.8492487993047,776.0218608627173,1496.808724420838,38.68861233516702,5
787,882586,2019-09-30 19:00:00,749.236380004883,733.4258873052772,629.7448591644202,826.7141806478186,249.97167940428793,15.810492699605788,5
788,882605,2019-09-30 22:10:00,710.451153564453,621.1141375823642,520.4451700639369,740.746435839579,7981.102424583993,89.33701598208881,5
789,882709,2019-10-01 15:30:00,2028.47478027344,1997.401830417532,1892.2193516087964,2120.6427250517804,965.5282127477769,31.072949855908064,5
790,882742,2019-10-01 21:00:00,1534.75670776367,1563.451026407472,1480.1654727019693,1653.983179872553,823.363922432045,28.694318643802035,5
791,882771,2019-10-02 01:50:00,740.907366943359,668.9782953239514,580.1534247601345,755.7438464042706,5173.791344029857,71.92907161940752,5
792,882921,2019-10-03 02:50:00,-1.20144203454256,-13.762656659979266,-97.95187535759236,80.52536867723252,157.78411286628497,12.561214625436705,5
793,883002,2019-10-03 16:20:00,421.744389343262,498.17751128232123,417.16720243535786,583.1125282591146,5842.022129351096,76.43312193905922,5
794,883031,2019-10-03 21:10:00,1370.41985473633,1459.161683300758,1379.061369649684,1542.53154741455,7875.112136958335,88.74182856442803,5
795,883052,2019-10-04 00:40:00,292.738119506836,307.0068702309025,208.23710588208692,409.03903504829736,203.59724722554927,14.268750724066535,5
796,883326,2019-10-05 22:20:00,679.511553955078,724.6559923047193,633.174222065317,825.8225686949331,2038.0203139045634,45.14443834964129,5
797,883528,2019-10-07 08:00:00,370.311311340332,422.8300139251647,333.6414079185982,516.8340775946904,2758.214121194111,52.51870258483268,5
798,883586,2019-10-07 17:40:00,492.689270019531,479.9563585286069,393.2737404313308,578.5993533427192,162.12703503570688,12.732911490924096,5
799,883594,2019-10-07 19:00:00,382.514756011963,331.3798896969502,230.26356735579958,416.6354907537609,2614.7745530542306,51.1348663150128,5
800,883710,2019-10-08 14:20:00,1296.95385131836,1394.2892160852266,1292.3590390256213,1482.2812690338317,9474.173234298982,97.33536476686663,5
801,883788,2019-10-09 03:20:00,454.355569458008,442.08426755515507,354.72890228881823,541.954073366545,150.5848503909622,12.27130190285294,5
802,883818,2019-10-09 08:20:00,714.755163574219,784.7867673814143,695.008026295955,883.1644804413926,4904.425531807975,70.03160380719532,5
803,883821,2019-10-09 08:50:00,751.270199584961,634.7869429214815,537.945600257013,736.6306120601957,13568.349082930054,116.48325666347955,5
804,883839,2019-10-09 11:50:00,1044.63092346191,972.9527847370554,847.1748181266737,1059.1502278795333,5137.755571059508,71.67813872485465,5
805,883843,2019-10-09 12:30:00,1516.39610852693,1491.800820350365,1395.3636466234063,1591.4168784501705,604.9282004882763,24.595288176564964,5
806,883863,2019-10-09 15:50:00,292.390293884277,289.45665682779804,209.81525436123547,383.96618403395394,8.606226379146605,2.9336370564789718,5
807,883939,2019-10-10 04:30:00,966.254846191407,875.5440735079077,753.446766417845,955.9703227999189,8228.444280837477,90.71077268349927,5
808,884127,2019-10-11 11:50:00,1904.41595458985,1964.8195020962794,1857.0135251829636,2055.398102564381,3648.5885513614858,60.403547506429504,5
809,884176,2019-10-11 20:00:00,428.547505187988,442.02036104015053,348.4223182221973,535.2060083933363,181.51784481315,13.472855852162525,5
810,884214,2019-10-12 02:20:00,507.961311340332,457.44534565635684,346.6771449417487,551.2163008217748,2551.862788984554,50.51596568397514,5
811,884251,2019-10-12 08:30:00,271.09162979126,266.87478148042067,164.07214311112995,347.2623987218315,17.781809676628587,4.216848310839339,5
812,884301,2019-10-12 16:50:00,99.8892503738403,95.54500161178895,6.463323275555962,191.17266372177872,18.87249730658469,4.34424876205135,5
813,884309,2019-10-12 18:10:00,189.476364938836,220.11345194721537,124.26262937767376,312.2712901784624,938.631100359007,30.637087008379353,5
814,884427,2019-10-13 13:50:00,1975.16357421875,1906.4101679422613,1805.1394583252595,2029.9406264860672,4727.030874619916,68.7534062764887,5
815,884435,2019-10-13 15:10:00,1936.8553100586,1958.30442533347,1855.9767988095568,2047.936160316534,460.0645460746565,21.449115274869882,5
816,884438,2019-10-13 15:40:00,1711.73671875,1755.0711037576443,1663.088581207661,1842.9466469197673,1877.868923990757,43.334385007644414,5
817,884535,2019-10-14 07:50:00,229.144660949707,280.1274581234912,184.70524905699995,381.3824513888889,2599.245607663216,50.98279717378418,5
818,884556,2019-10-14 11:20:00,154.488905525208,115.2333544537159,21.763607533101478,219.13963459728438,1540.998289926524,39.25555107149209,5
819,884659,2019-10-15 04:30:00,65.7243958473206,79.701839569431,-5.9888745943244315,177.06714535994044,195.36893300476365,13.977443722110408,5
820,884846,2019-10-16 11:40:00,495.471853637695,516.5454134122688,433.0172919768063,598.5538283433818,444.0949215725335,21.073559774573766,5
821,884964,2019-10-17 07:20:00,722.085366821289,780.0780173121631,683.0332569925434,876.0593861631958,3363.14751095668,57.9926504908741,5
822,884997,2019-10-17 12:50:00,654.922589111328,583.5335076140069,487.28636863258265,676.4558080760658,5096.400957031148,71.38908149732106,5
823,885089,2019-10-18 04:10:00,212.877177991365,250.91655246264568,163.76001737073727,339.5425488553631,1446.9940101663215,38.039374471280695,5
824,885113,2019-10-18 08:10:00,443.538243343956,404.99158016202097,324.4285713791398,488.6496371348178,1485.845242461548,38.54666318193506,5
825,885173,2019-10-18 18:10:00,1292.45885314942,1294.8083634024656,1194.1019631221907,1384.2220629875,5.520198429166103,2.349510253045537,5
826,885183,2019-10-18 19:50:00,1714.96885986328,1624.29620175312,1523.0946056058335,1733.8442241580408,8221.530928761964,90.67265811016,5
827,885390,2019-10-20 06:20:00,348.866456604004,350.05767380372794,244.83223101369995,475.1960137109959,1.4189984169181717,1.1912171997239511,5
828,885440,2019-10-20 14:40:00,826.222579956055,830.6352643889963,741.3534216603227,938.5782183161555,19.47178390472265,4.412684432941319,5
829,885471,2019-10-20 19:50:00,1072.36721801758,1055.7462620645517,958.4924077502791,1167.1354445324403,276.25617679250405,16.620955953028215,5
830,885497,2019-10-21 00:10:00,854.490252685547,839.801041371407,734.1016147396012,931.6481400448881,215.7729290314597,14.689211314140039,5
831,885513,2019-10-21 02:50:00,909.516775512696,838.491262046091,740.6003150032135,935.386021244443,5044.623563194878,71.02551346660493,5
832,885588,2019-10-21 15:20:00,776.118450927735,798.7096560805778,702.0940908478616,887.3997194804394,510.36255025783123,22.591205152842804,5
833,885847,2019-10-23 10:30:00,73.5845418572427,53.690507211795136,-46.97487873156868,179.20018798906943,395.77261447426787,19.89403464544756,5
834,886040,2019-10-24 18:40:00,290.159032440186,267.44032459362535,174.2278798081683,377.67251453911774,516.1396862173776,22.718707846560676,5
835,886183,2019-10-25 18:30:00,2032.99438476563,2045.3174799919807,1953.539439211893,2142.993102708405,151.8586759577071,12.323095226350688,5
836,886194,2019-10-25 20:20:00,2061.8089050293,2060.730662308657,1963.360899022745,2154.7131429746164,1.1626073646199955,1.0782427206431748,5
837,886322,2019-10-26 17:40:00,114.339913749695,129.27160142261906,35.1675369025557,240.39060177958223,222.9552967617522,14.931687672924056,5
838,886440,2019-10-27 13:20:00,208.462281847,193.33117439772175,87.43320329632455,285.1891657062276,228.9504126416041,15.131107449278261,5
839,886457,2019-10-27 16:10:00,291.570778274536,234.98120332816544,162.50264002300736,319.84517599817116,3202.379992610891,56.58957494637056,5
840,886578,2019-10-28 12:20:00,195.789742279053,171.37238672159808,68.32440842122425,281.72953768482046,596.2072524191749,24.417355557454925,5
841,886580,2019-10-28 12:40:00,212.274867630005,231.2280202677447,139.4563127307861,315.31540114603496,359.2219949094601,18.95315263773972,5
842,886609,2019-10-28 17:30:00,339.469718085395,354.85648122625423,266.0090001434696,454.81522470658246,236.75247995290377,15.386763140859216,5
843,886667,2019-10-29 03:10:00,246.156912231445,281.10485093398756,204.73154034580685,371.40175062493734,1221.358419556672,34.94793870254256,5
844,886732,2019-10-29 14:00:00,921.027770996095,929.4242380411242,825.5393424211225,1036.1976234585331,70.50065883826183,8.396467045029226,5
845,886976,2019-10-31 06:40:00,750.372256469727,746.7222930068891,655.7162218415581,846.4394896282539,13.322233280051135,3.6499634628378317,5
846,887105,2019-11-01 04:10:00,390.722103881836,444.0732359704765,356.9533277540044,547.5259819111599,2846.3432951395657,53.3511320886405,5
847,887161,2019-11-01 13:30:00,649.048942565918,666.8020505322297,568.3065634586833,787.1696336057147,315.17284246352153,17.753107966311745,5
848,887217,2019-11-01 22:50:00,960.463369750977,898.0553232308442,804.5782189252863,996.757345425811,3894.7642704590544,62.40804652013276,5
849,887220,2019-11-01 23:20:00,1705.39300994873,1823.9445190000968,1728.2204307194972,1910.7737729161654,14054.460298356302,118.55150905136679,5
850,887252,2019-11-02 04:40:00,1489.67953796387,1542.8001217188619,1461.081382840702,1640.6345548255638,2821.796418471111,53.12058375499191,5
851,887373,2019-11-03 00:50:00,572.880635070801,588.1968106883602,479.73030258246393,671.4696401630385,234.5852355479157,15.316175617559225,5
852,887409,2019-11-03 06:50:00,154.598942184448,139.99869433433958,37.659595981844895,235.68640412303506,213.16723728459544,14.600247850108417,5
853,887468,2019-11-03 16:40:00,395.21496887207,416.7032565116097,327.1890649238688,518.5024668717057,461.7465056795943,21.488287639539692,5
854,887472,2019-11-03 17:20:00,336.466394424439,412.9647935922529,314.7679118102008,512.7869442586788,5852.0050752381885,76.49839916781389,5
855,887758,2019-11-06 02:50:00,646.562145996094,662.3729436372763,573.4835627489113,750.1639404419412,249.98132205041458,15.810797641182262,5
856,887874,2019-11-06 22:10:00,387.038027954102,390.23628744490725,303.65199268042284,483.6309258501747,10.228863770525805,3.198259490805242,5
857,887927,2019-11-07 07:00:00,90.5433853149414,94.29694969385876,-6.751614159321589,192.22601257706347,14.08924554667727,3.7535643789173605,5
858,887969,2019-11-07 14:00:00,355.090605926514,337.80235380427604,252.3635605715428,445.0863851097005,298.88366144206543,17.288252122237964,5
859,888034,2019-11-08 00:50:00,60.5209037303924,51.69430943461849,-58.165363044976,128.8780884755678,77.9087668621885,8.826594295773909,5
860,888182,2019-11-09 01:30:00,451.909344482422,505.22969524997666,406.90653811740174,589.6600068447941,2843.0598059750664,53.32035076755466,5
861,888216,2019-11-09 07:10:00,-1.40097103118896,-12.878781279025945,-112.14313088723463,77.0112879888937,131.7401280853517,11.477810247836985,5
862,888311,2019-11-09 23:00:00,1393.70325927735,1378.261440102264,1295.7090513759645,1484.851421113136,238.44977943605488,15.441819175086039,5
863,888575,2019-11-11 19:00:00,1420.32339782715,1420.859686573006,1319.5101525445916,1521.1216723701873,0.2876056189317232,0.5362887458559271,5
864,888690,2019-11-12 14:10:00,1347.92446899414,1299.5435993064548,1204.1695208001042,1408.2577989664858,2340.708551736773,48.38086968768516,5
865,888771,2019-11-13 03:40:00,491.440487670899,583.6548084605232,479.9621335702556,686.0011807679701,8503.480958691718,92.2143207896242,5
866,888806,2019-11-13 09:30:00,406.57052291067,385.32632843668586,281.74526257758356,474.2220456642394,451.3157988484576,21.244194473984123,5
867,888936,2019-11-14 07:10:00,1981.13112792969,1956.4555039554314,1836.6817326263697,2060.804746231871,608.886418519003,24.675623974258542,5
868,889031,2019-11-14 23:00:00,339.060548400879,321.61064376998894,220.38771881203928,417.92217806463503,304.49917162715786,17.449904630890046,5
869,889050,2019-11-15 02:10:00,299.907743835449,351.04760886783623,233.61949787830747,453.1154631296918,2615.2857955307795,51.139865032387206,5
870,889115,2019-11-15 13:00:00,1116.91299438477,1070.9567258694615,976.4205924046364,1169.3566822089813,2111.978615851132,45.956268515308466,5
871,889286,2019-11-16 17:30:00,168.495765686035,171.31348489831439,80.8105746980138,267.741892765646,7.939541559248281,2.8177192122793713,5
872,889308,2019-11-16 21:10:00,41.3120128631592,38.82325603345322,-57.559084180055656,137.4028224505284,6.193910557408146,2.4887568297059772,5
873,889352,2019-11-17 04:30:00,5.0399845302105,29.67553002860314,-73.04432168073303,118.36411050990262,606.9101020033739,24.63554549839264,5
874,889439,2019-11-17 19:00:00,943.897695922852,939.4076364941786,851.6044831098606,1039.9308728619437,20.16063367301856,4.490059428673362,5
875,889444,2019-11-17 19:50:00,1636.27266845703,1575.6810372154757,1481.1930191545212,1675.7819132924483,3671.3457765124986,60.591631241554296,5
876,889484,2019-11-18 02:30:00,1144.92459716797,1075.66105933914,979.13401449196,1161.6317972543163,4797.437672565774,69.26353782883007,5
877,889689,2019-11-19 12:40:00,137.230735015869,136.69993660424953,45.60842392375319,246.00804161108658,0.28174695377773906,0.5307984116194575,5
878,889773,2019-11-20 02:40:00,569.602578735352,590.1185401200771,498.63950131360383,671.970777116331,420.9046715395304,20.515961384725074,5
879,889922,2019-11-21 03:40:00,343.025274658203,370.22694157642377,264.69908139760184,477.07151932772257,739.9306831298268,27.20166691822078,5
880,889936,2019-11-21 06:00:00,562.418555008738,555.1672592781508,440.0245577873618,671.1599994532376,52.5812897724326,7.2512957305872305,5
881,889985,2019-11-21 14:10:00,376.274550628662,352.84001379879413,266.48052568851415,443.38022513063936,549.1775164304328,23.434536829867852,5
882,890036,2019-11-21 22:40:00,930.391293334962,941.2662037448789,854.8460883640618,1028.1868234803214,118.2636764237185,10.874910409916879,5
883,890067,2019-11-22 03:50:00,385.789086151123,333.63176510293266,230.68537656280543,432.76962125796024,2720.386138923999,52.15732104819034,5
884,890294,2019-11-23 17:40:00,801.918530273438,858.1244919404658,778.2763037405177,958.4815445905589,3159.1101269153914,56.205961667027736,5
885,890357,2019-11-24 04:10:00,-1.48793151378632,-12.988202411623718,-105.37632515841267,72.97525297535788,132.25623072364579,11.500270897837398,5
886,890358,2019-11-24 04:20:00,-0.855846345424652,-7.217696250112746,-92.77893106495303,82.29825525910375,40.47313420977991,6.361849904688094,5
887,890444,2019-11-24 18:40:00,284.233628082275,274.03229920829864,198.66365540592952,356.87925732404716,104.0671107950239,10.201328873976365,5
888,890512,2019-11-25 06:00:00,750.921276855469,783.0482046654458,691.1032198767399,883.5526175883462,1032.13949050746,32.12692780997679,5
889,890735,2019-11-26 19:10:00,475.424824523926,405.6902185665295,324.8202340723266,493.2300659524871,4862.915268033363,69.73460595739652,5
890,891172,2019-11-29 20:00:00,27.7478135559294,60.93181394070474,-32.42850500667461,156.8706250793642,1101.1778815367702,33.184000384775345,5
891,891264,2019-11-30 11:20:00,141.064744949341,136.3755527624273,43.02262952852371,229.19233466533282,21.988523365812362,4.6891921869136866,5
892,891335,2019-11-30 23:10:00,317.48985824585,302.74275427956593,207.46156019639815,396.2197227992346,217.4770753923906,14.747103966284044,5
893,891336,2019-11-30 23:20:00,359.637396240234,349.5182018298274,254.84736866116688,440.6734291908388,102.3980955156049,10.119194410406635,5
894,891353,2019-12-01 02:10:00,351.714978027344,304.0178003510823,214.8528802908649,384.9074502596483,2275.020758280875,47.697177676261674,5
895,891433,2019-12-01 15:30:00,561.233039855957,547.0942128264273,456.60409163035825,634.627378007534,199.90642977095945,14.138827029529693,5
896,891577,2019-12-02 15:30:00,329.576533508301,413.14966326037353,312.09996836366514,500.56889284459737,6984.468016556751,83.57312975207253,5
897,891578,2019-12-02 15:40:00,294.666334533691,352.6481908805808,269.3866200827125,440.4404479624493,3361.8956654313647,57.9818563468898,5
898,891599,2019-12-02 19:10:00,572.043525695801,603.6180224666837,513.3910133249937,682.3281006556731,996.9488463344795,31.57449677088266,5
899,891626,2019-12-02 23:40:00,225.120796203613,194.83748545649584,91.3578390454507,284.4850026535603,917.0789098064614,30.283310747117156,5
900,891628,2019-12-03 00:00:00,162.40597114563,177.49402037941834,71.11945074005028,277.6105571468419,227.64922968122133,15.088049233788354,5
901,891702,2019-12-03 12:20:00,240.379291152954,244.35287657276166,141.4787219917375,337.0038150167333,15.789381088507923,3.973585419807648,5
902,891763,2019-12-03 22:30:00,230.109925213982,230.59009006551835,157.4843346019525,331.2811807236311,0.23055828465093284,0.48016485153635813,5
903,891773,2019-12-04 00:10:00,1124.15465393066,1206.1976630737936,1112.5110219068513,1301.224759516985,6731.055349260292,82.04300914313353,5
904,891810,2019-12-04 06:20:00,1041.71517333985,1009.9858977961412,911.3801585611034,1106.6322421719344,1006.7469265285979,31.72927554370881,5
905,891961,2019-12-05 07:30:00,604.992011575138,649.772314921317,559.8865546147485,738.9145983978646,2005.2755677758137,44.78030334617904,5
906,892053,2019-12-05 22:50:00,1845.41623535156,1838.7182652287158,1744.384961705083,1927.8229957286821,44.86280376651427,6.697970122844254,5
907,892082,2019-12-06 03:40:00,1988.00893554688,1977.3280885310571,1887.6867919743158,2065.282652693967,114.08049297541064,10.680847015822792,5
908,892087,2019-12-06 04:30:00,1963.65096435547,1944.7666346379694,1842.0152956637908,2039.490873720807,356.61790887927543,18.884329717500577,5
909,892127,2019-12-06 11:10:00,1809.8364440918,1763.455768029928,1658.5276589798953,1854.0144396244657,2151.167111956307,46.38067606187201,5
910,892165,2019-12-06 17:30:00,776.940561394943,794.9072791619385,708.5244392640371,892.4649972528696,322.80294731887335,17.966717766995544,5
911,892264,2019-12-07 10:00:00,430.897184753418,453.22010246985843,377.84584668054595,539.591052452884,498.31265537497,22.32291771644043,5
912,892362,2019-12-08 02:20:00,2054.21085397821,2030.3666485790843,1928.8589555928954,2131.9335879036553,568.546131115685,23.844205399125485,5
913,892408,2019-12-08 10:00:00,2043.1762878418,2051.8793312163016,1954.180756650638,2154.795630098199,75.74296397845404,8.703043374501476,5
914,892411,2019-12-08 10:30:00,2034.22075452303,2026.4381987164197,1933.908065696976,2123.210992607392,60.56817488300509,7.7825558066103895,5
915,892427,2019-12-08 13:10:00,1728.01272583008,1721.1027280488152,1641.7968909578067,1819.954482355357,47.74806933708435,6.909997781264792,5
916,892432,2019-12-08 14:00:00,2018.6050704153,2034.9983636044801,1959.24187466133,2131.7956451939567,268.74006158642237,16.393293189180213,5
917,892475,2019-12-08 21:10:00,1897.9921875,1838.0658848177277,1736.996522109386,1923.7247457630021,3591.1617531673173,59.92630268227231,5
918,892502,2019-12-09 01:40:00,1448.23999023438,1389.513754681253,1288.4477368453743,1486.5410255206282,3448.770742241361,58.726235553127026,5
919,892662,2019-12-10 04:20:00,1696.58444695724,1697.66898076339,1597.6388621504143,1790.1125612888052,1.1762135766820334,1.0845338061499206,5
920,892803,2019-12-11 03:50:00,507.350001284951,478.28794442727366,373.810639505007,580.6440100780898,844.6031487988718,29.062056857677362,5
921,892937,2019-12-12 02:10:00,774.721644351357,776.7104180300715,703.0332318878206,857.1271068528986,3.9552207451478094,1.9887736787145514,5
922,893026,2019-12-12 17:00:00,401.143659210205,384.40765767732915,276.5679703230023,479.26873402801664,280.0937473084222,16.736001532875832,5
923,893028,2019-12-12 17:20:00,504.296997070313,513.7417269457196,417.2750685395019,588.9560925076185,89.20292241939812,9.444729875406608,5
924,893373,2019-12-15 02:50:00,2028.29659423828,2014.1432978497992,1895.1089280637325,2117.5197307745293,200.31579866018478,14.15329638848084,5
925,893450,2019-12-15 15:40:00,931.912939453126,942.9440115771959,853.3241137496559,1032.9442285829352,121.68455220643094,11.031072124069851,5
926,893512,2019-12-16 02:00:00,1320.43792114258,1368.672145299741,1279.0874228405205,1476.0215963826456,2326.540380043249,48.23422415716095,5
927,893522,2019-12-16 03:40:00,1168.34990844727,1221.8737592162267,1118.9563803630908,1309.7199522514388,2864.8026011375428,53.52385076895666,5
928,893690,2019-12-17 07:40:00,-1.16142953336239,-12.111425782135502,-115.50575116666523,88.04105124276096,119.9024178481452,10.949996248773111,5
929,893812,2019-12-18 04:00:00,73.7514492034912,76.36336858906752,-13.537727130885719,168.62176434024158,6.822122876749352,2.6119193855763143,5
930,893833,2019-12-18 07:30:00,250.581549835205,266.9060337926241,185.78398996223478,360.97972851008325,266.48877647603325,16.32448395741909,5
931,893940,2019-12-19 01:20:00,1664.08152160645,1630.6732307914056,1531.7483174816728,1718.9812143230045,1116.1138951825826,33.40829081504444,5
932,894030,2019-12-19 16:20:00,2026.82618408203,1968.3585301687995,1854.0279373379774,2075.8256665178287,3418.4665541173104,58.467653913230606,5
933,894076,2019-12-20 00:00:00,1027.40581970215,1033.6240067695753,926.6494368781549,1133.1185131794741,38.66585040549567,6.218187067425333,5
934,894170,2019-12-20 15:40:00,366.341741943359,418.0156910856608,325.74490611431463,508.85924075374805,2670.1970199611937,51.67394914230181,5
935,894361,2019-12-21 23:30:00,289.595586395264,358.4601202704526,273.42047638442136,463.6339337907448,4742.324025847,68.86453387518861,5
936,894373,2019-12-22 01:30:00,111.764638137817,100.66654600802843,-12.857934181174063,213.64748587928293,123.16764892127496,11.098092129788569,5
937,894403,2019-12-22 06:30:00,164.80532875061,218.8335735704923,143.51764939843397,304.3220706400296,2919.051238317139,54.0282448198823,5
938,894456,2019-12-22 15:20:00,259.021517181397,244.01833908116257,146.0623231255712,338.7324697077158,225.09535310735333,15.003178100234408,5
939,894581,2019-12-23 12:10:00,1200.30003967285,1182.0288988356776,1093.7491398762966,1282.642822148555,333.8345874917899,18.271140837172425,5
940,894583,2019-12-23 12:30:00,1228.18191046464,1128.3196044812767,1044.8101067060722,1207.5877917356895,9972.480156314874,99.86230598336329,5
941,894600,2019-12-23 15:20:00,418.685678100586,493.87462406014714,398.593903793395,582.0836643177388,5653.377594509803,75.18894595956112,5
942,894610,2019-12-23 17:00:00,1078.38227233887,904.0430110325381,821.8213596306241,982.4601666251494,30394.178032837506,174.339261306332,5
943,894659,2019-12-24 01:10:00,138.190567398071,177.3449295085873,81.58597076312135,265.58638108967807,1533.0640722814346,39.1543621105163,5
944,894790,2019-12-24 23:00:00,1079.13508148193,1129.6107747025364,1043.5215393969297,1217.5709550047306,2547.7956061007753,50.475693220606445,5
945,894914,2019-12-25 19:40:00,-1.33641753196716,-2.8286580684150016,-91.78692266964362,89.84193384905687,2.2267818186181416,1.4922405364478415,5
946,894949,2019-12-26 01:30:00,519.366137695313,431.18193530143617,325.8263026916459,530.4547497197548,7776.453551844233,88.18420239387683,5
947,895066,2019-12-26 21:00:00,275.862462615967,288.5091519521191,197.35965966063637,374.50106752253475,159.9387511651438,12.646689336152122,5
948,895268,2019-12-28 06:40:00,79.8411434650422,100.68740832070706,-8.85508331937813,203.11603396194226,434.5667584325283,20.84626485566487,5
949,895279,2019-12-28 08:30:00,414.052961730957,428.548171469551,320.2888304092154,535.4281121427584,210.1111053658299,14.495209738593985,5
950,895314,2019-12-28 14:20:00,554.16531829834,648.0011668256182,547.2558792859038,729.254684949867,8805.166468834286,93.83584852727813,5
951,895476,2019-12-29 17:20:00,1309.25344543457,1367.4033954502154,1267.0993686292732,1470.3609200762317,3381.4166868220523,58.149950015645345,5
952,895492,2019-12-29 20:00:00,674.644662475586,638.1293875257952,552.6757709390382,722.5992971229998,1333.3653046588158,36.51527494979075,5
953,895499,2019-12-29 21:10:00,612.04891204834,613.3369858753526,524.9365722801931,708.2866730756025,1.6591341838350946,1.2880738270126812,5
954,895529,2019-12-30 02:10:00,862.575427246094,797.2847274710203,684.5327371902074,889.1410443854735,4262.875477118806,65.29069977507368,5
955,895576,2019-12-30 10:00:00,1969.60983758224,1766.9651121626794,1666.843250340549,1847.958584304574,41064.88474036915,202.6447254195607,5
956,895667,2019-12-31 01:10:00,173.663049316406,152.7060998602261,66.81188154751376,268.7204742245785,439.19373050887896,20.9569494561799,5
957,895680,2019-12-31 03:20:00,344.145671081543,353.46250560627135,250.0587918202098,447.8707403554416,86.80340556116987,9.316834524728336,5
958,895724,2019-12-31 10:40:00,703.064936828613,623.6651918671531,525.1739126656354,718.1860889179352,6304.319499944872,79.39974496145987,5
959,895729,2019-12-31 11:30:00,1047.08571472168,975.8131067666114,884.9973069026546,1083.6516490427166,5079.784644716903,71.27260795506857,5
960,895874,2020-01-01 11:40:00,-0.810920023918152,-3.7951752967657604,-90.0211366864646,104.00778050966956,8.905779533518755,2.9842552728476086,5
961,895876,2020-01-01 12:00:00,-1.11922687605808,-26.277061611975988,-131.455769471271,52.05162160302927,632.9166485997578,25.15783473591791,5
962,896037,2020-01-02 14:50:00,1997.53727416992,2017.0686437818233,1922.6950857628385,2123.379266527581,381.4743989167797,19.5313696119033,5
963,896050,2020-01-02 17:00:00,2010.56938476563,2028.194237573515,1941.5404475662328,2127.097902034697,310.6354364996105,17.624852807884963,5
964,896113,2020-01-03 03:30:00,331.870665740967,312.202547946805,214.25830845180045,411.4001763886682,386.8348575650325,19.668117794162015,5
965,896208,2020-01-03 19:20:00,548.435168457031,511.7656507000016,420.32082253262763,630.8392153896472,1344.653532533093,36.66951775702938,5
966,896283,2020-01-04 07:50:00,667.346441650391,640.625944761729,539.0684278942335,742.2419040262963,713.9849539769932,26.720496888661955,5
967,896286,2020-01-04 08:20:00,481.599421691895,505.61477443036983,397.39525450578986,595.987914066739,576.737167153372,24.01535273847486,5
968,896338,2020-01-04 17:00:00,288.95966873169,260.6234290918569,170.6580641804335,355.479058253893,802.9424769260477,28.33623963983308,5
969,896339,2020-01-04 17:10:00,237.40965423584,248.9260501581091,158.487455806844,331.3014851448087,132.62737503845597,11.516395922269083,5
970,896390,2020-01-05 01:40:00,166.292326354981,183.44383402761503,97.07495417232558,275.4559368540369,294.1742154444243,17.15150767263404,5
971,896494,2020-01-05 19:00:00,698.851596069336,784.4429389371019,696.6823781536872,878.9064793791439,7325.877973907459,85.59134286776589,5
972,896521,2020-01-05 23:30:00,646.988410949707,542.507457366796,453.52780291600385,620.9142569217679,10916.269661594417,104.48095358291107,5
973,896625,2020-01-06 16:50:00,1486.1822265625,1430.6935863518477,1340.0781120106606,1549.726709970372,3078.989192427233,55.48864021065242,5
974,896678,2020-01-07 01:40:00,794.137475585938,727.562891163722,641.6317698598643,804.0481724752718,4432.175290990756,66.57458442221593,5
975,896768,2020-01-07 16:40:00,1996.96320800781,2034.8492841336085,1945.3482100988113,2133.420817262863,1435.3547642098054,37.88607612579858,5
976,896995,2020-01-09 07:10:00,2034.15098266602,2019.5708675780102,1909.746065544161,2126.69645618243,212.5797559796091,14.580115088009734,5
977,897130,2020-01-10 05:40:00,208.312327766418,217.34662353501486,110.35915689212224,317.4459044246066,81.61850003448693,9.034295768596849,5
978,897148,2020-01-10 08:40:00,85.4076028823852,143.11321301785193,38.272347910100954,242.66514103803866,3329.9374411064805,57.70561013546673,5
979,897487,2020-01-12 17:10:00,56.8775828010158,62.79993887538456,-38.17622987232239,178.4619523810004,35.0743014716126,5.922356074368764,5
980,897521,2020-01-12 22:50:00,948.763513183594,861.647647561109,763.8092279652735,950.6725508734194,7589.174043154862,87.11586562248499,5
981,897598,2020-01-13 11:40:00,1368.53433532715,1508.0303174558364,1412.0435176601009,1620.6956247589842,19459.129030046784,139.49598212868636,5
982,897655,2020-01-13 21:10:00,1795.22137451172,1719.618828731064,1620.766838187809,1816.7410200414258,5715.744928516167,75.60254578065587,5
983,897664,2020-01-13 22:40:00,1830.62133178711,1833.7476405073162,1736.8481478438068,1921.2020154033116,9.773806214037485,3.126308720206225,5
984,897788,2020-01-14 19:20:00,2045.48009643555,2054.861644409696,1965.1087527812042,2144.1729341273694,88.01344239120456,9.381547974146088,5
985,897794,2020-01-14 20:20:00,2014.0309387207,1997.9278081906575,1905.6804229685547,2106.6750919909155,259.3108128675889,16.103130530042563,5
986,897880,2020-01-15 10:40:00,1343.02290649414,1461.0577383241348,1370.3835876159023,1556.6462109148467,13932.221525135154,118.0348318299948,5
987,897931,2020-01-15 19:10:00,1677.2512512207,1610.2392215931752,1517.0887392563932,1709.9493593457146,4490.612114800251,67.01202962752473,5
988,898001,2020-01-16 06:50:00,1740.15751342774,1693.7554041156764,1600.779914624259,1788.6116341768934,2153.155748608705,46.40210931206366,5
989,898002,2020-01-16 07:00:00,1700.3287109375,1628.3164043998083,1538.9323187179873,1726.4017939605055,5185.772292878483,72.01230653769176,5
990,898003,2020-01-16 07:10:00,1484.38421020508,1574.1581751553415,1489.765634261539,1673.7982453441646,8059.364782890765,89.77396495026142,5
991,898037,2020-01-16 12:50:00,2034.42315673828,2048.940400028964,1928.211408505255,2151.3714383091633,210.75035276091148,14.517243290684064,5
992,898058,2020-01-16 16:20:00,1913.42680053711,1966.9213782901556,1876.922605191389,2050.7618075052883,2861.6698489766445,53.49457775304563,5
993,898121,2020-01-17 02:50:00,172.581939697266,220.7050647816829,133.63682957919295,310.52546083521827,2315.835167890435,48.1231250844169,5
994,898223,2020-01-17 19:50:00,555.090995788574,475.69600039506196,389.57460184540435,575.254739687095,6303.565293535797,79.39499539351203,5
995,898272,2020-01-18 04:00:00,929.375946044922,893.0768786093008,798.7426390807345,1000.9761192998557,1317.6222966957732,36.29906743562117,5
996,898309,2020-01-18 10:10:00,323.32879486084,302.0789549845249,202.6046292847768,388.39004169635075,451.55569476903105,21.249839876315093,5
997,898322,2020-01-18 12:20:00,465.875632476807,449.98160997181975,359.94647481523435,531.8797975261858,252.61995138904203,15.894022504987277,5
998,898555,2020-01-20 03:10:00,417.790756225586,572.7012482435811,466.5917449984812,669.0064973226479,23997.260537257313,154.91049201799507,5
999,898629,2020-01-20 15:30:00,60.9568100690842,75.0733146266665,-18.807618149512976,161.24386509132154,199.27570092424193,14.116504557582303,5
0,51,2017-09-25 08:30:00,108.8921127319336,126.12564801373631,37.418173259569436,198.99505800635492,296.994738309139,17.233535281802716,1
1,204,2017-09-26 10:00:00,114.53791809082033,120.44629233849533,24.531518593501744,214.72719512956937,34.90888625058911,5.908374247674999,1
2,221,2017-09-26 12:50:00,-1.2958714962005615,9.823176545815004,-100.43159946027656,137.58956844663643,123.63322936065018,11.119048042015566,1
3,324,2017-09-27 06:00:00,286.2929992675781,356.62350197441503,253.41183314523113,458.6349929796463,4946.379610996394,70.33050270683691,1
4,397,2017-09-27 18:10:00,457.75634765625,442.8884512224488,324.9042090047367,543.91874631749,221.05434436623864,14.867896433801207,1
5,418,2017-09-27 21:40:00,777.712646484375,752.8009814566569,652.5020754774902,845.7095345229533,620.5910544532317,24.911665027718072,1
6,599,2017-09-29 03:50:00,443.54248046875,500.9108505000075,407.468918505382,613.8857821241983,3291.129880043282,57.368370031257484,1
7,643,2017-09-29 11:10:00,391.2396545410156,404.47224882988087,313.51624145791686,510.15067173941475,175.10155161370906,13.232594288865243,1
8,691,2017-09-29 19:10:00,494.5733337402344,541.3212582599601,429.6756923536771,631.6153718386581,2185.3684469019768,46.74792451972576,1
9,737,2017-09-30 02:50:00,449.2438049316406,509.3029821817604,410.549314915363,596.8985538611252,3607.104771961305,60.059177250119774,1
10,760,2017-09-30 06:40:00,521.154541015625,519.8372711151225,418.20078522187765,630.1981803200705,1.735199990769966,1.317269900502538,1
11,792,2017-09-30 12:00:00,372.8698425292969,393.6061408273532,294.3334352504131,489.0345391187645,429.9940671059743,20.73629829805634,1
12,839,2017-09-30 19:50:00,506.2897644042969,604.9355630945503,515.506545680491,706.6580811180401,9730.993599238,98.6457986902534,1
13,863,2017-09-30 23:50:00,986.4208374023438,1004.6564702120316,897.7908090133055,1111.623874600743,332.5383039697658,18.2356328096879,1
14,907,2017-10-01 07:10:00,387.2882690429688,374.64143107649977,252.8764360871134,478.1334860760549,159.94251055012265,12.646837966469036,1
15,920,2017-10-01 09:20:00,679.5152587890625,684.2646300766468,591.6511083809249,799.8453190563816,22.556527627329842,4.7493712875842675,1
16,957,2017-10-01 15:30:00,1348.5545654296875,1590.595752885288,1473.6935393929327,1700.7105108039661,58583.936424917134,242.0411874556005,1
17,978,2017-10-01 19:00:00,1925.7850341796875,1881.5635635268723,1771.5146289195795,1986.1191996635603,1955.5384666977998,44.22147065281524,1
18,1024,2017-10-02 02:40:00,1501.146728515625,1502.3771859436533,1398.832728254749,1605.0599779697338,1.514025482190094,1.2304574280283305,1
19,1037,2017-10-02 04:50:00,1435.6746826171875,1520.958207096773,1426.0668540076895,1617.7113938973505,7273.279547660075,85.2835244795856,1
20,1039,2017-10-02 05:10:00,1214.6702880859375,1294.6042989210566,1194.5585520316536,1402.5957017691794,6389.446088188942,79.93401083511912,1
21,1045,2017-10-02 06:10:00,1689.7076416015625,1614.2092615295921,1493.1611547347675,1735.069776205761,5700.005393491691,75.49838007197036,1
22,1107,2017-10-02 16:50:00,955.0506591796876,945.7919282569284,838.3573102425713,1038.2618681450715,85.72409830005819,9.258730922759241,1
23,1124,2017-10-02 19:40:00,1113.030029296875,1253.2037026343341,1159.8614092971761,1359.3404254050683,19648.658696916707,140.17367333745915,1
24,1188,2017-10-03 06:20:00,1183.8404541015625,1261.0037382247806,1171.1543753645847,1370.9604851076217,5954.172416680481,77.16328412321809,1
25,1207,2017-10-03 09:30:00,1388.61865234375,1329.9361584881128,1229.1484495308525,1428.8774955765682,3443.635085116895,58.682493855637176,1
26,1212,2017-10-03 10:20:00,1023.0148315429688,1064.5602734481395,941.370464338566,1170.657865565273,1726.0237430959153,41.54544190517072,1
27,1386,2017-10-04 15:20:00,1729.958984375,1832.386923012558,1720.9348331542183,1924.003168955509,10491.482613539367,102.4279386375581,1
28,1405,2017-10-04 18:30:00,676.4351806640625,780.9603491285278,689.0163694309824,869.1612440070497,10925.510842524853,104.52516846446531,1
29,1423,2017-10-04 21:30:00,1772.0361328125,1837.863810261444,1733.1263263915525,1931.914464103063,4333.2831183222215,65.82767744894409,1
30,1502,2017-10-05 10:40:00,1037.5888671875,980.5514821355019,894.1835048344309,1091.0101165403032,3253.2632935698916,57.03738505199806,1
31,1509,2017-10-05 11:50:00,1980.6829833984373,1988.1984778007763,1877.4498560467484,2096.3466078421707,56.48265611158993,7.515494402339073,1
32,1726,2017-10-07 00:00:00,1264.118408203125,1380.198147444586,1285.0709259534633,1475.698961429157,13474.5058623656,116.07973924146108,1
33,1744,2017-10-07 03:00:00,1583.084228515625,1600.423898218265,1487.8896275227949,1717.5196030839868,300.6641453966548,17.339669702640094,1
34,1749,2017-10-07 03:50:00,1316.9625244140625,1379.1234105333901,1287.2429031400493,1468.88490783934,3863.97576314002,62.16088611932764,1
35,1778,2017-10-07 08:40:00,1640.259765625,1674.6605634446823,1573.6938393479131,1778.8710414033021,1183.4148906306611,34.40079781968234,1
36,1784,2017-10-07 09:40:00,1720.86279296875,1776.7062706818901,1701.1682902150308,1892.617177708924,3118.49400309798,55.843477713140146,1
37,1789,2017-10-07 10:30:00,1536.015869140625,1649.0246831023921,1550.1006074600589,1766.3536086633126,12770.992033045297,113.00881396176715,1
38,1810,2017-10-07 14:00:00,608.501953125,619.8127577417905,520.9961583144994,718.1204618184114,127.93430107920942,11.310804616790506,1
39,1888,2017-10-08 03:00:00,311.7020874023437,391.95606022391325,294.4954209017532,481.3745734924255,6440.700153645226,80.25397282156956,1
40,1903,2017-10-08 05:30:00,332.64697265625,306.3984057571336,205.6595562610307,393.4639246381368,688.9872642573882,26.248566899116383,1
41,1983,2017-10-08 18:50:00,156.09275817871094,184.76699111334693,70.65334636744994,296.2538597431674,822.2116343897636,28.674232934635995,1
42,2250,2017-10-10 15:20:00,1048.5289306640625,1177.5885135425951,1065.7515542016904,1278.0545717230373,16656.375932780833,129.05958287853264,1
43,2284,2017-10-10 21:00:00,695.992919921875,723.7686187017822,626.6103406386303,819.4434232169002,771.4894427121384,27.775698779907202,1
44,2350,2017-10-11 08:00:00,1731.212890625,1775.1282167537818,1680.7484298968957,1885.5403294985908,1928.555868997263,43.91532612878177,1
45,2570,2017-10-12 20:40:00,1042.4130859375,1263.9201746219178,1172.3956492782884,1350.2450082172968,49065.39033744653,221.5070886844178,1
46,2601,2017-10-13 01:50:00,1240.076904296875,1361.9156469326535,1268.0613130941026,1456.208375269203,14844.67920706748,121.83874263577854,1
47,2729,2017-10-13 23:10:00,1164.1622314453125,1320.7489961991218,1220.0094071809747,1436.254124362672,24519.41489606483,156.58676475380935,1
48,2779,2017-10-14 07:30:00,656.2228393554688,650.3695725064314,559.4020714892898,733.7297292219846,34.26073280603984,5.853266849037368,1
49,2812,2017-10-14 13:00:00,1048.67138671875,1103.3805287841685,1011.5703627311598,1209.030244895375,2993.090225534146,54.70914206541852,1
50,2825,2017-10-14 15:10:00,1032.60888671875,1133.0730681805137,1024.6413341212678,1235.1394110489725,10093.051756782184,100.4641814617637,1
51,2918,2017-10-15 06:40:00,386.1423034667969,484.02413231943046,380.5025167740988,599.5935568939734,9580.852419536253,97.88182885263359,1
52,2927,2017-10-15 08:10:00,519.9754028320312,563.0399147053812,452.60424002192104,665.9944074495629,1854.5521828898982,43.06451187334994,1
53,2989,2017-10-15 18:30:00,359.43463134765625,373.4637300239597,260.6208007812693,463.0750861929161,196.81560966945997,14.029098676303477,1
54,3051,2017-10-16 04:50:00,99.42608642578124,102.6866881347888,-3.0835711569658795,211.00070026898953,10.631523504783019,3.2606017090075596,1
55,3073,2017-10-16 08:30:00,1013.1380615234376,1105.46077497416,992.3424501233114,1207.4355411470362,8523.483418904178,92.32271345072229,1
56,3178,2017-10-17 02:00:00,2004.13232421875,1946.3301126730837,1834.7137014953892,2038.688238512849,3341.095659569958,57.802211545666296,1
57,3201,2017-10-17 05:50:00,1060.2703857421875,1305.8420069110116,1197.0115023097223,1394.1217447113236,60305.421123484455,245.5716211688241,1
58,3252,2017-10-17 14:20:00,578.2638549804688,626.6751042498287,518.9458898898746,736.4619276881346,2343.649055820102,48.41124926935993,1
59,3361,2017-10-18 08:30:00,174.24032592773438,174.87738154875535,69.54498772086113,282.7635046897081,0.4058398642744227,0.637055621020977,1
60,3400,2017-10-18 15:00:00,132.771484375,103.75674558085642,-29.18072405949775,204.13254404565595,841.8550672923806,29.014738794143582,1
61,3471,2017-10-19 02:50:00,152.37452697753906,159.44783643135403,46.19466821074917,270.4986534879617,50.03170662942825,7.0733094538149714,1
62,3545,2017-10-19 15:10:00,626.9215698242188,694.6447277009496,594.7613576478124,782.311986489512,4586.426112796612,67.72315787673085,1
63,3610,2017-10-20 02:00:00,1130.186767578125,1254.070393150172,1172.4601495505221,1378.24278568583,15347.15268487516,123.8836255720471,1
64,3739,2017-10-20 23:30:00,1713.2989501953125,1749.5061070936479,1638.4493234471788,1835.8092927810042,1310.9582106606745,36.20715689833537,1
65,3754,2017-10-21 02:00:00,1137.4124755859375,1261.0084716990912,1129.4280319031534,1368.1320601130667,15275.970255202694,123.59599611315366,1
66,3774,2017-10-21 05:20:00,1812.2939453125,1850.9591601774516,1752.7147365866363,1967.417641044999,1494.998840552876,38.66521486495162,1
67,3948,2017-10-22 10:20:00,1995.9073486328125,1983.9989018032759,1863.8227366512872,2117.2358064560417,141.81110589190067,11.908446829536615,1
68,3975,2017-10-22 14:50:00,1589.2550048828125,1735.7460510898834,1638.4533296359925,1841.872295477946,21459.62661884218,146.4910462070709,1
69,4057,2017-10-23 04:30:00,341.054931640625,334.0944869032859,236.24951765723142,452.0646016121252,48.44779094155181,6.960444737339117,1
70,4157,2017-10-23 21:20:00,500.5617065429688,535.4003779320502,423.57056338237584,630.1401280545462,1213.7330241563998,34.83867138908141,1
71,4178,2017-10-24 00:50:00,854.1925659179688,945.3827850897362,854.6232384479223,1056.864651273233,8315.656072594988,91.19021917176747,1
72,4207,2017-10-24 05:40:00,757.292724609375,850.4422521419976,739.6855311110936,948.1177203773285,8676.834479550824,93.14952753262264,1
73,4267,2017-10-24 15:40:00,1558.3388671875,1642.5397285006375,1548.1546818315023,1755.1396497849578,7089.78504587421,84.20086131313747,1
74,4281,2017-10-24 18:00:00,914.2946166992188,929.7613828927806,813.2385479842231,1027.8358954029386,239.2208564863078,15.466766193561853,1
75,4338,2017-10-25 03:30:00,2039.2659912109373,1996.6718105092075,1906.4385221822686,2097.5476111971984,1814.2642296516099,42.59418070172978,1
76,4486,2017-10-26 04:10:00,187.45651245117188,254.28960320023782,129.38793347594097,364.93122859088095,4466.6620190728845,66.83309074906595,1
77,4587,2017-10-26 21:00:00,534.623046875,549.8825070461388,441.14775350625035,643.9345373083518,232.85112471457174,15.259460171138812,1
78,4641,2017-10-27 06:00:00,243.203857421875,238.5557784655516,123.88810884143888,346.1042285656556,21.60463798421632,4.648078956323388,1
79,4805,2017-10-28 09:20:00,2060.876220703125,1997.8250276721951,1886.1268364475573,2116.7108277989014,3975.452942623581,63.05119303092988,1
80,4910,2017-10-29 02:50:00,1568.9061279296875,1711.8444229453382,1590.4766054981312,1809.2671487405419,20431.356181981206,142.93829501565074,1
81,4947,2017-10-29 09:00:00,1406.5042724609375,1532.0810650752746,1409.9858903328509,1676.4320052930957,15769.530843304237,125.57679261433714,1
82,4962,2017-10-29 11:30:00,452.7651062011719,535.529959939944,434.63631210973307,653.0795484165035,6850.021014400339,82.7648537387721,1
83,4993,2017-10-29 16:40:00,235.62977600097656,276.77210410300273,177.52726521287153,380.5589290984633,1692.6911616547723,41.14232810202617,1
84,5149,2017-10-30 18:40:00,190.8263397216797,246.59559605375247,158.9243327564419,346.8131316695101,3110.2099518324403,55.769256332072786,1
85,5160,2017-10-30 20:30:00,463.5718688964844,519.3120696939773,404.30832336671324,624.4387696191923,3106.969984944827,55.74020079749289,1
86,5184,2017-10-31 00:30:00,607.0699462890625,677.3207714620313,567.5586828993537,796.9864609781431,4935.178437483027,70.2508251729688,1
87,5188,2017-10-31 01:10:00,605.6022338867188,681.6724776709547,565.16223993705,788.9653255003153,5786.681989393082,76.07024378423591,1
88,5212,2017-10-31 05:10:00,502.8031005859375,540.6056333629313,446.87063455951267,639.9232317695129,1429.0314843556873,37.80253277699376,1
89,5255,2017-10-31 12:20:00,302.367919921875,310.32061971029066,212.71704206829224,417.13450804122806,63.245433924666436,7.952699788415657,1
90,5323,2017-10-31 23:40:00,816.767333984375,777.7242538332221,687.2125066423097,872.9071494045833,1524.3621076893523,39.043080151152935,1
91,5353,2017-11-01 04:40:00,386.2479248046875,400.40733382952146,295.9067487429624,510.10998912552816,200.48886393254946,14.159409024833963,1
92,5425,2017-11-01 16:40:00,441.5374145507813,517.1325430525119,413.02649552158414,617.9862836445936,5714.62345319316,75.59512850173058,1
93,5427,2017-11-01 17:00:00,467.37701416015625,518.2438257626952,415.2541278480753,627.6972743727158,2587.4325226081937,50.866811602538974,1
94,5573,2017-11-02 17:20:00,-0.8375950455665588,13.112088889569163,-96.38409770848912,147.1498892914502,194.59368189018363,13.949683935135722,1
95,5729,2017-11-03 19:20:00,290.2801818847656,380.305567994783,286.6870788009301,468.5732729640431,8104.570144257713,90.0253861100174,1
96,5917,2017-11-05 02:40:00,738.4483032226562,802.1636536859442,690.9345349310047,903.4106919733997,4059.6458846596024,63.715350463287905,1
97,5939,2017-11-05 06:20:00,973.229248046875,952.3425349535779,843.3915357355667,1049.3965696683804,436.25478384170805,20.88671309329709,1
98,6002,2017-11-05 16:50:00,100.82186889648438,95.49808241152118,0.9033540312589937,186.47925863314737,28.342702537476754,5.323786484963193,1
99,6025,2017-11-05 20:40:00,113.12246704101562,107.41931001838769,-1.1986864982900383,194.03886680204107,32.526000024750324,5.703157022627934,1
100,6044,2017-11-05 23:50:00,429.54730224609375,415.64589736021514,305.5625677142174,498.096691142173,193.24905780112957,13.901404885878605,1
101,6230,2017-11-07 06:50:00,900.0540161132812,914.7611660441056,817.0258077547223,1005.7011872147625,216.3002590877469,14.707149930824357,1
102,6255,2017-11-07 11:00:00,950.6378173828124,1053.2562000480345,964.1822270536248,1149.3922381990315,10530.532460825967,102.61838266522216,1
103,6270,2017-11-07 13:30:00,959.2538452148438,1078.8697374033395,972.1820131062759,1176.9711663544285,14307.961664049843,119.61589218849576,1
104,6273,2017-11-07 14:00:00,946.4618530273438,979.1707200875667,884.9608038783036,1070.3408666008058,1069.8699843633365,32.70886706022293,1
105,6536,2017-11-09 09:50:00,393.7290649414063,451.7456616738102,365.2299675355609,551.5390298192517,3365.92549641038,58.01659673240391,1
106,6730,2017-11-10 18:10:00,1216.7552490234375,1293.414695745485,1179.4525882886835,1406.894297800387,5876.67077173044,76.6594467220475,1
107,6853,2017-11-11 14:40:00,208.8975982666016,242.24747972961308,141.98429018549115,342.75199670320984,1112.214593596917,33.349881463011485,1
108,8241,2017-11-21 06:00:00,1618.8944091796875,1672.7161728911888,1563.7173049203425,1774.4011140135153,2896.782249016674,53.82176371150126,1
109,8244,2017-11-21 06:30:00,1880.5936279296875,1856.3908103682252,1759.0194945184166,1951.420484885398,585.7763779134291,24.202817561462325,1
110,8356,2017-11-22 01:10:00,2042.76123046875,2022.8583926110064,1912.7902844725,2128.40337842392,396.1229547916332,19.902837857743634,1
111,8518,2017-11-23 04:10:00,1596.671142578125,1694.80604182735,1594.7947957215458,1793.6114607560035,9630.45845065556,98.1348992492251,1
112,8581,2017-11-23 14:40:00,2022.747802734375,2033.6504761514464,1912.3034720273604,2146.2682095582913,118.86828763931439,10.902673417071355,1
113,8754,2017-11-24 19:30:00,801.767578125,914.5365427255165,794.7488168635837,1016.1261281905182,12716.83937707254,112.76896460051648,1
114,8830,2017-11-25 08:10:00,1659.3944091796875,1626.244052209726,1512.2278146456501,1740.2628606808798,1098.9461672358698,33.15035696996142,1
115,8836,2017-11-25 09:10:00,1444.197998046875,1425.0485824588454,1334.4978464583237,1535.838647692773,366.70011736306986,19.14941558802957,1
116,8890,2017-11-25 18:10:00,990.3038940429688,992.822395976014,898.5903478324407,1101.2070052888819,6.342851986752843,2.518501933045286,1
117,8956,2017-11-26 05:10:00,1147.0213623046875,1066.402960729887,956.671213452735,1175.0481026108241,6499.326672475812,80.6184015748006,1
118,8987,2017-11-26 10:20:00,743.7361450195312,732.679267285775,628.9919670278404,833.160163391446,122.25454521923385,11.05687773375621,1
119,9021,2017-11-26 16:00:00,1424.1051025390625,1427.2486720527174,1330.4530652515443,1535.4442432090525,9.882029287180746,3.1435695136549384,1
120,9028,2017-11-26 17:10:00,855.8299560546875,899.2605034465037,798.1948094399402,996.8894968318306,1886.2124467527897,43.43054739181616,1
121,9043,2017-11-26 19:40:00,1801.2578125,1827.1066971478015,1727.6080598943443,1921.869438116595,668.1648375353465,25.84888464780147,1
122,9047,2017-11-26 20:20:00,1453.7625732421875,1470.371441881878,1375.3008706342096,1569.9954738241763,275.8545174904912,16.6088686396904,1
123,9053,2017-11-26 21:20:00,724.0263671875,804.503263367633,700.1815975936605,923.3018142557444,6476.530818787914,80.47689618013305,1
124,9059,2017-11-26 22:20:00,1224.4119873046875,1195.217930882607,1101.594881319356,1307.2659635680413,852.2929303756134,29.194056422080394,1
125,9090,2017-11-27 03:30:00,2050.84521484375,2048.5977237995294,1933.5172036369129,2148.933088856046,5.05121599385191,2.2474910442206237,1
126,9103,2017-11-27 05:40:00,1874.6661376953125,1864.0991963317297,1753.2357679266236,1980.1370447578465,111.66024978139771,10.566941363582828,1
127,9149,2017-11-27 13:20:00,1302.439697265625,1322.449641894809,1206.7988873214795,1419.3601877066137,400.3978840630104,20.00994462918402,1
128,9219,2017-11-28 01:00:00,1079.044921875,1044.2932594050435,944.0862373022018,1141.2570080702524,1207.6780444257831,34.7516624699565,1
129,9351,2017-11-28 23:00:00,827.0703735351562,1002.3070876323133,902.6577726233976,1102.749671866385,30707.905967568746,175.236714097157,1
130,9362,2017-11-29 00:50:00,1181.8082275390625,1195.522916762784,1102.7771261400148,1302.4689665372834,188.09270050326282,13.714689223721507,1
131,9363,2017-11-29 01:00:00,973.5162963867188,957.6651146451603,856.715545134063,1069.3431644364075,251.25996260391548,15.851181741558435,1
132,9379,2017-11-29 03:40:00,726.2058715820312,723.3330804211967,617.0180317616366,826.850527573827,8.252929053769378,2.872791160834595,1
133,9393,2017-11-29 06:00:00,1040.580322265625,968.3772088284521,848.1502891880431,1081.856471735141,5213.289590021254,72.20311343717287,1
134,9506,2017-11-30 00:50:00,612.6043090820312,655.3451584630709,554.2691444121735,762.2533116737915,1826.7802058127177,42.74084938103965,1
135,9583,2017-11-30 13:40:00,1453.605712890625,1353.8141882751443,1241.703483277689,1454.657142065156,9958.348385082098,99.79152461548074,1
136,9602,2017-11-30 16:50:00,562.6895751953125,569.444606610311,470.04775801293704,680.1096147141925,45.630449417616425,6.755031414998484,1
137,9691,2017-12-01 07:40:00,1730.5618896484375,1702.2657602122258,1589.4714241467689,1809.8762368640312,800.6709410708455,28.296129436211686,1
138,9699,2017-12-01 09:00:00,1408.9478759765625,1347.348886727182,1252.8053538170054,1456.3696591069152,3794.4354765453027,61.598989249380566,1
139,9736,2017-12-01 15:10:00,732.2694702148438,776.3654371506012,673.0008805913401,878.0094048280974,1944.4542999994164,44.095966935757474,1
140,9743,2017-12-01 16:20:00,306.09942626953125,350.34561885688123,263.3520695837797,467.7664859481315,1957.7255584768643,44.24619258734998,1
141,9773,2017-12-01 21:20:00,360.14532470703125,331.9893172868913,237.4668898573985,440.2440152731676,792.7607538429747,28.15600742013993,1
142,9911,2017-12-02 20:20:00,410.0765686035156,487.4057606100066,386.23226087013916,595.9358003553682,5979.803936376749,77.32919200649098,1
143,9979,2017-12-03 07:40:00,417.8389587402344,450.7179331268565,341.84456720182095,551.4168083160456,1081.0269567161542,32.87897438662213,1
144,9981,2017-12-03 08:00:00,362.4597778320313,388.1197632534397,284.49793777689814,510.0295909291553,658.434851826892,25.659985421408408,1
145,10032,2017-12-03 16:30:00,205.7887115478516,208.76048697032405,95.1616267480015,302.96934963269166,8.831449161611378,2.9717754224724615,1
146,10046,2017-12-03 18:50:00,213.96356201171875,254.54598490345887,136.0069274624565,374.08716834866334,1646.9330477640328,40.58242289174012,1
147,10106,2017-12-04 04:50:00,894.3681640625,988.7415362134568,883.5693003607606,1082.3571063874213,8906.333371142991,94.37337215095681,1
148,10107,2017-12-04 05:00:00,769.1798095703125,870.039344094174,766.486009270217,968.2279446983075,10172.64570437001,100.8595345238615,1
149,10108,2017-12-04 05:10:00,870.2620849609375,1004.1907483686604,881.0093418675191,1088.3128757288587,17936.886882179126,133.92866340772287,1
150,10131,2017-12-04 09:00:00,457.8903503417969,490.4672535188684,380.28380967321414,582.5783278773928,1061.254620608293,32.57690317707153,1
151,10137,2017-12-04 10:00:00,396.1214904785156,383.15773226810506,283.798597329678,484.0477380971104,168.05902693798723,12.96375821041056,1
152,10154,2017-12-04 12:50:00,1557.599365234375,1564.536354125318,1444.5218384456914,1679.1412655667295,48.12181487306638,6.936988890942985,1
153,10169,2017-12-04 15:20:00,806.4039306640625,821.9907900864132,731.1840095312602,913.6470642257887,242.95018665212277,15.586859422350699,1
154,10295,2017-12-05 12:20:00,630.3555297851562,594.2099556941938,482.8884828568766,691.6224563384689,1306.5025263652553,36.14557409096244,1
155,10390,2017-12-06 04:10:00,900.600341796875,896.7753531149856,786.411103343131,1002.3573901029387,14.630538416582073,3.8249886818894083,1
156,10397,2017-12-06 05:20:00,421.6276245117188,460.3335658990641,359.8816514569589,566.0346463748266,1498.1498986806114,38.70594138734532,1
157,10415,2017-12-06 08:20:00,871.1167602539062,892.3695033829983,791.4285644806874,999.793365698681,451.6790905111713,21.252743129092096,1
158,10682,2017-12-08 05:40:00,1992.4559326171875,1899.7037910527115,1795.9907704175864,2007.67927172769,8602.959764796597,92.752141564476,1
159,10739,2017-12-08 15:10:00,1215.480712890625,1312.4811967973128,1204.325636564691,1419.7957715121347,9409.0938781316,97.0004839066878,1
160,10747,2017-12-08 16:30:00,1403.128662109375,1389.031158661235,1266.58484043917,1493.758575904805,198.73960347032087,14.09750344814006,1
161,10857,2017-12-09 10:50:00,772.0726928710938,695.3707832357038,601.6485618552097,796.9404206048368,5883.182941715524,76.70190963538994,1
162,11057,2017-12-10 20:10:00,455.1681518554688,392.76092232050246,282.9894138024924,500.36346982569285,3894.662298229976,62.40722953496635,1
163,11113,2017-12-11 05:30:00,852.287841796875,799.0835544512781,698.6272296691959,905.5985983471189,2830.696191952839,53.20428734559687,1
164,11147,2017-12-11 11:10:00,1968.6619873046875,1849.4506739232286,1733.9879396310826,1978.0101169681955,14211.337238132406,119.21131338145892,1
165,11289,2017-12-12 10:50:00,452.3073425292969,467.6112238094228,354.2957452712764,575.0392565820724,234.20878223618948,15.30388128012595,1
166,11304,2017-12-12 13:20:00,856.8986206054688,888.0846616025588,796.669966618005,989.26085725223,972.5691530721784,31.186040997090004,1
167,11306,2017-12-12 13:40:00,1215.7239990234375,1225.302444821638,1105.1790223197102,1328.6826270621132,91.74662390906273,9.578445798200391,1
168,11525,2017-12-14 02:10:00,2064.824951171875,2022.7718792975177,1918.8745174692924,2129.1558662912594,1768.4608540698634,42.05307187435733,1
169,11541,2017-12-14 04:50:00,2048.802978515625,2047.569511331983,1947.983066473811,2162.9491664377883,1.5214412931217414,1.2334671836420057,1
170,11725,2017-12-15 11:30:00,435.5715026855469,465.6555939583725,370.6153083142979,585.1178836342851,905.0525477117025,30.084091272825617,1
171,11755,2017-12-15 16:30:00,1339.3302001953125,1349.7772070618591,1249.724724937654,1451.6809834835574,109.13995246967274,10.447006866546644,1
172,11830,2017-12-16 05:00:00,469.6850891113281,542.6833395187124,434.2475417683974,651.9531801624923,5328.7445625391765,72.99825040738426,1
173,11961,2017-12-17 02:50:00,108.64450073242188,144.88660561393164,57.27983065853214,240.21571878312116,1313.4901662423536,36.24210488150976,1
174,11970,2017-12-17 04:20:00,102.75162506103516,98.44576818948366,6.700376253305783,202.77912299564045,18.540403398287253,4.305856871551498,1
175,12035,2017-12-17 15:10:00,1141.599609375,1187.2965727072778,1083.2940778276077,1285.9319734498754,2088.212457791546,45.696963332277846,1
176,12084,2017-12-17 23:20:00,132.6807403564453,137.47370014375102,42.135313875901936,252.11629091443925,22.972463522729548,4.792959787305705,1
177,12088,2017-12-18 00:00:00,81.41351318359375,115.50936817932346,6.480588697387255,222.06720210723287,1162.5273278898267,34.09585499572971,1
178,12095,2017-12-18 01:10:00,48.09384536743164,75.69421844724667,-23.848744819925212,180.44017599388593,761.7805941449782,27.60037307981503,1
179,12106,2017-12-18 03:00:00,239.75296020507807,254.91504505261474,159.69593989765315,371.3798211325313,229.88881692390126,15.162084847536676,1
180,12130,2017-12-18 07:00:00,296.7967529296875,321.90850947572306,213.95511423074495,428.9247002808462,630.6003168273601,25.111756546035565,1
181,12171,2017-12-18 13:50:00,-0.7581035494804382,1.3526602925014921,-132.12093168987485,112.90629951561789,4.455323996618319,2.1107638419819303,1
182,12240,2017-12-19 01:20:00,792.0065307617188,871.8747268174427,735.7897050842694,975.7416017913503,6378.92874119556,79.86819605572396,1
183,12297,2017-12-19 10:50:00,271.11822509765625,269.59376772147067,140.14278594195778,401.2533461319057,2.3239702918066243,1.5244573761855804,1
184,12364,2017-12-19 22:00:00,623.3438110351562,610.7951934687765,512.8731033281887,732.0245068627484,157.46780282725544,12.54861756637979,1
185,12479,2017-12-20 17:10:00,174.93125915527344,195.6526440889967,97.92919243329231,289.2306565105421,429.3757935715338,20.72138493372327,1
186,12492,2017-12-20 19:20:00,151.0594024658203,200.06035809185917,100.7499832916304,311.9851895665191,2401.0936522650295,49.00095562603886,1
187,12498,2017-12-20 20:20:00,123.14593505859376,136.79960506872777,40.84222971304621,240.4402665354293,186.42270474563279,13.653670010134007,1
188,12673,2017-12-22 01:30:00,525.1864624023438,468.4910230811942,354.176854481103,582.6068673567264,3214.372839818149,56.695439321149536,1
189,12790,2017-12-22 21:00:00,436.9053039550781,402.02162492207896,289.9478128396651,512.2805518641459,1216.8710628773058,34.88367903299917,1
190,12819,2017-12-23 01:50:00,587.3430786132812,572.958868046783,469.86361911605974,681.8297058871862,206.90551362136043,14.384210566498268,1
191,12831,2017-12-23 03:50:00,548.5984497070312,550.6390348199238,445.6659560089924,642.4596724593557,4.163987602958848,2.040585112892586,1
192,12925,2017-12-23 19:30:00,1829.1754150390625,1893.3878963084524,1801.9918758050171,1977.9386501728306,4123.242750771743,64.21248126938985,1
193,12928,2017-12-23 20:00:00,1974.1842041015625,1968.5946448596226,1860.0827600722687,2077.6996235782285,31.243172519156012,5.589559241939924,1
194,13029,2017-12-24 12:50:00,1910.8994140625,1972.1195532939992,1888.6278487142667,2070.2080892320805,3747.905447524143,61.22013923149916,1
195,13057,2017-12-24 17:30:00,942.7388305664062,888.937358150636,797.1325377663351,979.7190982522129,2894.5984341048884,53.80147241577026,1
196,13073,2017-12-24 20:10:00,865.7438354492188,945.6674567980781,857.8395990602845,1056.5909669981545,6387.785249515845,79.92362134885934,1
197,13115,2017-12-25 03:10:00,1975.19677734375,2019.4041691708558,1910.3024067240374,2119.596287801972,1954.2934921552578,44.207391827105766,1
198,13191,2017-12-25 15:50:00,1893.4107666015625,1969.7050224744885,1858.5722344028925,2072.680145952221,5820.813479203502,76.29425587292599,1
199,13284,2017-12-26 07:20:00,2032.4405517578125,2012.3541701636748,1910.9244727263347,2109.136421860837,403.4627255453146,20.08638159413772,1
200,13481,2017-12-27 16:10:00,1837.443115234375,1707.5789488761595,1596.5411010579846,1806.9037956502602,16864.701703914263,129.86416635821547,1
201,13543,2017-12-28 02:30:00,1291.7060546875,1324.0309581934832,1205.120184408601,1435.1048930164993,1044.8993866711269,32.32490350598323,1
202,13595,2017-12-28 11:10:00,987.8507080078124,977.6258571612518,876.3564972534614,1089.8148993881298,104.54757483441043,10.224850846560571,1
203,13625,2017-12-28 16:10:00,1336.03466796875,1512.6734387887163,1396.9624188884368,1605.7855612526894,31201.25535678859,176.63877081996634,1
204,13650,2017-12-28 20:20:00,917.591796875,1014.2769179251464,918.4597694771116,1115.0651219390265,9348.012632481472,96.68512105014645,1
205,13791,2017-12-29 19:50:00,2061.744384765625,2064.3171144959224,1962.9404702251895,2178.255097410271,6.618938265156115,2.5727297302973966,1
206,13816,2017-12-30 00:00:00,949.1375122070312,1083.9831037502195,994.8040326440055,1171.4439369941083,18183.333558632356,134.84559154318822,1
207,13867,2017-12-30 08:30:00,2056.864013671875,2039.07363457199,1941.5436528117086,2151.1604123259285,316.4975885176271,17.790379099885058,1
208,13870,2017-12-30 09:00:00,2050.577392578125,2082.5121926918814,1960.3888311482501,2182.4678925227327,1019.8314583055763,31.93480011375641,1
209,13892,2017-12-30 12:40:00,2039.592041015625,2030.2482519556074,1934.090295781607,2129.006273424105,87.30639399810404,9.34378906001757,1
210,13964,2017-12-31 00:40:00,1234.0433349609375,1320.7540617468196,1221.1339117520324,1429.5003941712366,7518.750139735895,86.71072678588212,1
211,14074,2017-12-31 19:00:00,1041.94189453125,1192.925827270842,1084.56126942943,1297.317091749327,22796.14794551367,150.9839327395921,1
212,14128,2018-01-01 04:00:00,1994.4395751953125,2014.1339481626512,1920.8715636250486,2119.0352271022844,387.86832657664223,19.694372967338722,1
213,14153,2018-01-01 08:10:00,684.556640625,736.5512199162698,639.648993594064,831.8018202814014,2703.436275676144,51.994579291269815,1
214,14183,2018-01-01 13:10:00,486.693603515625,453.7991776601032,340.6808822713765,555.7935766830841,1082.0432523644195,32.894425855521774,1
215,14736,2018-01-05 09:20:00,328.16265869140625,393.5043356914071,304.4164626897885,487.0912277508997,4269.534753172441,65.34167700000086,1
216,15092,2018-01-07 20:40:00,1606.5238037109375,1478.7199655852864,1348.3661962524552,1601.2342651347003,16333.821039647619,127.80383812565105,1
217,15095,2018-01-07 21:10:00,1651.2569580078125,1556.4155350280246,1445.7681661337394,1649.3953383084424,8994.895512831044,94.84142297978792,1
218,15129,2018-01-08 02:50:00,1445.9649658203125,1254.497811095192,1148.3221571399383,1361.3903160148661,36659.67133853323,191.4671547251205,1
219,15179,2018-01-08 11:10:00,190.0105438232422,218.99055025514352,99.41811856586912,327.511136655103,839.8407727930424,28.98000643190133,1
220,15197,2018-01-08 14:10:00,215.32293701171875,218.89723721462897,106.32143021713779,320.1827737027876,12.77562194052406,3.574300202910223,1
221,15286,2018-01-09 05:00:00,210.87484741210935,233.44653759340304,148.31188227029972,333.7217680257569,509.48119764031,22.57169018129369,1
222,15362,2018-01-09 17:40:00,62.43569946289063,84.15600656835844,-28.799474365887676,199.09975235311538,471.77174075583514,21.720307105467803,1
223,15413,2018-01-10 02:10:00,292.6368103027344,304.29632031467474,200.62166979471,405.08127411142135,135.9441737185377,11.65951001194037,1
224,15461,2018-01-10 10:10:00,277.9630126953125,347.5296356508995,244.1082883172512,439.9443329454229,4839.515029444801,69.56662295558698,1
225,15505,2018-01-10 17:30:00,189.11785888671875,210.2224788463318,115.31945730100959,312.6550806253303,445.4049836396974,21.104619959613046,1
226,15537,2018-01-10 22:50:00,354.8414306640625,346.3025314008466,256.0136619086986,454.9721224145822,72.91280062734921,8.53889926321591,1
227,15704,2018-01-12 02:40:00,-0.33770552277565,7.137746488459496,-99.75137295219395,116.19564081697011,55.88238277227959,7.475452011235146,1
228,15709,2018-01-12 03:30:00,-0.9474959969520568,0.5161042478885156,-102.2284098850652,101.04940163213159,2.142125676697383,1.4636002448405723,1
229,15848,2018-01-13 02:40:00,584.2672729492188,629.0897451690627,517.2163794999615,749.1597277123199,2009.0540158986796,44.82247221984392,1
230,15858,2018-01-13 04:20:00,1090.942138671875,1147.6535174148073,1051.142046249546,1254.6709728998183,3216.1804789243147,56.71137874293231,1
231,15910,2018-01-13 13:00:00,1015.03369140625,982.8528182214553,854.1024205699551,1069.7560571352733,1035.608598935837,32.18087318479468,1
232,15926,2018-01-13 15:40:00,1072.864990234375,1181.5675556415943,1064.1686798901337,1268.8002117592255,11816.24772611078,108.70256540721925,1
233,15940,2018-01-13 18:00:00,1340.0997314453125,1412.5376355350697,1306.4450454160174,1508.1649741624485,5247.249948916869,72.43790408975724,1
234,15955,2018-01-13 20:30:00,311.6188049316406,333.95265798187467,244.2959566410366,432.46048968838863,498.80099206944834,22.33385305023404,1
235,15982,2018-01-14 01:00:00,190.7489471435547,178.82507404904504,79.8417138158433,280.95522477088065,142.178749573971,11.923873094509645,1
236,16152,2018-01-15 05:20:00,2026.72802734375,2011.0558568972529,1903.200624125393,2122.47343999442,245.61692650405863,15.672170446497148,1
237,16179,2018-01-15 09:50:00,1642.150634765625,1759.2460915235142,1644.6855359330461,1860.7324769140214,13711.345993338706,117.09545675788922,1
238,16250,2018-01-15 21:40:00,2051.883544921875,2064.0866127699737,1957.981040293853,2174.37359552363,148.91486490530087,12.203067848098726,1
239,16281,2018-01-16 02:50:00,1670.268310546875,1759.2704074046308,1643.8251023079638,1879.091502680692,7921.373245077338,89.00209685775576,1
240,16284,2018-01-16 03:20:00,1677.1407470703125,1772.6775392370496,1689.6413436675582,1871.8503493232827,9127.278657510316,95.53679216673709,1
241,16318,2018-01-16 09:00:00,2054.69091796875,2011.7020741191134,1899.2408726744598,2128.8155674925933,1848.0406955284404,42.98884384963662,1
242,16354,2018-01-16 15:00:00,1758.803466796875,1932.2871077577336,1819.3439664343841,2040.4806752859085,30096.573681036083,173.48364096085857,1
243,16363,2018-01-16 16:30:00,1745.825927734375,1781.2891397115566,1665.7921451239454,1907.2754009489968,1257.6394037385146,35.46321197718157,1
244,47313,2018-08-20 21:50:00,177.21214294433594,211.4413681606983,116.87546509136763,310.45718338205717,1171.6398589124562,34.22922521636235,1
245,47346,2018-08-21 03:20:00,39.17267227172852,33.96035517835231,-64.67004782754624,127.2110724981937,27.168249481901864,5.212317093376214,1
246,47400,2018-08-21 12:20:00,242.9477996826172,233.7362757565006,138.9272139484453,333.4635336763931,84.85217304141855,9.211523926116598,1
247,47492,2018-08-22 03:40:00,215.4803771972656,237.7818523328617,128.46524248520092,325.55186005860224,497.35579322361076,22.301475135596093,1
248,47502,2018-08-22 05:20:00,208.97760009765625,181.81298554624547,88.1303326623367,282.0856524220641,737.9162837267182,27.16461455141078,1
249,47512,2018-08-22 07:00:00,210.6545562744141,201.7198778082123,97.19972766048204,302.36602231705643,79.82847929441019,8.934678466201802,1
250,47582,2018-08-22 18:40:00,362.5660400390625,303.08970517408625,206.38471201717283,405.6922091653254,3537.4344089707897,59.47633486497625,1
251,47597,2018-08-22 21:10:00,415.529296875,363.29490823729486,274.51367288610425,460.93835853764284,2728.4313563548194,52.23438863770514,1
252,47650,2018-08-23 06:00:00,54.23369216918945,62.04612301951765,-31.99451427266277,160.66001007856053,61.03407579115977,7.812430850328198,1
253,47667,2018-08-23 08:50:00,123.75210571289062,104.62594997832858,20.943163708202274,192.26130477207786,365.8098331827207,19.126155734562047,1
254,47729,2018-08-23 19:10:00,949.6497192382812,1012.5916472881041,913.3945998841775,1115.5623568761107,3961.68630662908,62.94192804982288,1
255,47760,2018-08-24 00:20:00,786.1627807617188,780.9496843835921,677.3329105469287,875.288961737245,27.17637384763764,5.213096378126693,1
256,47809,2018-08-24 08:30:00,1348.99365234375,1309.0903386388663,1214.3153559377768,1396.5125732656193,1592.274444630356,39.90331370488366,1
257,47920,2018-08-25 03:00:00,1426.1026611328125,1351.7010002418294,1259.9237952343713,1450.2090730236043,5535.607143336839,74.40166089098307,1
258,48032,2018-08-25 21:40:00,232.0748291015625,193.51066380207615,95.47435622854597,290.8564089467127,1487.194845246107,38.56416529948635,1
259,48080,2018-08-26 05:40:00,369.4255981445313,367.6921511854646,263.58727520824954,480.24065068533895,3.004838359897678,1.7334469590667254,1
260,48133,2018-08-26 14:30:00,1539.2176513671875,1424.8724663898847,1329.0343058956885,1525.1364784436123,13074.82132749359,114.34518497730278,1
261,48138,2018-08-26 15:20:00,716.4800415039062,635.5482097282674,537.0060783310623,742.2852226447773,6549.961394560314,80.9318317756389,1
262,48511,2018-08-29 05:30:00,176.5126495361328,208.6470245653124,107.05687958380834,307.4006344728783,1032.6180585159602,32.13437502917958,1
263,48979,2018-09-01 11:30:00,491.9718322753906,430.20448904220615,295.3242038864156,534.841191274546,3815.20469008602,61.76734323318448,1
264,49012,2018-09-01 17:00:00,147.12942504882812,128.87688782338947,34.68607333931863,243.51787389334254,333.15511516602396,18.252537225438658,1
265,49036,2018-09-01 21:00:00,259.7113647460937,241.58271935206818,135.01616093941612,340.5333857635669,328.64778382232237,18.12864539402551,1
266,49180,2018-09-02 21:00:00,469.1435241699219,459.7098517911077,356.92078257628737,553.6101579286819,88.99417455080105,9.433672378814151,1
267,49319,2018-09-03 20:10:00,87.34210205078125,82.77846783225968,-19.529348340048248,183.24688118372973,20.826757280460992,4.563634218521571,1
268,49456,2018-09-04 19:00:00,123.65656280517578,145.64384419486936,57.89829088797913,251.75138161550836,483.4405429095656,21.987281389693578,1
269,49553,2018-09-05 11:10:00,268.02325439453125,298.44727314708973,204.50819774076004,387.2449272190108,925.6209170560302,30.42401875255848,1
270,49605,2018-09-05 19:50:00,5.163212776184082,19.47092749302862,-78.91780001847431,141.20438339731237,204.71070041860975,14.307714716844536,1
271,49661,2018-09-06 05:10:00,113.81339263916016,72.20494248211604,-36.464330705767345,167.3103382196765,1731.2631244712247,41.60845015704412,1
272,49746,2018-09-06 19:20:00,321.7388610839844,348.47673220543817,227.34671668587805,435.27602607226476,714.9137521074728,26.737871121453793,1
273,49792,2018-09-07 03:00:00,553.5064086914062,492.1203762121611,365.1908391191158,592.2015685970674,3768.2449835429416,61.38603247924516,1
274,49991,2018-09-08 12:10:00,950.9141845703124,901.5740903653915,798.7984517332725,1011.2437254268419,2434.4448961504677,49.34009420492089,1
275,50095,2018-09-09 05:30:00,641.6887817382812,596.5818049452246,505.2697434508303,689.7240041258655,2034.6393554093534,45.106976793056674,1
276,50124,2018-09-09 10:20:00,2026.281982421875,1962.8982185964858,1851.702447769971,2065.8955987158643,4017.5015166727194,63.383763825389224,1
277,50454,2018-09-11 17:20:00,86.59894561767578,94.99470578150134,8.132627475300854,175.51149338681938,70.48878872848015,8.395760163825557,1
278,50466,2018-09-11 19:20:00,437.6458435058594,443.51853733680446,334.7964505188042,543.3417241462699,34.48853283202042,5.872693830945082,1
279,50566,2018-09-12 12:00:00,61.31536102294922,31.225345062541777,-62.93509743690136,132.8514815712267,905.4090604975746,30.09001596040744,1
280,50615,2018-09-12 20:10:00,306.7115783691406,296.20127306123817,182.73192394953975,401.1182119138282,110.46651766532254,10.510305307902456,1
281,50618,2018-09-12 20:40:00,269.012451171875,266.1822759296445,169.1132772142398,367.24772740293247,8.009891901734445,2.8301752422304958,1
282,50683,2018-09-13 07:30:00,31.740478515625,16.485266984497553,-84.44511196254783,117.51628027926873,232.72147885944383,15.255211531127447,1
283,50729,2018-09-13 15:10:00,279.1874084472656,290.17359608788314,202.39186856342963,388.6140688007594,120.69631887485706,10.986187640617516,1
284,50761,2018-09-13 20:30:00,190.76377868652344,183.0903175873687,82.21670663913514,288.552065088054,58.882005240241,7.673461099154736,1
285,50825,2018-09-14 07:10:00,667.5006103515625,697.6265461153948,594.0932557087094,793.5646705717479,907.5720056465519,30.12593576383233,1
286,50826,2018-09-14 07:20:00,575.8161010742188,666.6218289491242,568.5397500732472,767.2119350280846,8245.680214891374,90.80572787490541,1
287,50836,2018-09-14 09:00:00,602.1427612304688,537.2433512300958,442.8105910402253,632.7318591437805,4211.933418396515,64.899410000373,1
288,50891,2018-09-14 18:10:00,1009.031982421875,1034.9886823161264,937.0119970524299,1142.9568029796812,673.7502694002314,25.956699894251415,1
289,50924,2018-09-14 23:40:00,560.0789794921875,556.4634398087912,456.5089872637097,652.3395457261431,13.072127202213158,3.615539683396264,1
290,50959,2018-09-15 05:30:00,989.0874633789062,1039.533756091854,933.2451830933225,1134.7398842134,2544.8284484804053,50.44629271294775,1
291,51003,2018-09-15 12:50:00,541.8695068359375,512.6767619492068,420.4044122554404,621.758087674588,852.2163540217402,29.19274488673068,1
292,51092,2018-09-16 03:40:00,868.695068359375,794.132969999949,690.263581137584,899.4754936874023,5559.506511760724,74.56209835942605,1
293,51103,2018-09-16 05:30:00,647.1644287109375,652.5662342401005,552.519787083366,752.464245672376,29.17950297489564,5.401805529162971,1
294,51251,2018-09-17 06:10:00,705.1473388671875,681.46815618655,591.9027538331692,785.1248668106135,560.7036924230027,23.679182680637496,1
295,51437,2018-09-18 13:10:00,2048.148681640625,2040.6419914144994,1914.4844218644353,2173.747016689,56.35039815100895,7.506690226125556,1
296,51507,2018-09-19 00:50:00,1536.3140869140625,1533.813849477903,1452.443935851288,1621.3787110711316,6.251187237173545,2.500237436159523,1
297,51522,2018-09-19 03:20:00,742.1563720703125,693.818037182283,580.7248018430928,801.1087951311315,2336.594619747292,48.33833488802952,1
298,51705,2018-09-20 09:50:00,-0.2037970125675201,-17.27603768662431,-123.3800798805909,100.27852660963373,291.46140163291903,17.07224067405679,1
299,51716,2018-09-20 11:40:00,86.56639099121094,95.44022049683419,-6.6346352776185,180.81650218176495,78.74485009486975,8.873829505623249,1
300,51829,2018-09-21 06:30:00,2043.8743896484373,2030.779959811784,1920.5050382254901,2114.140924973075,171.46409274703518,13.094429836653262,1
301,51850,2018-09-21 10:00:00,2031.7010498046875,2032.0800050473713,1905.156200440057,2135.965098307816,0.14360707595752806,0.3789552426837872,1
302,52002,2018-09-22 11:20:00,313.2189025878906,326.06403427549867,225.81746031702474,429.3116155115495,164.9974080719923,12.845131687608045,1
303,52082,2018-09-23 00:40:00,-5.030396461486816,-10.25887854911726,-125.02776030475206,96.94987354518945,27.337024940672396,5.228482087630443,1
304,52101,2018-09-23 03:50:00,237.44720458984372,266.7788728832904,157.89210446546804,355.102796013937,860.3467648767837,29.331668293446654,1
305,52158,2018-09-23 13:20:00,1044.9910888671875,946.7624645555287,837.9119150475465,1044.4734186361793,9648.862634161005,98.22862431165879,1
306,52226,2018-09-24 00:40:00,1211.5218505859375,1336.0303352567125,1226.8057024312723,1449.4461695951918,15502.362755012622,124.50848467077503,1
307,52247,2018-09-24 04:10:00,1126.7738037109375,1254.7864943395775,1144.695126116612,1346.0230109627153,16387.248961983903,128.01269062864003,1
308,52300,2018-09-24 13:00:00,229.5678253173828,148.41465927911182,50.726408688288274,247.62773449081692,6585.836358035181,81.153166038271,1
309,52345,2018-09-24 20:30:00,76.0670166015625,75.66698474947066,-42.395080756156645,178.4877065813763,0.16002548268802988,0.40003185209184267,1
310,52388,2018-09-25 03:40:00,-0.4230655133724212,0.43454406675090695,-128.64023591265845,128.34755169759234,0.7354941919193111,0.8576095801233281,1
311,52438,2018-09-25 12:00:00,463.348876953125,395.6046973579185,295.7603215475046,480.7518569675062,4589.273869027593,67.7441795952065,1
312,52467,2018-09-25 16:50:00,646.0001831054688,605.6687440144518,509.7704027219732,701.802060497567,1626.6249791524087,40.33143909101693,1
313,52481,2018-09-25 19:10:00,649.3231201171875,605.3706140517695,491.7387989059093,707.1211167504542,1931.8227894306053,43.95250606541799,1
314,52517,2018-09-26 01:10:00,1383.227294921875,1400.3273878831592,1300.7405918055588,1499.354245289675,292.4131792845611,17.10009296128419,1
315,52522,2018-09-26 02:00:00,1038.4686279296875,1205.0177481204921,1108.0785067772392,1299.0692647241424,27738.60943633108,166.54912019080462,1
316,52530,2018-09-26 03:20:00,1147.416748046875,1419.2251058725499,1321.2274665177817,1526.5379212538178,73879.78338389011,271.8083578256749,1
317,52706,2018-09-27 08:40:00,180.3316802978516,188.8741547288794,82.45155803550372,282.91981656135874,72.97386940476396,8.542474431027813,1
318,52824,2018-09-28 04:20:00,683.7488403320312,661.5699171890695,575.0877758494228,779.1915683916291,491.90463178140243,22.178923142961708,1
319,52826,2018-09-28 04:40:00,561.3280029296875,572.7573513597125,461.32884051574683,687.2018217202939,130.63000553491528,11.429348430025016,1
320,52918,2018-09-28 20:00:00,66.51036834716797,69.29262033723109,-25.129709021415817,175.4323051697479,7.740926136210172,2.7822519900631164,1
321,53065,2018-09-29 20:30:00,496.238525390625,456.2034293269116,362.61920485505436,564.4386929342064,1602.808916830761,40.03509606371341,1
322,53095,2018-09-30 01:30:00,496.2475280761719,567.6228306468356,457.2527367053485,680.9915349545113,5094.433817053797,71.37530257066373,1
323,53321,2018-10-01 15:10:00,463.6881713867188,461.1358412970194,359.022908394275,577.5780791484164,6.514388886784999,2.55233008969941,1
324,53426,2018-10-02 08:40:00,506.39642333984375,469.96498061339713,366.4999549353817,574.8298894577148,1327.2500191303602,36.43144272644662,1
325,53435,2018-10-02 10:10:00,2034.3623046875,1970.4827442196108,1868.9915869278643,2109.6790340913826,4080.59824557071,63.87956046788918,1
326,53437,2018-10-02 10:30:00,2051.04150390625,1985.4983541055271,1856.1266390320236,2097.3889599992826,4295.904485799997,65.54314980072286,1
327,53506,2018-10-02 22:00:00,928.59326171875,840.3904239015943,723.1948081158625,930.1512303642086,7779.740598999469,88.20283781715568,1
328,53521,2018-10-03 00:30:00,971.13134765625,971.5352039783561,839.7101023870624,1065.4834401956716,0.16309992890506117,0.403856322106094,1
329,53527,2018-10-03 01:30:00,515.8800048828125,492.05013544348895,402.66578562335724,587.4375651908101,567.8626774952063,23.829869439323545,1
330,53590,2018-10-03 12:00:00,166.65086364746094,164.9847226386393,63.76354170837766,262.7615433369974,2.776025861277145,1.6661410088216257,1
331,53618,2018-10-03 16:40:00,97.32508087158205,83.04429276538868,-27.563100430294416,211.38757280855103,203.94090893399402,14.28078810619337,1
332,53664,2018-10-04 00:20:00,338.3231811523437,342.66920058977,234.5838430230792,433.2105316555185,18.887884950487397,4.346019437426321,1
333,53682,2018-10-04 03:20:00,246.20333862304688,241.4748730289779,150.88059921963983,339.3466600040813,22.3583868742941,4.728465594068979,1
334,53766,2018-10-04 17:20:00,632.95703125,713.0575987873059,623.1274094804693,808.6825121043644,6416.100919798502,80.10056753730589,1
335,53798,2018-10-04 22:40:00,804.8257446289062,849.2238329209426,760.1400955503268,956.4562271166958,1971.1902439874589,44.39808829203639,1
336,53933,2018-10-05 21:10:00,0.6733664870262146,24.750161136529478,-86.1991747042531,135.76286239396862,579.692040594349,24.076794649503263,1
337,54023,2018-10-06 12:10:00,1256.24951171875,1259.8126650278232,1152.7794749699667,1374.466443348066,12.696061503959198,3.5631533090731864,1
338,54136,2018-10-07 07:00:00,76.42015075683594,86.1171724436709,-11.480092487692616,192.66778780630833,94.0322295949475,9.697021686834958,1
339,54278,2018-10-08 06:40:00,987.1688842773438,981.6599970670394,894.9297123007376,1113.825870088521,30.34783829585486,5.508887210304351,1
340,54349,2018-10-08 18:30:00,699.60498046875,733.360088526929,625.5069260721705,852.3366574425474,1139.4073200193384,33.75510805817896,1
341,54540,2018-10-10 16:00:00,357.6713256835937,361.77042594521293,236.17578883032894,486.6805968304354,16.802622954806935,4.099100261619242,1
342,54551,2018-10-10 17:50:00,92.61934661865234,123.26591384849098,19.67739242752937,231.06888679408988,939.2120829730195,30.646567229838638,1
343,54740,2018-10-12 01:20:00,1378.4676513671875,1281.6086061703272,1189.8362068785857,1372.0955578980493,9381.674636447422,96.85904519686028,1
344,54764,2018-10-12 05:20:00,1842.6322021484373,1756.461578813844,1672.351897175789,1831.098821354985,7425.376325872356,86.1706233345933,1
345,54852,2018-10-12 20:00:00,2065.469482421875,2003.007611419051,1870.9762193730055,2136.3830831402624,3901.48532917342,62.461871002823955,1
346,54870,2018-10-12 23:00:00,2008.1158447265625,1932.7709615030888,1813.396106364982,2034.3165310576517,5676.851427958895,75.34488322347374,1
347,54985,2018-10-13 18:10:00,2050.018798828125,2029.422021339176,1910.464395516184,2155.5593982050787,424.22724292928046,20.5967774889491,1
348,55016,2018-10-13 23:20:00,1015.29248046875,1101.7711772673588,997.5863684640661,1231.0962323013339,7478.564999985709,86.47869679860878,1
349,55032,2018-10-14 02:00:00,553.2289428710938,550.1961756580786,439.88400015911867,650.9544170103369,9.197676968339843,3.032767213015177,1
350,55036,2018-10-14 02:40:00,517.0964965820312,529.9839013838124,430.75081194171116,640.3226848636393,166.0852025249717,12.887404801781145,1
351,55085,2018-10-14 10:50:00,1138.634765625,1031.078102142931,916.3741676731048,1138.0964314864514,11568.435859395056,107.5566634820691,1
352,55122,2018-10-14 17:00:00,413.7115478515625,417.6925756109149,325.6700781598319,521.9410788673421,15.848582020734396,3.9810277593524006,1
353,55268,2018-10-15 17:20:00,776.2496948242188,825.5475994188849,730.8354720783311,935.7226975233001,2430.28339742481,49.29790459466619,1
354,55316,2018-10-16 01:20:00,-0.6268625259399414,-15.661652009424461,-152.98977620695717,92.01203068730123,226.04489481269673,15.03478948348452,1
355,55373,2018-10-16 10:50:00,113.7243423461914,99.89014152182229,-10.282715975796053,208.71316143324847,191.38511244897524,13.83420082436912,1
356,55377,2018-10-16 11:30:00,136.77459716796875,145.97475798404852,42.82584750657659,260.0864484896142,84.64295904172964,9.200160816079773,1
357,55575,2018-10-17 20:30:00,512.26904296875,487.18024880532874,395.6521767246242,595.4877791093811,629.4475925745204,25.088794163421255,1
358,55869,2018-10-19 21:30:00,500.0320129394531,489.8439391317237,378.3548981059761,596.8664368460138,103.79684791174262,10.188073807729438,1
359,56036,2018-10-21 01:20:00,338.27197265625,265.43361722506427,164.28399946901084,374.2672011933703,5305.426021919744,72.83835543118573,1
360,56080,2018-10-21 08:40:00,408.919921875,362.88204370961995,253.05291258388695,474.6347567863315,2119.4862259703773,46.03787816538005,1
361,56208,2018-10-22 06:00:00,227.7233428955078,207.3786351238387,118.31844888008739,325.1827969306258,413.90713431461336,20.344707771669107,1
362,56320,2018-10-23 00:40:00,1582.053466796875,1586.2642392126181,1469.7170875657637,1684.0466367283436,17.73060433718317,4.210772415743122,1
363,58121,2018-11-15 04:30:00,159.57884216308594,184.2161128333505,83.99990261475435,279.6879134955606,606.9951060798788,24.63727067026457,1
364,58200,2018-11-15 17:40:00,286.57000732421875,277.27881566754496,167.12339420792344,371.2860024923212,86.32624240104462,9.291191656673789,1
365,58294,2018-11-16 09:20:00,57.17189407348633,69.44035590376325,-21.233123937915423,183.53871080683047,150.5151556809617,12.26846183027692,1
366,58730,2018-11-19 10:00:00,808.926513671875,849.1966709623656,739.5660226498944,983.0146407541516,1621.6855682008534,40.2701572904906,1
367,58816,2018-11-20 00:20:00,1590.7974853515625,1638.9010867749068,1525.158772169377,1751.842907061095,2313.956469895976,48.103601423344344,1
368,58833,2018-11-20 03:10:00,1706.4920654296875,1758.5689054319057,1661.596139592004,1851.6930993760502,2711.9972646166343,52.076840002218205,1
369,58889,2018-11-20 12:30:00,1002.060302734375,1024.0305135878673,921.6328328803958,1147.5359321422582,482.69016494691044,21.97021085349229,1
370,58983,2018-11-21 04:10:00,155.98336791992188,149.9621102820218,56.09853552208477,260.55212735657784,36.25554354197003,6.021257637900078,1
371,59021,2018-11-21 10:30:00,652.0339965820312,694.5062113878827,564.8723369139041,791.9625551959437,1803.8890305143848,42.47221480585142,1
372,59109,2018-11-22 01:10:00,43.8714714050293,54.3018301916157,-73.47036166760894,155.53200620856325,108.79238441692019,10.430358786586403,1
373,59152,2018-11-22 08:20:00,298.7697448730469,303.0480436490469,190.2790736307265,395.9661963791283,18.30384041672346,4.278298776000042,1
374,59153,2018-11-22 08:30:00,202.3709259033203,197.15419118560663,92.43635020604016,307.6181858851966,27.214321114999205,5.216734717713678,1
375,59240,2018-11-22 23:00:00,46.73421859741211,42.950123409109764,-60.459997623312724,139.3568870467247,14.31937639413296,3.784095188302345,1
376,59356,2018-11-23 18:20:00,257.3648376464844,221.84045858243593,126.72099085304585,332.76506646875237,1261.9815078862036,35.524379064048446,1
377,59407,2018-11-24 02:50:00,593.5123291015625,572.8628467341476,458.76443267274436,663.3404314894548,426.4011220421773,20.649482367414862,1
378,59419,2018-11-24 04:50:00,362.6481018066406,338.2675739184043,226.7101692326158,447.29975255245733,594.4101401090687,24.380527888236315,1
379,59424,2018-11-24 05:40:00,380.6457824707031,387.9968370155511,285.0150562940959,501.7192012617265,54.03800292132977,7.351054544847955,1
380,59439,2018-11-24 08:10:00,685.0106811523438,647.9476618679756,550.2867162756816,744.9284191968983,1373.6673984734434,37.063019284368124,1
381,59451,2018-11-24 10:10:00,582.8347778320312,571.3453941096161,458.8017915600093,682.9326094260879,132.005938320898,11.489383722415141,1
382,59602,2018-11-25 11:20:00,116.22010040283205,118.20801722517058,21.070376358368176,236.54284298031328,3.951813292536533,1.9879168223385335,1
383,59944,2018-11-27 20:20:00,337.8302307128906,313.87564121581244,222.79162458445202,410.5694541961523,573.8223579735287,23.95458949707819,1
384,60092,2018-11-28 21:00:00,2046.513916015625,2002.6618959544992,1895.7753329555105,2115.9231304754,1922.9996634413808,43.85202006112581,1
385,60104,2018-11-28 23:00:00,1892.4088134765625,1906.8979612870278,1808.2078361129431,2012.6166141644908,209.93540427351093,14.489147810465283,1
386,60117,2018-11-29 01:10:00,1028.403076171875,927.8290619664847,833.7639808659045,1031.0168198203162,10115.132333386053,100.57401420539031,1
387,60154,2018-11-29 07:20:00,2018.5771484375,1988.083915774348,1856.396548458418,2104.4941232079227,929.8372382491174,30.493232663151957,1
388,60225,2018-11-29 19:10:00,1617.9521484375,1623.6335266298054,1531.2709460581116,1733.2931500209315,32.27805816400308,5.681378192305374,1
389,60266,2018-11-30 02:00:00,1858.996826171875,1860.3403023635833,1757.064641118543,1964.2027063871165,1.8049282776870506,1.3434761917083051,1
390,60400,2018-12-01 00:20:00,801.5183715820312,813.181038559468,707.288994787675,914.2895971239958,136.0178010265935,11.662666977436743,1
391,60402,2018-12-01 00:40:00,645.0068969726562,652.0168515980996,522.6580650975791,749.1741217441487,49.1394638507747,7.009954625443356,1
392,60411,2018-12-01 02:10:00,358.6270446777344,350.4111127984645,243.0446318398127,453.4608997624782,67.50153664480301,8.215931879269874,1
393,60559,2018-12-02 02:50:00,1387.0810546875,1262.9479162870032,1154.2406770667199,1373.1957761449646,15409.036049156897,124.13313840049682,1
394,60570,2018-12-02 04:40:00,1670.6722412109375,1593.9691761700194,1492.3900325163577,1704.4900809936498,5883.360186671311,76.70306504091809,1
395,60592,2018-12-02 08:20:00,1438.052734375,1507.3876578801828,1392.9374071289353,1608.557096042372,4807.331617469552,69.33492350518281,1
396,60669,2018-12-02 21:10:00,1921.269775390625,1868.9037839714158,1771.258157706894,1956.2090838623044,2742.197057316691,52.365991419209195,1
397,60747,2018-12-03 10:10:00,1671.6064453125,1723.9287822301078,1627.2342372017445,1832.9847328629833,2737.626940519664,52.3223369176078,1
398,60753,2018-12-03 11:10:00,1159.737060546875,1265.2556929371938,1169.881314443006,1361.3433333956086,11134.18178152323,105.51863239031877,1
399,60774,2018-12-03 14:40:00,1160.387451171875,1117.7662797673302,995.1258269863379,1220.957576732287,1816.5642518955906,42.62117140454484,1
400,60872,2018-12-04 07:00:00,745.5244140625,778.6351409236896,645.1598229885822,870.6341413567519,1096.3202332763037,33.11072686118962,1
401,60945,2018-12-04 19:10:00,220.1114044189453,195.93696834982472,93.06365165202668,285.1598726487541,584.4033592599985,24.17443606912059,1
402,60956,2018-12-04 21:00:00,305.31939697265625,283.48628193238557,174.1603037172282,391.8910081636057,476.68491236169393,21.833115040270684,1
403,60990,2018-12-05 02:40:00,282.6576232910156,280.4556473868931,183.17566715062515,373.8349071821432,4.848697882336315,2.2019759041225484,1
404,61110,2018-12-05 22:40:00,759.5255737304688,712.6983907079148,622.2579622668367,824.9291525503025,2192.785069827768,46.82718302255398,1
405,61117,2018-12-05 23:50:00,497.0345458984375,488.4568359433592,385.9825005030723,596.2045516469805,73.5771080734497,8.57770995507832,1
406,61421,2018-12-08 02:30:00,2048.094970703125,2065.5046236286994,1946.224822664986,2199.1170777427983,303.096014988961,17.40965292557439,1
407,61519,2018-12-08 18:50:00,1853.7564697265625,1846.936956050846,1706.78323087721,1946.9023628702193,46.50576677328447,6.819513675716507,1
408,61612,2018-12-09 10:20:00,1919.166015625,1698.4716504298074,1590.7158297920637,1800.2259689496595,48706.002828909055,220.69436519519263,1
409,61616,2018-12-09 11:00:00,1535.6199951171875,1479.1686381711688,1372.700473238834,1576.372556570076,3186.7557010468113,56.45135694601868,1
410,61914,2018-12-11 12:40:00,51.262001037597656,34.228379259704546,-81.00058618086213,128.33536360370186,290.14427087231445,17.03362177789311,1
411,61948,2018-12-11 18:20:00,385.6925354003906,411.8916678042963,300.16627311056664,500.500260039932,686.3945387173791,26.19913240390565,1
412,61958,2018-12-11 20:00:00,390.4740905761719,306.77883086287943,191.39730180830986,403.1501280829437,7004.896498475473,83.69525971329244,1
413,62052,2018-12-12 11:40:00,403.7422790527344,435.7032183426431,323.87633943307316,533.4555124459229,1021.5016402932301,31.96093928990871,1
414,62317,2018-12-14 07:50:00,726.7916870117188,828.8473045870575,716.9620436341089,946.7451089820686,10415.349078683785,102.05561757533872,1
415,62464,2018-12-15 08:20:00,1882.1729736328125,1884.7133955799043,1779.4213513536154,1988.9002018985254,6.453743669265552,2.5404219470917724,1
416,62502,2018-12-15 14:40:00,2043.91943359375,2043.0606051662098,1947.0866689071836,2151.0171362050874,0.7375862679511291,0.8588284275401747,1
417,62717,2018-12-17 02:30:00,1217.16552734375,1265.2839767958783,1168.4846742874145,1374.021925015176,2315.3851776770252,48.11844945212829,1
418,62966,2018-12-18 20:30:00,363.2595520019531,383.38101499853866,269.8977740314128,476.6746587215417,404.87327312296094,20.121462996585535,1
419,63149,2018-12-20 03:00:00,781.1123046875,698.457029927909,593.7359719475556,794.3503404418327,6831.8944455834735,82.65527475959095,1
420,63179,2018-12-20 08:00:00,927.4701538085938,961.5394585873208,853.137950091888,1048.3616860171112,1160.7175281057964,34.06930477872709,1
421,63222,2018-12-20 15:10:00,1301.6959228515625,1250.7148175388622,1149.8586849281255,1352.3372706517628,2599.073098904635,50.981105312700265,1
422,63259,2018-12-20 21:20:00,562.2520751953125,500.43864277893476,391.74785983186695,609.5633801596307,3820.900427094098,61.813432416377736,1
423,63359,2018-12-21 14:00:00,2047.2098388671875,2023.605945413851,1888.1403485485657,2136.5541590163543,557.1437861564601,23.603893453336468,1
424,63392,2018-12-21 19:30:00,298.5152587890625,311.50241751122144,215.61718749351584,414.164400772147,168.66629167454897,12.987158722158938,1
425,63455,2018-12-22 06:00:00,2024.71875,1914.5769061841952,1825.8815849278856,2017.3014667554678,12131.22575914514,110.1418438158048,1
426,63520,2018-12-22 16:50:00,635.0313720703125,596.2800356652566,479.32676257531796,701.0998304955062,1501.6660731778104,38.751336405055895,1
427,63619,2018-12-23 09:20:00,209.81211853027344,199.18531910134365,112.4983293042105,311.23722148732224,112.92886610270243,10.626799428929786,1
428,63669,2018-12-23 17:40:00,112.43849182128906,103.61973607354308,-3.8575394352787087,204.1245659598417,77.7704529384028,8.818755747745982,1
429,63690,2018-12-23 21:10:00,233.9358062744141,208.4079476699189,92.39866548325055,317.58910801004066,651.6715649310986,25.52785860449518,1
430,63724,2018-12-24 02:50:00,274.30877685546875,242.14429836068177,130.61948736344414,338.71703731943177,1034.5536768416139,32.16447849478698,1
431,63735,2018-12-24 04:40:00,6.859291076660156,0.5765627411507338,-104.75277236259258,94.58083692875051,39.472675337813,6.282728335509423,1
432,63757,2018-12-24 08:20:00,27.16119384765625,34.54677047319076,-68.40886946952004,145.0638366663144,54.54674209164175,7.385576625534512,1
433,63823,2018-12-24 19:20:00,421.4765319824219,371.1763045725011,271.0046874440915,498.11235215052574,2530.112877489743,50.30022740992075,1
434,64054,2018-12-26 09:50:00,240.5969696044922,225.47865238792767,143.29336311661535,326.1494296105107,228.5635154606712,15.11831721656452,1
435,64087,2018-12-26 15:20:00,116.33444213867188,116.14725454109958,0.11793827389089145,226.360092368353,0.03503919668488562,0.1871875975722901,1
436,64177,2018-12-27 06:20:00,19.909400939941406,26.41871049550474,-68.71027398987665,120.35749030614053,42.37111089014813,6.509309555563334,1
437,64212,2018-12-27 12:10:00,-7.523098945617676,2.731348214241077,-86.88946446746677,96.6181259561482,105.15368655433524,10.254447159858753,1
438,64335,2018-12-28 08:40:00,98.5057601928711,103.56472903824366,17.950053678507324,195.20447097723678,25.59316577845019,5.058968845372561,1
439,64514,2018-12-29 14:30:00,674.0888671875,615.2045323475219,511.67181481446875,716.1043794621964,3467.3648895466613,58.88433483997812,1
440,64671,2018-12-30 16:40:00,385.6551208496094,382.6317191398938,289.3810927777565,478.2780183233604,9.140957898311127,3.0234017097155856,1
441,64824,2018-12-31 18:10:00,360.6419982910156,395.3990579470595,296.59843209201557,514.8853177070944,1208.0531959337911,34.75705965604385,1
442,65007,2019-01-02 00:40:00,366.3529968261719,339.7950387502168,230.34722969497167,435.3695848748274,705.3251371641871,26.55795807595507,1
443,65107,2019-01-02 17:20:00,-0.4623666703701019,-8.542256690798721,-112.77718611684199,90.23295802935036,65.284622742222,8.07989002042862,1
444,65159,2019-01-03 02:00:00,-1.8560184240341189,-0.15855343717471973,-107.24095337767488,103.48713170981611,2.88138738161358,1.6974649868593992,1
445,65215,2019-01-03 11:20:00,-1.4057725667953491,10.042916932972565,-111.50849503011736,125.44555269302293,131.0724912620961,11.448689499767914,1
446,65232,2019-01-03 14:10:00,-1.2243825197219849,7.75263983475611,-152.5400259537835,159.46874125673372,80.58693035279944,8.977022354478095,1
447,65316,2019-01-04 04:10:00,41.93984222412109,54.56535918737338,-57.484540759834154,156.77159228077633,159.40367858937145,12.625516963252295,1
448,65699,2019-01-06 20:00:00,185.09458923339844,208.1027122831169,119.58637719560218,287.0464448939549,529.3737262709853,23.00812304971845,1
449,65730,2019-01-07 01:10:00,656.2329711914062,599.8181476035118,484.61476844592596,700.3480626573291,3182.6323204532564,56.41482358789449,1
450,65751,2019-01-07 04:40:00,705.5799560546875,666.8556223172361,561.458929245408,765.7438096576714,1499.5740234095158,38.72433373745139,1
451,65952,2019-01-08 14:10:00,749.7149658203125,794.6768532369206,686.2793608210509,902.4126697278026,2021.57132006374,44.96188741660808,1
452,66122,2019-01-09 18:30:00,356.32733154296875,327.03487046849466,232.78895660081616,420.4656292339924,858.0482757995798,29.29246107447409,1
453,66150,2019-01-09 23:10:00,477.6443481445313,528.9427264327231,424.80512358194795,636.780302320765,2631.5236149984307,51.29837828819183,1
454,66213,2019-01-10 09:40:00,509.3767700195313,552.7303491907683,434.7062798547528,662.1483645192432,1879.532826956711,43.35357917123696,1
455,66483,2019-01-12 07:30:00,1292.8099365234375,1244.074322787955,1148.6383927029879,1340.4334263206017,2375.160046174151,48.7356137354825,1
456,66518,2019-01-12 13:20:00,1268.302001953125,1259.2265504227855,1155.3952976463693,1349.6785873410745,82.36382047954118,9.075451530339478,1
457,66541,2019-01-12 17:10:00,979.38623046875,1027.5140795444242,919.6284969344038,1138.3425560715204,2316.2898566508784,48.12784907567425,1
458,66598,2019-01-13 02:40:00,1426.3768310546875,1400.8825871478546,1307.078923932672,1491.0808659233394,649.9564723810882,25.494243906832935,1
459,66923,2019-01-15 08:50:00,1128.34765625,1043.5504554888764,949.8400494257572,1163.7127935433502,7190.565256922297,84.79720076112358,1
460,66930,2019-01-15 10:00:00,1231.911376953125,1299.7021030990747,1195.3956221131887,1407.3980338801389,4595.582551395155,67.79072614594975,1
461,66997,2019-01-15 21:10:00,849.9584350585938,834.9340674381956,747.11253591559,927.1856763172703,225.73162239286845,15.024367620398152,1
462,67002,2019-01-15 22:00:00,1072.703857421875,1094.9113462919163,998.6925371345757,1188.908553730513,493.1725619130077,22.20748887004129,1
463,67172,2019-01-17 02:20:00,801.6032104492188,773.7409244354585,693.3825632421864,873.3609795567108,776.3069819125795,27.86228601376024,1
464,67221,2019-01-17 10:30:00,1105.817138671875,946.2320690476384,851.5320896237132,1059.0214167181884,25467.394446972427,159.58506962423655,1
465,67302,2019-01-18 00:00:00,47.12757873535156,39.678043485656055,-62.99851544220151,151.6130796946971,55.495575436455916,7.449535249695508,1
466,67333,2019-01-18 05:10:00,284.9629821777344,403.13805606092467,300.6285381650183,507.061276515567,13965.348087297485,118.1750738831903,1
467,67334,2019-01-18 05:20:00,269.485107421875,301.6606692793005,195.6129427668246,416.5494802628825,1035.266780841016,32.17556185742552,1
468,67450,2019-01-19 00:40:00,1074.95703125,1060.0043624756293,959.1892647363487,1157.206608331283,223.58230347604206,14.95266877437075,1
469,67683,2019-01-20 15:30:00,-1.5919640064239502,-6.370206800829922,-98.07776589529107,102.91624564091306,22.83160420229259,4.778242794405972,1
470,67701,2019-01-20 18:30:00,34.7197265625,8.321180009196596,-94.69548086780874,108.24583436925143,696.8832601269271,26.398546553303404,1
471,67844,2019-01-21 19:10:00,791.3977661132812,793.3603959436724,697.6512310418753,888.7461563183142,3.8519158511412543,1.9626298303911653,1
472,68163,2019-01-24 01:50:00,210.9335784912109,244.42935388826794,119.10929332274536,341.7254182931464,1121.966969450091,33.49577539705703,1
473,68244,2019-01-24 15:20:00,84.324462890625,100.6543782499147,-3.4752714987241036,196.39298875751197,266.66613564156563,16.3299153592897,1
474,68403,2019-01-25 17:50:00,840.5303955078125,793.8983459898269,688.1640785493529,890.5958088981544,2174.5480422478604,46.63204951798559,1
475,68424,2019-01-25 21:20:00,1495.475830078125,1458.3868347804207,1367.64433343342,1576.7726607290947,1375.5935721931307,37.08899529770429,1
476,68499,2019-01-26 09:50:00,875.0729370117188,870.8517517907509,762.7344865692871,981.0990342552338,17.81840466971755,4.221185220967868,1
477,68548,2019-01-26 18:00:00,1996.605712890625,1942.2949169871044,1833.8223224776689,2040.708584565493,2949.6625516738654,54.31079590352056,1
478,68579,2019-01-26 23:10:00,470.3087463378906,451.1782950867862,344.2378525483284,550.4740904491973,365.97416507088315,19.130451251104432,1
479,68649,2019-01-27 10:50:00,2035.0596923828125,2029.374936261723,1914.7001869168043,2134.7390404047055,32.3164521562651,5.684756121089549,1
480,68746,2019-01-28 03:00:00,1837.737548828125,1826.0077400266425,1731.2082684593163,1926.9111400670438,137.58841451933577,11.729808801482477,1
481,68768,2019-01-28 06:40:00,1050.1834716796875,1155.2125541874987,1050.2956813682365,1251.3338773435873,11031.108172432603,105.02908250781115,1
482,68774,2019-01-28 07:40:00,652.1466064453125,747.7523582502273,642.4216752301251,852.1526247449625,9140.45977818297,95.6057518049148,1
483,68961,2019-01-29 14:50:00,365.0103759765625,394.5792683100175,286.4061638596743,490.96616162498077,874.3193938274528,29.568892333454983,1
484,69033,2019-01-30 02:50:00,1151.10498046875,1136.982977266673,1019.1857663444127,1236.9924987666695,199.43097443947133,14.12200320207694,1
485,69043,2019-01-30 04:30:00,889.6116943359375,852.5980382187747,742.9815650893896,967.6065992227803,1370.0107391595818,37.01365611716278,1
486,69053,2019-01-30 06:10:00,1145.523681640625,1055.8145292817535,966.2093187171365,1181.993489798775,8047.732016947221,89.7091523588715,1
487,69072,2019-01-30 09:20:00,680.961669921875,640.2062628644638,540.0993158039179,731.970856698973,1661.0032044152795,40.75540705741116,1
488,69085,2019-01-30 11:30:00,262.8586730957031,259.76878265861507,139.33439621988862,354.33182493196324,9.547422913208234,3.0898904370880587,1
489,69144,2019-01-30 21:20:00,253.55865478515625,297.74127625288105,189.19044516523442,397.0190670669495,1952.1040397602565,44.1826214677248,1
490,69312,2019-02-01 01:20:00,1387.6866455078125,1435.4055807639254,1340.3253845697084,1524.7023963694458,2277.096781977095,47.7189352561129,1
491,69358,2019-02-01 09:00:00,953.6176147460938,1002.6440623667139,888.8036449899013,1118.861787144767,2403.5925662974123,49.02644762062016,1
492,69391,2019-02-01 14:30:00,1012.7144165039062,1047.3502364534127,951.8895410994987,1141.6952170326977,1199.6400235746264,34.63581994950641,1
493,69443,2019-02-01 23:10:00,1044.1064453125,1099.8147580600396,1000.210194618887,1197.6113067099948,3103.4161091776823,55.708312747539594,1
494,69559,2019-02-02 18:30:00,591.360595703125,545.1895858223537,442.87040993295415,658.3789795393504,2131.7621534102805,46.171009880771294,1
495,69728,2019-02-03 22:40:00,1158.4036865234375,1156.6484697618703,1039.9611986283855,1263.287467671666,3.0807858800865406,1.755216761567226,1
496,69862,2019-02-04 21:00:00,228.27182006835935,238.9387402597583,117.46834396625064,341.6192425634737,113.78318636967478,10.666920191398958,1
497,70147,2019-02-06 20:30:00,653.513519287109,656.6313335678498,565.0150662995543,759.8828427541373,9.720765889190844,3.117814280740731,1
498,70172,2019-02-07 00:40:00,1176.31715087891,1232.7938882730175,1132.4450460828878,1331.3465180420121,3189.6218666829727,56.47673739410743,1
499,70261,2019-02-07 15:30:00,1893.94274224176,1915.033017198906,1815.6970077922056,2023.1684506724878,444.7996977680194,21.090274957145994,1
500,70308,2019-02-07 23:20:00,1423.82748894943,1374.4055430519375,1266.3770507618215,1463.876824026629,2442.528736294686,49.421945897492606,1
501,70316,2019-02-08 00:40:00,1351.06965637207,1293.575886418507,1193.2652578568343,1385.4230148966187,3305.5335834732305,57.49376995356306,1
502,70387,2019-02-08 12:30:00,2047.30317993164,2046.7309655148238,1929.4397609743044,2156.561636787024,0.3274293388123303,0.5722144168162231,1
503,70426,2019-02-08 19:00:00,2012.73128051758,2020.3356594659354,1917.5895490102153,2122.5897635648316,57.82657919019019,7.604378948355361,1
504,70566,2019-02-09 18:20:00,1203.10268249512,1330.742489887713,1230.3488199498622,1446.081058248187,16291.920431218228,127.63980739259296,1
505,70569,2019-02-09 18:50:00,1608.09517822266,1562.757001660781,1477.2908579945151,1664.50491410243,2055.5502539561126,45.33817656187898,1
506,70576,2019-02-09 20:00:00,1337.10547790527,1323.2849806117665,1222.9857893848543,1432.1776904463657,191.0061454397354,13.820497293503422,1
507,70593,2019-02-09 22:50:00,478.693775939941,518.0213568495858,428.531603213248,604.8829810502538,1546.6586202046565,39.32758090964478,1
508,70739,2019-02-10 23:10:00,613.658032226562,660.0377995215229,549.7980213205569,760.1398135651432,2151.0828143347208,46.37976729496086,1
509,70801,2019-02-11 09:30:00,9.89300545156003,48.35950353356029,-59.72478426462414,143.0212045256776,1479.67147469253,38.466498082000264,1
510,70815,2019-02-11 11:50:00,336.375317382813,282.58877354961464,195.27609674734217,382.8900445622313,2892.9922975205704,53.78654383319838,1
511,70866,2019-02-11 20:20:00,223.695207977295,246.4545023259635,137.9112749689048,355.30906367037625,517.9854792493328,22.759294348668476,1
512,71145,2019-02-13 18:50:00,743.151937866211,802.8106597573817,699.1005085450275,899.5669739731838,3559.1630976880465,59.65872189117067,1
513,71161,2019-02-13 21:30:00,1422.74402465821,1433.3124965887778,1336.2895468813313,1535.0903462326646,111.69259894719819,10.568471930567739,1
514,71186,2019-02-14 01:40:00,414.607359313965,411.89792361486224,335.5721003644804,509.58792541044454,7.341041807572436,2.7094356991027553,1
515,71303,2019-02-14 21:10:00,814.205267333984,803.3722162210169,704.2158752252012,905.730578638494,117.35499641615891,10.833051112967155,1
516,71381,2019-02-15 10:10:00,364.178237067329,297.4998388922821,201.68569380170374,400.4197022011155,4446.008783190095,66.67839817504688,1
517,71411,2019-02-15 15:10:00,1052.56031188965,1045.3801401012322,934.4733433848121,1138.8038457826833,51.554866911189976,7.180171788417738,1
518,71440,2019-02-15 20:00:00,1684.59213867188,1620.289586200316,1506.5762397792832,1722.367305249626,4134.818254358243,64.30255247156401,1
519,71505,2019-02-16 06:50:00,431.066865539551,411.36718861973316,304.17449701496105,523.8591240432717,388.07727074520284,19.69967691981782,1
520,71511,2019-02-16 07:50:00,339.207878875733,314.09935959798867,205.1351745478228,414.8355055611464,630.4377403208589,25.108519277744335,1
521,71584,2019-02-16 20:00:00,909.740847778321,855.9502567547303,762.4060993547153,940.5851811715307,2893.4276826672035,53.790591023590764,1
522,71721,2019-02-17 18:50:00,675.929920959473,655.3422379391993,554.5087299204795,775.9827390000572,423.85269214326314,20.58768302027363,1
523,71899,2019-02-19 00:30:00,1044.90570068359,1060.0082292755435,980.0878782523445,1158.1611826048852,228.08636987076954,15.102528591953387,1
524,72200,2019-02-21 02:40:00,1646.13013980263,1505.4109256309418,1402.4838576665813,1607.133619687892,19801.897237097462,140.71921417168824,1
525,72242,2019-02-21 09:40:00,1321.38224792481,1289.508158196236,1183.6761410196461,1392.5460420280028,1015.9575960251761,31.874089728573836,1
526,72257,2019-02-21 12:10:00,861.628952026367,810.9367258024497,689.4373436663785,941.7105445740452,2569.7017995368046,50.69222622391726,1
527,72406,2019-02-22 13:00:00,261.607215479801,204.31104871869928,100.89242065385247,304.37973517854016,3282.8507255159802,57.296166761101745,1
528,72415,2019-02-22 14:30:00,165.556055831909,136.5682843662198,27.38265236722419,234.57041685968204,840.2908945470238,28.98777146568918,1
529,72451,2019-02-22 20:30:00,516.799290466309,409.76984510425393,314.7564111173622,500.79580814762625,11455.302174509132,107.02944536205507,1
530,72457,2019-02-22 21:30:00,648.713348388672,676.2431759937907,580.8477124954154,775.3774141241231,757.891407967557,27.529827605118726,1
531,72581,2019-02-23 18:10:00,126.525360774994,138.6087566900881,45.37038311890123,234.52047209595113,146.00845684091246,12.083395915094087,1
532,78375,2019-04-04 23:50:00,358.777865600586,347.93160820505875,252.0262111589082,455.62655895214095,117.64129949002917,10.846257395527232,1
533,78385,2019-04-05 01:30:00,607.451440429688,472.1745902825352,360.9002601491771,570.8379712285761,18299.826185735234,135.2768501471528,1
534,78575,2019-04-06 09:10:00,587.224934895833,546.3519251703034,446.1050689598607,653.6062380107921,1670.6029240232406,40.87300972552964,1
535,78677,2019-04-07 02:10:00,258.46392364502,263.184164605988,167.5650431006647,368.66481856386247,22.280674729600097,4.720240960967999,1
536,78759,2019-04-07 15:50:00,208.39873046875,223.5575175889939,122.64344129687105,337.13204075278395,229.78882695687278,15.158787120243915,1
537,78767,2019-04-07 17:10:00,61.2070298132144,74.32752708492568,-31.409196032320274,181.3653955907821,172.14744865698313,13.12049727171128,1
538,78781,2019-04-07 19:30:00,172.040072631836,196.21432489242434,78.2576252795401,313.3732391397448,584.39447235856,24.174252260588332,1
539,78818,2019-04-08 01:40:00,245.397765731812,269.68428170054,167.49821281786421,354.24189806352706,589.83485789928,24.286515968727997,1
540,78840,2019-04-08 05:20:00,224.311240641276,268.3765788224087,158.7158033491505,389.75351362599434,1941.7540290175928,44.06533818113272,1
541,78891,2019-04-08 13:50:00,336.550831222534,279.3989387894043,184.5285028171102,387.6751830569004,3266.338808688023,57.15189243312966,1
542,78995,2019-04-09 07:10:00,919.533879089357,900.3738825286647,803.28298497209,991.3259698678002,367.10546820574154,19.15999656069232,1
543,82791,2019-05-21 22:40:00,158.758785629272,141.7183728490205,40.256327447969,247.8714636408087,290.3756677213587,17.0404127802515,1
544,83129,2019-05-24 07:00:00,322.845688763787,256.3976745343612,153.89417091989782,368.8620907607519,4415.338595033971,66.44801422942578,1
545,83388,2019-05-26 02:10:00,1133.29462585449,1098.1837116982404,996.1834524802706,1211.755779074615,1232.776292887535,35.11091415624969,1
546,83406,2019-05-26 05:10:00,811.900402832031,751.0008485166077,643.3195847729675,858.9138494679042,3708.755715817193,60.8995543154233,1
547,83522,2019-05-27 00:30:00,526.02725982666,618.802781750658,517.271786344401,709.633069188813,8607.297468270232,92.77552192399799,1
548,83617,2019-05-27 16:20:00,822.602606201172,743.6015371321679,647.3921006867768,829.3795314596996,6241.168914045552,79.00106906900407,1
549,83637,2019-05-27 19:40:00,13.4781968514125,5.675862193746801,-115.60633285480134,107.26292116777728,60.87642611021132,7.802334657665699,1
550,83694,2019-05-28 05:10:00,473.20426940918,466.483204115558,370.6959029070148,566.2788679219738,45.172718681129666,6.721065293621962,1
551,83711,2019-05-28 08:00:00,152.153127670288,161.84972355113737,84.72706558049056,262.9418543959962,94.02397167650501,9.696595880849372,1
552,83757,2019-05-28 15:40:00,208.368970942497,248.28556434439636,149.8547595641794,371.75165244683467,1593.3344288125568,39.91659340189938,1
553,83771,2019-05-28 18:00:00,-1.4457850323783,0.4034352894375138,-109.23061479758051,108.12376157790415,3.419615798616581,1.8492203218158136,1
554,84251,2019-06-01 02:00:00,330.575793457031,290.66653243294223,177.94877196892224,380.257234046149,1592.7491154888517,39.90926102408878,1
555,84376,2019-06-01 22:50:00,894.045370483398,821.3900217915254,723.0181087234009,933.3820781768097,5278.799693537581,72.65534869187252,1
556,84554,2019-06-03 04:30:00,488.417451477051,499.6030616911223,382.34832838743665,612.2775909878438,125.11787586113722,11.185610214071346,1
557,84790,2019-06-04 19:50:00,351.479056107371,323.7078584970766,237.22926294839826,426.539615538498,771.239416710021,27.771197610294394,1
558,84802,2019-06-04 21:50:00,227.877995300293,256.5335036778799,133.87650603878237,364.1919207852142,821.1381603779513,28.65550837758687,1
559,84809,2019-06-04 23:00:00,188.327825927734,194.5858310073303,70.81626597496373,297.9140546264245,39.162627576253115,6.258005079596302,1
560,84823,2019-06-05 01:20:00,206.489829254151,252.01782381979447,148.42879570865261,345.35816356142107,2072.7982891692614,45.52799456564347,1
561,84836,2019-06-05 03:30:00,462.893739318848,421.1924095786678,329.3051971550854,511.6490358273356,1739.0009020992375,41.7013297401802,1
562,84921,2019-06-05 17:40:00,109.918076515198,94.65307414437756,-20.008808975736798,208.30424144865339,233.02029738115365,15.26500237082044,1
563,84955,2019-06-05 23:20:00,88.0987216949463,79.29199688157712,-19.63142070191731,184.67841450978418,77.55840193841253,8.806724813369186,1
564,85070,2019-06-06 18:30:00,214.322063446045,214.50886141593108,124.15203080595901,316.33024403820787,0.034893481553557947,0.18679796988607222,1
565,85107,2019-06-07 00:40:00,110.770038986206,129.8036436848074,22.429573601840126,225.00367547243178,362.2781078226216,19.03360469860141,1
566,85225,2019-06-07 20:20:00,12.9972774585088,21.98283016740331,-95.93111818747231,116.13707978339171,80.74015748432149,8.985552708894511,1
567,85389,2019-06-08 23:40:00,1116.44989929199,1124.0563395324277,1003.5239278622142,1231.2188778311368,57.8579331313496,7.606440240437678,1
568,85403,2019-06-09 02:00:00,1100.29186706543,1032.7673651165626,931.889669563176,1123.6320054295725,4559.558363442612,67.52450194886751,1
569,85631,2019-06-10 16:00:00,1458.8866394043,1379.7986092144206,1258.9671058950069,1482.8885548155358,6254.9165193152785,79.08803018987942,1
570,85711,2019-06-11 05:20:00,2012.9372253418,2048.878541813316,1928.7785818747761,2174.021837909093,1291.7782297056726,35.941316471516075,1
571,85735,2019-06-11 09:20:00,1919.36878051758,1834.883355274322,1737.9341383223646,1950.8997415462443,7137.787078534149,84.48542524325808,1
572,85763,2019-06-11 14:00:00,1702.19180908203,1720.1240671170963,1621.4764273692826,1817.3064464157885,321.5658782361998,17.932258035066297,1
573,85823,2019-06-12 00:00:00,723.303428649902,663.0820119124504,534.8373543102585,773.9248280794349,3626.619033865815,60.22141673745159,1
574,85965,2019-06-12 23:40:00,380.234800639905,421.74890524753994,313.78388833270816,530.8787807313789,1723.420881373655,41.51410460763492,1
575,86052,2019-06-13 14:10:00,412.739966201782,435.33996522166467,345.5044023923829,540.4052008297072,510.7599556986972,22.59999901988266,1
576,86121,2019-06-14 01:40:00,250.629042434692,246.68902071310558,145.22715569962978,355.8720249143009,15.523771166572807,3.940021721586419,1
577,86177,2019-06-14 11:00:00,359.488139433019,330.05074313372694,214.99910694479877,429.608654430421,866.5603008815739,29.43739629929206,1
578,86232,2019-06-14 20:10:00,537.298175048828,471.0648006717202,366.60880466322885,568.2453866813378,4386.859881378126,66.23337437710785,1
579,86237,2019-06-14 21:00:00,653.80163269043,621.5465707578329,525.110458902917,737.3200859941928,1040.389020275673,32.25506193259707,1
580,86425,2019-06-16 04:20:00,264.013208007813,262.8317516814137,172.80511280195952,351.1354465264949,1.3958390511888272,1.1814563263992568,1
581,86429,2019-06-16 05:00:00,462.107835388184,430.15481562070624,328.4343626936212,525.5996476589569,1020.9954722608251,31.95301976747777,1
582,86433,2019-06-16 05:40:00,384.071673583984,411.66019509361087,329.8944025628033,516.8137245105834,761.126519087143,27.588521509626844,1
583,86491,2019-06-16 15:20:00,1897.86150512695,1649.6182242292452,1552.122518030439,1750.8951698279873,61624.72651085679,248.24328089770484,1
584,86504,2019-06-16 17:30:00,1393.04327087403,1377.8019926880777,1258.4958097264528,1491.2999167586247,232.29656074158532,15.241278185952297,1
585,86632,2019-06-17 14:50:00,932.99331817627,1043.417854684108,931.4221799097479,1154.1818057566018,12193.578262970863,110.42453650783807,1
586,86633,2019-06-17 15:00:00,1002.07416229248,982.1878765791942,883.4177561159045,1078.8253663469548,395.4643594704355,19.886285713285815,1
587,86857,2019-06-19 04:20:00,-1.24945704387501,10.485829863407014,-106.64501017993082,132.97860513050944,137.7169587962249,11.735286907282024,1
588,86959,2019-06-19 21:20:00,254.477009823448,327.69071733973146,228.920847991392,426.2199316438487,5360.246968279904,73.21370751628348,1
589,87006,2019-06-20 05:10:00,1209.53338317871,1147.4333999309774,1048.2182736974364,1258.9637088759368,3856.407919368664,62.09998324773255,1
590,87052,2019-06-20 12:50:00,1479.14546508789,1472.5987882989539,1379.9879869258582,1572.2819807940077,42.85897697879483,6.546676788936111,1
591,87099,2019-06-20 20:40:00,349.632565307617,364.39336908824043,237.9882670777364,466.25071782008865,217.88132825006622,14.760803780623405,1
592,87252,2019-06-21 22:10:00,-0.560175016708673,-20.748241060960723,-140.18540220092441,87.05741784943152,407.5580106070826,20.18806604425205,1
593,87345,2019-06-22 13:40:00,130.121942710876,107.85291110672763,27.346792499001417,216.77019855676866,495.9097685865588,22.269031604148367,1
594,87418,2019-06-23 01:50:00,174.346012496948,159.68127592234728,52.034897087745534,282.508509058897,215.05449880243177,14.66473657460071,1
595,87438,2019-06-23 05:10:00,52.0312833786011,42.126340368038896,-66.38055889743688,141.03554987590547,98.10789604248511,9.904943010562206,1
596,87680,2019-06-24 21:30:00,43.4201636314392,50.46747453937787,-65.09064974614931,159.7447231943455,49.664591033151304,7.047310907938666,1
597,87703,2019-06-25 01:20:00,-0.933091530203819,12.226181157528787,-75.99772965073225,100.9288079606259,173.16645767010533,13.159272687732606,1
598,87754,2019-06-25 09:50:00,497.90154876709,479.48283146220734,355.9235627636185,590.5405431748179,339.24914715718353,18.418717304882648,1
599,87892,2019-06-26 08:50:00,600.075321960449,649.8038068462761,543.838127772923,758.5870992732638,2472.922209039937,49.72848488582713,1
600,87916,2019-06-26 12:50:00,904.646145629883,979.1576479257224,865.508835572078,1073.230938046241,5551.963974382875,74.51150229583936,1
601,88062,2019-06-27 13:10:00,486.745874786377,423.8314817149308,322.0024753191777,542.636850761803,3958.220855548434,62.91439307144617,1
602,88081,2019-06-27 16:20:00,739.529774475098,696.3698772988498,574.8707543309343,801.6819632916936,1862.776724264312,43.15989717624814,1
603,88105,2019-06-27 20:20:00,476.779446411133,484.7346580422969,375.2802146077716,587.3269354631024,63.28539209660594,7.955211631163934,1
604,88148,2019-06-28 03:30:00,728.574746704102,757.719323519574,642.4685179895184,880.1078749245625,849.406357752946,29.144576815471964,1
605,88152,2019-06-28 04:10:00,456.789065551758,503.42531387090725,400.80208690596066,620.7382481536712,2174.9396572853534,46.636248319149274,1
606,88168,2019-06-28 06:50:00,325.008889770508,313.80026648563467,204.9810044085806,419.5133935533267,125.63323594220483,11.20862328487334,1
607,88173,2019-06-28 07:40:00,310.520805358887,325.06757066878106,224.16363530963213,421.95818575579557,211.60838098113712,14.546765309894056,1
608,88207,2019-06-28 13:20:00,356.405216217041,387.0751986300069,273.1300250295973,499.05731896203133,940.6478212116381,30.669982412965908,1
609,88215,2019-06-28 14:40:00,396.470956420899,543.8273197959702,417.8414864410027,658.0043903999516,21713.89782712603,147.35636337507123,1
610,88216,2019-06-28 14:50:00,472.90069732666,559.758697182939,426.6206826486541,667.876360298389,7544.312139033369,86.85799985627904,1
611,88233,2019-06-28 17:40:00,399.273531595866,400.2643001155642,297.4339998339385,505.09239497392883,0.9816222596249206,0.9907685196981788,1
612,88242,2019-06-28 19:10:00,437.429779815674,455.4306905114178,352.34003565855096,551.2716381738447,324.032785876144,18.000910695743812,1
613,88374,2019-06-29 17:10:00,271.924436950684,284.5521335043311,193.8149856873831,402.58983991888374,159.45872025099007,12.62769655364707,1
614,88586,2019-07-01 04:30:00,662.358435058594,649.805162813011,568.7272337279636,746.6791036789516,157.5846440717245,12.553272245583003,1
615,88650,2019-07-01 15:10:00,294.852519035339,236.51542635071507,135.35090808364893,341.16593408754255,3403.216382894404,58.33709268462394,1
616,88655,2019-07-01 16:00:00,491.577038955688,486.86397657742714,371.57374087074703,602.5271399550574,22.212956981378028,4.713062378260872,1
617,88717,2019-07-02 02:20:00,262.221095275879,285.2028373939824,193.21230931161537,407.7724745748436,528.1604707830077,22.981742118103398,1
618,88831,2019-07-02 21:20:00,75.6337152481079,93.18289523586049,-10.556828589379972,179.75520608418745,307.97371824253565,17.54917998775258,1
619,88993,2019-07-04 00:20:00,432.491993713379,397.11306024306936,307.2486552760936,494.6698646671787,1251.6689334965943,35.37893347030962,1
620,89007,2019-07-04 02:40:00,136.529156875611,158.66065227077925,53.49961585449261,267.8242766698301,489.80308842635384,22.13149539516826,1
621,89022,2019-07-04 05:10:00,288.564321899414,324.22931955507687,230.6857505671289,429.9845684578908,1271.9920577784392,35.66499765566289,1
622,89089,2019-07-04 16:20:00,112.99491186142,138.95376112427843,8.871359469879176,241.6695270441123,673.861855051806,25.958849262858436,1
623,89130,2019-07-04 23:10:00,190.1916773179,193.3788382763405,82.86966675627521,296.5867192623974,10.157994975007371,3.1871609584405007,1
624,89159,2019-07-05 04:00:00,390.304945373535,414.66962338616145,323.6525576257028,520.1224384419063,593.6375346589617,24.364678012626428,1
625,89538,2019-07-07 19:10:00,-1.08193801641464,-0.4900856252373834,-105.83546707876573,109.80855823351055,0.3502892529422363,0.5918523911772565,1
626,89562,2019-07-07 23:10:00,163.133264160156,148.3016520906459,42.93360497213153,241.7545718913003,219.97671658043768,14.8316120695101,1
627,89586,2019-07-08 03:10:00,31.8568432331085,24.132026399473595,-88.05545737658845,126.0011174774141,59.67279511320918,7.724816833634904,1
628,89677,2019-07-08 18:20:00,129.247686888042,103.54697883667684,-6.963931722358228,214.50157786019116,660.5263943415064,25.70070805136517,1
629,89686,2019-07-08 19:50:00,257.728776550293,263.259261269686,154.1892818406538,381.1745870002691,30.586261231439803,5.53048471939303,1
630,89826,2019-07-09 19:10:00,-0.662073518708349,-5.536647179698483,-107.5818285620268,90.31481547950165,23.76146837641876,4.8745736609901344,1
631,89923,2019-07-10 11:20:00,446.37714920044,388.0156367214108,284.1560640668778,490.29262075945746,3406.066138839883,58.361512479029216,1
632,90086,2019-07-11 14:30:00,304.128536987305,365.7899652445857,270.2993373732207,476.1721781233356,3802.1317347277754,61.661428257280704,1
633,90145,2019-07-12 00:20:00,105.31687130928,89.9774309748864,-27.005564051265825,186.41167138305326,235.29842977242126,15.3394403343936,1
634,90153,2019-07-12 01:40:00,389.123892466227,338.1922039759432,236.6003577058044,436.3834022198477,2594.0368924713093,50.93168849028382,1
635,90199,2019-07-12 09:20:00,990.523171997071,1052.7172782145228,957.3211048142971,1155.401277424754,3868.1068481876773,62.194106217451804,1
636,90204,2019-07-12 10:10:00,1240.90351257324,1330.6889333334468,1233.1370507593247,1426.671729297807,8061.421781087367,89.78542076020676,1
637,90564,2019-07-14 22:10:00,224.1539894104,295.668405600087,191.97085172678925,396.51384184622236,5114.3117229517675,71.51441618968701,1
638,90627,2019-07-15 08:40:00,-0.713823023624718,-4.22630838654483,-102.50425202069593,90.89758555649466,12.337553424728034,3.5124853629201125,1
639,91012,2019-07-18 00:50:00,455.599784851074,494.47742336460396,391.9653952079866,605.9144678339792,1511.470776388709,38.87763851352997,1
640,91037,2019-07-18 05:00:00,284.801842498779,287.7016123619881,179.93908759301254,396.36607718342395,8.408665259575649,2.8997698632090874,1
641,91279,2019-07-19 21:20:00,122.204308700562,128.19274579068738,33.533269688819,231.86108737562637,35.861378782389416,5.988437090125387,1
642,91317,2019-07-20 03:40:00,859.309698486329,710.1930088162246,620.5561425364496,798.7647891975063,22235.787138170217,149.1166896701044,1
643,91323,2019-07-20 04:40:00,490.103950500488,550.7952637511372,450.1573277645298,637.7702846350462,3683.4355040884293,60.691313250649216,1
644,91324,2019-07-20 04:50:00,522.308030700684,472.1821867026412,364.3875012304716,595.3641326132051,2512.6002365161175,50.12584399804274,1
645,91373,2019-07-20 13:00:00,1911.94946899414,1865.0652334292097,1769.6492552217353,1978.1172611822246,2198.13154450788,46.88423556493035,1
646,91382,2019-07-20 14:30:00,1315.10203857422,1322.876621602076,1220.23305533824,1425.4593054030868,60.444141257028505,7.774583027856124,1
647,91606,2019-07-22 03:50:00,1110.91022949219,1112.696014588169,1004.2270134187656,1213.822270439995,3.1890284090207563,1.7857850959790085,1
648,91615,2019-07-22 05:20:00,770.222927856445,662.8759844871536,552.5479385552853,761.3209287147545,11523.366250729869,107.34694336929147,1
649,91681,2019-07-22 16:20:00,1187.96597086589,1234.9578431446937,1134.2242312713465,1345.1937518127124,2208.236060267391,46.99187227880361,1
650,91719,2019-07-22 22:40:00,370.416352844238,444.6083396609512,331.99893059649617,563.2189737926889,5504.450907811339,74.19198681671315,1
651,91828,2019-07-23 16:50:00,490.041519165039,476.2530147971824,368.21956207955685,591.1847603667674,190.12285270240062,13.788504367856603,1
652,91978,2019-07-24 17:50:00,111.572609349301,121.55179170702512,12.113901312895852,212.04271459440764,99.58408052871219,9.979182357724113,1
653,92047,2019-07-25 05:30:00,369.45972442627,318.3827602173039,199.51001374706377,429.4805016748707,2608.856272804004,51.0769642089661,1
654,92140,2019-07-25 21:00:00,462.440238952637,572.1875154633904,459.27922695895563,690.3877618635155,12044.464701527755,109.74727651075335,1
655,92268,2019-07-26 18:20:00,-1.10594552755356,15.496153809303326,-90.21187421052576,123.8732911328799,275.6297023908638,16.602099336856885,1
656,92271,2019-07-26 18:50:00,-1.08140453100204,-0.7091419746295605,-125.32373698673715,123.2927910381898,0.1385794108769734,0.3722625563724794,1
657,92274,2019-07-26 19:20:00,-1.13944371436772,-6.730533485356121,-118.33737392057249,89.2486029406088,31.260284827251123,5.5910897709884,1
658,92338,2019-07-27 06:00:00,50.0076027333737,37.23513079194194,-58.32923889497121,142.86245600904718,163.13603949466162,12.77247194143176,1
659,92377,2019-07-27 12:30:00,164.275022983551,180.89660825770284,93.41979704471596,286.7423361841993,276.2770970259013,16.62158527415184,1
660,92433,2019-07-27 21:50:00,779.381028747559,741.1962955139257,626.2584002685102,848.0271124488112,1458.0738521237326,38.18473323363321,1
661,92463,2019-07-28 02:50:00,1410.13879394531,1511.9123860571394,1407.9652552760174,1606.7605409270498,10357.86405134503,101.77359211182943,1
662,92530,2019-07-28 14:00:00,1045.26427307129,1097.8547711961796,991.5597112437903,1207.8945130334212,2765.7604930240127,52.590498124889564,1
663,92556,2019-07-28 18:20:00,636.693864440918,712.5704369325933,614.4352198019437,841.716651218227,5757.254253084464,75.87657249167535,1
664,92803,2019-07-30 11:30:00,1223.53970489502,1171.3527564661993,1076.9889310690942,1266.6305706116348,2723.4775863123855,52.18694842882064,1
665,92844,2019-07-30 18:20:00,1207.82393188477,1171.5963770899793,1063.8511393823412,1283.701721857038,1312.435726409559,36.22755479479065,1
666,92909,2019-07-31 05:10:00,1584.1517578125,1474.4124223019387,1370.6706275054482,1574.8403276983092,12042.72175829952,109.7393355105612,1
667,92916,2019-07-31 06:20:00,1854.33369140625,1726.6803873638355,1605.9285709230646,1832.6479385783314,16295.366032945105,127.65330404241445,1
668,92917,2019-07-31 06:30:00,1839.05919189453,1795.751539483376,1712.1518535813461,1901.8291220003166,1875.5527573653214,43.30765241115387,1
669,92923,2019-07-31 07:30:00,1980.31586914063,1981.1331358581144,1864.7058907746089,2081.5065441148345,0.6679248875078436,0.8172667174844719,1
670,93113,2019-08-01 15:10:00,167.228632736206,196.13513402097604,82.29541783243774,285.6748627967044,835.5858165264115,28.90650128477003,1
671,93142,2019-08-01 20:00:00,116.838536024094,67.59864768281184,-21.693814518062997,168.41068880516897,2424.5666038619343,49.23988834128215,1
672,93207,2019-08-02 06:50:00,190.68563304228,152.3516631627096,52.09615918146027,251.1432045802207,1469.49324672781,38.33396987957039,1
673,93218,2019-08-02 08:40:00,56.2473224639893,60.077520783531604,-53.872980912827536,154.4099853511435,14.670419167024695,3.830198319542305,1
674,93265,2019-08-02 16:30:00,144.968629074097,112.65913199826879,-6.453651317235779,216.47841508560438,1043.9036012929523,32.30949707582822,1
675,93482,2019-08-04 04:40:00,400.145372009277,451.14593822849287,345.8110896914454,554.6074612017245,2601.05775468062,51.00056621921584,1
676,93528,2019-08-04 12:20:00,1170.17780914307,1114.6611456187622,1023.2202710384872,1231.0281907687213,3082.099928871193,55.51666352430766,1
677,93599,2019-08-05 00:10:00,300.935856628418,363.4360810562746,251.45554092165114,452.7238870188127,3906.2780535324437,62.50022442785661,1
678,93603,2019-08-05 00:50:00,232.526230621338,217.98608414309336,108.22643237367058,313.65728692484254,211.4158596088095,14.540146478244623,1
679,93645,2019-08-05 07:50:00,627.504324340821,532.5240204808154,448.2384977860715,624.5912153703505,9021.258121338999,94.98030386000562,1
680,93859,2019-08-06 19:30:00,1101.72596130371,1126.7059531528682,1028.1881483232835,1231.4408188649725,623.9999927840149,24.979991849158296,1
681,93914,2019-08-07 04:40:00,874.104006958008,885.4109799537536,783.9826393045372,975.4149760095551,127.84763832651983,11.306972995745582,1
682,93926,2019-08-07 06:40:00,384.493135070801,365.30794624123195,265.9623128801253,451.913223459795,368.07147042622023,19.18518882956903,1
683,94230,2019-08-09 09:20:00,1628.46440734863,1591.7264258224961,1500.325832468829,1706.7033435215292,1349.679286614549,36.73798152613381,1
684,94333,2019-08-10 02:30:00,1633.60288391113,1630.8607652657777,1511.1705625716115,1757.1895583226603,7.519214665188845,2.7421186453523205,1
685,94357,2019-08-10 06:30:00,2055.24375,2025.8427771020501,1912.2050674566094,2126.004829416773,864.417207345987,29.40097289794994,1
686,94405,2019-08-10 14:30:00,2040.83299560547,2046.3077605577841,1889.333236769079,2198.7228229653156,29.973051283088093,5.474764952314217,1
687,94476,2019-08-11 02:20:00,1428.52698364258,1478.928120902816,1377.5985348935374,1578.1947549772085,2540.274637125155,50.401137260236055,1
688,94489,2019-08-11 04:30:00,1430.6654083252,1403.7867443282146,1295.4990600626516,1499.8596096104943,722.4625782628351,26.878663996985324,1
689,94576,2019-08-11 19:00:00,78.1482810974121,88.11159435298391,-3.221699282103887,187.3864209358529,99.26761102865312,9.96331325557182,1
690,94802,2019-08-13 08:40:00,222.230059814453,255.1228506249217,151.58830463364072,358.8742454432335,1081.9356873012548,32.89279081046871,1
691,94807,2019-08-13 09:30:00,401.536819076538,425.05415050736286,323.275299540919,527.5833029373684,553.0648776272632,23.517331430824868,1
692,94835,2019-08-13 14:10:00,596.575920104981,546.8914134586054,444.3330743953871,647.7407185281728,2468.5502006937477,49.68450664637567,1
693,94934,2019-08-14 06:40:00,106.486412668228,108.44471460677667,15.723938167376872,198.0208851824868,3.8349464825234874,1.9583019385486722,1
694,94954,2019-08-14 10:00:00,1115.3556427002,1083.7639539951283,986.6596915940391,1191.8867333287794,998.0347952381514,31.591688705071647,1
695,95008,2019-08-14 19:00:00,624.424206542969,608.3775885078753,519.9614391844569,708.2131786603846,257.4939503641953,16.04661803509373,1
696,95041,2019-08-15 00:30:00,1017.5594543457,1028.794098631556,939.1733794623706,1117.547315046303,126.21723222971447,11.234644285855893,1
697,95125,2019-08-15 14:30:00,1275.54160461426,1256.1629569902639,1159.8121579165968,1366.939162215442,375.53198373501084,19.37864762399613,1
698,95165,2019-08-15 21:10:00,294.721281433105,313.3210476566343,194.09476583461037,432.4010300165722,345.9513035699409,18.599766223529286,1
699,95187,2019-08-16 00:50:00,226.029669761658,226.03798848127195,132.26209546850032,337.24581913136984,6.920109601557238e-05,0.008318719613953363,1
700,95217,2019-08-16 05:50:00,309.198183441162,309.3351776975835,196.20030856020838,410.11920326643707,0.018767426292488114,0.13699425642153074,1
701,95288,2019-08-16 17:40:00,2021.06934814453,1992.4356308681301,1882.3037543467435,2086.763934978951,819.8897650648033,28.63371727639992,1
702,95350,2019-08-17 04:00:00,653.788670590049,633.2831926605556,540.8674681486306,724.8086808786234,420.47462511694073,20.505477929493395,1
703,95360,2019-08-17 05:40:00,726.833824157715,704.1879053413566,579.8351028296634,801.3162872890737,512.8376390370955,22.645918816358403,1
704,95459,2019-08-17 22:10:00,629.952662658691,630.3083237375888,525.6840933411438,736.0721405516168,0.1264948030427546,0.3556610788978105,1
705,95604,2019-08-18 22:20:00,816.337836371528,863.9654968557768,764.9172484010837,973.4690136029155,2268.3940432028685,47.627660484248736,1
706,95638,2019-08-19 04:00:00,837.947512817383,870.62456708894,771.0841305474662,983.9398397108881,1067.789875866284,32.67705427155704,1
707,95936,2019-08-21 05:40:00,660.250442504883,686.2812691044535,580.31832207495,777.2932385207666,677.6039334569043,26.030826599570446,1
708,96032,2019-08-21 21:40:00,474.961177062988,456.94246435989936,362.40530050839925,552.2583684913716,324.67400747644734,18.018712703088624,1
709,96062,2019-08-22 02:40:00,250.467865753174,256.2889840308158,152.41754046112385,336.55713526086623,33.88541800229545,5.821118277641801,1
710,96197,2019-08-23 01:10:00,482.501065063476,444.5350317029915,335.61732833992505,557.25477562163,1441.4196891294232,37.966033360484516,1
711,96298,2019-08-23 18:00:00,100.898074300666,105.70832241419457,5.242417357023242,207.4444621346823,23.138486913705194,4.810248113528573,1
712,96508,2019-08-25 05:00:00,88.4401634216309,106.69298347166537,0.746762348745523,223.18619524867654,333.1654397789404,18.252820050034472,1
713,96521,2019-08-25 07:10:00,60.8266014099121,92.56883583420449,-14.66415271835941,205.09454773575106,1007.5694462467329,31.74223442429239,1
714,96591,2019-08-25 18:50:00,133.857723659939,192.8325330469763,89.99304904696214,324.0548930180977,3478.028142237381,58.97480938703728,1
715,96626,2019-08-26 00:40:00,156.381868743896,144.84666827161092,46.776586995112474,241.32999854067023,133.060849935806,11.535200472285084,1
716,96629,2019-08-26 01:10:00,182.257717132568,208.26520212214226,101.51319203670627,309.21949398011657,676.3892754829308,26.007484989574266,1
717,96934,2019-08-28 04:00:00,617.252990722656,628.1129085918716,533.5150343943957,721.297277078732,117.93781612610753,10.859917869215565,1
718,96987,2019-08-28 12:50:00,1065.79835205078,1023.828637066383,923.7498973202918,1106.4152523972118,1761.4569758715277,41.969714984397115,1
719,97254,2019-08-30 09:20:00,1185.2069152832,1045.1638613991436,947.504125407477,1147.3466643699223,19612.05694117274,140.04305388405646,1
720,97304,2019-08-30 17:40:00,739.794453430176,768.2615347351236,659.6059417875799,874.845700412853,810.374718022501,28.46708130494767,1
721,97506,2019-09-01 03:20:00,618.069281005859,653.9874497283458,552.5261736074865,749.3405345889639,1290.114844377031,35.918168722486826,1
722,97526,2019-09-01 06:40:00,309.185899353027,316.9167753977372,211.44352127483393,430.974659211165,59.76644441867337,7.730876044710158,1
723,97527,2019-09-01 06:50:00,207.835395812988,201.76405777243,86.4572434548175,300.9023244327465,36.8611456027267,6.071338040558004,1
724,97551,2019-09-01 10:50:00,374.334101867676,382.4705681016674,277.80019686222175,488.7412022892597,66.20208277688265,8.136466233991428,1
725,97609,2019-09-01 20:30:00,497.513326544511,579.8618684537512,463.1453831150929,677.1112767568931,6781.282354577885,82.34854190924017,1
726,97818,2019-09-03 07:20:00,254.686504364014,275.2235319679376,165.6460183043187,382.5801800635596,421.7695028043201,20.537027603923605,1
727,97837,2019-09-03 10:30:00,318.918125152588,287.97985383397315,188.5994957452511,384.75296867848823,957.1766321842264,30.938271318614852,1
728,97850,2019-09-03 12:40:00,633.52787475586,639.558602585829,528.4176672252938,729.9903554114416,36.36967815916272,6.03072782996901,1
729,97856,2019-09-03 13:40:00,949.106573486329,890.7867187457049,769.23593396046,999.9755747564438,3401.205456967498,58.31985474062412,1
730,97868,2019-09-03 15:40:00,732.815489027235,751.8602140268166,671.4746074803944,844.3545003053554,362.7015503096885,19.044724999581604,1
731,98017,2019-09-04 16:30:00,1905.0492553711,1912.7627751754767,1782.065695284995,2038.8312858824122,59.49838777251313,7.713519804376801,1
732,98128,2019-09-05 11:00:00,206.194184494019,257.9890109558791,144.51979371814434,368.97033381566973,2682.7040482142042,51.79482646186011,1
733,98220,2019-09-06 02:20:00,1513.0835144043,1465.517490990206,1357.9800489043969,1559.2606569520963,2262.526583430154,47.56602341409416,1
734,98315,2019-09-06 18:10:00,407.62713470459,488.99721457992564,388.35538342613495,603.1538865837364,6621.089898918503,81.37007987533565,1
735,98320,2019-09-06 19:00:00,909.64642944336,976.2575537705902,872.3300754291187,1080.2851842296966,4437.041884137717,66.61112432723019,1
736,98330,2019-09-06 20:40:00,700.800045776367,661.3117746563127,562.9977873073883,755.289864080295,1559.3235560509206,39.48827112005438,1
737,98415,2019-09-07 10:50:00,303.641395568848,216.50461440220707,128.903416679222,318.9712449145341,7592.818632083069,87.13678116664093,1
738,98467,2019-09-07 19:30:00,450.29488067627,565.6137450265882,468.8968751325555,662.5702076925528,13298.440475047082,115.31886435031817,1
739,98498,2019-09-08 00:40:00,475.963194274902,541.3573082751379,437.36030685825006,631.5016381401176,4276.390145875856,65.39411400023596,1
740,98518,2019-09-08 04:00:00,297.707999420166,269.20766486080396,167.91564819818913,376.80445782027056,812.2690699955665,28.500334559362045,1
741,98526,2019-09-08 05:20:00,345.3072265625,330.31955252950075,225.53372674346653,435.2484128201728,224.6303729194392,14.987674032999223,1
742,98539,2019-09-08 07:30:00,52.4042241573334,49.40190002580556,-54.3677952633585,152.36553956929998,9.013950190754414,3.0023241315278426,1
743,98574,2019-09-08 13:20:00,-0.74903402402997,4.562839298495111,-104.35142783850061,115.97272065086436,28.21599819455364,5.311873322525081,1
744,98732,2019-09-09 15:40:00,107.339540863037,74.13290199737484,-35.53668617336265,183.9599321759725,1102.6808647545045,33.20663886566216,1
745,98964,2019-09-11 06:20:00,1944.09218139649,1835.844572350419,1716.3891067634913,1940.5964507856806,11717.544864191064,108.24760904607115,1
746,98996,2019-09-11 11:40:00,1799.78323184743,1728.0264144286537,1640.762473724904,1831.6221138749909,5149.040846071603,71.75681741877634,1
747,99020,2019-09-11 15:40:00,647.398148345947,721.9374790459667,617.510012525409,821.3553014105671,5556.111821206902,74.53933070001972,1
748,99043,2019-09-11 19:30:00,590.748629760742,699.424928977255,602.824981399161,792.2350556358165,11810.538011397071,108.67629921651303,1
749,99077,2019-09-12 01:10:00,362.293856811524,345.9087232763468,243.0002675452016,452.84999169710824,268.4726009655886,16.385133535177204,1
750,99494,2019-09-14 22:40:00,1287.4884765625,1265.3413075123199,1148.4939506145147,1346.4521260466413,490.4970969372545,22.147169050180082,1
751,99513,2019-09-15 01:50:00,1691.77883911133,1624.8038789234822,1508.9553528310764,1739.7145115411556,4485.645292163788,66.97496018784773,1
752,99528,2019-09-15 04:20:00,798.994411892361,772.9417651508926,665.1545295656264,897.8684751455488,678.740402235743,26.05264674146838,1
753,99592,2019-09-15 15:00:00,241.99914855957,239.10689670152948,128.7016053188508,340.9714423597319,8.36512081033878,2.8922518580405097,1
754,99807,2019-09-17 02:50:00,112.914968109131,84.71207284805628,-21.82712610726224,193.35860499511472,795.4033011071507,28.202895261074715,1
755,99829,2019-09-17 06:30:00,41.8547214508057,58.0630818902981,-39.827603553936335,162.7285967105884,262.71094813650234,16.208360439492402,1
756,99998,2019-09-18 10:40:00,-0.11630300367251,9.665618650056913,-121.41608465972121,123.35124536646445,95.68599123970057,9.781921653729423,1
757,100059,2019-09-18 20:50:00,-2.73882686150702,32.906190256955036,-71.6553054958227,150.60092011827265,1270.567245375453,35.64501711846206,1
758,100094,2019-09-19 02:40:00,-0.136576003208757,-11.569418774409458,-94.98716022034658,84.59631323677361,130.70989383099612,11.4328427712007,1
759,100179,2019-09-19 16:50:00,-0.196328007802367,3.838140779878476,-101.33843985357112,102.27423018818313,16.27693839877093,4.034468787680843,1
760,100190,2019-09-19 18:40:00,-0.592718521133065,-3.046567426310518,-107.32004618792173,111.52301928649588,6.021374449440584,2.453848905177453,1
761,100226,2019-09-20 00:40:00,294.398477172852,249.0347409789365,150.13454766750013,350.25175704798176,2057.868561471158,45.363736193915486,1
762,100231,2019-09-20 01:30:00,379.811846923828,418.70756498082864,315.77956878595825,524.0922089651789,1512.8768831696852,38.895718057000636,1
763,100285,2019-09-20 10:30:00,419.370702362061,418.6324504705255,328.99698600498937,526.8079282166723,0.5450158553557825,0.7382518915355263,1
764,100289,2019-09-20 11:10:00,291.766571807861,293.82740500458794,196.75086504663233,403.1320454679378,4.247033464731805,2.0608331967269464,1
765,100351,2019-09-20 21:30:00,431.516396915211,447.7084268412921,341.14950530557854,551.5202291257244,262.18183312710744,16.192029926081148,1
766,100408,2019-09-21 07:00:00,699.307238769531,700.2161862653761,590.8997813521589,799.8444628440224,0.8261855502031774,0.9089474958451547,1
767,100488,2019-09-21 20:20:00,539.1693854081,487.17230649033695,383.16830596292164,584.0344905993406,2703.6962159800755,51.99707891776302,1
768,100489,2019-09-21 20:30:00,597.928004673549,531.5645585383855,431.8137684295874,611.5422789235042,4404.106982934745,66.36344613516349,1
769,100525,2019-09-22 02:30:00,260.63116607666,221.32160556189197,116.89904310205209,314.6542911927577,1545.2415478642104,39.30956051476804,1
770,100797,2019-09-23 23:50:00,498.989958190918,456.2993462964605,357.39402472678853,563.6510785466527,1822.4883439231965,42.690611894457504,1
771,100843,2019-09-24 07:30:00,258.072842788696,252.9751483996244,151.13362020837408,353.8106753506445,25.986488084371988,5.097694389071592,1
772,100847,2019-09-24 08:10:00,439.543640136719,464.77193455547405,360.7854424637115,585.6106331172265,636.4668392793882,25.22829441875507,1
773,100969,2019-09-25 04:30:00,419.450759887695,442.2093754083758,347.15417608956,562.9545712644259,517.9545804181727,22.75861552068079,1
774,101029,2019-09-25 14:30:00,411.957350921631,446.2802575907673,340.0671212339207,537.8478157499147,1178.0619222182393,34.32290666913627,1
775,101082,2019-09-25 23:20:00,596.814387512207,654.5577962198957,559.2963610945918,766.003333305768,3334.301249183189,57.743408707688786,1
776,101192,2019-09-26 17:40:00,1033.51103515625,1120.1448343326103,1020.5746200207383,1222.9907892689546,7505.415159729926,86.6337991763603,1
777,101203,2019-09-26 19:30:00,1169.29957885742,1081.2859899564123,983.0790692785409,1185.4671373038805,7746.3918312356,88.01358890100778,1
778,101241,2019-09-27 01:50:00,557.866662276419,524.8944564318535,419.6205786428026,625.0300216824992,1087.166358256396,32.97220584456545,1
779,101299,2019-09-27 11:30:00,1667.95494384766,1774.92300258466,1684.9442133217049,1862.2764563621513,11442.165589962302,106.96805873700009,1
780,101416,2019-09-28 07:00:00,1023.03885498047,971.805927893065,875.4320902186327,1081.9411687467705,2624.812817943353,51.23292708740496,1
781,101423,2019-09-28 08:10:00,1799.55313110352,1764.214604773793,1653.7070847069733,1861.2676170278771,1248.8114431567976,35.33852632972685,1
782,101495,2019-09-28 20:10:00,954.682005310059,936.0273087161403,846.3239929635415,1040.8899393280465,347.99770501116353,18.654696593918743,1
783,101599,2019-09-29 13:30:00,568.998598480225,588.1773486542229,491.6303866801775,691.5263228516059,367.8244582366228,19.178750173997855,1
784,101617,2019-09-29 16:30:00,1618.20935974121,1634.4242588147886,1511.1862098986014,1767.2858601413834,262.9229519663413,16.214899073578636,1
785,101670,2019-09-30 01:20:00,479.886763000488,534.7404587362529,434.811309860683,647.5125642982771,3008.927935871874,54.853695735764916,1
786,101770,2019-09-30 18:00:00,625.978399658203,619.7497321935533,509.68552208902526,701.1617239065982,38.79629838518541,6.228667464649675,1
787,101776,2019-09-30 19:00:00,771.943037414551,735.0251859470566,621.9518866089721,846.2132312652449,1362.9277569759795,36.917851467494415,1
788,101795,2019-09-30 22:10:00,671.206546020508,592.2774687533994,508.4206813367521,694.0961519465461,6229.799238237199,78.9290772671086,1
789,101899,2019-10-01 15:30:00,1972.26703491211,1955.2060664108035,1842.6723196926068,2076.4160788569707,291.0766462025703,17.060968501306434,1
790,101932,2019-10-01 21:00:00,1398.21642456055,1453.824669374481,1354.901252391758,1545.923264624529,3092.2768912860756,55.608244813930924,1
791,101961,2019-10-02 01:50:00,426.959683990479,372.054073000324,263.8312944683202,464.3412249563682,3014.6261182022263,54.90561099015497,1
792,102111,2019-10-03 02:50:00,-0.396390508301556,-9.777269218528145,-114.1425610388014,120.58703103035249,88.00088537598248,9.38087871022659,1
793,102192,2019-10-03 16:20:00,545.708805847168,501.49093106110115,391.282715233684,595.1761885869207,1955.2204505962898,44.217874786066886,1
794,102221,2019-10-03 21:10:00,1482.39625244141,1370.0151343929115,1274.7701989323464,1473.1753991562853,12629.515693830575,112.38111804849859,1
795,102242,2019-10-04 00:40:00,576.388663844058,603.1110563118025,513.9147439997122,698.1329281003592,714.0862592001679,26.7223924677445,1
796,102516,2019-10-05 22:20:00,754.013088989258,785.946269462625,683.9146302246098,883.8140798946705,1019.7280151446258,31.933180473366974,1
797,102718,2019-10-07 08:00:00,354.368115234375,390.94364065997655,289.07630662591924,487.6697563905279,1337.7690601588247,36.57552542560154,1
798,102776,2019-10-07 17:40:00,350.531012641059,326.14190731459354,238.20191182075163,411.36584503792733,594.828458625427,24.389105326465483,1
799,102784,2019-10-07 19:00:00,277.832257080078,238.29493271773424,125.95962247630658,324.9243045442078,1563.2000177331831,39.53732436234378,1
800,102900,2019-10-08 14:20:00,1327.21966552735,1432.0338287110917,1324.279391223885,1520.2329517031872,10986.008803908058,104.81416318374181,1
801,102978,2019-10-09 03:20:00,307.252914428711,305.5809715115644,208.6347239052649,409.9411927128549,2.7953931181965697,1.6719429171465663,1
802,103008,2019-10-09 08:20:00,1247.84854431152,1251.0560994327568,1146.6667253941962,1359.997764808946,10.28840985577202,3.2075551212367373,1
803,103011,2019-10-09 08:50:00,1383.6509552002,1300.4799379578192,1182.5328418218428,1381.2269027745108,6917.4181091324235,83.17101724238091,1
804,103029,2019-10-09 11:50:00,1702.62984619141,1607.5087346361659,1484.4567016136282,1739.0198246532705,9048.025863505205,95.12111155524417,1
805,103033,2019-10-09 12:30:00,1787.36716180099,1833.8312759017615,1734.91651420442,1927.3390994806455,2158.913899169507,46.46411410077144,1
806,103053,2019-10-09 15:50:00,409.227758026123,404.48835712894095,307.7071118044415,501.449872228302,22.461920864210168,4.739400897182065,1
807,103129,2019-10-10 04:30:00,1751.6887878418,1763.5753287801958,1648.1631566464125,1866.2830670708775,141.28985548016192,11.88654093839591,1
808,103317,2019-10-11 11:50:00,1927.28641967774,2002.8238426009073,1907.0431997410112,2091.6642387973725,5705.902261873432,75.53742292316724,1
809,103366,2019-10-11 20:00:00,740.680093383789,863.8733591862643,766.9705499269334,972.9531204966307,15176.580739079347,123.19326580247537,1
810,103404,2019-10-12 02:20:00,848.175891113282,783.0817736206176,674.3335739789372,884.1414057738152,4237.244132148797,65.0941174926644,1
811,103441,2019-10-12 08:30:00,204.981523132324,195.81107770754065,91.65279714727718,294.68795734242184,84.09706928893019,9.170445424783367,1
812,103491,2019-10-12 16:50:00,237.99489440918,244.85649183770764,149.1110943779069,337.481838236656,47.081519271176994,6.861597428527631,1
813,103499,2019-10-12 18:10:00,178.222059631348,192.80848549832118,86.19020922309284,298.63270846895324,212.76381957270408,14.586425866973173,1
814,103617,2019-10-13 13:50:00,1848.38856506348,1874.8369288060392,1757.4535495547523,1972.6175958185165,699.5159446587198,26.448363742559195,1
815,103625,2019-10-13 15:10:00,2026.23928222656,1982.58911916652,1883.2621651808788,2097.9323309218,1905.3367351680681,43.65016306003986,1
816,103628,2019-10-13 15:40:00,1636.76033325196,1761.8025692226706,1652.8715246600204,1862.8912377056868,15635.560776554881,125.04223597071064,1
817,103725,2019-10-14 07:50:00,297.592234802246,296.3186372666539,189.4056134806406,410.00489644779776,1.6220506826662775,1.2735975355921028,1
818,103746,2019-10-14 11:20:00,199.588511276245,186.53402844356222,92.2958593420261,303.00919071236524,170.41952202880904,13.054482832682766,1
819,103849,2019-10-15 04:30:00,181.633006668091,213.68393488738755,117.62555890441523,338.2193571022122,1027.261999718499,32.05092821929654,1
820,104036,2019-10-16 11:40:00,783.972595214844,793.250444639774,704.4549152916485,911.5882482084083,86.07848995167335,9.277849424929968,1
821,104154,2019-10-17 07:20:00,451.03116607666,470.31371423988446,362.5197730834273,577.7707116690661,371.8166636670716,19.282548163224476,1
822,104187,2019-10-17 12:50:00,391.226285552978,443.0091334367735,349.9130250955411,549.2304984921135,2681.4633349562996,51.782847883795455,1
823,104279,2019-10-18 04:10:00,276.670806884766,317.6160800970507,215.73919234231983,410.0602367601504,1676.5153984286383,40.94527321228469,1
824,104303,2019-10-18 08:10:00,413.230213366057,406.9118544973348,306.21321046907633,514.3799365008757,39.92165879396066,6.318358868722214,1
825,104363,2019-10-18 18:10:00,1117.7549041748,1064.6491345581246,958.275591781268,1173.2771050473966,2820.222766579403,53.10576961667539,1
826,104373,2019-10-18 19:50:00,1652.4841003418,1667.7530187162376,1577.9651763888633,1761.7662340317097,233.13986832523784,15.26891837443759,1
827,104580,2019-10-20 06:20:00,115.672722053528,107.10685278086179,8.891351018179765,215.2684241971062,73.3741163964073,8.56586927266622,1
828,104630,2019-10-20 14:40:00,581.359516906738,626.5536574921581,519.6356038279588,736.1548436608804,2042.510343254715,45.19414058542009,1
829,104661,2019-10-20 19:50:00,897.558683776856,819.7125268335828,712.2287576492749,913.8873076454141,6060.024150836718,77.84615694327317,1
830,104687,2019-10-21 00:10:00,709.659397888184,721.2525053690466,613.2275795239606,813.0087882664667,134.4001410628327,11.593107480862614,1
831,104703,2019-10-21 02:50:00,749.103015136719,725.3099995712629,614.2930599775543,829.2757341565241,566.1075896980377,23.79301556545613,1
832,104778,2019-10-21 15:20:00,421.223693084717,445.4007085201708,338.64640737659516,541.8238251414722,584.5280753661698,24.177015435453768,1
833,105037,2019-10-23 10:30:00,78.6513984203338,55.85734927864322,-35.896974258205674,163.3402860044664,519.5686762738053,22.794049141690586,1
834,105230,2019-10-24 18:40:00,628.783721923828,534.995642333565,442.7291907535088,630.0926737536762,8796.20387322951,93.78807959026301,1
835,105373,2019-10-25 18:30:00,2006.86133422852,2013.5499458818317,1902.9986876464206,2107.047307653512,44.73752584881683,6.688611653311682,1
836,105384,2019-10-25 20:20:00,2014.05655517578,2028.4262906724136,1933.2410758528695,2141.4174113587615,206.4892982432136,14.369735496633666,1
837,105512,2019-10-26 17:40:00,-7.8901330396533,14.190101586136631,-99.84706211980016,116.30788711953052,487.5367611299326,22.08023462578993,1
838,105630,2019-10-27 13:20:00,776.315351867676,690.0060988564468,598.3950922217058,790.4436811418432,7449.287155356377,86.3092530112292,1
839,105647,2019-10-27 16:10:00,315.013149261475,315.26533364741624,219.71082260529354,405.6495154366125,0.06359696451255739,0.25218438594123427,1
840,105768,2019-10-28 12:20:00,157.78401889801,162.6659538698645,53.33532120310989,273.5895502804486,23.833289069415912,4.881934971854491,1
841,105770,2019-10-28 12:40:00,192.051914215088,207.4810584640313,97.01996278160908,309.75138773360277,238.05849225469976,15.429144248943288,1
842,105799,2019-10-28 17:30:00,392.819435521176,418.27163816593395,320.91241282025203,511.3362730154333,647.8146194698242,25.45220264475796,1
843,105857,2019-10-29 03:10:00,132.53348274231,176.43424188623538,70.92601192254473,283.87283172983,1927.276653412947,43.90075914392537,1
844,105922,2019-10-29 14:00:00,810.514845275879,822.9900967337131,713.9458776835891,925.6422051707162,155.63189893619267,12.475251457834133,1
845,106166,2019-10-31 06:40:00,853.571508789063,850.2273347956076,736.5473003532434,945.990198775152,11.183499698503814,3.344173993455456,1
846,106295,2019-11-01 04:10:00,371.36983795166,376.16245486612473,270.4739228728579,483.34005441453206,22.969176888813706,4.792616914464759,1
847,106351,2019-11-01 13:30:00,543.828643798828,603.4442145484708,501.4962754228636,720.7764100539124,3554.016275805661,59.61557074964276,1
848,106407,2019-11-01 22:50:00,776.552206420898,712.419598603501,611.0720588816081,824.5668035486538,4112.991385460051,64.132607817397,1
849,106410,2019-11-01 23:20:00,1768.85255126953,1826.8135746949888,1721.2033979410621,1922.1609064902411,3359.480236526576,57.961023425458734,1
850,106442,2019-11-02 04:40:00,1395.23288574219,1374.3999364587817,1273.5895631628784,1492.2909342742375,434.01177584506763,20.832949283408425,1
851,106563,2019-11-03 00:50:00,431.322416687012,547.9643960375237,437.876949113328,652.3883867273275,13605.351346805195,116.64197935051169,1
852,106599,2019-11-03 06:50:00,155.752402877808,166.2028714263651,52.15795038269549,261.3734454509081,109.21229288438109,10.450468548557097,1
853,106658,2019-11-03 16:40:00,327.369803619385,359.6773109459374,256.93579239119913,443.84476835574765,1043.7750296552376,32.30750732655241,1
854,106662,2019-11-03 17:20:00,262.318878173828,316.9129983432461,204.53758509338084,413.7250642815876,2980.5179570728633,54.59412016941809,1
855,106945,2019-11-06 02:50:00,421.528887939453,439.64534752081545,335.49479414679973,522.4944507600413,328.20610776313924,18.11645958136245,1
856,107061,2019-11-06 22:10:00,323.335764312744,349.1317590024856,222.9409909953707,447.76266083307416,665.4333420331756,25.795994689741576,1
857,107114,2019-11-07 07:00:00,121.018216323853,154.2218569279129,43.01690320166811,254.75400772400263,1102.4817493635762,33.20364060405991,1
858,107156,2019-11-07 14:00:00,470.781988525391,450.2749867131334,344.7047383042068,578.0882764245201,420.537123327937,20.507001812257613,1
859,107221,2019-11-08 00:50:00,149.637969970703,175.06328717490806,67.48017362547732,270.3956621984876,646.4467549344449,25.425317204205044,1
860,107369,2019-11-09 01:30:00,216.875006103516,150.36160652287037,45.69223468429016,248.46038930377156,4424.03232377463,66.51339958064563,1
861,107403,2019-11-09 07:10:00,-0.619393513165414,-7.943136038180655,-117.04788309296023,94.20533774539436,53.63720457271662,7.323742525015241,1
862,107498,2019-11-09 23:00:00,1457.83239135742,1484.929007104415,1366.7674599041052,1595.0290836537934,734.2265849402966,27.096615746994985,1
863,107762,2019-11-11 19:00:00,1866.72766723633,1879.064050193538,1763.0072868843142,2012.135695948117,152.18634446688924,12.336382957207888,1
864,107877,2019-11-12 14:10:00,1627.45122680664,1501.9122915524263,1400.4427361347173,1603.094225607606,15760.024264761687,125.53893525421381,1
865,107958,2019-11-13 03:40:00,524.231916809082,612.5606745638221,516.692781723627,745.5229328296267,7801.969446495556,88.32875775474008,1
866,107993,2019-11-13 09:30:00,578.09482421875,537.0842807195356,444.28006804139164,638.4290162420277,1681.8646781009525,41.01054349921435,1
867,108123,2019-11-14 07:10:00,2042.34823608399,2008.535937732666,1878.811051638496,2111.3379382691983,1143.2715197989469,33.81229835132399,1
868,108218,2019-11-14 23:00:00,207.728633880615,180.765288570997,94.17815966734669,278.18763743461284,727.0219902856993,26.963345309618006,1
869,108237,2019-11-15 02:10:00,306.815953826904,322.11508130897505,223.77360144823615,404.0387747024494,234.0633017126623,15.299127482071071,1
870,108302,2019-11-15 13:00:00,1190.97388000488,1127.8942628429345,1007.9590269976417,1221.9133562116106,3979.0381012975977,63.07961716194541,1
871,108473,2019-11-16 17:30:00,321.680154418945,256.9322986984691,151.880245549149,362.40754485019306,4192.284820399565,64.74785572047591,1
872,108495,2019-11-16 21:10:00,259.205066680908,236.34104807303885,141.31414411223741,334.728953650394,522.7633469009857,22.864018607869127,1
873,108539,2019-11-17 04:30:00,18.7544580332935,35.28003280243757,-71.33385446419088,136.77949679613982,273.094621450571,16.525574769144068,1
874,108626,2019-11-17 19:00:00,875.077212524415,846.4835573614122,745.6481220738843,958.2064435016478,817.5971155807188,28.593655163002836,1
875,108631,2019-11-17 19:50:00,1368.99265136719,1357.8519764939417,1251.1236295860551,1465.2349635964179,124.11463663142763,11.140674873248372,1
876,108671,2019-11-18 02:30:00,1102.47397766113,1052.907887591765,956.4856206846047,1160.6342473189395,2456.7972847643955,49.56609006936492,1
877,108876,2019-11-19 12:40:00,109.38875374794,105.96898981760674,2.852013724117515,206.70719687678877,11.69478533920839,3.4197639303332608,1
878,108960,2019-11-20 02:40:00,555.402040100098,597.4973407114651,514.0362629142805,694.7256049404227,1772.0143335613604,42.095300611367065,1
879,109109,2019-11-21 03:40:00,283.94713973999,307.00538854595067,207.43340931592468,405.3276422012614,531.6828379975861,23.05824880596066,1
880,109123,2019-11-21 06:00:00,420.673104858399,420.6230717533363,307.50168456444504,515.9906356551184,0.0025033116022104528,0.050033105062652794,1
881,109172,2019-11-21 14:10:00,351.0880027771,267.4442462888148,178.71647235087093,336.04741686117836,6996.277999471551,83.64375648828519,1
882,109223,2019-11-21 22:40:00,893.727620442708,829.5914782626888,728.506259229261,950.8480001084919,4113.444733735637,64.13614218001919,1
883,109254,2019-11-22 03:50:00,526.342065429688,557.1218537775982,453.890573646642,669.9442703082601,947.3953707421484,30.7797883479102,1
884,109481,2019-11-23 17:40:00,906.91686706543,876.0253896655051,755.677181901861,976.1633841015198,954.283375950067,30.891477399924838,1
885,109544,2019-11-24 04:10:00,-0.755969517491758,-9.407376411679703,-98.23882031471916,89.0184251364953,74.8468412488027,8.651406894187945,1
886,109545,2019-11-24 04:20:00,-0.264503689580842,-13.870903973697411,-133.426448493123,107.10878003039483,185.13412869160746,13.60640028411657,1
887,109631,2019-11-24 18:40:00,224.833750152588,215.76504870753794,125.17080818358589,323.75092180880637,82.24134589945317,9.068701445050067,1
888,109699,2019-11-25 06:00:00,601.981666564942,611.2107115344476,508.736455299738,710.1018392703899,85.1752710491565,9.229044969505594,1
889,109922,2019-11-26 19:10:00,782.895939636231,801.239518195567,712.6341465107994,892.3426830355925,336.4868743625328,18.343578559336038,1
890,110359,2019-11-29 20:00:00,0.363558530807485,-0.4752157198147559,-109.29480423745545,115.58180088114047,0.7035422435069018,0.8387742506222409,1
891,110451,2019-11-30 11:20:00,123.22386932373,106.64960974351142,6.439151319106259,199.5983518931996,274.7060806324674,16.57425958021858,1
892,110522,2019-11-30 23:10:00,151.11325378418,142.15326968934815,45.628044091848565,252.23865264182908,80.28131497963953,8.959984094831839,1
893,110523,2019-11-30 23:20:00,218.384924316406,223.26226380775591,130.78535881623955,321.6175133374692,23.788440513881444,4.877339491349915,1
894,110540,2019-12-01 02:10:00,231.697945845755,189.8385417555244,81.65295828759882,291.0299949893687,1752.209710789213,41.85940409023058,1
895,110620,2019-12-01 15:30:00,632.633699035644,648.1867419063597,549.3617799110722,762.0867567905883,241.89714253831957,15.553042870715672,1
896,110764,2019-12-02 15:30:00,449.120555114746,498.8954851266557,398.87747630110124,597.611453050359,2477.5436576905036,49.774930011909646,1
897,110765,2019-12-02 15:40:00,411.48083190918,415.2957174013775,299.62701386251666,500.5816294138098,14.553351318578995,3.8148854921975044,1
898,110786,2019-12-02 19:10:00,637.530465698242,673.3205518285213,562.2978164366489,782.9492035845084,1280.9302652128101,35.79008613027929,1
899,110813,2019-12-02 23:40:00,343.016720581055,365.11520037364085,279.54219007586147,479.61893214664985,488.3428091433257,22.098479792585863,1
900,110815,2019-12-03 00:00:00,237.01272277832,252.0883514891151,154.30710359514342,345.54357210439906,227.27458102574914,15.075628710795087,1
901,110889,2019-12-03 12:20:00,410.406838989258,368.7187250207615,266.6437793930407,474.9784801707083,1737.8988462503537,41.68811396849651,1
902,110950,2019-12-03 22:30:00,176.665603188907,174.9152821160607,57.323652104860834,274.49976986628155,3.0636238580498385,1.7503210728463046,1
903,110960,2019-12-04 00:10:00,954.435491943359,1016.3940355004078,905.5165486163543,1105.251146774657,3838.861119710708,61.958543557048756,1
904,110997,2019-12-04 06:20:00,1004.4201171875,1034.3920703847207,940.559233323109,1126.10319810757,898.3179784563898,29.971953197220728,1
905,111148,2019-12-05 07:30:00,808.840737735524,791.8899112675991,686.2818689200606,888.2694134603674,287.3305179457038,16.950826467924912,1
906,111240,2019-12-05 22:50:00,1694.82261962891,1779.724728679577,1672.0648268643763,1880.097625254286,7208.368121251377,84.90210905066715,1
907,111269,2019-12-06 03:40:00,1964.05649414063,1951.32557984087,1852.8877405771298,2047.0199961144797,162.0761789078366,12.730914299760116,1
908,111274,2019-12-06 04:30:00,2003.51074829102,1947.25929686535,1851.6003253046629,2024.2885462539818,3164.22578749451,56.251451425669984,1
909,111314,2019-12-06 11:10:00,1791.3975402832,1791.028383823287,1689.6649568335156,1897.3858498984262,0.13627649189551966,0.3691564599130288,1
910,111352,2019-12-06 17:30:00,1386.00505949322,1363.389429535201,1260.631531137338,1471.2623924115608,511.46671839804065,22.61562995801887,1
911,111451,2019-12-07 10:00:00,1110.05657653809,1020.4501211344624,931.4783089766617,1144.7434114557345,8029.3168500023,89.60645540362759,1
912,111549,2019-12-08 02:20:00,2056.48876953125,2023.0217427274,1909.9220863236694,2134.0618123717586,1120.0418830896213,33.4670268038501,1
913,111595,2019-12-08 10:00:00,1993.89700927735,2017.9440713624062,1916.9034082541925,2118.5682980747843,578.2611949225508,24.047062085056268,1
914,111598,2019-12-08 10:30:00,2049.30236173931,2033.0577140877342,1927.1831890324154,2133.550462544837,263.8885773238491,16.24464765157586,1
915,111614,2019-12-08 13:10:00,1718.00468139649,1750.2409662355747,1652.8031567776047,1840.5331310422234,1039.1780602265987,32.23628483908465,1
916,111619,2019-12-08 14:00:00,1954.48950837788,1979.1427086992728,1870.552377596729,2078.064907768758,607.7802860867264,24.653200321392887,1
917,111662,2019-12-08 21:10:00,1778.74428100586,1847.9658355973997,1755.7563094615655,1952.0335187868793,4791.623620069503,69.22155459153964,1
918,111689,2019-12-09 01:40:00,1663.01070556641,1595.9580049502567,1514.8342933829865,1684.299127111831,4496.064659919483,67.05270061615329,1
919,111849,2019-12-10 04:20:00,1581.81546020508,1555.5734946311666,1459.932184425648,1649.016158851463,688.6407571824548,26.241965573913376,1
920,111990,2019-12-11 03:50:00,510.758429276316,489.5134909410857,386.42458065531025,605.4334137594612,451.3474048677381,21.2449383352303,1
921,112124,2019-12-12 02:10:00,702.406506990132,728.7010262736425,633.9937123692122,833.3607769891865,691.4017443509031,26.294519283510454,1
922,112213,2019-12-12 17:00:00,683.945204162598,597.8058158279166,500.509666968405,686.5663272037602,7419.994222673041,86.13938833468137,1
923,112215,2019-12-12 17:20:00,742.577359008789,695.7539135728656,601.0364405809868,790.6472435423154,2192.4350424908976,46.82344543592342,1
924,112560,2019-12-15 02:50:00,2032.5568359375,2018.121242770515,1896.3276501543232,2122.438166298551,208.38635008270322,14.435593166984972,1
925,112637,2019-12-15 15:40:00,847.05170288086,814.5337871525134,719.2640669441802,903.9123155613213,1057.4148433158564,32.51791572834668,1
926,112699,2019-12-16 02:00:00,943.557815551759,1003.3240011412681,890.4217656012333,1104.6683518990947,3571.9969399196543,59.76618558950918,1
927,112709,2019-12-16 03:40:00,1090.13762207031,1114.1900322577503,1011.2878422641165,1211.813800114448,578.5184358248806,24.052410187440273,1
928,112877,2019-12-17 07:40:00,-1.20677702799439,-7.901174427984355,-143.56895717563637,94.05707576366305,44.814956548992406,6.694397399989965,1
929,112999,2019-12-18 04:00:00,141.977571105957,146.65053860783362,41.78142498863655,241.22898482119254,21.836625273595086,4.672967501876627,1
930,113020,2019-12-18 07:30:00,262.663407897949,292.1811212028438,195.0283405407536,391.0618798060885,871.2953987499642,29.517713304894812,1
931,113127,2019-12-19 01:20:00,1351.1923828125,1371.327567623801,1257.8966320537618,1490.502219496311,405.42566738525,20.135184811301087,1
932,113217,2019-12-19 16:20:00,1963.89963989258,1995.8033906884887,1880.2559956648272,2091.792742491755,1017.849314847449,31.903750795908763,1
933,113263,2019-12-20 00:00:00,1070.33765869141,1140.092236166585,1021.7428222492464,1245.570544488079,4865.70107874019,69.75457747517498,1
934,113357,2019-12-20 15:40:00,707.201431274414,749.7695575011397,630.7612475334108,849.0724506399418,1812.0453704544593,42.56812622672578,1
935,113548,2019-12-21 23:30:00,230.913874435425,262.32968474731547,164.52865048063546,364.2938214102975,986.9531375526843,31.415810311890482,1
936,113560,2019-12-22 01:30:00,41.2101743102074,42.76842638434277,-48.624938470161766,139.23324508815165,2.428149526547175,1.5582520741353676,1
937,113590,2019-12-22 06:30:00,597.479695129394,548.9688702013601,435.98119269606894,654.7474595886846,2353.3001351983567,48.51082492803391,1
938,113643,2019-12-22 15:20:00,666.729679870606,660.96365958281,539.9968443753685,754.2218210255925,33.246989959274856,5.766020287795982,1
939,113768,2019-12-23 12:10:00,1516.38768615723,1437.6299988481153,1330.714532579812,1561.3251652975553,6202.773310280298,78.75768730911477,1
940,113770,2019-12-23 12:30:00,1342.47769646896,1197.567069777763,1085.0629997523333,1304.0514295354187,20999.089728035447,144.91062669119697,1
941,113787,2019-12-23 15:20:00,1168.446484375,1121.5083199535115,1025.2534467543232,1222.7761341972089,2203.1912792586804,46.93816442148841,1
942,113797,2019-12-23 17:00:00,1097.33603820801,852.2443328952525,769.8969579080552,941.7278054786177,60069.944013115586,245.09170531275754,1
943,113846,2019-12-24 01:10:00,223.297743225098,207.8599764869304,103.2963858593526,311.41648543697505,238.32464186207378,15.437766738167596,1
944,113977,2019-12-24 23:00:00,1800.12136230469,1814.922738881931,1723.9608771850446,1919.743572064742,219.08074858130357,14.801376577241172,1
945,114101,2019-12-25 19:40:00,37.7811822891235,45.71903795295507,-62.1151340433191,153.4443444088,63.009552539822934,7.93785566383157,1
946,114136,2019-12-26 01:30:00,345.742047119141,333.68426898877044,221.10210975024856,455.6954041132386,145.390013441242,12.057778130370536,1
947,114253,2019-12-26 21:00:00,42.1165839448571,70.28544609933284,-30.610190434471935,175.00315501996508,793.484795077856,28.168862154475747,1
948,114455,2019-12-28 06:40:00,243.242280578613,275.2715271466007,169.76895965867683,369.9418970254726,1025.8726357129526,32.02924656798771,1
949,114466,2019-12-28 08:30:00,712.353167724609,644.2695117012945,543.5012682036053,756.2870632445354,4635.384217501003,68.08365602331446,1
950,114501,2019-12-28 14:20:00,427.236628723145,550.1335599668532,437.55575613662114,647.7483873550312,15103.655709120754,122.89693124370825,1
951,114663,2019-12-29 17:20:00,1933.46578369141,1791.1832089605537,1699.733326352653,1907.7286382654363,20244.33107204173,142.28257473085637,1
952,114679,2019-12-29 20:00:00,697.785592651367,636.9583742616885,533.9566985003279,734.4334866682553,3699.95049702564,60.82721838967848,1
953,114686,2019-12-29 21:10:00,634.847334289551,601.4461722668372,496.57525259124645,691.090936927815,1115.637624467581,33.401162022713834,1
954,114716,2019-12-30 02:10:00,1145.56590270996,1038.1318497775865,927.5883155692668,1146.5359572891557,11542.075729476044,107.43405293237356,1
955,114763,2019-12-30 10:00:00,2060.23811420642,2002.30234816839,1919.5150766967665,2103.3376301932976,3356.5529864133646,57.935766038030124,1
956,114854,2019-12-31 01:10:00,159.524390792847,161.86456011038007,56.431054910551026,256.7558531667005,5.476392434723251,2.340169317533082,1
957,114867,2019-12-31 03:20:00,287.296047973633,276.33214623916564,186.69076353107212,383.7607051718153,120.2071412430563,10.963901734467356,1
958,114911,2019-12-31 10:40:00,591.356335449219,581.067851411066,480.174846622709,674.0313950614575,105.85290380332908,10.288484038153001,1
959,114916,2019-12-31 11:30:00,683.131047058106,699.313307406103,599.9692253477273,822.5095393876977,261.8655499703574,16.182260347997044,1
960,115061,2020-01-01 11:40:00,-0.871205518394709,-11.8816556296534,-111.05250909296988,85.44672771739732,121.23001165251654,11.010450111258692,1
961,115063,2020-01-01 12:00:00,-0.579381015338004,-22.354757721944083,-109.41582926329237,91.65172485354576,474.16703071460256,21.775376706606078,1
962,115224,2020-01-02 14:50:00,1989.51614990235,2044.178727328104,1947.3144830260612,2138.565326363654,2987.9973708265593,54.66257742575408,1
963,115237,2020-01-02 17:00:00,2026.95526733399,1915.1620885127413,1801.6458174950612,2029.155567810645,12497.714830959667,111.7931788212486,1
964,115300,2020-01-03 03:30:00,368.669557952881,372.45765073036296,273.9640270813841,454.34906733334407,14.349646890810913,3.7880927774819497,1
965,115395,2020-01-03 19:20:00,812.42861328125,789.6489522883387,690.8388445253327,890.5920885151099,518.9129549519654,22.779660992911317,1
966,115470,2020-01-04 07:50:00,548.065431213379,517.591731280156,410.2437016496282,627.3629375330459,928.6463876201209,30.473699933223088,1
967,115473,2020-01-04 08:20:00,450.828948974609,423.8530047800399,318.9431985025416,516.8270410163155,727.7015651885054,26.97594419456908,1
968,115525,2020-01-04 17:00:00,341.296649932861,388.8207609952067,295.68638922944604,494.5735628815612,2258.5411322661685,47.524111062345696,1
969,115526,2020-01-04 17:10:00,271.184443664551,276.3778036984023,175.5829860416755,373.57607119368043,26.970988441204184,5.19336003385132,1
970,115577,2020-01-05 01:40:00,576.22689666748,450.01465010745005,362.1889307306085,553.6050479384518,15929.53118172979,126.21224656002994,1
971,115681,2020-01-05 19:00:00,652.185563659668,636.7344930304062,539.6789236390025,733.572583895573,238.73558359043773,15.451070629261835,1
972,115708,2020-01-05 23:30:00,728.917265319824,619.7365818225103,515.1224563499715,718.5373897545256,11920.421648940584,109.18068349731368,1
973,115812,2020-01-06 16:50:00,1728.9085144043,1633.0283573437398,1550.520099309217,1727.2717129329783,9193.004517957677,95.88015706056012,1
974,115865,2020-01-07 01:40:00,799.354916381836,863.5250598537436,767.2977129971011,960.4286985616167,4117.80731320521,64.17014347190764,1
975,115955,2020-01-07 16:40:00,2003.79561767578,2008.182157122274,1914.1327716900955,2106.9084405083518,19.241728315647872,4.386539446493998,1
976,116181,2020-01-09 07:10:00,1904.63151855469,1948.713319978769,1844.115700125299,2052.113923636082,1943.2052167919337,44.081801424079,1
977,116316,2020-01-10 05:40:00,515.858129882812,459.85605082704257,346.66407022226576,563.0331018279168,3136.232858568652,56.00207905576946,1
978,116334,2020-01-10 08:40:00,645.106144714356,520.706062994442,402.77298884745693,615.4095430928107,15475.380331921267,124.40008171991394,1
979,116673,2020-01-12 17:10:00,340.452872025339,297.10098286108683,202.2714221035921,399.4271628023725,1879.3862941096036,43.35188916425216,1
980,116707,2020-01-12 22:50:00,829.796206665039,769.5737129049618,664.1578056980012,865.0040062319965,3626.748754682539,60.222493760077214,1
981,116784,2020-01-13 11:40:00,1845.7475402832,1951.163889440912,1853.6147627215453,2044.1267474747958,11112.606669740679,105.41634915771215,1
982,116841,2020-01-13 21:10:00,1662.49369506836,1690.9854531572907,1590.1034461496236,1773.9474665582757,811.7802789981502,28.491758088930737,1
983,116850,2020-01-13 22:40:00,1735.41226196289,1658.8905454501573,1566.088109732356,1755.0367464743292,5855.573098055014,76.52171651273261,1
984,116974,2020-01-14 19:20:00,2027.91458740235,2030.995915831199,1923.085763950303,2144.9225235027975,9.494584886433167,3.0813284288490195,1
985,116980,2020-01-14 20:20:00,1918.43189697266,1917.5910071827327,1812.662056690963,2022.8480783261125,0.7070956388040792,0.8408897899273597,1
986,117066,2020-01-15 10:40:00,1206.01258544922,1222.3038501042915,1130.8225367816788,1323.5012878021555,265.40530406158103,16.291264655071473,1
987,117117,2020-01-15 19:10:00,1372.30645141602,1176.3007815996752,1072.5835915858058,1284.0991680239333,38418.22260015399,196.00566981634483,1
988,117187,2020-01-16 06:50:00,1333.63699035645,1311.8427479403863,1210.1725253410204,1399.2150958004886,474.9890024901524,21.794242416063753,1
989,117188,2020-01-16 07:00:00,1495.14080200195,1502.121975403971,1419.1970445179768,1590.083330722957,48.73678206908387,6.981173402020886,1
990,117189,2020-01-16 07:10:00,1371.35834655762,1275.3525757349341,1188.0621647553198,1377.6667276878732,9217.10803125809,96.00577082268592,1
991,117223,2020-01-16 12:50:00,2046.44738769531,2017.4181676195783,1914.9967750808755,2127.925116490251,842.6956182052644,29.0292200757317,1
992,117244,2020-01-16 16:20:00,1853.88552856445,1814.6517289188612,1704.3827484140315,1925.1404715526753,1539.2910346302008,39.23379964558876,1
993,117307,2020-01-17 02:50:00,583.169631154914,541.3648091269654,449.4725890823709,640.566143694956,1747.6431447884568,41.8048220279486,1
994,117409,2020-01-17 19:50:00,578.548323059082,548.1149557624875,444.6765953233039,634.2863941766416,926.1898450094275,30.433367296594497,1
995,117458,2020-01-18 04:00:00,1193.98939208985,1197.495106436301,1093.8848449165876,1321.0706353220246,12.290033078912266,3.5057143464509863,1
996,117495,2020-01-18 10:10:00,226.210231018066,221.33489343260814,119.61783922513372,321.62131279160303,23.768916572178043,4.8753375854578564,1
997,117508,2020-01-18 12:20:00,644.695289611817,672.4577597003042,565.4549464829074,785.66429871215,770.7547454141492,27.762470088487248,1
998,117741,2020-01-20 03:10:00,989.754412482767,1090.8457792754848,970.173276811069,1223.047601465139,10219.464440019818,101.09136679271785,1
999,117815,2020-01-20 15:30:00,60.2834224700928,60.47940467617318,-50.7321294501935,154.45172439717635,0.03840902510013261,0.1959822060803802,1
0,193033,2017-09-25 08:30:00,77.25405883789062,87.56639058572478,-20.658530396487787,197.85534133368907,106.34418607738814,10.31233174783415,2
1,193186,2017-09-26 10:00:00,68.09065246582031,78.9559333959828,-24.10650927921088,192.35174843553511,118.05432969135254,10.865280930162484,2
2,193203,2017-09-26 12:50:00,-1.001913070678711,11.462916583654456,-102.75767757443197,123.00726324667161,155.3719783115435,12.464829654333167,2
3,193306,2017-09-27 06:00:00,96.65493774414062,116.63684706909041,17.166181970866216,216.71067979194672,399.27670027051505,19.981909324949783,2
4,193379,2017-09-27 18:10:00,595.4832763671875,603.2812116692066,494.68535274075816,695.3569418703796,60.80779497447635,7.797935302019141,2
5,193400,2017-09-27 21:40:00,568.9238891601562,578.6637075739892,471.1722738876773,694.1399325144033,94.8640627344394,9.73981841383295,2
6,193581,2017-09-29 03:50:00,623.7781372070312,621.5781444474331,515.788688999295,734.1561490808189,4.839968142284079,2.1999927595981035,2
7,193625,2017-09-29 11:10:00,506.3126831054688,477.7531557280484,375.5114606383937,578.9162313855223,815.6466040216259,28.55952737742041,2
8,193673,2017-09-29 19:10:00,592.223388671875,647.307549209405,553.1746613671481,754.6578079853566,3034.2647421243787,55.08416053753001,2
9,193719,2017-09-30 02:50:00,469.6199645996094,490.59767699854604,370.98879767751544,595.8018340320518,440.06441749250087,20.97771239893666,2
10,193742,2017-09-30 06:40:00,507.11724853515625,564.0280364729438,467.9663272244917,661.5288465909508,3238.837783699821,56.91078793778752,2
11,193774,2017-09-30 12:00:00,448.3053283691406,436.35173309969525,321.55723495439,540.040313588045,142.8884398657068,11.953595269445373,2
12,193821,2017-09-30 19:50:00,1024.6944580078125,952.2926055352796,834.8402773630395,1063.4130700781413,5242.028241454424,72.40185247253294,2
13,193845,2017-09-30 23:50:00,1091.2794189453125,1163.1978862710437,1057.0238800401562,1265.8133867391252,5172.265942482262,71.91846732573117,2
14,193889,2017-10-01 07:10:00,487.8503112792969,453.7507094690943,359.7281581014034,578.1281806272332,1162.7828436143695,34.09960181020256,2
15,193902,2017-10-01 09:20:00,613.2263793945312,644.7254401018308,547.7067165237421,746.0990406404084,992.1908254421442,31.499060707299577,2
16,193939,2017-10-01 15:30:00,1689.876220703125,1760.8920020182597,1668.5805490589669,1863.787253653941,5043.241195799042,71.01578131513475,2
17,193960,2017-10-01 19:00:00,1659.7491455078125,1689.3281440478104,1586.4659666051846,1786.6026696825957,874.917154629197,29.578998539997883,2
18,194006,2017-10-02 02:40:00,1613.113525390625,1672.6964465769581,1577.3658000539308,1770.8620313420963,3550.1244970967846,59.582921186333124,2
19,194019,2017-10-02 04:50:00,1511.9742431640625,1649.236103510025,1542.7881616423904,1757.529297173972,18840.818305634522,137.26186034596253,2
20,194021,2017-10-02 05:10:00,952.5169067382812,1062.3166523847854,959.2563800272757,1158.1841304598875,12055.984144036998,109.7997456465041,2
21,194027,2017-10-02 06:10:00,1805.2901611328125,1792.5329163064978,1689.8634991297683,1924.286620568107,162.74729555853364,12.757244826314718,2
22,194089,2017-10-02 16:50:00,824.205810546875,933.8433717709987,832.6565257598813,1043.5699173255566,12020.394831173477,109.63756122412371,2
23,194106,2017-10-02 19:40:00,1052.9178466796875,1069.550676404573,968.2552772273543,1165.7925679914144,276.65102465703785,16.632829724885596,2
24,194170,2017-10-03 06:20:00,1335.046630859375,1462.4868754322927,1359.5541724713967,1563.01701281097,16241.01593680507,127.44024457291766,2
25,194189,2017-10-03 09:30:00,1412.34814453125,1544.0158015189297,1453.5232416302742,1636.4688290330298,17336.371896625285,131.66765698767972,2
26,194194,2017-10-03 10:20:00,1552.3387451171875,1594.037835886316,1485.0568391434842,1732.0960739378138,1738.814170972025,41.69909076912859,2
27,194368,2017-10-04 15:20:00,1668.10009765625,1742.421441743582,1647.387550595592,1860.7596411775876,5523.662186947586,74.32134408733191,2
28,194387,2017-10-04 18:30:00,856.64306640625,927.2002690923351,812.8337962215032,1015.464167725186,4978.318850885299,70.55720268608513,2
29,194405,2017-10-04 21:30:00,2045.6102294921875,2020.4534423304624,1928.6468142226156,2118.770236130171,632.863940300337,25.156787161725106,2
30,194484,2017-10-05 10:40:00,1253.583984375,1212.6327991940852,1088.3261048352679,1322.0644102466276,1676.999567721573,40.95118518091476,2
31,194491,2017-10-05 11:50:00,2023.1180419921875,1988.2549206891567,1886.9897962561288,2088.293118950735,1215.4372269898377,34.863121303030766,2
32,194708,2017-10-07 00:00:00,1192.459716796875,1173.7414189141184,1068.2421690945712,1277.6819106211326,350.37467562760975,18.718297882756588,2
33,194726,2017-10-07 03:00:00,1728.23681640625,1664.125845928407,1560.4106033532107,1772.4058736990141,4110.216535610858,64.11097047784301,2
34,194731,2017-10-07 03:50:00,1654.091064453125,1709.4752086872281,1595.2945720612415,1810.24016316304,3067.4034325439393,55.38414423410313,2
35,194760,2017-10-07 08:40:00,1476.0931396484375,1509.2483504634224,1395.312351771063,1605.225043677067,1099.2680041860924,33.15521081498491,2
36,194766,2017-10-07 09:40:00,1550.55517578125,1616.8421893154916,1522.1605357520777,1707.1296721281976,4393.968163288732,66.28701353424162,2
37,194771,2017-10-07 10:30:00,1347.9725341796875,1403.1152233291766,1285.9650849866134,1520.920962925228,3040.7161666371844,55.142689149489115,2
38,194792,2017-10-07 14:00:00,756.0277099609375,740.349492244555,647.0612951902409,830.4159853245849,245.80651076229026,15.678217716382505,2
39,194870,2017-10-08 03:00:00,551.8306274414062,547.9373319985237,438.7356952600701,652.8984160201727,15.157749405569675,3.893295442882504,2
40,194885,2017-10-08 05:30:00,443.1150817871094,422.7540231094765,309.1422516152206,532.4586370175988,414.57271047400815,20.361058677632855,2
41,194965,2017-10-08 18:50:00,156.50462341308594,193.26285878190828,93.23201063201427,287.3445741557315,1351.1678674297416,36.75823536882234,2
42,195232,2017-10-10 15:20:00,1317.9586181640625,1554.8937462726049,1436.653298383267,1670.8222435844054,56138.25493181138,236.93512810854236,2
43,195266,2017-10-10 21:00:00,829.075927734375,836.8701799254998,712.2971119631529,952.4482971468514,60.75036721885327,7.7942521911247695,2
44,195332,2017-10-11 08:00:00,1959.4029541015625,1945.04362539047,1841.5216142021957,2053.809837236846,206.19032103320626,14.35932871109253,2
45,195552,2017-10-12 20:40:00,1092.9088134765625,1178.157269843441,1056.4315533362374,1286.4057614038452,7267.299312935605,85.2484563668786,2
46,195583,2017-10-13 01:50:00,1634.66357421875,1680.8095983722512,1580.7207711034062,1784.8912389632803,2129.455545175519,46.14602415350123,2
47,195711,2017-10-13 23:10:00,1255.808837890625,1334.6605120784377,1229.1451332082781,1422.6792592993684,6217.586522220969,78.8516741878127,2
48,195761,2017-10-14 07:30:00,827.8504028320312,808.6116427598573,694.5986338126047,925.2304905629218,370.1298891146739,19.238760072173932,2
49,195794,2017-10-14 13:00:00,848.9228515625,895.4323747793318,797.7859627515221,1008.5539923946732,2163.1357498570146,46.50952321683178,2
50,195807,2017-10-14 15:10:00,897.4301147460938,931.2469700939197,833.9479494012428,1037.3200849484858,1143.5797056157835,33.816855347825935,2
51,195900,2017-10-15 06:40:00,527.492919921875,504.7343176468704,382.38048764618054,615.4823458846071,517.9539775118442,22.75860227500459,2
52,195909,2017-10-15 08:10:00,658.7522583007812,736.3532415361661,608.0851539478252,831.1275667078771,6021.912599098487,77.60098323538489,2
53,195971,2017-10-15 18:30:00,389.5803833007813,446.4604779749969,332.36546514611774,551.3023467300044,3235.3451701477265,56.88009467421557,2
54,196033,2017-10-16 04:50:00,129.642822265625,112.98620734227144,9.302202821520519,222.6081427744065,277.44282070488447,16.65661492335356,2
55,196055,2017-10-16 08:30:00,541.1380004882812,458.70773005257973,329.9358948706367,571.4586452614536,6794.749484102887,82.43027043570152,2
56,196160,2017-10-17 02:00:00,2020.40673828125,2027.6451414117726,1939.2290831087105,2117.814894536521,52.394479879958745,7.238403130522556,2
57,196183,2017-10-17 05:50:00,1233.31884765625,1309.961747728486,1204.0083626766384,1416.5232022225578,5874.134131482751,76.64290007223599,2
58,196234,2017-10-17 14:20:00,562.284912109375,595.5913759507058,476.9364221595841,692.1452681268946,1109.3205336138767,33.30646384133081,2
59,196343,2017-10-18 08:30:00,168.52456665039062,147.9885243868736,46.32267461495758,246.06584001866955,421.72903184895773,20.536042263517032,2
60,196382,2017-10-18 15:00:00,136.5050811767578,120.78386157780226,16.66114236402355,229.34118520734512,247.15674567858431,15.721219598955557,2
61,196453,2017-10-19 02:50:00,214.02163696289065,187.42749737217008,76.56999132008144,287.1037206597485,707.2482605707314,26.594139590720573,2
62,196527,2017-10-19 15:10:00,608.2922973632812,678.5164730866728,571.0023244360907,798.8842082292108,4931.434856029778,70.22417572339157,2
63,196592,2017-10-20 02:00:00,1188.5462646484375,1331.2877749039353,1239.1353997561198,1431.872572866547,20375.13875002039,142.74151025549781,2
64,196721,2017-10-20 23:30:00,1788.1669921875,1756.9872102566676,1640.6701375145362,1876.999271029557,972.1788012542629,31.179781930832405,2
65,196736,2017-10-21 02:00:00,1658.367919921875,1559.432721999995,1434.977712053268,1678.497233491261,9788.173387841567,98.93519792187999,2
66,196756,2017-10-21 05:20:00,1865.3656005859373,1843.0888055749776,1742.346433366353,1941.915258764074,496.25559596031593,22.27679501095963,2
67,196930,2017-10-22 10:20:00,2031.7998046875,2070.1673412565633,1954.7748859759747,2182.483790965696,1472.06786237841,38.367536569063304,2
68,196957,2017-10-22 14:50:00,2017.7437744140625,2020.7630821120429,1918.6261927713165,2115.8229429838484,9.116218975083498,3.0193076979803664,2
69,197039,2017-10-23 04:30:00,204.36741638183597,227.12388449670794,119.2142703731169,322.78394488732613,517.856841063185,22.75646811487198,2
70,197140,2017-10-23 21:20:00,565.3673706054688,578.5888981115049,472.1931780288031,695.1925601306568,174.80878959287134,13.221527506036182,2
71,197161,2017-10-24 00:50:00,820.9656982421875,949.293528465304,845.578956068844,1053.6020263026978,16468.032009773015,128.3278302231165,2
72,197190,2017-10-24 05:40:00,971.289794921875,1079.4036598687026,966.9067999066251,1172.9799189044516,11688.60779374087,108.11386494682756,2
73,197250,2017-10-24 15:40:00,1574.7152099609375,1642.3507026848386,1526.3159861223253,1742.8895442274434,4574.559876004872,67.63549272390105,2
74,197264,2017-10-24 18:00:00,853.2647705078125,881.7201725387655,782.3976701766538,980.3188766174196,809.7099047431639,28.455402030952996,2
75,197321,2017-10-25 03:30:00,2039.805419921875,1987.1253060274719,1888.2088183538715,2085.3053105874924,2775.194399927285,52.68011389440312,2
76,197469,2017-10-26 04:10:00,202.91297912597656,318.7563311754955,220.83341482017664,416.6134062988013,13419.682214068787,115.84335204951896,2
77,197570,2017-10-26 21:00:00,528.4431762695312,475.09905802819617,369.1096946582433,602.983886329087,2845.594950945538,53.34411824133508,2
78,197624,2017-10-27 06:00:00,332.1790466308594,294.8060727712775,187.6047314963231,416.40237814738333,1396.7391751089892,37.37297385958186,2
79,197788,2017-10-28 09:20:00,2053.047607421875,2035.8917681565042,1933.4696845464955,2149.784795052355,294.3228208992381,17.155839265370787,2
80,197893,2017-10-29 02:50:00,1868.496826171875,1885.594973701005,1779.5218377019241,1981.3343014272414,292.34664892789687,17.098147529130074,2
81,197930,2017-10-29 09:00:00,1536.487548828125,1649.6752122933478,1527.4278835208668,1784.4194423857261,12811.447160716541,113.18766346522284,2
82,197945,2017-10-29 11:30:00,432.8179321289063,394.1703175907543,300.7773332328471,500.84808142401204,1493.6381094895798,38.64761453815203,2
83,197976,2017-10-29 16:40:00,314.81304931640625,349.37588086639425,225.45999000304795,452.2308801140964,1194.589324752846,34.562831549988005,2
84,198132,2017-10-30 18:40:00,205.58547973632807,225.60393104892836,132.485068624366,330.0023383339341,400.7383929549483,20.01845131260029,2
85,198143,2017-10-30 20:30:00,524.77880859375,571.9367746771284,479.79248541703436,676.125214182398,2223.8737651210645,47.15796608337837,2
86,198167,2017-10-31 00:30:00,718.116455078125,727.8509509195698,626.0575958581987,836.4472771128544,94.76040928710522,9.734495841444755,2
87,198171,2017-10-31 01:10:00,870.4616088867188,827.1727208897577,717.2338149382755,931.6219352786522,1873.927824013441,43.28888799696108,2
88,198195,2017-10-31 05:10:00,699.7255249023438,711.0847915431358,611.9827897216138,834.2153543462606,129.03293861661095,11.359266640792043,2
89,198238,2017-10-31 12:20:00,344.17822265625,310.34539926295344,199.3711453325111,409.79441867204383,1144.6599387619954,33.832823393296565,2
90,198306,2017-10-31 23:40:00,626.5722045898438,639.4169649529741,540.5872383533281,732.9065655301483,164.9878687862452,12.844760363130376,2
91,198336,2017-11-01 04:40:00,405.6796875,387.26665864225623,287.4923462109459,497.58014499081537,339.0396317161048,18.413028857743768,2
92,198408,2017-11-01 16:40:00,455.5458679199219,584.5716623776284,482.8790256914307,694.1311379895185,16647.65563544233,129.02579445770652,2
93,198410,2017-11-01 17:00:00,527.2507934570312,561.8899928284536,452.0582410155138,671.6023261537011,1199.8741330931475,34.639199371422364,2
94,198556,2017-11-02 17:20:00,-0.5020235180854797,6.18171610885225,-110.51638074514615,118.61512482171396,44.672375400697696,6.683739626937729,2
95,198712,2017-11-03 19:20:00,315.5157470703125,427.3558891280352,310.1120588532412,531.406625563046,12508.217375491591,111.84014205772269,2
96,198900,2017-11-05 02:40:00,812.0087280273438,791.580844500525,663.5329929513794,890.8638310548617,417.29842538527214,20.427883526818732,2
97,198922,2017-11-05 06:20:00,1143.43603515625,1026.331328590582,927.0133943526204,1138.3044452011814,13713.512299831214,117.10470656566804,2
98,198985,2017-11-05 16:50:00,751.5711059570312,684.5921099398903,574.3564843315032,793.758847972509,4486.185907464184,66.97899601714096,2
99,199008,2017-11-05 20:40:00,287.601806640625,301.20654328021766,201.41137065358603,415.2083838787529,185.08885903267495,13.604736639592659,2
100,199027,2017-11-05 23:50:00,423.865234375,513.681015327419,407.17834197089707,612.1987013288837,8066.874508092912,89.815780952419,2
101,199213,2017-11-07 06:50:00,1240.1256103515625,1154.4185454398228,1050.4044748022652,1266.710307997627,7345.700975785168,85.70706491173974,2
102,199238,2017-11-07 11:00:00,1526.8736572265625,1436.0323551743134,1332.1254168262167,1537.6853368815177,8252.142158547966,90.84130205224915,2
103,199253,2017-11-07 13:30:00,1099.0465087890625,1163.3103564592031,1063.0288122415961,1262.930043560525,4129.842117371042,64.26384767014065,2
104,199256,2017-11-07 14:00:00,1161.428955078125,1278.7395472886485,1153.419516096627,1401.546918576104,13761.775044783739,117.31059221052351,2
105,199519,2017-11-09 09:50:00,428.9156494140625,439.1427182660487,339.07074225025804,552.5101958233627,104.59293730326611,10.22706885198619,2
106,199713,2017-11-10 18:10:00,1254.6932373046875,1316.9474153305507,1214.2855759542206,1427.8640553452458,3875.58268167587,62.25417802586321,2
107,199836,2017-11-11 14:40:00,265.495361328125,272.03073994110895,161.97270927164084,363.4806237677151,42.71117361504799,6.535378612983948,2
108,201224,2017-11-21 06:00:00,1686.864990234375,1664.309355748338,1549.0219603368466,1770.2376843678812,508.75664706770067,22.55563448603698,2
109,201227,2017-11-21 06:30:00,1963.4365234375,1937.8833450300992,1844.0430135863326,2037.0342395123744,652.9649267204527,25.553178407400765,2
110,201339,2017-11-22 01:10:00,2062.4052734375,2033.8212586400173,1928.8337924097525,2130.477923772447,817.0459019427113,28.584014797482723,2
111,201501,2017-11-23 04:10:00,1873.3216552734373,1841.4333059050368,1739.8083159182136,1930.405788679376,1016.8668254411648,31.88834936840044,2
112,201564,2017-11-23 14:40:00,1978.068603515625,2037.8928159204343,1928.5604222849734,2140.4678597275415,3578.936389855734,59.82421240480926,2
113,201737,2017-11-24 19:30:00,679.8300170898438,873.4561883823719,775.8407239885236,967.3129817681114,37491.09420940346,193.62617129252817,2
114,201813,2017-11-25 08:10:00,2042.0255126953125,2081.1733217866768,1977.5589492992854,2191.449003070242,1532.5509566539015,39.14780909136425,2
115,201819,2017-11-25 09:10:00,1727.1072998046875,1767.8819171315474,1654.7193491003566,1872.8530347368849,1662.5694181518656,40.774617326859925,2
116,201873,2017-11-25 18:10:00,1082.449462890625,1021.5968144422343,903.1643729103205,1118.7266561758913,3703.0448231834284,60.85264844839071,2
117,201939,2017-11-26 05:10:00,1597.223876953125,1525.093050763316,1415.0484928612073,1626.2627544972038,5202.856086824452,72.13082618980911,2
118,201970,2017-11-26 10:20:00,588.2293090820312,646.2187478699631,557.0650039516019,743.2268915552927,3362.775010939291,57.98943878793182,2
119,202004,2017-11-26 16:00:00,1328.933349609375,1311.8884779234136,1196.715324152696,1421.7465680486873,290.5276507908895,17.044871685961425,2
120,202011,2017-11-26 17:10:00,911.2326049804688,964.6937633175366,850.8033534330141,1056.2339466298056,2858.0954507410447,53.4611583370679,2
121,202026,2017-11-26 19:40:00,1841.530029296875,1860.7057633251572,1751.9948260137464,1945.6597509391731,367.7087755234218,19.17573402828225,2
122,202030,2017-11-26 20:20:00,1746.67041015625,1707.6909047323536,1608.7822017766653,1802.00593130375,1519.4018430915687,38.9795054238964,2
123,202036,2017-11-26 21:20:00,986.2538452148438,967.6730791440507,874.0277725426869,1081.833023294088,345.2448677775346,18.58076607079306,2
124,202042,2017-11-26 22:20:00,1300.460205078125,1222.8976610254513,1112.4076285287522,1313.712973362145,6015.948239922953,77.56254405267373,2
125,202073,2017-11-27 03:30:00,2057.728515625,2049.2495995416843,1934.6146295598935,2153.0446444516538,71.89201794790885,8.478916083315653,2
126,202086,2017-11-27 05:40:00,1423.962646484375,1476.6405188997776,1364.634126048181,1629.8921179135118,2774.958242213433,52.67787241540259,2
127,202132,2017-11-27 13:20:00,1047.1065673828125,1052.9441010131368,936.5663821050746,1144.8152393524254,34.07679888516706,5.8375336303242875,2
128,202202,2017-11-28 01:00:00,1209.220703125,1276.495565462195,1170.6095615715153,1380.591362015465,4525.907102488527,67.27486233719492,2
129,202334,2017-11-28 23:00:00,1396.7540283203125,1344.2787566001723,1250.5956689742075,1448.171630637986,2753.654142102546,52.4752717201402,2
130,202345,2017-11-29 00:50:00,1817.2274169921875,1674.6708728295853,1576.884107561116,1769.6873938736842,20322.368283583957,142.55654416260222,2
131,202346,2017-11-29 01:00:00,1759.857666015625,1724.6132412010215,1610.0035989388289,1817.323984322417,1242.1694805122363,35.24442481460346,2
132,202362,2017-11-29 03:40:00,1539.0655517578125,1585.0566736311414,1475.3088151817683,1686.7083354419628,2115.1832911673914,45.99112187332889,2
133,202376,2017-11-29 06:00:00,1900.919189453125,1850.1474244820074,1738.6524397776961,1972.8577625505002,2577.7721182824034,50.77176497111759,2
134,202489,2017-11-30 00:50:00,1075.731689453125,1060.73771530257,959.8163791168859,1168.15085313632,224.81926082751167,14.993974150555005,2
135,202566,2017-11-30 13:40:00,1850.569091796875,1891.2326106717871,1782.2987929619992,2015.286105226296,1653.5217672903361,40.66351887491214,2
136,202585,2017-11-30 16:50:00,1566.884033203125,1612.9457915265632,1517.8392317957978,1714.8047976637895,2121.685579846828,46.0617583234382,2
137,202674,2017-12-01 07:40:00,1857.50390625,1739.5380751620396,1629.826893493117,1843.780879244653,13915.937304273204,117.9658310879604,2
138,202682,2017-12-01 09:00:00,1534.44140625,1472.895429363536,1360.552075711217,1605.7747599096924,3787.9072709091492,61.545976886463905,2
139,202719,2017-12-01 15:10:00,782.2466430664062,815.1841071094332,724.7447575763622,906.2196341813402,1084.8765375856913,32.93746404302692,2
140,202726,2017-12-01 16:20:00,567.906494140625,568.1051840209606,463.62924883960073,671.1092354466355,0.03947766854776088,0.19868988033556434,2
141,202756,2017-12-01 21:20:00,496.9011535644531,446.94672267708114,338.8806364621552,555.7549939184364,2495.445165281224,49.954430887371984,2
142,202894,2017-12-02 20:20:00,601.01171875,653.4010447455906,546.8088827355862,748.4200951752689,2744.641478272269,52.38932599559064,2
143,202962,2017-12-03 07:40:00,457.140625,524.1838641123586,419.92034285369186,623.4200379897229,4494.79591067689,67.0432391123586,2
144,202964,2017-12-03 08:00:00,430.5162658691406,524.8929894251601,409.5872205324534,646.1029494807342,8906.965949169315,94.37672355601944,2
145,203015,2017-12-03 16:30:00,413.8988037109375,412.15869088880487,310.8495437836662,539.7586484123287,3.027992633750387,1.7401128221326303,2
146,203029,2017-12-03 18:50:00,727.7088623046875,790.8270885272325,697.5748250099425,899.6382115388349,3983.910481480366,63.11822622254499,2
147,203089,2017-12-04 04:50:00,1057.142822265625,1173.1504376885134,1059.9144437044197,1289.7212931701167,13457.76683610478,116.00761542288842,2
148,203090,2017-12-04 05:00:00,1097.7586669921875,1101.444232242998,1006.3897629489862,1189.8916971395836,13.583391217981431,3.6855652508104413,2
149,203091,2017-12-04 05:10:00,1229.544677734375,1286.6086505397486,1150.0271980020239,1392.6054380074777,3256.2969923324204,57.06397280537362,2
150,203114,2017-12-04 09:00:00,900.3560180664062,876.3704410845284,776.7331010377314,957.0459193465605,575.3079031535908,23.985576981877898,2
151,203120,2017-12-04 10:00:00,727.3961791992188,739.6443515774731,638.7832112584124,841.5638949758606,150.01772660743322,12.248172378254367,2
152,203137,2017-12-04 12:50:00,1553.8092041015625,1539.3197893833467,1429.558520409197,1667.0753025655033,209.943138876449,14.489414718215812,2
153,203152,2017-12-04 15:20:00,1019.3574829101562,1001.9018061218597,907.1925901445811,1094.2384507835798,304.70065213747324,17.4556767882965,2
154,203278,2017-12-05 12:20:00,711.2738647460938,624.9837885937017,511.5555168345641,731.1270754492842,7445.977242385626,86.29007615239209,2
155,203373,2017-12-06 04:10:00,1101.62890625,978.9972095390083,880.6728387052233,1110.9738465361104,15038.533038216658,122.63169671099172,2
156,203380,2017-12-06 05:20:00,416.8870849609375,462.51642576039757,369.43552947423535,571.235310457365,2082.036741793271,45.62934079946007,2
157,203398,2017-12-06 08:20:00,953.546142578125,938.6843728767186,825.9681676101546,1037.8141337434151,220.87219865764092,14.861769701406388,2
158,203665,2017-12-08 05:40:00,2057.736328125,2060.851687694309,1968.05709748582,2163.2491211118418,9.70546524608529,3.115359569309021,2
159,203722,2017-12-08 15:10:00,1645.5482177734375,1731.2422492010974,1620.9795432301776,1832.7983087498267,7343.467022324757,85.69403142765987,2
160,203730,2017-12-08 16:30:00,1746.21044921875,1801.3727514931306,1693.07087766805,1908.9280709307448,3042.879592210139,55.162302274380636,2
161,203840,2017-12-09 10:50:00,858.2650146484375,852.6452787515462,741.4600407320231,959.3355558775718,31.581431550808176,5.619735896891257,2
162,204040,2017-12-10 20:10:00,497.3305969238281,480.3227198206031,366.31504939434467,569.9965341277624,289.26788355840665,17.00787710322504,2
163,204096,2017-12-11 05:30:00,1708.274658203125,1606.0196547296202,1510.6471441322126,1705.1662743361526,10456.08573536647,102.25500347350476,2
164,204130,2017-12-11 11:10:00,2012.63037109375,1969.010067921648,1857.880109787516,2096.300131986585,1902.7308488260928,43.62030317210201,2
165,204272,2017-12-12 10:50:00,517.3114624023438,513.8325630132297,414.89235871836485,609.2905194772409,12.102740959578293,3.4788993891140763,2
166,204287,2017-12-12 13:20:00,922.465087890625,1005.1647952406926,901.3372640387759,1102.697932810593,6839.24159578682,82.69970735006757,2
167,204289,2017-12-12 13:40:00,1353.9044189453125,1331.691897716911,1197.9251892358413,1436.0694427194196,493.3960993221898,22.212521228401556,2
168,204508,2017-12-14 02:10:00,2051.934814453125,2025.7679272775467,1925.02946595664,2140.422157601831,684.7059844594424,26.166887175578267,2
169,204524,2017-12-14 04:50:00,2061.613525390625,2042.675844466886,1946.8798743819411,2142.81364885806,358.6357587693473,18.93768092373898,2
170,204708,2017-12-15 11:30:00,1889.3927001953125,1788.7857299412988,1671.369717316391,1882.7835253366488,10121.762463692005,100.60697025401373,2
171,204738,2017-12-15 16:30:00,1654.6656494140625,1645.789748366498,1537.5178619967164,1746.9465797850073,78.78161940615502,8.875901047564412,2
172,204813,2017-12-16 05:00:00,577.3643798828125,630.8932970558182,534.2286185964758,754.7009721391782,2865.3449737144992,53.52891717300565,2
173,204944,2017-12-17 02:50:00,139.7052459716797,181.09833230181627,75.6166779270014,290.5089802287731,1713.38759593414,41.39308633013658,2
174,204953,2017-12-17 04:20:00,167.0136260986328,160.5280484902868,38.02496180002282,250.42558118198556,42.06271691387909,6.485577608346006,2
175,205018,2017-12-17 15:10:00,1411.608642578125,1415.955000755871,1300.011051799179,1527.478896377002,18.890829409259265,4.346358177745969,2
176,205067,2017-12-17 23:20:00,928.9939575195312,919.0828444774256,811.1494275566366,1016.7771294818608,98.23016173339623,9.911113042105626,2
177,205071,2017-12-18 00:00:00,965.825927734375,981.2731510028553,873.0548659934832,1063.177273480927,238.61670670628052,15.447223268480343,2
178,205078,2017-12-18 01:10:00,835.3651733398438,811.1209907708868,701.2463914544882,919.9098979966604,587.7803884369157,24.244182568956944,2
179,205089,2017-12-18 03:00:00,838.03076171875,804.2599530700717,698.1816442017787,914.6746879143549,1140.467516785647,33.770808648678326,2
180,205113,2017-12-18 07:00:00,441.0113830566406,411.93709873997835,287.3215456282097,526.0594744561675,845.3140085261138,29.074284316662272,2
181,205154,2017-12-18 13:50:00,-1.4772615432739258,8.034493977760475,-119.19583487977417,141.39987617128654,90.4734930919284,9.5117555210344,2
182,205223,2017-12-19 01:20:00,1374.326904296875,1438.853860562854,1314.7448296071768,1547.754666706981,4163.728084951556,64.52695626597892,2
183,205280,2017-12-19 10:50:00,92.5767059326172,97.13999473332345,-18.895047916033,202.32753186021333,20.82360467865105,4.563288800706246,2
184,205347,2017-12-19 22:00:00,542.5139770507812,529.3550144405282,409.45495843208545,621.9167400942458,173.1582969780383,13.15896261025307,2
185,205462,2017-12-20 17:10:00,218.7476806640625,219.06342214260678,105.01097785871549,331.88676438415473,0.09969268127332959,0.3157414785442825,2
186,205475,2017-12-20 19:20:00,206.05007934570312,231.35950650081145,116.48017066546808,326.9802754113962,640.5671029197347,25.309427155108324,2
187,205481,2017-12-20 20:20:00,140.36314392089844,147.47117546525052,53.587060017964234,246.12722163893085,50.52411243550432,7.108031544352087,2
188,205656,2017-12-22 01:30:00,651.5751953125,671.7566692021769,570.8309476060732,781.8762688396756,407.2918883597108,20.18147388967691,2
189,205773,2017-12-22 21:00:00,217.1471405029297,240.04120141351785,128.44493405404347,354.8240272108106,524.1380249777211,22.894060910588166,2
190,205802,2017-12-23 01:50:00,651.0304565429688,555.9558042282129,451.9041915850321,656.7758365361362,9039.189512771718,95.0746523147559,2
191,205814,2017-12-23 03:50:00,337.088623046875,357.52708294455743,248.10703321335285,460.9805201602519,417.7306429891731,20.438459897682435,2
192,205908,2017-12-23 19:30:00,1971.8465576171875,1945.5798149851041,1825.1592827804848,2054.543960329212,689.9417685001065,26.26674263208338,2
193,205911,2017-12-23 20:00:00,1903.7891845703125,1902.0231525441714,1810.2960867131392,2012.2514745328006,3.1188691173562053,1.766032026141147,2
194,206012,2017-12-24 12:50:00,1994.6326904296875,2040.5207925070606,1948.2749050715354,2141.7618896321196,2105.717912263414,45.888102077373105,2
195,206040,2017-12-24 17:30:00,1300.742919921875,1250.190188424145,1134.5434575899733,1359.1520100215514,2555.5786618815896,50.552731497730065,2
196,206056,2017-12-24 20:10:00,966.0235595703124,1038.6261923823245,944.5760096064181,1125.445512243714,5271.142291235852,72.60263281201208,2
197,206098,2017-12-25 03:10:00,2030.2935791015625,2027.8235653639267,1917.8217260921806,2136.115941852796,6.100967864109483,2.4700137376357816,2
198,206174,2017-12-25 15:50:00,1986.358154296875,1988.6238461356968,1888.9643005858713,2074.666444889626,5.133359508503685,2.2656918388217946,2
199,206267,2017-12-26 07:20:00,2055.2890625,2070.359070881326,1971.4442512427254,2178.1304378720897,227.10515261323005,15.070008381325806,2
200,206464,2017-12-27 16:10:00,2046.5343017578125,2073.72513659465,1978.3966077971845,2170.8976962073903,739.3414991241725,27.19083483683744,2
201,206526,2017-12-28 02:30:00,1513.7723388671875,1490.8536325834432,1334.5196571732295,1601.8374126443343,525.2670977205411,22.918706283744314,2
202,206578,2017-12-28 11:10:00,1392.9781494140625,1341.7478138115341,1256.6655911519038,1436.1608166247668,2624.547285947687,51.230335602528385,2
203,206608,2017-12-28 16:10:00,1324.0242919921875,1424.746680118483,1324.4172196875568,1521.1005284652676,10144.999469864119,100.72238812629553,2
204,206633,2017-12-28 20:20:00,986.292236328125,1045.6578268498117,932.760511865284,1145.8353147576495,3524.273337988581,59.36559052168673,2
205,206774,2017-12-29 19:50:00,2051.4775390625,2023.5015328883694,1907.2301845975157,2105.1349048220522,782.6569214549928,27.97600617413059,2
206,206799,2017-12-30 00:00:00,1237.43505859375,1383.6517857309684,1264.3277413635967,1484.3283446653268,21379.331294719785,146.2167271372184,2
207,206850,2017-12-30 08:30:00,2048.487060546875,2027.1412523592232,1911.2847827088508,2131.608387544096,455.64352718402074,21.345808187651755,2
208,206853,2017-12-30 09:00:00,2057.036376953125,2057.524688122356,1961.853336364022,2170.0339740923273,0.23844779799585414,0.4883111692311104,2
209,206875,2017-12-30 12:40:00,2038.40869140625,2035.7020613309357,1937.889681615976,2137.189857695061,7.32584636459563,2.7066300753142514,2
210,206947,2017-12-31 00:40:00,1498.423583984375,1508.8587194870454,1382.9979882007442,1614.3813259544218,108.89205295909204,10.435135502670391,2
211,207057,2017-12-31 19:00:00,1302.185791015625,1423.0558765676528,1318.8864034928285,1523.7990880467382,14609.577581354528,120.87008555202783,2
212,207111,2018-01-01 04:00:00,2022.111328125,2027.6585260776162,1927.0681937500715,2133.1908595819696,30.77140512550954,5.547197952616216,2
213,207136,2018-01-01 08:10:00,926.0952758789062,926.4440798647242,824.2855643627149,1013.5082992868867,0.12166422052251974,0.34880398581799454,2
214,207166,2018-01-01 13:10:00,352.4261474609375,402.6171524895242,305.09749544125987,504.3814409024549,2519.136985779614,50.19100502858669,2
215,207719,2018-01-05 09:20:00,395.92724609375,451.21015587701055,362.77108819369073,577.6787728259384,3056.200114104125,55.28290978326055,2
216,208075,2018-01-07 20:40:00,1433.680908203125,1363.7971475843085,1263.2998873509332,1459.2964666969976,4883.739998228048,69.8837606188165,2
217,208078,2018-01-07 21:10:00,1502.82470703125,1296.58933017212,1195.730542702424,1402.531111477692,42533.030668227344,206.23537685912993,2
218,208112,2018-01-08 02:50:00,1085.0504150390625,1258.5659791345008,1157.4044427974675,1365.4929915035589,30107.650983358166,173.51556409543832,2
219,208162,2018-01-08 11:10:00,220.7073974609375,207.9429656735785,108.33775231062884,312.27124671912975,162.9307188541409,12.764431787359001,2
220,208180,2018-01-08 14:10:00,116.108154296875,118.10407826259497,20.554093106051894,221.79932828819105,3.9837124769353216,1.9959239657199674,2
221,208269,2018-01-09 05:00:00,314.7496032714844,307.6453818514327,204.6833760005998,403.22980271196343,50.4699619851208,7.104221420051658,2
222,208345,2018-01-09 17:40:00,12.202637672424316,27.210227913695903,-79.97550433041519,140.9567548432814,225.22776484991016,15.007590241271586,2
223,208396,2018-01-10 02:10:00,126.22867584228516,131.04357099934003,35.12281221540448,223.8883433580031,23.183215373430514,4.8148951570548775,2
224,208444,2018-01-10 10:10:00,426.3018493652344,515.5257325801972,395.02534131565113,615.6525234152111,7960.901335957325,89.22388321496283,2
225,208488,2018-01-10 17:30:00,204.45909118652344,214.41538342701642,111.65181720152472,330.65070046105814,99.12775517810083,9.956292240492985,2
226,208520,2018-01-10 22:50:00,378.9123229980469,382.90820393347053,290.7727090180299,483.433969688446,15.967064450082235,3.9958809354236564,2
227,208687,2018-01-12 02:40:00,-0.8952130079269409,-0.2439247041333101,-115.85501868163446,104.17334630080244,0.4241764546583847,0.6512883037936308,2
228,208692,2018-01-12 03:30:00,-1.5551525354385376,-15.641892940129589,-117.59055070283178,81.76212937365004,198.4362552291554,14.086740404691051,2
229,208831,2018-01-13 02:40:00,141.0092010498047,202.8762669841302,105.05386082194997,311.22268614395966,3827.533847322182,61.867065934325524,2
230,208841,2018-01-13 04:20:00,570.6776733398438,574.0496622524728,478.45145381072996,670.3924450987021,11.370309226893145,3.3719889126290354,2
231,208893,2018-01-13 13:00:00,462.16705322265625,477.5421724553125,356.6990763823551,600.078557079689,236.39429141839557,15.375119232656232,2
232,208909,2018-01-13 15:40:00,450.3802185058594,437.80554244209253,305.18095354844587,527.8198814881758,158.12247810867083,12.574676063766844,2
233,208923,2018-01-13 18:00:00,755.5817260742188,841.1896028519429,741.7618778000231,932.3382076810587,7328.708566390008,85.60787677772419,2
234,208938,2018-01-13 20:30:00,385.6844787597656,387.19591233154836,280.31143316273267,500.03875352029195,2.284431441911906,1.5114335717827316,2
235,208965,2018-01-14 01:00:00,119.16525268554688,132.8701527084357,20.704954577071184,233.44406627348025,187.8242846373784,13.704900022888836,2
236,209135,2018-01-15 05:20:00,2027.6190185546875,2042.0387864538807,1942.0480363477882,2124.7362127058027,207.92970626660195,14.419767899193175,2
237,209162,2018-01-15 09:50:00,1811.681396484375,1803.4478841130287,1690.3356940598715,1903.7881612606488,67.79072596911176,8.23351237134625,2
238,209233,2018-01-15 21:40:00,1990.968994140625,2012.0822243616085,1897.496740916711,2112.887080760262,445.7684903642508,21.113230220983496,2
239,209264,2018-01-16 02:50:00,1304.8880615234375,1474.0005926267786,1367.305600316694,1575.9556742853883,28599.04817617851,169.1125311033411,2
240,209267,2018-01-16 03:20:00,1436.9727783203125,1487.1540765898185,1392.307772665643,1590.1467304333273,2518.162696013125,50.18129826950599,2
241,209301,2018-01-16 09:00:00,1979.559326171875,1909.187473402805,1811.868853766862,2018.7269340979806,4952.197662151675,70.37185276907007,2
242,209337,2018-01-16 15:00:00,1593.4033203125,1730.6477849800344,1627.6309032431552,1839.718730698986,18836.043081878106,137.24446466753443,2
243,209346,2018-01-16 16:30:00,1837.7218017578125,1869.145956747204,1747.26662692537,1993.6574904988936,987.4775167973038,31.42415498939158,2
244,240300,2018-08-20 21:50:00,174.4270477294922,214.05750267197948,93.77117414727701,318.47584021486716,1570.5729589485154,39.63045494248729,2
245,240333,2018-08-21 03:20:00,59.05532836914063,87.69368708072759,-0.41447144552990645,191.63064768379596,820.1555896935283,28.638358711586953,2
246,240387,2018-08-21 12:20:00,247.3275451660156,212.52188115128544,110.43182005142401,321.2466902437249,1211.4342475062817,34.805664014730155,2
247,240479,2018-08-22 03:40:00,280.3494567871094,279.0003469804524,175.1137864390849,379.7196414827832,1.8200972704180813,1.3491098066569975,2
248,240489,2018-08-22 05:20:00,238.4569854736328,243.92570310209462,138.7310271002538,357.5695599207982,29.90687249984889,5.468717628461803,2
249,240499,2018-08-22 07:00:00,190.90370178222656,226.66544822322737,111.32493157350227,348.65938292849876,1278.902508510434,35.76174644100081,2
250,240569,2018-08-22 18:40:00,346.28302001953125,313.6824087897709,206.946042268686,409.0469769943371,1062.7998525539783,32.600611229760375,2
251,240584,2018-08-22 21:10:00,336.3192443847656,321.36691678555144,209.25104308051598,432.11420574843993,223.57210063422227,14.952327599214186,2
252,240637,2018-08-23 06:00:00,69.33055877685547,73.36239294250525,-43.64520547290874,171.03055137928018,16.255686739300888,4.031834165649784,2
253,240654,2018-08-23 08:50:00,141.40345764160156,103.18725513312756,-9.954077812692242,209.5018791899152,1460.4781341686944,38.216202508474,2
254,240716,2018-08-23 19:10:00,1095.1400146484375,1129.7526517162298,1043.247876218984,1225.5891768232136,1198.034644786711,34.61263706779232,2
255,240747,2018-08-24 00:20:00,677.9232177734375,715.6358833918755,613.8931893329959,810.1225350967826,1422.2451480481152,37.712665618437995,2
256,240796,2018-08-24 08:30:00,926.2398681640624,999.5105515371856,893.8913297820039,1106.4978650632286,5368.593041964477,73.27068337312323,2
257,240907,2018-08-25 03:00:00,1863.4417724609373,1689.6487895941668,1602.700650550575,1785.4093552415516,30204.000893729564,173.79298286677044,2
258,241019,2018-08-25 21:40:00,216.2374420166016,193.17112102262988,93.41606624157538,300.92506707162374,532.0551641969403,23.066320993971715,2
259,241067,2018-08-26 05:40:00,465.0134582519531,485.3032927024517,385.35790871690716,624.4643856342256,411.67738202863876,20.289834450498574,2
260,241120,2018-08-26 14:30:00,1699.56689453125,1658.9313499083155,1551.3379913341917,1753.0766768131978,1651.2474868025013,40.6355446229345,2
261,241125,2018-08-26 15:20:00,969.977294921875,895.2961790084225,777.893718023421,1029.841838007348,5577.269074078522,74.68111591345246,2
262,241498,2018-08-29 05:30:00,191.8998260498047,217.45603857874835,116.29218094747021,325.694768533871,653.119998824537,25.55621252894366,2
263,241966,2018-09-01 11:30:00,556.2396850585938,523.1703534911518,394.41274577902357,618.6680320664038,1093.5806903174137,33.069331567441964,2
264,241999,2018-09-01 17:00:00,215.6057891845703,185.08171579813435,81.53029355724337,297.44588537312137,931.719056100528,30.52407338643596,2
265,242023,2018-09-01 21:00:00,304.6028137207031,350.12132552074644,243.47747258243575,459.4308745145636,2071.9349164906826,45.51851180004331,2
266,242167,2018-09-02 21:00:00,95.11139678955078,115.96345516190006,2.7052016538827086,239.68810136779834,434.80833836386154,20.852058372349276,2
267,242306,2018-09-03 20:10:00,523.757080078125,524.4276868092188,418.2416939834915,628.715642030192,0.4497133877883288,0.6706067310938124,2
268,242443,2018-09-04 19:00:00,153.04200744628906,151.1358410413972,32.57930958990227,254.22596470355882,3.6334703631383154,1.9061664048918487,2
269,242540,2018-09-05 11:10:00,285.9980163574219,301.9695063186713,172.65645951674813,422.8309704518324,255.0884915822905,15.971489961249404,2
270,242592,2018-09-05 19:50:00,108.74807739257812,127.95229666685799,4.248226711169204,222.48734004229487,368.80203793462226,19.204219274279865,2
271,242648,2018-09-06 05:10:00,407.6138000488281,371.71913767524916,265.76511134989755,486.71274195030804,1288.4267869132257,35.89466237357897,2
272,242733,2018-09-06 19:20:00,314.17340087890625,351.7553382724864,262.6474156767283,464.6903358823199,1412.40201825498,37.581937393580176,2
273,242779,2018-09-07 03:00:00,743.2843017578125,687.9394192885189,570.9478748955534,786.426688228769,3063.0560155399185,55.344882469293566,2
274,242978,2018-09-08 12:10:00,1181.8349609375,1212.9056033742158,1114.8042006014953,1323.8752372164288,965.3848214302475,31.070642436715843,2
275,243082,2018-09-09 05:30:00,936.8619995117188,881.5995800941082,774.4287332933932,999.4029335726138,3053.934999887899,55.262419417610545,2
276,243111,2018-09-09 10:20:00,1915.4285888671875,1955.9011624545362,1825.4424346325077,2069.5408479564335,1638.0292127833584,40.472573587348734,2
277,243441,2018-09-11 17:20:00,128.50477600097656,127.34765584585,27.62448814788114,230.8505653219978,1.3389270534001214,1.157120155126563,2
278,243453,2018-09-11 19:20:00,309.9424743652344,303.4967455841788,198.60569716888944,421.8263428037762,41.54741951892787,6.44572878105555,2
279,243553,2018-09-12 12:00:00,121.42529296875,90.56107151006702,-17.501017585210626,196.5451699134861,952.6001662506268,30.864221458682977,2
280,243602,2018-09-12 20:10:00,328.7791748046875,295.05575382668496,183.3915274309279,406.81507698750784,1137.2691224595815,33.72342097800254,2
281,243605,2018-09-12 20:40:00,341.9838256835937,307.9542726300435,207.04468478134248,421.298327110918,1158.0104810243888,34.02955305355022,2
282,243670,2018-09-13 07:30:00,93.2750473022461,73.93021449002097,-33.688388570211195,185.1740769391741,374.22255653294167,19.34483281222512,2
283,243716,2018-09-13 15:10:00,581.545166015625,485.1957810943793,377.88753435926003,590.3313149078292,9283.203974702368,96.3493849212457,2
284,243748,2018-09-13 20:30:00,200.7580718994141,203.41334191740842,95.22635819342868,315.5925125802793,7.050458868459588,2.655270017994326,2
285,243812,2018-09-14 07:10:00,832.731689453125,826.0298667214278,721.5797331808654,947.5003491753382,44.91442792709378,6.701822731697234,2
286,243813,2018-09-14 07:20:00,804.4464111328125,851.3082356680994,744.6089414930454,944.3117482290355,2196.03059877602,46.86182453528693,2
287,243823,2018-09-14 09:00:00,553.6270141601562,479.24721898231314,375.4450259195546,565.8272255795056,5532.353930697893,74.3797951778431,2
288,243878,2018-09-14 18:10:00,1066.1788330078125,1081.2636931357438,963.8856735718307,1204.737648061315,227.55300507925088,15.084860127931279,2
289,243911,2018-09-14 23:40:00,523.1678466796875,540.4202540295754,432.82567229398165,661.3732372687247,297.64555936646616,17.252407349887903,2
290,243946,2018-09-15 05:30:00,970.0307006835938,932.0905724015976,821.7408807065635,1040.3553528347738,1439.4533340543264,37.94012828199618,2
291,243990,2018-09-15 12:50:00,526.2796630859375,469.3125784398984,367.504329401808,574.6386928413731,3245.2487330689837,56.9670846460391,2
292,244079,2018-09-16 03:40:00,825.2340087890625,820.0526448588596,708.6817478278888,935.7883396054933,26.846532177207703,5.181363930202906,2
293,244090,2018-09-16 05:30:00,863.652099609375,782.5515380560262,676.1234241608978,896.5821975167369,6577.301084268522,81.10056155334883,2
294,244238,2018-09-17 06:10:00,501.8299560546875,496.8605885479782,381.8826447709904,603.7470194032256,24.694613416738385,4.969367506709318,2
295,244424,2018-09-18 13:10:00,1892.876220703125,1978.2090254589807,1868.550757784405,2114.3133059216516,7281.68756750099,85.3328047558557,2
296,244494,2018-09-19 00:50:00,1649.7598876953125,1692.8730446538505,1597.1119341530145,1783.5551434135384,1858.7443029315298,43.11315695853796,2
297,244509,2018-09-19 03:20:00,1035.6937255859375,1011.0139298003808,914.3106146177305,1115.9258236294095,609.092320016784,24.679795785556735,2
298,244692,2018-09-20 09:50:00,-0.9704365134239196,-16.305193808001324,-134.78242920216937,87.93144264754568,235.1547812835949,15.334757294577404,2
299,244703,2018-09-20 11:40:00,148.76622009277344,111.49381492034792,-2.9099491267710587,203.3008402672451,1389.2321873374528,37.27240517242552,2
300,244816,2018-09-21 06:30:00,1944.47705078125,1961.6052041572802,1852.9084491035621,2056.8504004691026,293.37363807281616,17.12815337603024,2
301,244837,2018-09-21 10:00:00,2010.6104736328125,2039.222302087698,1921.5246686507467,2144.264265118015,818.6367275317914,28.611828454885426,2
302,244989,2018-09-22 11:20:00,404.0151672363281,371.36308325368714,271.43016885909094,472.8351308709873,1066.1585884094402,32.65208398264099,2
303,245069,2018-09-23 00:40:00,57.09933471679688,50.150543656324835,-61.885467970705974,151.924432177993,48.28569720209623,6.948791060472047,2
304,245088,2018-09-23 03:50:00,301.4948425292969,285.21260257019884,191.5119610965851,386.39232996605057,265.1113380856488,16.282239959098035,2
305,245145,2018-09-23 13:20:00,1033.7281494140625,882.8110941357086,791.5886023782745,996.1393409281017,22775.957573889737,150.91705527835393,2
306,245213,2018-09-24 00:40:00,1292.396484375,1367.202107153744,1259.0011675969972,1466.8313996429442,5595.881199315744,74.80562277874401,2
307,245234,2018-09-24 04:10:00,1251.9034423828125,1348.792858993962,1251.2051306302355,1444.1445734583865,9387.559051248893,96.8894166111495,2
308,245287,2018-09-24 13:00:00,229.2075653076172,200.31233136536287,92.5269288277301,310.68286276156476,834.9345445776063,28.895233942254322,2
309,245332,2018-09-24 20:30:00,217.89097595214844,211.05187746619697,91.5415447536727,320.30301108134523,46.77326810054365,6.839098485951467,2
310,245375,2018-09-25 03:40:00,-0.7911804914474487,2.585188304275833,-110.12600105346431,116.01706573007606,11.399866244733884,3.3763687957232817,2
311,245425,2018-09-25 12:00:00,466.86907958984375,411.540760135353,303.50394452430663,518.976359640577,3061.2229336581768,55.328319454490725,2
312,245454,2018-09-25 16:50:00,741.1090698242188,749.7620786809648,650.617830686187,857.9253570720265,74.87456227492568,8.653008856746055,2
313,245468,2018-09-25 19:10:00,561.2997436523438,644.5832911350562,540.4877056792244,742.693848103179,6936.149281305226,83.28354748271249,2
314,245504,2018-09-26 01:10:00,1448.867919921875,1563.474813618838,1468.9691851748848,1659.8115555631712,13134.74008286697,114.60689369696297,2
315,245509,2018-09-26 02:00:00,1104.918212890625,1296.7697509710072,1191.0608360318672,1394.0556064842324,36807.01266380833,191.85153808038217,2
316,245517,2018-09-26 03:20:00,1258.8067626953125,1466.1408711795534,1369.774962919291,1560.762197775601,42987.43254095498,207.33410848424091,2
317,245693,2018-09-27 08:40:00,166.25062561035156,188.65978339755753,82.11072763308611,281.02388373938805,502.17035273189396,22.40915778720597,2
318,245811,2018-09-28 04:20:00,639.7163696289062,641.4578863546134,530.6007500082519,760.7674037455464,3.0328805059176793,1.741516725707129,2
319,245813,2018-09-28 04:40:00,543.0822143554688,482.41790215096563,365.41955912331485,595.7546202246803,3680.158775245426,60.66431220450312,2
320,245905,2018-09-28 20:00:00,73.0722427368164,82.0827481826435,-29.961346213692792,194.3617143358251,81.1892083892797,9.010505445827093,2
321,246052,2018-09-29 20:30:00,521.3786010742188,446.9705183900463,352.6989533835902,532.8288834166486,5536.5627687346405,74.40808268417243,2
322,246082,2018-09-30 01:30:00,665.4102783203125,667.2988514035377,570.3266011922923,768.7748970206012,3.566708290682725,1.8885730832251966,2
323,246308,2018-10-01 15:10:00,442.2678527832031,464.71841889047124,359.77561736030935,565.0590648839868,504.0279185368159,22.450566107268116,2
324,246413,2018-10-02 08:40:00,618.504150390625,546.1020891705169,442.7031558355135,653.4911050570481,5242.058468920276,72.40206122010807,2
325,246422,2018-10-02 10:10:00,1966.33837890625,1865.7511217377187,1761.8845009383035,1967.6824577791347,10117.796304688256,100.58725716853132,2
326,246424,2018-10-02 10:30:00,2053.08251953125,1971.2876768867354,1856.8816139527978,2094.990119456873,6690.3962832409,81.79484264451457,2
327,246493,2018-10-02 22:00:00,885.7511596679688,867.1709106507598,765.8983495534002,972.3356915088962,345.22565354149543,18.580249017208985,2
328,246508,2018-10-03 00:30:00,980.7760620117188,984.2015086820683,882.0013187466732,1104.590574793034,11.733684891408583,3.4254466703495154,2
329,246514,2018-10-03 01:30:00,553.0619506835938,553.7446893253989,444.33733626315694,650.8723109599699,0.4661320530139336,0.6827386418051447,2
330,246577,2018-10-03 12:00:00,119.3157958984375,160.15207442003512,52.403458057926365,260.1835687517657,1667.6016434934952,40.83627852159762,2
331,246605,2018-10-03 16:40:00,96.56641387939452,99.49402917591947,-13.499864117120026,212.44067598990245,8.570931324446859,2.927615296524948,2
332,246651,2018-10-04 00:20:00,386.9337158203125,390.9292117836505,271.22096704465355,497.1244337455252,15.96398799305015,3.995495963337987,2
333,246669,2018-10-04 03:20:00,347.85223388671875,377.08655667492326,274.1921663963977,475.94357060292145,854.6456288849334,29.23432278820451,2
334,246753,2018-10-04 17:20:00,662.3359985351562,756.3337909015629,657.6647684558322,886.4707287476671,8835.584969758098,93.99779236640666,2
335,246785,2018-10-04 22:40:00,980.2777099609376,965.4069472806472,843.3074819284341,1086.5927192671707,221.13958269351934,14.870762680290454,2
336,246920,2018-10-05 21:10:00,66.51268768310547,100.47257417983586,-28.797397238312122,223.24864167977253,1153.273890870811,33.95988649673039,2
337,247010,2018-10-06 12:10:00,1318.9866943359375,1288.2797116518223,1140.7116817896538,1401.3839522276937,942.9187855625536,30.706982684115246,2
338,247123,2018-10-07 07:00:00,96.56686401367188,118.87926327938214,34.44606484347698,210.25138518232612,497.84316099246814,22.31239926571027,2
339,247265,2018-10-08 06:40:00,1159.1256103515625,1172.961453327727,1060.6086715207107,1278.8137971844828,191.43055086108012,13.835842976164486,2
340,247336,2018-10-08 18:30:00,749.6162719726562,707.3092888481648,602.4600639376594,831.1294119859864,1789.8808210960058,42.30698312449147,2
341,247528,2018-10-10 16:00:00,430.6571044921875,456.7144174735149,353.4629500113477,581.7208980941019,678.9835598068541,26.057312981327414,2
342,247539,2018-10-10 17:50:00,90.5193862915039,95.57564462234046,-41.26825060810744,212.95619195995565,25.565748308154078,5.056258330836556,2
343,247728,2018-10-12 01:20:00,1463.4344482421875,1359.8089784945541,1263.2010228648937,1474.33049063052,10738.237980417676,103.62546974763336,2
344,247752,2018-10-12 05:20:00,1917.3023681640625,1959.0711315297133,1839.0068042572975,2065.9244075373012,1744.629593095731,41.768763365650784,2
345,247840,2018-10-12 20:00:00,1987.302978515625,1993.421072858349,1867.4706292894036,2137.7666555388255,37.431078386470276,6.118094342723907,2
346,247858,2018-10-12 23:00:00,2047.8365478515625,1979.0123760128156,1883.7115409681555,2081.977186534702,4736.766629289363,68.8241718387469,2
347,247973,2018-10-13 18:10:00,2040.6405029296875,2040.3279753324211,1909.2536817242215,2165.8681658817477,0.09767349905307976,0.31252759726635304,2
348,248004,2018-10-13 23:20:00,1022.6984252929688,1022.4730371888892,919.6358876039498,1138.1705456088266,0.050799797460583274,0.22538810407957044,2
349,248020,2018-10-14 02:00:00,668.5255737304688,677.0107121821129,578.7866845548432,772.6286148753416,71.99757454357028,8.485138451644161,2
350,248024,2018-10-14 02:40:00,591.6300659179688,616.5090878684173,505.2668714848826,722.7325929209906,618.9657332108999,24.879021950448532,2
351,248073,2018-10-14 10:50:00,1151.481201171875,1114.739524297086,1000.669325547494,1217.8783728167887,1349.9508195714002,36.741676874788936,2
352,248110,2018-10-14 17:00:00,1001.3853759765624,987.5852486164441,884.9728103029266,1089.7568267355766,190.4435151554848,13.800127360118267,2
353,248256,2018-10-15 17:20:00,970.915283203125,925.6933489943498,817.3476781942749,1042.7519999458561,2045.0233335827947,45.221934208775224,2
354,248304,2018-10-16 01:20:00,-0.9197540283203124,-13.112647070302744,-120.03388690426053,91.82081984203516,148.6666407332236,12.192893041982432,2
355,248361,2018-10-16 10:50:00,112.7046890258789,84.9357918197372,-41.47600847598079,189.72313656412047,771.1116520452645,27.768897206141702,2
356,248365,2018-10-16 11:30:00,172.0229949951172,189.01379085482554,106.1016669464068,288.8109757752058,288.6871439462826,16.990795859708356,2
357,248563,2018-10-17 20:30:00,562.2440795898438,501.6183460071099,392.35962171140375,614.7650443763202,3675.479572444624,60.62573358273386,2
358,248857,2018-10-19 21:30:00,537.1973266601562,498.2026319804777,377.5006698391602,597.110301292605,1520.5862131613515,38.99469467967856,2
359,249024,2018-10-21 01:20:00,317.16912841796875,265.96934147764813,163.94900830041487,372.945224662073,2621.418182734226,51.19978694032062,2
360,249068,2018-10-21 08:40:00,450.275146484375,331.6460476192462,198.996882006136,441.8260453267944,14072.863097552505,118.62909886512881,2
361,249196,2018-10-22 06:00:00,657.3795166015625,663.0269698375905,552.5640429460038,798.9855332327558,31.893728053123283,5.647453236028014,2
362,249308,2018-10-23 00:40:00,1826.499755859375,1779.406192942003,1684.3781335275444,1883.3241045681466,2217.803668252483,47.09356291737208,2
363,251110,2018-11-15 04:30:00,228.466552734375,223.04872604792624,109.21789373628545,334.11485546287986,29.352846004396376,5.4178266864487625,2
364,251189,2018-11-15 17:40:00,341.3094177246094,355.4773675565356,215.9482404884461,456.80154699764074,200.73080243997907,14.16794983192625,2
365,251283,2018-11-16 09:20:00,7.499137878417969,18.487541430402032,-88.62945361642855,114.66438046384464,120.74501262125598,10.988403551984064,2
366,251719,2018-11-19 10:00:00,1191.4588623046875,1125.031216624902,999.7517310410052,1251.617261581382,4412.632110559116,66.42764567978543,2
367,251805,2018-11-20 00:20:00,1873.4688720703125,1822.5036381920388,1726.4840318657302,1924.1107574018647,2597.4550642671365,50.96523387827369,2
368,251822,2018-11-20 03:10:00,1582.680908203125,1586.659251677595,1463.2300399711887,1709.979238321726,15.827216800857762,3.978343474469966,2
369,251878,2018-11-20 12:30:00,1204.837158203125,1203.4466787679617,1104.389962825922,1296.8363824197036,1.9334330596121685,1.3904794351633427,2
370,251972,2018-11-21 04:10:00,297.1521301269531,237.97574383556687,139.14421505957412,350.3483767697982,3501.8446945073665,59.17638629138625,2
371,252010,2018-11-21 10:30:00,334.8531494140625,350.53216542945205,252.50514705514723,477.5200764221543,245.831543210842,15.67901601538955,2
372,252098,2018-11-22 01:10:00,50.074806213378906,55.30536481251066,-65.50661323169508,170.7129353151493,27.35874325895114,5.230558599131754,2
373,252141,2018-11-22 08:20:00,341.04052734375,344.50590155622194,231.14895443184176,443.6471034812583,12.008818432465539,3.465374212471943,2
374,252142,2018-11-22 08:30:00,237.8898468017578,229.78653300139368,116.72231284688071,337.0803791840696,65.66369454717183,8.103313800364134,2
375,252229,2018-11-22 23:00:00,48.72983932495117,72.91600451193369,-24.64179100816211,178.75815995374873,584.9705864520053,24.18616518698252,2
376,252345,2018-11-23 18:20:00,170.14169311523438,157.2547481753022,47.598144346738295,271.5793113332961,166.0733498848432,12.886944939932164,2
377,252396,2018-11-24 02:50:00,536.9881591796875,515.081388011913,409.0417512652359,615.7862107936198,479.9066229972377,21.906771167774536,2
378,252408,2018-11-24 04:50:00,387.0396423339844,389.08991620752033,284.0629416754316,482.94832084928004,4.203622956504138,2.050273873535957,2
379,252413,2018-11-24 05:40:00,521.8759155273438,593.9288024110418,490.8622958754875,704.5426569139737,5191.618508274991,72.05288688369808,2
380,252428,2018-11-24 08:10:00,517.3429565429688,454.8609084429451,356.5328531748773,570.6284000874908,3904.006334773667,62.48204810002363,2
381,252440,2018-11-24 10:10:00,639.3396606445312,620.7196533827528,520.5888071833139,724.4028648815664,346.7046704286834,18.620007261778483,2
382,252591,2018-11-25 11:20:00,285.8476257324219,346.90453506955333,240.09536268085765,442.15397812155277,3727.9461778026907,61.05690933713146,2
383,252933,2018-11-27 20:20:00,370.7919616699219,345.78474520593926,247.97284989779138,426.14669018851816,625.3608752764832,25.007216463982616,2
384,253081,2018-11-28 21:00:00,2023.9349365234373,2046.904325660093,1923.5094800369823,2139.472162824334,527.5928373111198,22.969389136655764,2
385,253093,2018-11-28 23:00:00,2030.03369140625,1972.9214101699313,1842.0302359088794,2072.047983353689,3261.8126680163637,57.11228123631872,2
386,253106,2018-11-29 01:10:00,1150.5625,1181.7014297429068,1095.5558838888342,1280.2517225222018,969.6329455336881,31.13892974290684,2
387,253143,2018-11-29 07:20:00,2034.3223876953125,2026.1452602852396,1919.4576268792082,2124.6940292793242,66.86541268056551,8.177127410072899,2
388,253214,2018-11-29 19:10:00,1872.0299072265625,1803.2977367759838,1694.9150562299828,1901.8815345707844,4724.111254847401,68.73217045057868,2
389,253255,2018-11-30 02:00:00,1987.224365234375,1966.466338623059,1865.825360817656,2072.8308568689554,430.89566879610015,20.758026611315927,2
390,253389,2018-12-01 00:20:00,950.2152709960938,967.4643205372007,848.0294177824588,1068.4996285751527,297.5297100715621,17.249049541106956,2
391,253391,2018-12-01 00:40:00,793.7015380859375,754.1602286627962,655.6817729335505,870.5129024540021,1563.5151508966064,39.54130942314134,2
392,253400,2018-12-01 02:10:00,456.9609069824219,417.202153269919,315.60433783416795,531.4746238818332,1580.7584967714615,39.75875371250288,2
393,253548,2018-12-02 02:50:00,1667.735107421875,1678.6881601596726,1572.997821883785,1794.3715993292465,119.96936427697625,10.953052737797634,2
394,253559,2018-12-02 04:40:00,1932.818603515625,1778.9098964648124,1672.1497063709617,1888.1401580751126,23687.890106052855,153.9087070508126,2
395,253581,2018-12-02 08:20:00,1296.7623291015625,1330.324999689048,1230.9558018600835,1429.6595671437137,1126.4528569640574,33.5626705874854,2
396,253658,2018-12-02 21:10:00,1985.1214599609373,1993.2865573882134,1876.6284815430895,2107.299933670388,66.66881599691116,8.165097427276123,2
397,253736,2018-12-03 10:10:00,1866.452392578125,1858.0253163393008,1752.4181646060038,1954.1598990875264,71.01561393495469,8.427076238824156,2
398,253742,2018-12-03 11:10:00,1479.3636474609375,1598.5144942381974,1499.035411759632,1689.830904834856,14196.924287738057,119.15084677725986,2
399,253763,2018-12-03 14:40:00,1188.2421875,1126.0713906391327,999.1983858811452,1237.5865183579863,3865.207982315229,62.17079686086731,2
400,253861,2018-12-04 07:00:00,840.6712036132812,882.4856828916678,786.3153655168551,976.7741454328483,1748.4506773226187,41.81447927838656,2
401,253934,2018-12-04 19:10:00,253.4465789794922,264.4834319023404,161.8616897428869,372.8084505930383,121.8121224405828,11.036852922848198,2
402,253945,2018-12-04 21:00:00,237.1087646484375,254.31895994406733,154.58137446049957,345.0744651241913,296.19082211371915,17.21019529562983,2
403,253979,2018-12-05 02:40:00,394.1746215820313,437.7004726285072,324.92810493786374,547.0978707668305,1894.4997093200077,43.52585104647591,2
404,254099,2018-12-05 22:40:00,615.6598510742188,685.0767048015323,577.5042826971684,803.3092023093596,4818.6995813992435,69.41685372731354,2
405,254106,2018-12-05 23:50:00,369.6971740722656,418.93151142094433,314.4697577150892,512.9161241688859,2424.0199741634992,49.23433734867871,2
406,254410,2018-12-08 02:30:00,2052.540283203125,2064.74581904719,1955.937708739149,2180.547335877046,148.97510524075057,12.205535844064798,2
407,254508,2018-12-08 18:50:00,2000.088623046875,1987.9012279814792,1899.2999258439352,2076.8181655710023,148.53259848003333,12.187395065395776,2
408,254601,2018-12-09 10:20:00,1669.7530517578125,1704.6328067468303,1571.933622057018,1807.5356090519545,1216.597308093911,34.87975498901778,2
409,254605,2018-12-09 11:00:00,1682.76953125,1715.97907126176,1610.609362674318,1825.582505844924,1102.873547792692,33.209540011760055,2
410,254903,2018-12-11 12:40:00,61.44329071044922,42.06859539379549,-62.58993705558374,159.96615618662597,375.3788186131639,19.374695316653728,2
411,254937,2018-12-11 18:20:00,183.38619995117188,175.03409832777368,67.86678654202566,278.31081117278944,69.75760152757081,8.352101623398198,2
412,254947,2018-12-11 20:00:00,103.28201293945312,92.57571805512912,-15.073888746039948,201.09005435837048,114.62475015010246,10.70629488432401,2
413,255041,2018-12-12 11:40:00,163.5760955810547,147.71423330252574,49.56437513273748,280.325401192479,251.5986749430195,15.861862278528946,2
414,255306,2018-12-14 07:50:00,435.7694091796875,453.28451463651766,347.3505217394676,564.8367850281444,306.7789191638815,17.515105456830156,2
415,255453,2018-12-15 08:20:00,1303.6865234375,1237.983496688663,1110.6284724192085,1363.9959809425343,4316.88772395838,65.70302674883692,2
416,255491,2018-12-15 14:40:00,1978.545166015625,1959.5606554600586,1852.727476467677,2085.17204635407,360.4116410344132,18.98451055556643,2
417,255706,2018-12-17 02:30:00,1164.480224609375,1253.469397032346,1157.6337746415973,1357.6523441998738,7919.072808525267,88.98917242297102,2
418,255939,2018-12-18 20:30:00,474.8726196289063,442.3211280799181,345.05759532906126,530.9629118011561,1059.5996020638518,32.551491548988224,2
419,256122,2018-12-20 03:00:00,810.5740356445312,817.525926722509,715.5634945622116,920.8618635483206,48.328789560066426,6.951891077977734,2
420,256152,2018-12-20 08:00:00,1115.8214111328125,1111.1878230022025,1010.8737575190554,1238.822269219355,21.47013896412942,4.633588130609951,2
421,256195,2018-12-20 15:10:00,1592.3740234375,1521.7814425309712,1426.910694522278,1612.8434604500235,4983.31247904482,70.59258090652884,2
422,256232,2018-12-20 21:20:00,830.1077880859375,783.6828861821574,670.1107210194571,885.5781284700847,2155.2715167756046,46.424901903780096,2
423,256332,2018-12-21 14:00:00,2007.5042724609373,2014.8630821299068,1893.1009506822347,2124.555947105854,54.15207974412004,7.35880966896957,2
424,256365,2018-12-21 19:30:00,402.1167907714844,368.586525171745,271.7705818239357,466.72518883667726,1124.2787111890661,33.53026559973938,2
425,256428,2018-12-22 06:00:00,1902.2882080078125,1854.7997335128537,1757.083316326682,1966.9812178474579,2255.155209858356,47.48847449495884,2
426,256493,2018-12-22 16:50:00,671.9481811523438,695.3959809850429,587.4688595682944,812.4429701862522,549.7993169943268,23.44779983269916,2
427,256592,2018-12-23 09:20:00,73.60852813720703,48.52825025498241,-43.35576192182972,147.8102505845922,629.0203386496055,25.08027788222462,2
428,256642,2018-12-23 17:40:00,141.26634216308594,154.1369916177931,43.95214634483472,258.52296585655495,165.65361738595342,12.870649454707149,2
429,256663,2018-12-23 21:10:00,172.1243896484375,172.23043973649237,73.87356886280868,279.80750574695946,0.01124662117644602,0.1060500880548716,2
430,256697,2018-12-24 02:50:00,350.6697692871094,301.93197422092277,201.0949395579204,398.8964986006733,2375.3726679136034,48.73779506618661,2
431,256708,2018-12-24 04:40:00,160.81500244140625,134.79806082570056,32.09229575399308,244.21044153532887,676.8812510350386,26.01694161570569,2
432,256730,2018-12-24 08:20:00,28.941059112548828,23.643167453475915,-86.32299155828409,145.1178633212727,28.067656031274346,5.2978916590729135,2
433,256796,2018-12-24 19:20:00,450.218017578125,370.13238032910454,282.99901239914857,471.3696864946931,6413.7092935816945,80.08563724902046,2
434,257027,2018-12-26 09:50:00,289.391845703125,290.74502519921015,193.03085084737702,390.96468148444274,1.8310947486252527,1.353179496085147,2
435,257060,2018-12-26 15:20:00,133.26760864257812,169.63601786961215,67.37309275119088,293.457935543817,1322.6611897050134,36.36840922703402,2
436,257150,2018-12-27 06:20:00,48.81201553344727,51.95449382450028,-45.17322887716979,151.6794057913066,9.875169809739445,3.14247829105301,2
437,257185,2018-12-27 12:10:00,-0.9164344668388368,21.011144090889058,-84.65664336113822,122.84017565991552,480.8187014053281,21.927578557727895,2
438,257308,2018-12-28 08:40:00,157.80799865722656,175.13738318376625,73.40855239194502,274.30353514013,300.30756806867305,17.329384526539684,2
439,257487,2018-12-29 14:30:00,825.07470703125,806.59992525241,718.2873430222163,913.5456020713269,341.31756177575835,18.474781778839997,2
440,257644,2018-12-30 16:40:00,343.0756225585937,367.43391839048087,255.8472615243876,456.511798480677,593.3265758337321,24.358295831887176,2
441,257797,2018-12-31 18:10:00,574.7367553710938,561.0851797066301,449.77602683300734,664.5158098833701,186.36551812257537,13.651575664463621,2
442,257980,2019-01-02 00:40:00,542.5593872070312,543.8853352015876,432.05877196996437,654.4173510857693,1.7581380842680663,1.3259479945563726,2
443,258080,2019-01-02 17:20:00,-1.492676854133606,-17.767114083707586,-132.43729645907746,78.60638429191059,264.8573071393436,16.27443722957398,2
444,258132,2019-01-03 02:00:00,-2.247438907623291,11.21632100893069,-89.048559073986,123.61853018531586,181.27283109060565,13.46375991655398,2
445,258188,2019-01-03 11:20:00,-1.7701530456542969,14.30097288311467,-114.16834004161146,137.21329591371676,258.2810886183501,16.071125928768964,2
446,258205,2019-01-03 14:10:00,-2.095587968826294,-8.418145316046017,-140.96378364688601,107.82207588765797,39.9747314088821,6.322557347219723,2
447,258289,2019-01-04 04:10:00,162.40939331054688,123.18788738308712,27.711927231097075,233.61412426917633,1538.326527217761,39.22150592745976,2
448,258672,2019-01-06 20:00:00,181.7446136474609,210.12959183537532,94.57154185151633,312.0866498973906,805.706986728377,28.384978187914413,2
449,258703,2019-01-07 01:10:00,634.4359741210938,620.2516246533427,517.8332055206051,721.620506594547,201.19576982329025,14.184349467751076,2
450,258724,2019-01-07 04:40:00,727.6026611328125,752.4205183796821,648.1994277183813,871.756242030718,615.9260383259983,24.817857246869607,2
451,258925,2019-01-08 14:10:00,1249.1513671875,1196.1808161755716,1075.1286722393809,1294.3981211880173,2805.879274507305,52.970551011928364,2
452,259095,2019-01-09 18:30:00,465.0118713378906,499.1255166999208,407.89918883066304,602.8658142528969,1163.7407998863634,34.113645362030184,2
453,259123,2019-01-09 23:10:00,657.4873046875,716.9500732157381,627.23489184183,811.1750430591001,3535.8208410428288,59.46276852823814,2
454,259186,2019-01-10 09:40:00,751.1954956054688,757.8758310660894,652.3687081081453,857.9352814460548,44.62688186642576,6.680335460620654,2
455,259461,2019-01-12 07:30:00,1105.58203125,1115.4751474274233,1004.7534722409879,1194.7169202640798,97.87374769999423,9.89311617742328,2
456,259496,2019-01-12 13:20:00,1787.142578125,1770.540245911627,1668.5858888411562,1878.6193314262646,275.63743492320526,16.602332213373074,2
457,259519,2019-01-12 17:10:00,1490.5609130859375,1481.7378345739462,1386.8856054847338,1572.2707911339826,77.84671442876258,8.823078511991298,2
458,259576,2019-01-13 02:40:00,1534.0791015625,1569.143149525844,1456.6458767286044,1671.8307920876873,1229.4874595756821,35.06404796334391,2
459,259901,2019-01-15 08:50:00,931.6287841796876,928.9010328600773,838.000929915585,1039.0916292599088,7.440627261635842,2.72775131961032,2
460,259908,2019-01-15 10:00:00,1218.2662353515625,1324.4413864534833,1237.4904974032922,1421.887465221928,11273.162711515724,106.17515110192085,2
461,259975,2019-01-15 21:10:00,1079.8067626953125,1048.2344534972826,951.9840250880294,1155.4978123479407,996.8107080960016,31.57230919802987,2
462,259980,2019-01-15 22:00:00,1059.8846435546875,1027.6460524540155,940.7155215914453,1121.905525592999,1039.3267561563287,32.23859110067201,2
463,260150,2019-01-17 02:20:00,927.629150390625,911.2109378992939,791.2534876827692,1012.9473189065901,269.55770141050164,16.418212491331133,2
464,260199,2019-01-17 10:30:00,1578.6441650390625,1509.6127857379715,1394.8800683512804,1605.9879830803075,4765.33132821109,69.03137930109096,2
465,260280,2019-01-18 00:00:00,91.62693786621094,65.8763631809507,-47.4625441721444,179.58884640660125,663.0920966211652,25.750574685260233,2
466,260311,2019-01-18 05:10:00,321.1109313964844,438.3053035411428,327.48277061240606,545.451582193275,13734.520862380688,117.19437214465842,2
467,260312,2019-01-18 05:20:00,301.46844482421875,372.1440445935697,273.80079739185646,472.0887319392196,4995.040402757477,70.67559976935092,2
468,260428,2019-01-19 00:40:00,1284.63037109375,1333.8885915673773,1222.5475022974945,1452.114776495398,2426.372284228472,49.25822047362726,2
469,260661,2019-01-20 15:30:00,-2.5154526233673096,13.2109798469778,-99.55073473866187,118.13575959959086,247.320678244325,15.72643247034511,2
470,260679,2019-01-20 18:30:00,158.37738037109375,158.3596632968065,52.31449336435649,269.17757690448207,0.00031389472129985253,0.01771707428724767,2
471,260822,2019-01-21 19:10:00,1307.79052734375,1220.1209787224839,1105.9240968562804,1318.8774012589054,7685.949755456546,87.66954862126613,2
472,261150,2019-01-24 01:50:00,468.2579040527344,488.4664066073767,379.90699833917813,578.0261792196234,408.38357550098584,20.208502554642337,2
473,261231,2019-01-24 15:20:00,65.31143951416016,61.178136590494,-18.707981488753795,159.0393187781885,17.084193058787204,4.133302923666157,2
474,261390,2019-01-25 17:50:00,1230.661865234375,1165.741160445672,1048.1689552369473,1288.4852343569225,4214.697910261925,64.920704788703,2
475,261411,2019-01-25 21:20:00,1489.3236083984375,1483.1162659636225,1382.899434296847,1596.1386895776602,38.53110010305524,6.207342434815018,2
476,261486,2019-01-26 09:50:00,1053.421875,1038.1256639956296,923.5889732895383,1152.4342786687769,233.97407109022316,15.296211004370434,2
477,261535,2019-01-26 18:00:00,2030.994140625,2001.219780259711,1902.2881547575323,2108.2511290141506,886.5125351620992,29.774360365289112,2
478,261566,2019-01-26 23:10:00,489.2534790039063,471.70825407205945,349.48992259349166,565.3726457916783,307.8349179091007,17.54522493184686,2
479,261636,2019-01-27 10:50:00,2046.684326171875,2028.4236926082378,1913.1749255035743,2143.0135991412803,333.45073814543184,18.260633563637157,2
480,261733,2019-01-28 03:00:00,2035.57080078125,2065.3137619194304,1964.6711053945724,2172.8039950337716,884.6437372673073,29.742961138180362,2
481,261755,2019-01-28 06:40:00,1642.571044921875,1782.1964044589906,1683.0997735309295,1919.2743359365686,19495.241025868807,139.62535953711563,2
482,261761,2019-01-28 07:40:00,1658.1907958984375,1626.3664512041382,1505.1036938812833,1735.398138389387,1012.7889152215741,31.82434469429927,2
483,261948,2019-01-29 14:50:00,431.7392272949219,385.9578655768824,269.87644607677385,496.54231745924807,2095.9330807579704,45.78136171803948,2
484,262020,2019-01-30 02:50:00,1560.88330078125,1434.020876545214,1325.0171580763108,1534.7233406396074,16094.074683043993,126.86242423603608,2
485,262030,2019-01-30 04:30:00,1204.9215087890625,1114.7898378373736,1001.9369167392792,1222.0680871841873,8123.718108543516,90.13167095168887,2
486,262040,2019-01-30 06:10:00,1415.4923095703125,1312.421424442593,1203.267743218743,1408.2877360651732,10623.607361011553,103.07088512771952,2
487,262059,2019-01-30 09:20:00,861.6449584960938,854.1779229049408,751.794412738028,950.9324993997807,55.756620519544455,7.467035591152921,2
488,262072,2019-01-30 11:30:00,388.8424682617188,353.43391083322143,244.7845358341571,463.59284026023875,1253.7659391671966,35.408557428497375,2
489,262131,2019-01-30 21:20:00,240.49984741210935,313.4730709891905,196.53112352792127,422.1030334655363,5325.0913592306715,72.97322357708114,2
490,262299,2019-02-01 01:20:00,1432.040283203125,1387.6003131828602,1282.2732756166763,1492.9845902496547,1974.910935402035,44.43997002026481,2
491,262345,2019-02-01 09:00:00,1434.2635498046875,1326.6548217177992,1216.6160489333085,1426.9876621148833,11579.638360477858,107.60872808688828,2
492,262378,2019-02-01 14:30:00,1226.65283203125,1259.3399232705722,1152.1010801723655,1335.9568887250605,1068.4459336877724,32.68709123932217,2
493,262430,2019-02-01 23:10:00,1149.7899169921875,1247.1355522796039,1147.7184177551294,1347.547796905667,9476.172709510683,97.34563528741637,2
494,262546,2019-02-02 18:30:00,1433.5560302734375,1493.7180378418618,1393.346435156572,1610.7749682175076,3619.4671546631444,60.162007568424315,2
495,262715,2019-02-03 22:40:00,1090.47802734375,1147.7786091004707,1042.8824328922947,1254.81885128892,3283.3566696586336,57.3005817567207,2
496,262849,2019-02-04 21:00:00,218.5577850341797,217.37981252112152,109.8899469685589,313.07436019648384,1.3876192415205695,1.1779725130581653,2
497,263134,2019-02-06 20:30:00,817.331234741211,868.3538211334566,767.5034542219881,969.246615675079,2603.3043221541616,51.02258639224556,2
498,263159,2019-02-07 00:40:00,1286.72341003418,1293.182398656623,1188.4910873456415,1411.3682390108563,41.718534024848516,6.45898862244303,2
499,263248,2019-02-07 15:30:00,1568.10789320204,1648.684478576174,1556.3463613553984,1742.4518925930051,6492.586110555082,80.57658537413386,2
500,263295,2019-02-07 23:20:00,1717.65617540148,1623.8338987877219,1507.2610582556133,1734.3123932843769,8802.619588988531,93.82227661375805,2
501,263303,2019-02-08 00:40:00,1331.77174072266,1315.6534173150358,1200.8803516247,1427.267062589671,259.8003494727695,16.118323407624302,2
502,263374,2019-02-08 12:30:00,2070.76639404297,2064.0844817697025,1952.5471659621587,2168.6015101737844,44.647951627645504,6.681912273267699,2
503,263413,2019-02-08 19:00:00,2033.56251220703,2033.2278889955417,1931.5154765828327,2122.405359896135,0.1119726936668145,0.334623211488406,2
504,263553,2019-02-09 18:20:00,1422.9067565918,1459.70336352594,1358.3646811639283,1555.5716635137696,1353.9902818655885,36.796606934139845,2
505,263556,2019-02-09 18:50:00,1798.65092773438,1730.6644102143593,1607.6615521571482,1812.9872406588656,4622.166564500081,67.9865175200207,2
506,263563,2019-02-09 20:00:00,1719.69063720703,1682.3277665387272,1578.9764743031656,1770.6767248072574,1395.9841045763199,37.362870668302776,2
507,263580,2019-02-09 22:50:00,794.075061035156,866.5930519029664,774.6357686420747,984.6584401523644,5258.85899950384,72.51799086781045,2
508,263726,2019-02-10 23:10:00,603.496337890625,591.0312966757994,482.3019298942384,693.3833479528505,155.37725248730203,12.465041214825646,2
509,263788,2019-02-11 09:30:00,161.926365661621,160.5446167947102,58.47010200155806,264.3730546396335,1.9092299312092331,1.3817488669107831,2
510,263802,2019-02-11 11:50:00,355.106604003906,352.02079943968357,241.2150961999133,454.8543994626603,9.522189808575972,3.0858045642224283,2
511,263853,2019-02-11 20:20:00,223.73839263916,230.02927954242313,126.2529118826644,326.8959192790788,39.57525802964756,6.290886903263129,2
512,264132,2019-02-13 18:50:00,817.935739135742,871.2500059351244,764.8462306118448,977.4504036049393,2842.4110443557265,53.31426679938238,2
513,264148,2019-02-13 21:30:00,1444.3553527832,1667.3850034556294,1546.993303818023,1778.6188186751315,49742.22507906589,223.0296506724294,2
514,264173,2019-02-14 01:40:00,497.1796875,504.33628763023677,386.2978421729092,611.9605552367783,51.21692542410493,7.156600130236768,2
515,264290,2019-02-14 21:10:00,1083.47165222168,1039.6563808216213,938.3877632829672,1147.7986884983768,1919.7780078608012,43.81527140005869,2
516,264368,2019-02-15 10:10:00,677.670769942434,596.8594689746731,500.094425448066,690.2956141719284,6530.466364102048,80.81130096776099,2
517,264398,2019-02-15 15:10:00,1094.90743103027,1040.422586019202,923.3126624593275,1138.5633751061268,2968.598335880082,54.48484501106782,2
518,264427,2019-02-15 20:00:00,1884.2622253418,1855.346376970656,1753.0730816204564,1954.9008721119483,836.1262870230023,28.915848371144193,2
519,264492,2019-02-16 06:50:00,569.653796386719,519.4195263576174,411.1506726733694,623.0567410838003,2523.481885356695,50.234270029101594,2
520,264498,2019-02-16 07:50:00,463.695111083984,402.3866585594586,298.05843457041397,497.2668382288267,3758.7263509519807,61.308452524525364,2
521,264571,2019-02-16 20:00:00,1264.66285095215,1041.4305723972648,922.6502456107596,1178.90788118114,49832.65018880585,223.23227855488517,2
522,264708,2019-02-17 18:50:00,1322.65796508789,1170.5532900791743,1083.1945087212125,1277.3089775912833,23135.83215950703,152.10467500871573,2
523,264886,2019-02-19 00:30:00,1317.78626708984,1343.3972057386331,1220.6232625290581,1439.017862337716,655.9201784722432,25.61093864879308,2
524,265187,2019-02-21 02:40:00,1768.61991577149,1598.9503677821308,1500.2387278946574,1709.7758230317515,28787.75551491347,169.66954798935922,2
525,265229,2019-02-21 09:40:00,1376.49625549317,1311.9399802741013,1202.8561413796785,1405.86946388379,4167.512670160152,64.55627521906877,2
526,265244,2019-02-21 12:10:00,894.483407592774,873.7721143540813,752.498989795835,989.886860755592,428.9576676191199,20.711293238692747,2
527,265393,2019-02-22 13:00:00,97.071636300338,69.8822883074684,-28.8507723350522,164.35835950711638,739.2606442773621,27.1893479928696,2
528,265402,2019-02-22 14:30:00,119.409650802612,101.93831518926713,-10.806407490027341,195.8327539067535,305.247568114133,17.471335613344877,2
529,265438,2019-02-22 20:30:00,722.614614868164,670.3524620873729,545.7699197777343,773.5475800061076,2731.3326132827506,52.2621527807911,2
530,265444,2019-02-22 21:30:00,846.867135620117,861.4472618908447,759.6608725226852,980.7076644018829,212.5800820703658,14.58012627072776,2
531,265568,2019-02-23 18:10:00,199.33452796936,205.14878138089657,102.6554481089196,307.1792874256499,33.805542733564465,5.814253411536555,2
532,271362,2019-04-04 23:50:00,299.72424621582,298.853579982014,206.88597968337405,406.49511943252844,0.7580596906899093,0.8706662338059914,2
533,271372,2019-04-05 01:30:00,1242.12800292969,1343.4504988052843,1231.7113178122277,1444.0813165319921,10266.248170459827,101.32249587559431,2
534,271562,2019-04-06 09:10:00,522.475921630859,509.75913210952604,412.22225663383125,635.3210387492187,161.71673572988476,12.716789521332998,2
535,271664,2019-04-07 02:10:00,316.670277404785,311.038308013354,220.2879456365545,412.7739109463051,31.719079226015342,5.631969391430971,2
536,271746,2019-04-07 15:50:00,123.303890228271,165.0885187247931,54.348476549757294,263.1322686351574,1745.9551785923659,41.78462849652209,2
537,271754,2019-04-07 17:10:00,62.3202733491597,71.53259554781403,-22.975750401763694,184.06414341536657,84.8668802918193,9.212322198654327,2
538,271768,2019-04-07 19:30:00,117.845292377472,153.1451476658773,49.13288435864208,263.0460510110587,1246.0797833823544,35.29985528840528,2
539,271805,2019-04-08 01:40:00,280.817974853516,315.03873444921436,218.2924299009122,420.18641111830965,1171.060387306583,34.22075959569838,2
540,271827,2019-04-08 05:20:00,777.810039520264,770.495242810851,660.0076956087709,879.7739827510288,53.5062509000397,7.314796709413031,2
541,271878,2019-04-08 13:50:00,557.060821533203,478.4122042302907,373.2288797962518,579.1644586669197,6185.605003659961,78.64861730291233,2
542,271982,2019-04-09 07:10:00,789.7742477417,755.1294589576369,649.7676820540802,866.118610901051,1200.261389892349,34.64478878406317,2
543,278113,2019-05-21 22:40:00,645.203231811524,603.9079518604635,493.13368731419183,716.2987429874624,1705.3001462364575,41.29527995106048,2
544,278450,2019-05-24 07:00:00,311.647073633531,287.9115995017339,167.93375691246865,400.02556094233796,563.3727322612095,23.735474131797105,2
545,278709,2019-05-26 02:10:00,1154.3590423584,1181.37079690064,1078.9849258259592,1288.549468118706,729.6348834502202,27.01175454223994,2
546,278727,2019-05-26 05:10:00,907.418386840821,831.2672129872964,725.5861957192998,952.1669006815775,5799.001279269728,76.1511738535246,2
547,278843,2019-05-27 00:30:00,550.534655761719,601.701233177244,506.49391895912044,713.3967740360893,2618.0186444189144,51.16657741552501,2
548,278938,2019-05-27 16:20:00,658.776290893555,628.046836244855,522.5049519524833,745.6858111319899,944.2993830065152,30.729454648700084,2
549,278958,2019-05-27 19:40:00,132.364467382431,137.35832918205148,8.892001638987736,241.87704712078622,24.938655673708656,4.9938617996204755,2
550,279015,2019-05-28 05:10:00,661.86650390625,587.5500595273978,460.9995192037853,688.5524966359718,5522.933905115036,74.31644437885222,2
551,279032,2019-05-28 08:00:00,608.757529449463,548.5825298794292,444.00000038213443,644.2353019922483,3621.030573253572,60.17499957003383,2
552,279078,2019-05-28 15:40:00,311.894181442261,336.8465318703324,234.22150165978658,429.1205345099302,622.6197918852741,24.952350428071384,2
553,279092,2019-05-28 18:00:00,-0.572030562493536,11.231412198030508,-93.63117047770723,108.60347422623958,139.32126100096747,11.803442760524044,2
554,279572,2019-06-01 02:00:00,327.420457458496,300.3502269971049,196.64545373824498,406.6553816146417,732.7973772328254,27.070230461391077,2
555,279697,2019-06-01 22:50:00,1016.71912231445,989.1704023241009,886.0518301794025,1090.6020488317406,758.9319731066616,27.548719990349127,2
556,279875,2019-06-03 04:30:00,652.261853027344,716.6136459293099,613.3089483448823,824.4056180398261,4141.1532496975005,64.35179290196584,2
557,280111,2019-06-04 19:50:00,364.232130432129,443.6831122367549,338.80109865762165,551.5759252337568,6312.458509718993,79.45098180462588,2
558,280123,2019-06-04 21:50:00,311.991163635254,338.3368592433488,232.2241325222081,485.5069646529526,694.0956770743849,26.345695608094786,2
559,280130,2019-06-04 23:00:00,305.637867736816,280.54907526820926,173.95167604526276,382.9206208114272,629.447507532819,25.088792468606755,2
560,280144,2019-06-05 01:20:00,302.737100219727,331.3904608306025,218.23695651295532,438.1045038617109,821.0150742968714,28.653360610875495,2
561,280157,2019-06-05 03:30:00,623.404623413086,546.9229048801967,441.04109524746076,666.4417969927673,5849.4532697441055,76.48171853288932,2
562,280242,2019-06-05 17:40:00,149.724491500854,134.31317922723517,30.293876757852438,243.51591631040856,237.50854599499405,15.411312273618819,2
563,280276,2019-06-05 23:20:00,110.210968017578,82.3237449482009,-16.483891309926005,182.13949159046192,777.6972105211984,27.8872230693771,2
564,280391,2019-06-06 18:30:00,286.747669219971,265.41733306200206,149.00263092464323,370.86172334435645,454.9832406119567,21.33033615796893,2
565,280428,2019-06-07 00:40:00,29.8092930197716,42.48420194288712,-52.414930218675444,142.2930994666944,160.65331620927336,12.674908923115517,2
566,280546,2019-06-07 20:20:00,9.5700314566493,22.497798807966632,-88.22158601576841,115.83157692451252,167.12716868978634,12.927767351317332,2
567,280710,2019-06-08 23:40:00,1192.08572387695,1270.680130976211,1156.1328023018602,1388.6484546821696,6177.080827284393,78.59440709926116,2
568,280724,2019-06-09 02:00:00,1260.9275604248,1147.135400551577,1050.9631193526932,1248.530383281763,12948.655648613143,113.792159873223,2
569,280952,2019-06-10 16:00:00,1472.89086303711,1462.6785947270826,1340.990302497203,1576.6559947789383,104.29042403599013,10.212268310027412,2
570,281032,2019-06-11 05:20:00,2064.05345458985,2036.754894955607,1899.4950552503003,2160.607462762975,745.2113581043224,27.29855963424302,2
571,281056,2019-06-11 09:20:00,2033.82239990235,2039.7373208115082,1927.3079052470916,2163.100275388935,34.986289361596,5.914920909158127,2
572,281084,2019-06-11 14:00:00,2046.66399536133,2038.4664110215288,1937.1660745229854,2141.2691415666222,67.20038900815591,8.197584339801324,2
573,281144,2019-06-12 00:00:00,774.79421081543,715.3836205154957,614.1934074025667,811.4972136022648,3529.6182397866423,59.410590299934256,2
574,281286,2019-06-12 23:40:00,378.433724975586,444.0495791157826,334.3673920309028,545.7465065116415,4305.440314547552,65.61585414019657,2
575,281373,2019-06-13 14:10:00,640.994171142578,601.431468345337,491.4678077449159,696.4391731813702,1565.2074526228255,39.56270279724106,2
576,281442,2019-06-14 01:40:00,248.558927917481,277.04917097107534,168.1447096286282,358.12114499167023,811.6939492528815,28.490243053594355,2
577,281498,2019-06-14 11:00:00,470.201429578993,384.41958838219614,289.7688463463135,475.8255919869237,7358.524279112473,85.78184119679685,2
578,281553,2019-06-14 20:10:00,607.596022033692,568.4078606812726,467.8716326271734,664.310123733213,1535.711990183253,39.18816135241934,2
579,281558,2019-06-14 21:00:00,569.512959289551,592.5282963297192,479.3513255998991,702.8931553797098,529.7057390725392,23.01533704016822,2
580,281746,2019-06-16 04:20:00,383.125666809082,307.9675490341164,202.99899609087993,403.3792312047071,5648.742667475601,75.1581177749656,2
581,281750,2019-06-16 05:00:00,468.644120788574,460.5020069299518,366.0779990543512,571.7731318924897,66.29401808676809,8.142113858622224,2
582,281754,2019-06-16 05:40:00,372.901554870605,384.321207510984,277.0853838784009,494.38715418687843,130.40846642691406,11.419652640378956,2
583,281812,2019-06-16 15:20:00,1417.42575683594,1460.2321703612624,1340.3490314746862,1557.0783930906111,1832.3890389008995,42.80641352532234,2
584,281825,2019-06-16 17:30:00,1192.52962036133,1241.5570647213065,1125.0613139735774,1365.800807850493,2403.6903004705887,49.02744435997647,2
585,281953,2019-06-17 14:50:00,1076.28654479981,1100.602231884273,996.8381873425574,1203.8925239448454,591.2526383895197,24.31568708446298,2
586,281954,2019-06-17 15:00:00,1052.06895599365,1077.8412493954038,969.7200679947349,1166.6457208331212,664.2111071860832,25.772293401753814,2
587,282178,2019-06-19 04:20:00,-1.58716252148151,15.352455564744396,-76.23255471590936,113.9693653921232,286.95066090719183,16.939618086225906,2
588,282280,2019-06-19 21:20:00,306.219092118113,358.19030782214537,238.37392914143354,463.08067008850827,2701.0072617550613,51.971215704032375,2
589,282327,2019-06-20 05:10:00,915.103933715821,966.9732752957224,860.2778720349542,1085.920316625612,2690.4285959324884,51.8693415799014,2
590,282373,2019-06-20 12:50:00,1293.58035430908,1298.772943072772,1192.8675246841499,1392.8295928846626,26.96297806882175,5.192588763692129,2
591,282420,2019-06-20 20:40:00,366.374311828613,349.70846912599666,242.70233020116032,435.12865835290035,277.75031298834955,16.665842702616317,2
592,282573,2019-06-21 22:10:00,-0.909084019064903,-7.67314641333712,-115.14612721634722,85.09569151196978,45.752540073607605,6.764062394272218,2
593,282666,2019-06-22 13:40:00,125.769846272469,104.20424408942972,7.168088398360229,196.1424789577758,465.07519751710834,21.565602183039275,2
594,282739,2019-06-23 01:50:00,92.7698169708252,96.25937373898222,-27.04400708685959,222.48155529089433,12.177006438190435,3.4895567681570157,2
595,282759,2019-06-23 05:10:00,104.689501953125,98.3018913899142,-15.140068940201871,195.40783978617486,40.80156870724218,6.387610563210799,2
596,283001,2019-06-24 21:30:00,46.124471950531,51.166062334920305,-49.30422344601481,160.11220940276334,25.41763360396667,5.041590384389302,2
597,283024,2019-06-25 01:20:00,-5.31282193362712,24.268481127502135,-67.0108792420263,122.97856445315827,875.053490794375,29.581303061129255,2
598,283075,2019-06-25 09:50:00,462.409100984272,430.73919778775814,299.3788073456601,532.7852231010272,1002.9827684765595,31.66990319651387,2
599,283213,2019-06-26 08:50:00,1444.18035888672,1417.0328868864447,1305.1631392958243,1522.761409636478,736.9852360057275,27.14747200027523,2
600,283237,2019-06-26 12:50:00,1063.105078125,1035.6244717187571,919.8148618315118,1167.983994994768,755.1837284548405,27.48060640624294,2
601,283383,2019-06-27 13:10:00,407.79091796875,363.58922695670736,263.4940387823483,465.23392697251234,1953.7894883240929,44.20169101204266,2
602,283402,2019-06-27 16:20:00,532.772769165039,529.9659051794713,408.5022320157179,642.2961841089414,7.878485433477005,2.806863985567702,2
603,283426,2019-06-27 20:20:00,656.245195007324,643.0752734329237,529.1293068327554,750.3026227513149,173.44683427585426,13.169921574400291,2
604,283469,2019-06-28 03:30:00,601.763926696777,617.4453977246492,510.03497974284915,736.9214312677541,245.90853359799314,15.681471027872135,2
605,283473,2019-06-28 04:10:00,429.701531219482,451.3463896670448,352.79923485772963,550.8864904113606,468.49989721503056,21.644858447562797,2
606,283489,2019-06-28 06:50:00,343.764752197266,353.33444801504197,246.44980791257166,459.2920872193833,91.57907804475934,9.569695817775994,2
607,283494,2019-06-28 07:40:00,341.108253880551,347.57815832825185,232.79456804360095,460.849648872888,41.85966356237931,6.469904447700856,2
608,283528,2019-06-28 13:20:00,380.402507019043,438.7860165193875,333.9930291677023,533.7211888112665,3408.6341815768133,58.38350950034447,2
609,283536,2019-06-28 14:40:00,303.190598297119,367.511620781107,248.45380890752563,479.85229909480654,4137.1939333856935,64.32102248398803,2
610,283537,2019-06-28 14:50:00,427.561549377441,429.4160573043292,318.7705237197446,544.6794333256034,3.4391996508910765,1.854507926888175,2
611,283554,2019-06-28 17:40:00,672.683304468791,593.5894258628703,479.56054533095926,696.2794797968453,6255.841632928126,79.09387860592074,2
612,283563,2019-06-28 19:10:00,424.576393127442,485.5715892396804,361.9430182605478,597.0741284118282,3720.4139487704265,60.99519611223843,2
613,283695,2019-06-29 17:10:00,420.374848937988,487.0189089320168,380.4126856538074,596.4733007495793,4441.430732487709,66.6440599940288,2
614,283907,2019-07-01 04:30:00,590.39970703125,557.452235099356,439.2998389759436,671.979828221643,1085.5359067029449,32.94747193189403,2
615,283971,2019-07-01 15:10:00,787.050579833985,884.7130662224572,782.2729322623718,992.6568031219616,9537.961247578516,97.66248638847219,2
616,283976,2019-07-01 16:00:00,748.990945434571,806.6066776980178,700.4420241799628,945.5095862147325,3319.572604253188,57.61573226344683,2
617,284038,2019-07-02 02:20:00,648.916059875488,702.4972759488602,596.0641529510557,802.4947066228883,2870.9467159013952,53.58121607337216,2
618,284152,2019-07-02 21:20:00,538.224369812012,519.7445489166925,413.9564163459503,624.98401791623,341.50378032308953,18.479820895319563,2
619,284314,2019-07-04 00:20:00,507.542988586426,514.9901050288616,417.7930619767367,622.1448398239991,55.4595433071951,7.447116442435629,2
620,284328,2019-07-04 02:40:00,196.775677490234,175.84889252443537,88.577716733119,285.5405222485928,437.93032900477505,20.926784965798618,2
621,284343,2019-07-04 05:10:00,392.944834899903,467.2601576427349,350.7320379657104,575.3217336428156,5522.767194371266,74.31532274283188,2
622,284410,2019-07-04 16:20:00,120.211036491394,128.82129772676515,20.258490193413135,240.73991292732313,74.1365985413352,8.610261235371155,2
623,284451,2019-07-04 23:10:00,213.094700532801,257.53015721105857,160.4346079876615,361.7880738429235,1974.509810205305,44.435456678257566,2
624,284480,2019-07-05 04:00:00,417.569557189942,412.4934578190369,314.6374839613897,538.1753167724685,25.766784823302842,5.0760993709050695,2
625,284859,2019-07-07 19:10:00,-1.54448254704475,-3.9118238242135823,-96.26495836863802,116.72511588159831,5.604304722587359,2.3673412771688325,2
626,284883,2019-07-07 23:10:00,207.277338128341,184.29963014622777,94.67615851666501,279.061306070362,527.9750641112701,22.97770798211323,2
627,284907,2019-07-08 03:10:00,53.4249483823777,21.41271647529289,-79.14269065019325,117.17877357612649,1024.7829916729788,32.01223190708481,2
628,284998,2019-07-08 18:20:00,131.559902994256,118.35036678178358,0.5552462609314748,220.3502091515171,174.49184694862006,13.209536212472415,2
629,285007,2019-07-08 19:50:00,361.536795043945,399.4301290995788,284.30640488806534,507.60973049960353,1435.9047658518543,37.89333405563377,2
630,285147,2019-07-09 19:10:00,-0.576713512837887,-2.8772449013493313,-120.8310290077761,111.73546879885278,5.292444669526393,2.3005313885114442,2
631,285244,2019-07-10 11:20:00,558.272448730469,506.2068732272591,399.5196920227479,614.2924620686957,2710.824152480452,52.065575503209914,2
632,285407,2019-07-11 14:30:00,290.992971801758,309.80774511534383,201.07943967622253,439.9380587958072,353.99569484162106,18.814773313585818,2
633,285466,2019-07-12 00:20:00,253.431681060791,282.915670866486,174.06192347275436,378.014784626593,869.305654862326,29.48398980569499,2
634,285474,2019-07-12 01:40:00,637.636679755317,703.7239295625881,577.6295403326093,805.4636820284976,4367.524587088649,66.08724980727106,2
635,285520,2019-07-12 09:20:00,1053.48922119141,1121.3740201816859,1025.3907434716111,1225.130609062649,4608.345933950156,67.88479899027584,2
636,285525,2019-07-12 10:10:00,1498.97103881836,1611.1598902704843,1505.6659424392808,1705.6548427398427,12586.338390146802,112.18885145212425,2
637,285885,2019-07-14 22:10:00,215.714562988281,268.7878874113453,170.9335591971653,372.3834708135038,2816.777765315836,53.07332442306432,2
638,285948,2019-07-15 08:40:00,-0.607656519114971,-11.819085836513938,-127.31773385310169,93.41776350366798,125.69614733903306,11.211429317398967,2
639,286333,2019-07-18 00:50:00,477.005703735352,502.0315547901841,410.0227918810727,598.798923909515,626.2932210186418,25.025851054832117,2
640,286358,2019-07-18 05:00:00,431.857011413574,416.8108551796349,288.5148628569073,517.3937285215832,226.38681741610404,15.046156233939087,2
641,286600,2019-07-19 21:20:00,133.295347595215,132.42926698743256,30.130775458873366,243.81501236286115,0.7500956191767939,0.8660806077824361,2
642,286638,2019-07-20 03:40:00,658.40317327326,648.4330613040041,542.9124818396581,757.6995838174315,99.40313267949912,9.970111969255868,2
643,286644,2019-07-20 04:40:00,813.609329223633,809.6104998730198,702.2220378181923,913.7073958816844,15.990636175326209,3.9988293506132777,2
644,286645,2019-07-20 04:50:00,600.923664855957,560.9059189121099,463.8835551258451,662.2621522043167,1601.4199904262912,40.0177459438471,2
645,286694,2019-07-20 13:00:00,1491.02884521485,1610.7217972443227,1495.0258270271315,1709.448525138176,14326.402765529661,119.69295202947274,2
646,286703,2019-07-20 14:30:00,1674.041015625,1692.358659782126,1599.5398938237083,1810.3439132826463,335.53608746709585,18.317644157126097,2
647,286927,2019-07-22 03:50:00,1186.66289672852,1110.0520810378332,1009.563219409949,1220.0332425021459,5869.217080792395,76.61081569068688,2
648,286936,2019-07-22 05:20:00,921.367540861431,781.6037404310181,672.9130240507703,883.2985922017425,19533.919910752305,139.76380043041297,2
649,287002,2019-07-22 16:20:00,1174.20078125,1112.4973751392627,999.4681858856587,1223.2447186095924,3807.3103256665895,61.70340611073743,2
650,287040,2019-07-22 22:40:00,431.75668334961,489.54940024638086,385.37151488047715,609.0580053666529,3339.9981263103036,57.792716896770855,2
651,287149,2019-07-23 16:50:00,397.807959747315,443.72357825998324,320.9290716455993,540.242817008826,2108.244023400882,45.91561851266823,2
652,287299,2019-07-24 17:50:00,85.5383625030518,100.29497589218002,-20.52427073194099,207.7703876248527,217.75763871619822,14.75661338912822,2
653,287369,2019-07-25 05:30:00,182.721923828125,197.40450013270956,71.11602574745831,296.3954432166406,215.57804693994794,14.682576304584558,2
654,287462,2019-07-25 21:00:00,586.67939453125,692.2764584870013,585.4993714182315,795.4987453081794,11150.739916075032,105.59706395575131,2
655,287590,2019-07-26 18:20:00,-1.21851403415203,12.971253100744898,-102.57239114071206,137.68824247562614,201.34949134260094,14.189767134896927,2
656,287593,2019-07-26 18:50:00,-1.19130552113056,11.213193950555548,-84.62997956245488,145.15581810178395,153.87160714306094,12.404499471686108,2
657,287596,2019-07-26 19:20:00,-1.21301056209363,-1.748490385068301,-102.29492672114634,110.44311127520473,0.2867386408129849,0.5354798229746709,2
658,287660,2019-07-27 06:00:00,147.327313613892,143.46017660777136,48.966532539416384,262.71811733466615,14.954748624107621,3.867137006120629,2
659,287699,2019-07-27 12:30:00,526.290867614746,468.64835101897035,368.93475020489035,571.5355450330194,3322.6597194942774,57.6425165957757,2
660,287755,2019-07-27 21:50:00,1134.73835449219,1146.3409243743472,1041.9707336752372,1252.701933053552,134.61962787034227,11.60256988215724,2
661,287785,2019-07-28 02:50:00,1396.03210144043,1402.6127794834933,1288.8993497424854,1499.7242020611743,43.30532350645469,6.580678043063244,2
662,287852,2019-07-28 14:00:00,1578.19010620117,1488.8582409215344,1380.4368974702209,1602.5625021750077,7980.182154338969,89.33186527963562,2
663,287878,2019-07-28 18:20:00,1128.04946594238,1260.6742100302777,1152.122451943902,1362.8869990473881,17589.322744380337,132.62474408789762,2
664,288125,2019-07-30 11:30:00,791.818743896485,761.2477656608636,648.5522003149462,851.8283968228725,934.5847102828371,30.570978235621396,2
665,288166,2019-07-30 18:20:00,1497.26958007813,1479.3362619775864,1380.699975288223,1597.5492551706861,321.60389809528476,17.9333181005436,2
666,288231,2019-07-31 05:10:00,1559.10184020996,1605.1769908815866,1501.554153925783,1706.525735127467,2122.919509413083,46.07515067162649,2
667,288238,2019-07-31 06:20:00,1796.96603088379,1734.4683559583782,1626.1492007454397,1852.448571323098,3905.959371082438,62.49767492541173,2
668,288239,2019-07-31 06:30:00,1625.6292175293,1648.7485301555312,1539.2018493190067,1756.8738245077159,534.5026163094157,23.11931262623125,2
669,288245,2019-07-31 07:30:00,1889.59063720703,1902.620615425589,1797.9244930958616,2006.224945211375,169.78033237611888,13.029978218558881,2
670,288435,2019-08-01 15:10:00,182.506904411316,170.6435919330723,43.27114446861043,287.9162094874674,140.73818295645268,11.8633124782437,2
671,288464,2019-08-01 20:00:00,108.498912721872,80.78880275043258,-30.84963162862914,180.15974044370333,767.8501946292665,27.710109971439422,2
672,288529,2019-08-02 06:50:00,181.667604783002,147.0811578372978,51.32817210658067,272.01550772479453,1196.22231232801,34.58644694570418,2
673,288540,2019-08-02 08:40:00,25.5874839901924,39.420506039101745,-64.73176590872514,144.60452767726693,191.35249900561212,13.833022048909346,2
674,288587,2019-08-02 16:30:00,104.630743908882,81.24621140457417,-37.82982279681802,202.45191574878754,546.8363604450293,23.384532504307828,2
675,288804,2019-08-04 04:40:00,497.787892150879,498.7425601659308,388.8131140159569,598.665468901942,0.9113910189629872,0.9546680150518227,2
676,288850,2019-08-04 12:20:00,591.09327545166,515.865995117027,396.89281473150896,619.1432474231467,5659.14370654547,75.22728033463306,2
677,288921,2019-08-05 00:10:00,416.714788818359,504.20607690821663,382.98594581660126,606.6454642512875,7654.725491622462,87.49128808985762,2
678,288925,2019-08-05 00:50:00,210.844994354248,202.9967445430365,88.19826464196954,325.11195055003066,61.595025099181385,7.8482498112115024,2
679,288967,2019-08-05 07:50:00,562.039743041992,474.60302050614155,367.2663399097185,565.3145750150786,7645.180447811295,87.43672253585044,2
680,289181,2019-08-06 19:30:00,927.035887145997,1001.2209971297943,888.6450445251828,1128.3061254168867,5503.430543308111,74.18510998379736,2
681,289236,2019-08-07 04:40:00,997.316638183595,1058.9943710624168,952.0939244679688,1171.2047502939745,3804.1427330712904,61.67773287882176,2
682,289248,2019-08-07 06:40:00,476.483371734619,441.3091682194473,359.1124789326265,560.9077236560149,1237.224592926718,35.17420351517171,2
683,289552,2019-08-09 09:20:00,1899.19639282227,1806.0297517898625,1694.3097352485167,1913.57123238446,8680.023001261452,93.16664103240737,2
684,289655,2019-08-10 02:30:00,1865.34685668945,1864.3925242157547,1770.8315295126577,1956.5681897913773,0.9107504703494494,0.9543324736953309,2
685,289679,2019-08-10 06:30:00,2024.73682250977,2039.4481219966858,1938.222415912222,2130.6576773118463,216.4223325937284,14.711299486915777,2
686,289727,2019-08-10 14:30:00,2049.43518066407,2014.1632002587073,1867.7482046975572,2136.1908297720984,1244.112601716273,35.271980405362456,2
687,289798,2019-08-11 02:20:00,1638.83735961914,1682.4062278052318,1579.825547561736,1786.378808947275,1898.2462750170403,43.56886818609178,2
688,289811,2019-08-11 04:30:00,1715.46826171875,1694.1615660953403,1581.8626578576038,1794.242693782643,453.97527838862703,21.306695623409723,2
689,289898,2019-08-11 19:00:00,77.9546657562256,81.84034265808177,-22.71556970618241,178.65465160670544,15.09848498561858,3.885676901856172,2
690,290124,2019-08-13 08:40:00,400.851731109619,423.24318207049214,293.4051339593775,550.6736094040754,501.3770761331875,22.391450960873158,2
691,290129,2019-08-13 09:30:00,531.136920928955,541.3006603195386,415.59909783607856,646.7415724293961,103.30159839970071,10.1637393905836,2
692,290157,2019-08-13 14:10:00,388.48660736084,377.3123368698473,278.978779955276,476.9970877581852,124.86432100587112,11.17427049099274,2
693,290256,2019-08-14 06:40:00,222.047578048706,193.68015559846899,100.241480592406,285.42431392619477,804.7106564702102,28.367422450237,2
694,290276,2019-08-14 10:00:00,1222.70469055176,1270.0516054280815,1169.8737146009944,1367.8397605193945,2241.7303483056376,47.346914876321534,2
695,290330,2019-08-14 19:00:00,667.043923950195,628.4109175237861,532.2299784337753,724.5656522908006,1492.50918554295,38.63300642640888,2
696,290363,2019-08-15 00:30:00,945.73197631836,952.7937636075945,823.7997972431525,1071.5163863738271,49.868839718394376,7.06178728923453,2
697,290447,2019-08-15 14:30:00,1252.86160583496,1290.6452251537778,1189.663455092982,1386.3722072047647,1427.6018888293363,37.78361931881773,2
698,290487,2019-08-15 21:10:00,268.810272979736,270.0982355118344,156.36800482896086,376.917701645713,1.6588474840892975,1.2879625320983905,2
699,290509,2019-08-16 00:50:00,221.998841285705,172.04819047649764,63.667169124919106,294.37813691596335,2495.067516263368,49.95065080920736,2
700,290539,2019-08-16 05:50:00,428.988760375977,460.008768141884,346.5724086431176,575.8541125159383,962.2408817969304,31.020007765906996,2
701,290610,2019-08-16 17:40:00,1922.5881225586,1884.3975578058737,1763.570859563993,1998.688407279566,1458.5192361321751,38.19056475272623,2
702,290672,2019-08-17 04:00:00,860.160104370117,911.8588698599918,800.899317029439,1011.2846817105759,2672.7623531770755,51.69876548987486,2
703,290682,2019-08-17 05:40:00,878.89619140625,895.6259854061813,776.4510021782571,1009.1898008337873,279.88600728013745,16.729793999931303,2
704,290781,2019-08-17 22:10:00,741.881095886231,700.1257202352137,584.2241180349655,808.7176243160611,1743.5113957575675,41.75537565101729,2
705,290926,2019-08-18 22:20:00,1014.27438534007,1004.0218742117167,888.5076125100267,1104.2182738562292,105.11398443700749,10.252511128353262,2
706,290960,2019-08-19 04:00:00,983.311935424805,1003.0657855961604,898.8515462225488,1104.1106633600643,390.21459659235535,19.75385017135534,2
707,291258,2019-08-21 05:40:00,628.047946166992,641.6634331868559,514.6083596806333,752.5180409854186,185.38148678808096,13.61548701986385,2
708,291354,2019-08-21 21:40:00,576.867134094238,531.579022762649,436.0352046125328,652.5890457175393,2051.0130279824098,45.28811133158911,2
709,291384,2019-08-22 02:40:00,339.726943969727,364.2706422581305,256.5604233989141,484.86879073858375,602.3931256721811,24.543698288403505,2
710,291519,2019-08-23 01:10:00,426.651870727539,391.2070499095025,293.0747270312376,501.57142974295465,1256.335322822716,35.44482081803653,2
711,291620,2019-08-23 18:00:00,150.157216122276,131.2215161890056,33.90427963415354,215.59132175999872,358.5607319628566,18.9356999332704,2
712,291830,2019-08-25 05:00:00,12.8774376153946,40.04410856326425,-85.19011622017264,178.31264676195832,738.0280103898251,27.166670947869655,2
713,291843,2019-08-25 07:10:00,112.973603820801,113.41610001687023,2.7991086843002937,231.5275765282471,0.19580288353573722,0.44249619606922863,2
714,291913,2019-08-25 18:50:00,173.785033331977,169.359652359228,42.51142261937365,269.44088963084,19.583996753968854,4.4253809727489966,2
715,291948,2019-08-26 00:40:00,168.454738616943,168.58068010371528,43.724839025897104,263.79447727116934,0.01586125809041515,0.125941486772291,2
716,291951,2019-08-26 01:10:00,194.325244140625,188.31497839736875,87.33895067154751,272.4338815571838,36.123294304559494,6.010265743256241,2
717,292256,2019-08-28 04:00:00,653.748257446289,577.8680731862224,482.5550178658457,682.6627341752702,5757.802363341657,75.88018426006659,2
718,292309,2019-08-28 12:50:00,1167.69368743897,1041.8957221893766,932.3682477176642,1134.8011113731627,15825.128060937937,125.79796524959352,2
719,292576,2019-08-30 09:20:00,1480.20398254395,1501.8106255794078,1392.6419484231196,1601.6606509557057,466.8470232616998,21.606643035457864,2
720,292626,2019-08-30 17:40:00,725.019276428223,744.2770745472444,640.9452437377602,875.1794160931902,370.86278839298643,19.25779811902146,2
721,292828,2019-09-01 03:20:00,744.603723144531,745.7213591729409,644.8537215861163,829.7566882797041,1.2491102919997066,1.1176360284098337,2
722,292848,2019-09-01 06:40:00,532.020589728104,458.54106945649244,348.6081384908338,555.8747369344518,5399.239899346178,73.47952027161159,2
723,292849,2019-09-01 06:50:00,366.849165344238,303.2535001958639,187.24595213594827,404.711973900514,4044.408625664118,63.59566514837405,2
724,292873,2019-09-01 10:50:00,438.680347442627,406.9740712449252,290.00514418768046,518.8008986845358,1005.2879503249525,31.70627619770181,2
725,292931,2019-09-01 20:30:00,551.015313720703,582.8828464136138,483.7805659968517,691.809307192297,1015.5396399337386,31.8675326929108,2
726,293140,2019-09-03 07:20:00,336.766414642334,303.6357685481237,193.313478113401,418.4344341333648,1097.6397106198126,33.130646094210306,2
727,293159,2019-09-03 10:30:00,340.105237579346,295.83078267523945,190.92537952912903,392.5986483756309,1960.2273570557657,44.27445490410656,2
728,293172,2019-09-03 12:40:00,448.44296989441,479.8906403266883,366.8386565031642,624.5985604692374,988.9559756171909,31.4476704322783,2
729,293178,2019-09-03 13:40:00,961.700077819825,794.6503608512147,688.0568507598612,897.6596537419683,27905.607939292793,167.04971696861026,2
730,293190,2019-09-03 15:40:00,1001.52102661133,878.5052872573251,782.0932052776104,977.2959225605639,15132.872128812454,123.01573935400484,2
731,293339,2019-09-04 16:30:00,1996.96588745117,1944.6001812014756,1820.2430502762256,2050.7891345625703,2742.167191029274,52.36570624969431,2
732,293450,2019-09-05 11:00:00,420.910513687134,404.095298817035,290.86452706394283,509.84746686684775,282.7514511276004,16.815214870099055,2
733,293542,2019-09-06 02:20:00,1387.23521728516,1412.0944151050055,1304.9373834607368,1533.060383011948,617.979716246215,24.859197819845576,2
734,293637,2019-09-06 18:10:00,676.402098083496,746.1834946244792,638.3420844648637,863.4552495543994,4869.443303209945,69.78139654098322,2
735,293642,2019-09-06 19:00:00,911.649835205078,965.8743227046034,851.6618006874584,1076.2136999537372,2940.295044586183,54.22448749952537,2
736,293652,2019-09-06 20:40:00,1081.4837097168,1076.232812758699,954.5875733151389,1170.8439137234095,27.57191886459264,5.250896958100839,2
737,293737,2019-09-07 10:50:00,355.451119740804,311.15895897337845,221.9639070559773,420.01169862683736,1961.795505447473,44.29216076742557,2
738,293789,2019-09-07 19:30:00,581.688217163086,618.3255663177292,521.1366536732901,712.2836667872651,1342.2953530792329,36.637349154643175,2
739,293820,2019-09-08 00:40:00,527.040008544922,527.3147639349681,426.80214977917433,620.0043717699377,0.07549052435941343,0.27475539004615257,2
740,293840,2019-09-08 04:00:00,369.7953125,351.39287836118734,236.8034275411752,475.9898488781788,338.6495822333384,18.40243413881268,2
741,293848,2019-09-08 05:20:00,383.095217895508,350.2941672882654,248.50395398626796,453.93254868717554,1075.9089209388892,32.80105060724259,2
742,293861,2019-09-08 07:30:00,99.0003401103773,82.30843988518747,-15.856929613121405,213.67922745852528,278.6195331276922,16.691900225189826,2
743,293896,2019-09-08 13:20:00,-0.883476021885872,-0.10916192606604758,-120.70249493713196,134.1508488445013,0.5995623189852723,0.7743140958198245,2
744,294054,2019-09-09 15:40:00,112.78419303894,92.15797721345419,-22.128607769297226,197.3962832206844,425.4407792795215,20.626215825485815,2
745,294286,2019-09-11 06:20:00,1955.83363647461,1814.343226426768,1720.3541634273495,1918.4986729360155,20019.536135506478,141.49041004784203,2
746,294318,2019-09-11 11:40:00,1996.75407409668,1899.9209858192803,1769.0694058857225,2016.9727658658246,9376.646985338666,96.83308827739961,2
747,294342,2019-09-11 15:40:00,1121.73665466309,1144.9914299336365,1043.2818361659206,1264.33116757385,540.7845728836252,23.254775270546588,2
748,294365,2019-09-11 19:30:00,703.35461730957,759.4459517618351,655.9350177260784,870.3636063344829,3146.2378006358585,56.09133445226507,2
749,294399,2019-09-12 01:10:00,398.813159179688,408.1677297695738,287.522253289174,528.1099697030772,87.50799092115602,9.354570589885782,2
750,294816,2019-09-14 22:40:00,1254.3400390625,1259.3316751780271,1159.8573686792076,1377.3935599857336,24.91643110983519,4.991636115527172,2
751,294835,2019-09-15 01:50:00,1748.38407592774,1701.0953857671786,1605.5090051360785,1799.888970116639,2236.2202171015742,47.28869016056137,2
752,294850,2019-09-15 04:20:00,940.48455810547,936.0389291644706,824.312954948879,1040.2300812353494,19.763616681051687,4.445628940999427,2
753,294914,2019-09-15 15:00:00,257.633774185181,262.40984754259665,142.75977921823548,363.2855287502489,22.81087671541578,4.776073357415669,2
754,295129,2019-09-17 02:50:00,653.643643188477,689.316402660991,580.4014329784077,782.1521907534169,1272.5457683838395,35.67275947251403,2
755,295151,2019-09-17 06:30:00,470.115600585938,429.6366452328346,325.16911409942867,531.879333417454,1638.5458264785386,40.4789553531034,2
756,295320,2019-09-18 10:40:00,-0.818922524154186,4.623693722300177,-111.65012513521766,109.33693601011954,29.622071606168987,5.442616246454364,2
757,295381,2019-09-18 20:50:00,-2.38620155618379,32.137746936696026,-63.61254989306664,143.04583977994946,1191.9030195390187,34.52394849287982,2
758,295416,2019-09-19 02:40:00,-0.734629517793655,-7.187775967155699,-129.72308240380036,77.04503212563439,41.64309909691395,6.453146449362044,2
759,295501,2019-09-19 16:50:00,-0.913885512948036,-0.7715941178464208,-116.2868554624658,121.5408762057383,0.020246841119963947,0.14229139510161515,2
760,295512,2019-09-19 18:40:00,-0.70261951982975,-5.640945680714403,-108.85684960906502,94.59591622196126,24.387065271277756,4.938326160884653,2
761,295548,2019-09-20 00:40:00,408.355909729004,345.00564592740704,250.9893443923703,442.9832376143652,4013.255923731925,63.35026380159695,2
762,295553,2019-09-20 01:30:00,463.496105957031,490.1561239166866,398.0792467203675,599.0287611845755,710.7565576091616,26.660017959655647,2
763,295607,2019-09-20 10:30:00,411.668642425537,328.069502149661,223.84796050403912,434.2149514127812,6988.81625486559,83.59914027587598,2
764,295611,2019-09-20 11:10:00,396.305558013916,454.58090793367313,352.850440304166,558.4975219360806,3396.0164082701344,58.275349919757105,2
765,295673,2019-09-20 21:30:00,803.22597249349,742.0714740508884,631.4034295872012,850.1494849519174,3739.8726797661625,61.15449844260161,2
766,295730,2019-09-21 07:00:00,1226.70780944824,1204.899705422843,1077.9926378188902,1323.24361278392,475.5934011825331,21.808104025396915,2
767,295810,2019-09-21 20:20:00,355.769264984131,305.3321925210735,202.55837388190326,406.28904103546813,2543.898278643709,50.43707246305746,2
768,295811,2019-09-21 20:30:00,273.454599761963,296.4970961685437,196.73726753669382,403.82567084573054,530.956640647285,23.04249640658071,2
769,295847,2019-09-22 02:30:00,170.12306060791,150.2585037575641,47.17396869934804,258.67923342035004,394.60061886062334,19.864556850345878,2
770,296119,2019-09-23 23:50:00,616.28994140625,603.0459644762136,474.94006799952814,711.7907896457083,175.40292492333666,13.24397693003641,2
771,296165,2019-09-24 07:30:00,109.426172828674,124.81042092473137,-3.326580066169571,238.32025267240414,236.675089481045,15.384248096057377,2
772,296169,2019-09-24 08:10:00,169.83441696167,168.93199422415748,55.3888252208004,294.9423065265163,0.814366797179597,0.9024227375125236,2
773,296291,2019-09-25 04:30:00,551.741987609863,599.565115683785,458.52486898957375,692.6265756841063,2287.0515787747486,47.82312807392202,2
774,296351,2019-09-25 14:30:00,379.145500183106,405.55507078876593,295.26473157126094,504.8176335048311,697.4654195753382,26.40957060565995,2
775,296404,2019-09-25 23:20:00,798.085083007813,819.3850532669842,725.73879487663,922.7370071849089,453.688733041579,21.299970259171232,2
776,296514,2019-09-26 17:40:00,1096.77798156738,1145.6245259657087,1050.618425393297,1241.7075797090854,2385.984899657893,48.84654439832866,2
777,296525,2019-09-26 19:30:00,1350.90160217285,1295.6231856992329,1208.6296239756573,1388.811933264162,3055.7033278306735,55.2784164736172,2
778,296563,2019-09-27 01:50:00,677.115434265137,717.6687238943919,609.2518772932233,823.1407285861337,1644.5692997542324,40.55328962925489,2
779,296621,2019-09-27 11:30:00,1875.34104003906,1964.4156760828794,1862.3610971624112,2055.943589729828,7934.290786338869,89.07463604381928,2
780,296738,2019-09-28 07:00:00,1122.07545166016,1175.5403815363038,1073.8846371180384,1309.1232882491863,2858.498726660968,53.46492987614374,2
781,296745,2019-09-28 08:10:00,1729.9974609375,1787.9465252709463,1662.2550907741213,1900.621006922379,3358.094057121905,57.94906433344636,2
782,296817,2019-09-28 20:10:00,1127.01279907227,1087.2377191684316,988.4620034385248,1179.8758893963497,1582.056981356724,39.77507990383833,2
783,296921,2019-09-29 13:30:00,633.16079864502,663.9174943190839,547.1664289866306,757.2401955217891,945.9743287869778,30.75669567406385,2
784,296939,2019-09-29 16:30:00,1788.41776733399,1805.804857266891,1673.1126119717546,1922.020691504302,302.3108963347895,17.387089932901063,2
785,296992,2019-09-30 01:20:00,599.508721923828,609.5520581600458,500.7311470414214,727.4668968007413,100.86860275372518,10.043336236217783,2
786,297092,2019-09-30 18:00:00,306.128781890869,234.82846855660924,137.84915581612265,336.8444011021517,5083.734681563619,71.30031333425976,2
787,297098,2019-09-30 19:00:00,413.439454650879,403.2324430543397,306.5999175992176,505.5482373773692,104.18308573188781,10.207011596539303,2
788,297117,2019-09-30 22:10:00,760.845523071289,753.3884403562168,664.6923266815608,862.8037113533231,55.60808261942778,7.457082715072147,2
789,297221,2019-10-01 15:30:00,2017.79769897461,2002.6125130515406,1889.715064345818,2114.7433835899956,230.58987151818542,15.185185923069412,2
790,297254,2019-10-01 21:00:00,1720.19535522461,1649.7561877315625,1554.199544411696,1755.2157003922794,4961.6763171136045,70.43916749304753,2
791,297283,2019-10-02 01:50:00,562.044003295899,572.731472234909,474.09115485853715,663.6607869857835,114.22199232230452,10.687468939010046,2
792,297433,2019-10-03 02:50:00,-1.02111901044846,-16.75239133173172,-123.78526518596725,84.12997726286791,247.47292884637275,15.731272321283258,2
793,297514,2019-10-03 16:20:00,413.791599273682,432.23549787161073,336.4124880129543,526.0974812990078,340.1773954906781,18.44389859792875,2
794,297543,2019-10-03 21:10:00,1486.25158386231,1348.0902560452707,1247.619736994978,1453.7582829691726,19088.552504167415,138.16132781703936,2
795,297564,2019-10-04 00:40:00,566.38914088199,549.9411582565328,455.5929804909773,656.2842382698394,270.5361324473401,16.447982625457144,2
796,297838,2019-10-05 22:20:00,442.149392700195,371.0036778652109,263.05957227476586,481.6516381024606,5061.71273938088,71.14571483498412,2
797,298040,2019-10-07 08:00:00,461.135182189941,527.0405287048375,446.17479533839304,619.5653706852177,4343.514699248573,65.90534651489645,2
798,298098,2019-10-07 17:40:00,653.087817721897,556.5695182395017,464.27214153577523,664.4155821275824,9315.782134973342,96.51829948239526,2
799,298106,2019-10-07 19:00:00,318.998168182373,271.65287138102525,156.4679158602841,398.8014821064723,2241.5771292077075,47.34529680134773,2
800,298222,2019-10-08 14:20:00,1367.61134948731,1489.627561443276,1393.3084663388,1589.685374499357,14887.955980083196,122.0162119559659,2
801,298300,2019-10-09 03:20:00,432.749060058594,440.9560386565506,346.8276209180288,532.8326334547065,67.35449770731779,8.206978597956606,2
802,298330,2019-10-09 08:20:00,1425.16947631836,1400.7197717126778,1299.7450292167478,1496.3340686632564,597.7880553051174,24.4497046056822,2
803,298333,2019-10-09 08:50:00,1058.66767883301,1106.4078005819006,1005.6468640332535,1202.5219739839629,2279.1192245988864,47.74012174889049,2
804,298351,2019-10-09 11:50:00,1030.6555557251,999.708084354994,877.3459587721436,1135.5290984033124,957.7459842035289,30.947471370105973,2
805,298355,2019-10-09 12:30:00,1720.7349532278,1819.6552243720666,1715.2117733508885,1920.5933914797108,9785.22004325525,98.92027114426674,2
806,298375,2019-10-09 15:50:00,601.069827270508,570.8108227962985,464.36709366513156,663.7019070957411,915.6073517702317,30.25900447420952,2
807,298451,2019-10-10 04:30:00,1748.71963500977,1680.0834418009897,1543.6760148648584,1789.256452978575,4710.927018193011,68.63619320878024,2
808,298639,2019-10-11 11:50:00,2043.45745239258,2015.2096401229462,1932.7363020712141,2125.05130415647,797.9388980204777,28.24781226963387,2
809,298688,2019-10-11 20:00:00,811.083050537109,829.7461078429967,725.9934038370087,934.9119088457713,348.30970800284894,18.66305730588772,2
810,298726,2019-10-12 02:20:00,928.011199951173,858.1509564224455,737.4995693211448,955.9005812279297,4880.453625893119,69.86024352872755,2
811,298763,2019-10-12 08:30:00,289.616945648193,282.4830616815882,170.63639212469897,377.13940355848354,50.89230044898102,7.133883966604799,2
812,298813,2019-10-12 16:50:00,236.80139465332,239.58639082422312,130.1689295173351,358.640438404694,7.756203671945083,2.7849961709031277,2
813,298821,2019-10-12 18:10:00,177.076593017578,164.25153276146355,51.33521231818542,262.5214163195024,164.48217057296657,12.825060256114455,2
814,298939,2019-10-13 13:50:00,1657.02287597656,1706.386353485018,1568.518545679045,1815.4502896252504,2436.752911728028,49.36347750845789,2
815,298947,2019-10-13 15:10:00,1921.32365112305,1980.9902310460993,1875.1154872481416,2089.901325391982,3560.1007597136313,59.66657992304931,2
816,298950,2019-10-13 15:40:00,1869.20543212891,1848.4133778801963,1749.297114215861,1956.396539576783,432.3095198814498,20.79205424871361,2
817,299047,2019-10-14 07:50:00,38.4663066864014,67.33818944742183,-31.883235202179147,166.90863271700346,833.5856141661083,28.871882761020423,2
818,299068,2019-10-14 11:20:00,443.522210693359,423.5976137112163,294.64093251583364,528.315081911149,396.9895649008101,19.924596982142702,2
819,299171,2019-10-15 04:30:00,185.290299987793,219.59982839695445,120.5215686421539,315.452730378618,1177.1437396590572,34.30952840916146,2
820,299358,2019-10-16 11:40:00,684.540629577637,653.6981791540486,557.084389227203,747.1868412109865,951.2567481315076,30.84245042358839,2
821,299476,2019-10-17 07:20:00,615.616644287109,664.4262605108786,564.5725422283862,768.2897335040002,2382.3786359116707,48.80961622376958,2
822,299509,2019-10-17 12:50:00,591.664169311524,623.3456610650104,530.0701845800131,721.0066268584698,1003.7169197262266,31.681491753486398,2
823,299601,2019-10-18 04:10:00,469.018716430664,472.47839742392205,378.945071278808,577.9267562559891,11.96939257511079,3.4596809932580186,2
824,299625,2019-10-18 08:10:00,580.595190750925,474.51761486572735,378.761770526222,570.373184707487,11252.452105679862,106.07757588519763,2
825,299685,2019-10-18 18:10:00,1135.96923828125,1149.4200388194622,1045.2941115574092,1256.1520720563162,180.92403511876978,13.450800538212206,2
826,299695,2019-10-18 19:50:00,1834.65858154297,1917.004340418119,1809.1554492858486,2025.4033981226573,6780.824004724169,82.34575887514893,2
827,299902,2019-10-20 06:20:00,279.47392578125,304.91031543873726,216.65997254789337,425.3561218434548,647.0099188075253,25.43638965748727,2
828,299952,2019-10-20 14:40:00,620.471263122559,609.3743386103143,517.2113055756337,705.1215047595995,123.14173363045596,11.096924512244641,2
829,299983,2019-10-20 19:50:00,1054.96230163574,972.814356978863,864.4525254137169,1079.8490788370684,6748.284811349331,82.14794465687703,2
830,300009,2019-10-21 00:10:00,935.935745239258,981.2248805100669,872.7906362882529,1094.555055936766,2051.1057735776226,45.289135270808856,2
831,300025,2019-10-21 02:50:00,888.67055053711,745.6194484655572,649.5325395749245,854.1071750561659,20463.61780388582,143.0511020715528,2
832,300100,2019-10-21 15:20:00,430.993237304688,434.31331303538985,327.0337413451182,534.6674319675961,11.022902857595295,3.3200757307018307,2
833,300359,2019-10-23 10:30:00,64.2481419742107,44.361450018576484,-35.70000716994604,136.8330001095299,395.4805169382865,19.886691955634213,2
834,300552,2019-10-24 18:40:00,570.608303833008,559.1157836037048,452.16560932901035,666.4336996626222,132.07802122094284,11.492520229303182,2
835,300695,2019-10-25 18:30:00,2038.11307983399,2047.171664458698,1929.2036274686054,2153.987642350184,82.05795540299471,9.058584624707919,2
836,300706,2019-10-25 20:20:00,2028.43102416992,2028.661042608524,1916.986549437236,2135.0165505212785,0.05290848209783134,0.23001843860402005,2
837,300834,2019-10-26 17:40:00,128.091764640808,162.19397376985438,57.83923257118146,261.62734610092076,1162.9606674812137,34.10220912904637,2
838,300952,2019-10-27 13:20:00,826.287142944336,822.5896176062636,712.1674668750967,936.3541926404531,13.671693625687489,3.69752533807241,2
839,300969,2019-10-27 16:10:00,378.340350341797,347.6090774955746,245.81627801916292,449.3174776098649,944.411130748966,30.731272846222396,2
840,301090,2019-10-28 12:20:00,306.408345031738,278.1776861214831,168.43429654281323,392.10902715495314,796.9701025071562,28.23065891025493,2
841,301092,2019-10-28 12:40:00,310.944453430176,293.6300094114845,170.732208881872,404.4305159811875,299.78997167640244,17.314444018691518,2
842,301121,2019-10-28 17:30:00,505.650583902995,578.2139375599025,460.98945467843527,707.6445095786588,5265.44029393744,72.56335365690757,2
843,301179,2019-10-29 03:10:00,419.663652038574,501.7161354232311,397.7095813745511,616.4172673129315,6732.610029589427,82.05248338465708,2
844,301244,2019-10-29 14:00:00,709.475332641601,704.5444264947122,601.6449847855666,800.6642248770156,24.31383542942563,4.930906146888788,2
845,301488,2019-10-31 06:40:00,836.21672668457,752.6883660288893,652.0437845088704,850.4116217769179,6976.987033825463,83.52836065568067,2
846,301617,2019-11-01 04:10:00,383.196053314209,334.3031747640391,225.0297143697116,448.5008158018437,2390.513572921662,48.89287855016988,2
847,301673,2019-11-01 13:30:00,638.511622619629,704.3883184775133,593.6749528362744,824.9637321484295,4339.739057152195,65.87669585788433,2
848,301729,2019-11-01 22:50:00,882.79313659668,789.6555691292656,686.5428655330554,891.2092185382319,8674.606473747177,93.13756746741444,2
849,301732,2019-11-01 23:20:00,1907.81989746094,1897.010835149682,1796.958677640838,2001.2883153210976,116.83582804865821,10.809062311258003,2
850,301764,2019-11-02 04:40:00,1509.67638854981,1644.3056523923794,1537.1219294099762,1758.4304260950817,18125.03868279215,134.62926384256934,2
851,301885,2019-11-03 00:50:00,667.184761047363,703.2889592729551,613.2138270977466,816.3898694489344,1303.5131295128467,36.104198225592086,2
852,301921,2019-11-03 06:50:00,183.717539215088,181.75157810817217,84.15149726603224,305.95797029271347,3.8650030739057613,1.9659611069158416,2
853,301980,2019-11-03 16:40:00,392.081076049805,507.2586904594584,419.14402071396654,615.4284000151566,13265.882861098802,115.17761440965342,2
854,301984,2019-11-03 17:20:00,286.236982345581,346.4139409560518,247.1601546393934,455.0914389703848,3621.266347606318,60.17695861047082,2
855,302299,2019-11-06 02:50:00,602.864688110352,561.9537066275343,450.0878370657534,655.5154680753474,1673.7084058874484,40.91098148281765,2
856,302415,2019-11-06 22:10:00,93.0370113372803,92.20081011369666,-18.63849647266374,224.3922792300102,0.6992324863227819,0.8362012235836431,2
857,302468,2019-11-07 07:00:00,123.762745666504,189.667562333834,74.70212870796034,299.50235416838876,4343.444859954379,65.90481666733001,2
858,302510,2019-11-07 14:00:00,637.275450134277,577.0734139322082,464.26660599092514,712.7055967230766,3624.2851628752055,60.202036202068825,2
859,302575,2019-11-08 00:50:00,149.274672698975,168.15151025234786,71.394460028016,302.5339748336597,356.3349960164281,18.876837553372866,2
860,302723,2019-11-09 01:30:00,415.774676513672,443.4057099939097,316.1326442291545,545.8874192106317,763.4740111860169,27.631033480237704,2
861,302757,2019-11-09 07:10:00,-2.58800852894783,-15.324729964343875,-128.97306443472684,62.630151278260506,162.2240729228771,12.736721435396046,2
862,302852,2019-11-09 23:00:00,1616.07736206055,1470.0534129448295,1382.7866366439257,1558.0109076839672,21322.99371535056,146.0239491157206,2
863,303116,2019-11-11 19:00:00,1852.8243347168,1865.4485074931185,1754.1413003774724,1967.6770874871374,159.369738286343,12.624172776318574,2
864,303231,2019-11-12 14:10:00,1566.31416015625,1578.237732651572,1478.147237402927,1694.1893802173436,142.17158105120183,11.923572495322105,2
865,303312,2019-11-13 03:40:00,548.730227661133,592.3981443354945,487.36065182627414,705.8868901879704,1906.8869466789836,43.66791667436155,2
866,303347,2019-11-13 09:30:00,440.576524353028,482.8460366050695,381.5202919933556,565.5034821326091,1786.7116660254883,42.26951225204152,2
867,303477,2019-11-14 07:10:00,2042.02923583985,1998.8873282538545,1877.6731655888666,2132.8516374360393,1861.2241901585624,43.14190758599534,2
868,303572,2019-11-14 23:00:00,331.378768157959,361.4476428118951,259.5118525281295,460.71632632797196,904.1372229541221,30.06887465393612,2
869,303591,2019-11-15 02:10:00,286.004390716553,328.576362135015,225.16121648658907,437.8739033779915,1812.3727504543454,42.571971418462,2
870,303631,2019-11-15 13:00:00,1118.64540100098,1121.1707446053936,1003.2456789300315,1230.9669623803093,6.377360320352635,2.5253436044135924,2
871,303802,2019-11-16 17:30:00,311.002029418945,317.5662012002273,211.53474404305717,431.17148249877584,43.08835117418225,6.564171781282255,2
872,303824,2019-11-16 21:10:00,236.000576782227,247.99221119730845,148.3252278552251,349.62489855678183,143.79929594496582,11.99163441508145,2
873,303868,2019-11-17 04:30:00,81.6546667098999,98.28019292029248,-13.142988994616953,205.55917800349852,276.4081217724506,16.62552621039258,2
874,303955,2019-11-17 19:00:00,919.091580200195,995.8679722531766,891.8308966375932,1106.4589279048016,5894.614376673133,76.77639205298158,2
875,303960,2019-11-17 19:50:00,1704.81412963867,1604.5952596020923,1496.8062400574718,1691.9029788758712,10043.821911408462,100.21887003657775,2
876,304000,2019-11-18 02:30:00,1181.71544799805,1060.8595725978134,971.5726487963292,1191.156490165145,14606.142618757496,120.85587540023653,2
877,304205,2019-11-19 12:40:00,108.928383922577,122.14828072414004,21.626622859915706,241.12891874867154,174.76567144397666,13.219896801563038,2
878,304289,2019-11-20 02:40:00,725.499465942383,666.7322214370907,564.4186466742855,757.1503789977925,3453.5890267448076,58.7672445052923,2
879,304438,2019-11-21 03:40:00,420.033402252197,398.01745352423126,304.56481181636997,481.964592236377,484.7019983924161,22.015948727965736,2
880,304452,2019-11-21 06:00:00,506.646662902832,543.3304652751048,444.3186327167992,649.0811861734264,1345.7013564879628,36.68380237227274,2
881,304501,2019-11-21 14:10:00,351.300421905518,343.57825031732835,246.4533360046985,435.79087385302165,59.63193403744373,7.722171588189667,2
882,304552,2019-11-21 22:40:00,669.809214782715,674.3367226024661,543.7296598339734,782.0013144958225,20.49832705790756,4.527507819751122,2
883,304583,2019-11-22 03:50:00,388.749060058594,442.492461527727,331.8957279287153,552.5821407796316,2888.353201472408,53.743401469133005,2
884,304810,2019-11-23 17:40:00,895.250126647949,909.1496852573795,804.2521268779284,1012.5579166040318,193.19772953699433,13.899558609430528,2
885,304873,2019-11-24 04:10:00,-0.706887517869472,-3.993926341045891,-119.12746154381867,100.83690977473762,10.80462422506902,3.2870388231764194,2
886,304874,2019-11-24 04:20:00,-0.932221070716257,-6.227460523742858,-117.8564376808518,112.10919255573276,28.039560864889452,5.295239453026601,2
887,304960,2019-11-24 18:40:00,317.492443847656,266.29726136669564,165.77683253668883,382.51298586539264,2620.9467092588284,51.19518248096034,2
888,305028,2019-11-25 06:00:00,356.876892852783,347.7169812441496,241.76556443298904,471.08494208779354,83.90398067797628,9.159911608633365,2
889,305251,2019-11-26 19:10:00,766.734666442872,766.7925957639301,662.2182595733494,857.9841802669554,0.0033558062382471545,0.057929321058054484,2
890,305688,2019-11-29 20:00:00,69.0291998121473,86.71840537711333,-25.58018051673113,183.43902118333477,312.90799351962517,17.68920556496603,2
891,305780,2019-11-30 11:20:00,151.816945648193,130.41248224354854,11.691376613597962,236.66339259798917,458.15105364076453,21.404463404644474,2
892,305851,2019-11-30 23:10:00,160.267634963989,167.6665625414202,61.27539257370783,252.3344237740433,54.74412929607206,7.398927577431209,2
893,305852,2019-11-30 23:20:00,243.269998168945,221.40320038580242,119.30023406194864,337.186962184356,478.15684528884896,21.866797783142573,2
894,305869,2019-12-01 02:10:00,574.258219909668,537.4492601644441,434.55393849168865,652.7896328903594,1354.8995175255127,36.80895974522389,2
895,305949,2019-12-01 15:30:00,629.311369323731,664.868953657695,575.3874056153276,761.829641699283,1264.3418036669602,35.55758433396397,2
896,306093,2019-12-02 15:30:00,518.459103393555,480.0447197792853,342.14302673535497,579.0898079216653,1475.664868464272,38.414383614269695,2
897,306094,2019-12-02 15:40:00,450.00837097168,405.7755504219893,287.0765554560712,496.2168306992242,1956.5424137811399,44.2328205496907,2
898,306115,2019-12-02 19:10:00,708.927932739258,733.9766551799144,628.3355473606822,826.2996109036756,627.4384959090395,25.04872244065632,2
899,306142,2019-12-02 23:40:00,418.625372314453,405.94091438053886,303.79002233256176,507.7952939548906,160.89547307723717,12.684457933914132,2
900,306144,2019-12-03 00:00:00,294.544654846191,324.5596155741227,218.37392608087146,432.0844511342678,900.897867499281,30.01496072793168,2
901,306218,2019-12-03 12:20:00,386.610699462891,333.16864741357296,230.56966592603052,435.29354832988787,2856.0529272420167,53.44205204931802,2
902,306279,2019-12-03 22:30:00,239.578024471507,219.6923747794983,110.55356425881108,349.4326289061846,395.4390636732862,19.885649692008712,2
903,306289,2019-12-04 00:10:00,1099.65268249512,1182.1166730214838,1086.2397973324726,1300.7811450100855,6800.309733532233,82.46399052636389,2
904,306326,2019-12-04 06:20:00,1170.17675170899,1207.059554800415,1105.322115710508,1326.1568996123817,1360.341163880837,36.8828030914251,2
905,306477,2019-12-05 07:30:00,785.724275476792,794.7185032341232,690.0389608770519,911.5773569054836,80.8961329507481,8.99422775733126,2
906,306569,2019-12-05 22:50:00,1797.49902954102,1810.0732669797226,1703.4861305778147,1931.13393040777,158.1114471648686,12.57423743870254,2
907,306598,2019-12-06 03:40:00,1984.77142333985,1928.742750703428,1816.128285091382,2037.0187433800852,3139.2121573993195,56.02867263642179,2
908,306603,2019-12-06 04:30:00,2013.09462280274,2017.026492026344,1902.972693441423,2112.5356307227535,15.459595591522953,3.931869223603826,2
909,306643,2019-12-06 11:10:00,1863.71907958984,1806.376176337516,1709.8417520643677,1893.0497990740632,3288.208553405396,57.34290325232405,2
910,306681,2019-12-06 17:30:00,1585.01077270508,1492.5804298744417,1380.6244045050685,1601.2752725207563,8543.368275789313,92.43034283063821,2
911,306780,2019-12-07 10:00:00,1033.47848205566,981.6295501118316,877.7731396760311,1097.3304884811787,2688.3117437157434,51.84893194382835,2
912,306878,2019-12-08 02:20:00,2055.68452533923,2038.6590562847714,1911.6973277317759,2156.024968735792,289.8665965243215,17.025469054458426,2
913,306924,2019-12-08 10:00:00,1995.18334350586,2029.291025873585,1918.1486345651977,2163.341374452196,1163.333996497629,34.10768236772515,2
914,306927,2019-12-08 10:30:00,1998.87670898438,2014.6153997201056,1910.6238280879084,2115.8978548375862,247.7063860748161,15.73869073572564,2
915,306943,2019-12-08 13:10:00,1634.4719909668,1819.1982819616924,1731.8990061334962,1925.3319402402694,34123.80258472968,184.72629099489245,2
916,306948,2019-12-08 14:00:00,1918.56079744038,1937.3420540711093,1845.1985483131068,2026.2832062631853,352.73560062931443,18.78125663072933,2
917,306991,2019-12-08 21:10:00,1970.80888061524,1986.0884310634633,1890.5348463225437,2107.797905637975,233.46466189980055,15.27955044822329,2
918,307018,2019-12-09 01:40:00,1633.68184204102,1564.9087176805572,1471.365123842891,1665.14270685649,4729.742634299684,68.77312436046282,2
919,307178,2019-12-10 04:20:00,1540.9686340332,1572.6951677519164,1449.0414687902676,1697.3740407357081,1006.5729418048476,31.726533718716382,2
920,307319,2019-12-11 03:50:00,594.401351125617,559.7174374459455,462.99678344266715,654.2719412741372,1202.9738681389033,34.68391367967149,2
921,307453,2019-12-12 02:10:00,875.885748612254,912.2224447746763,798.8873035459519,1008.5991672774772,1320.3554880001955,36.3366961624223,2
922,307542,2019-12-12 17:00:00,798.185949707032,738.9903643816092,649.2127933734923,835.699113104541,3504.117322019414,59.195585325422826,2
923,307544,2019-12-12 17:20:00,855.345520019532,812.3199811836087,711.280033441386,913.9344844007081,1851.1969921215514,43.025538835923385,2
924,307889,2019-12-15 02:50:00,2062.11143188477,2029.6706037054676,1914.3068563976249,2138.8589031699407,1052.407332959017,32.44082817930234,2
925,307966,2019-12-15 15:40:00,1015.27059326172,1066.5756236407115,966.3199247834715,1166.9057047699862,2632.2061421892336,51.30503037899143,2
926,308028,2019-12-16 02:00:00,1264.88693542481,1357.2977299744823,1254.2016736987177,1457.0822576897974,8539.754949301752,92.41079454967235,2
927,308038,2019-12-16 03:40:00,1295.75877075195,1299.5385078392599,1190.035976699501,1415.0420217886383,14.286412449186441,3.779737087309968,2
928,308206,2019-12-17 07:40:00,-1.27399802207947,-12.17864910516897,-136.01056024934675,113.01259764340546,118.91141524392502,10.904651083089501,2
929,308328,2019-12-18 04:00:00,155.197402572632,175.45317027063717,64.56333707502614,291.59400786469814,410.2961250355498,20.255767698005172,2
930,308349,2019-12-18 07:30:00,323.249842071533,392.7952435631938,285.97435850067257,502.6802912691669,4836.562868636298,69.54540149166081,2
931,308456,2019-12-19 01:20:00,1599.95664672852,1702.890386662694,1609.7573217494767,1812.79813874,10595.354816836194,102.93373993417413,2
932,308546,2019-12-19 16:20:00,1999.35463353207,2005.2032013991952,1895.727847256512,2116.865288609694,34.205746096369545,5.848567867125212,2
933,308592,2019-12-20 00:00:00,1231.86760253906,1267.3251326403506,1165.5727593970548,1364.264693515061,1257.236440883926,35.45753010129056,2
934,308686,2019-12-20 15:40:00,660.915235900879,745.1161928545182,637.0101478825999,845.6186755184511,7089.801151908603,84.2009569536392,2
935,308877,2019-12-21 23:30:00,288.233526802063,338.53737598286386,240.72130973608745,431.02727024994635,2530.4772424047587,50.30384918080085,2
936,308889,2019-12-22 01:30:00,162.014466094971,191.37764161411795,85.930774524976,306.48532359305995,862.1960765682308,29.36317551914695,2
937,308919,2019-12-22 06:30:00,920.431286621093,949.8690102190709,841.318618934174,1055.5420535782075,866.5795706309436,29.43772359797788,2
938,308972,2019-12-22 15:20:00,820.312637329102,782.1000172826266,689.7414138667189,893.5793559364425,1460.2043308162952,38.21262004647542,2
939,309097,2019-12-23 12:10:00,1286.72979431152,1202.2951663183599,1101.9094913027727,1307.220920445323,7129.206404343338,84.43462799316012,2
940,309099,2019-12-23 12:30:00,1273.56424110814,1299.610377450556,1194.4139628396902,1411.517613268667,678.4012183677141,26.04613634241582,2
941,309116,2019-12-23 15:20:00,1087.67320861816,1041.884742174649,949.474669037025,1125.1279745185086,2096.5836592485302,45.78846644351097,2
942,309126,2019-12-23 17:00:00,1045.57424316406,875.806099488971,773.4639087494415,991.6065074473397,28821.22260688564,169.76814367508894,2
943,309175,2019-12-24 01:10:00,244.076676940918,240.30183145718766,148.33136761864563,335.7491251702121,14.24945842603928,3.7748454837303314,2
944,309306,2019-12-24 23:00:00,1917.64651489258,1843.5866564304936,1731.2002312503053,1941.4727900028456,5484.862635424266,74.05985846208637,2
945,309430,2019-12-25 19:40:00,38.8754161834717,46.71790549826418,-74.12297971996769,145.68778242908826,61.504638652634235,7.842489314792481,2
946,309465,2019-12-26 01:30:00,211.781346893311,170.96229562153604,70.8487530816616,275.1805952731969,1666.1949467277923,40.81905127177495,2
947,309582,2019-12-26 21:00:00,377.225325012207,412.30489420467086,315.7569297963281,511.63959839880215,1230.5761747288589,35.07956919246385,2
948,309784,2019-12-28 06:40:00,438.405122375488,361.177502163182,243.50364046748686,466.0885311551401,5964.1053236561775,77.22762021230602,2
949,309795,2019-12-28 08:30:00,1081.71579284668,946.8244599106728,855.5648263737119,1040.9221379478006,18195.671701252737,134.8913329360072,2
950,309830,2019-12-28 14:20:00,1030.34717254639,1036.6997657701081,926.9098037123755,1143.489969040023,40.35544066602825,6.352593223718031,2
951,309992,2019-12-29 17:20:00,2045.83435058594,1965.0740487552494,1853.1714929984378,2071.7690030144377,6522.226351784256,80.76030183069065,2
952,310008,2019-12-29 20:00:00,947.3277923584,925.1130041307193,814.6709004594849,1022.0681509149605,493.49681600069783,22.21478822768063,2
953,310015,2019-12-29 21:10:00,904.128619384766,847.1652147097934,741.4429265812191,944.3778103046334,3244.8294721646894,56.963404674972594,2
954,310045,2019-12-30 02:10:00,1170.36291503906,1190.4537972725261,1103.3759685698728,1277.7900736163149,403.6435489190045,20.090882233466118,2
955,310092,2019-12-30 10:00:00,2042.70954975329,1982.1718981592182,1848.81885175687,2105.065534594985,3664.8072605252246,60.537651594071804,2
956,310183,2019-12-31 01:10:00,177.032830810547,169.8585176590955,59.40131333103115,265.53973603481523,51.470769195090156,7.174313151451514,2
957,310196,2019-12-31 03:20:00,562.853913879395,503.9016737065086,404.5162338017572,603.1879602371235,3475.3666214016853,58.952240172886434,2
958,310240,2019-12-31 10:40:00,605.226094055176,599.3237812611296,499.50093353763657,685.0166584788867,34.837296318763094,5.902312794046338,2
959,310245,2019-12-31 11:30:00,661.866510009766,717.0509339995617,601.9048299681898,824.7720997753805,3045.3206510855425,55.18442398979573,2
960,310390,2020-01-01 11:40:00,-0.77517552524805,-13.620477849603537,-122.38487780708334,100.23747765093157,165.00179180409248,12.845302324355487,2
961,310392,2020-01-01 12:00:00,-1.10594551563263,-14.979253780922969,-120.48121413973941,94.74701939319328,192.46868222377324,13.873308265290339,2
962,310553,2020-01-02 14:50:00,2030.83247680664,2060.439604150148,1954.8485508552421,2176.363053459931,876.5819895347099,29.607127343508182,2
963,310566,2020-01-02 17:00:00,1985.76224365235,1975.8740233499404,1872.4258928625245,2096.958500797481,97.77690074898413,9.888220302409536,2
964,310629,2020-01-03 03:30:00,516.017124938965,514.5359436716037,405.47525816166734,619.3803837600852,2.1938979467820494,1.4811812673613076,2
965,310724,2020-01-03 19:20:00,1086.54216918945,1132.604031139482,1026.329366069775,1233.989771571419,2121.695126303799,46.061861950031926,2
966,310799,2020-01-04 07:50:00,609.819775390625,611.4843078015615,508.2155201601828,709.4832030751245,2.770668147058226,1.6645324109365447,2
967,310802,2020-01-04 08:20:00,448.70595703125,482.79170902307493,401.6751182747337,587.165031359858,1161.8384888481955,34.08575199182491,2
968,310854,2020-01-04 17:00:00,337.00595703125,405.6382989920032,306.0986437417598,522.7998808809236,4710.398363017764,68.6323419607532,2
969,310855,2020-01-04 17:10:00,294.78638381958,333.3866409177728,203.11846097251023,430.78388389648705,1489.9798480465836,38.6002570981928,2
970,310906,2020-01-05 01:40:00,425.437548065186,387.8244878903041,283.1450688752155,492.9536289367379,1414.7422957192844,37.613060174881866,2
971,311010,2020-01-05 19:00:00,783.47269897461,705.4616689967638,598.0008681888701,814.8157026277241,6085.720798204417,78.01102997784619,2
972,311037,2020-01-05 23:30:00,686.252708435059,656.2265955266228,558.7709926828636,763.2673565314019,901.5674563901644,30.02611290843629,2
973,311141,2020-01-06 16:50:00,1826.54354553223,1893.0772439664606,1791.69063975177,1997.621992103606,4426.733027337153,66.5336984342307,2
974,311194,2020-01-07 01:40:00,964.114855957031,931.8449346853532,811.8624000119522,1039.013836507378,1041.347818880279,32.26992127167773,2
975,311284,2020-01-07 16:40:00,2048.67861938477,2028.1319983437206,1935.1150026816767,2121.602736827117,422.1636362045,20.546621041049548,2
976,311511,2020-01-09 07:10:00,2007.99346923828,2023.933186482339,1897.9189286630847,2139.791864486146,254.07458582054494,15.939717244058784,2
977,311646,2020-01-10 05:40:00,771.351864624023,729.5962672406566,625.9765568137743,837.1112205725098,1743.5299128417967,41.75559738336642,2
978,311664,2020-01-10 08:40:00,779.880944824219,722.7735239424163,634.571939324816,821.2035304415692,3261.257519771353,57.10742088180268,2
979,312003,2020-01-12 17:10:00,482.561918640137,472.7026632420369,371.12862853198436,573.3481137268767,97.20491700496518,9.85925539810006,2
980,312037,2020-01-12 22:50:00,1011.88479309082,932.5915110206503,824.7933258934379,1061.0961597546545,6287.424581459506,79.29328207016977,2
981,312114,2020-01-13 11:40:00,1843.0948059082,1928.7828497471855,1814.489895087582,2043.4800370065086,7342.440856951909,85.68804383898555,2
982,312171,2020-01-13 21:10:00,1869.58153076172,1841.3660771368827,1734.886030323663,1948.9558785428026,796.1118232553392,28.21545362483721,2
983,312180,2020-01-13 22:40:00,1868.39974975586,1824.2645838067444,1722.3430799338876,1922.2593327540585,1947.9128733559746,44.13516594911562,2
984,312304,2020-01-14 19:20:00,2035.37123413086,2034.76144257802,1917.8863531587253,2139.2828001206417,0.3718457379151149,0.609791552840079,2
985,312310,2020-01-14 20:20:00,2025.21063232422,1997.8762138212107,1896.3397044422409,2097.531560052842,747.1704348976488,27.334418503009147,2
986,312396,2020-01-15 10:40:00,1237.2317565918,1159.3189719322775,1030.3654861701464,1278.668454982995,6070.402013401118,77.91278465952246,2
987,312447,2020-01-15 19:10:00,1566.71109008789,1549.007009397819,1448.049409846709,1651.2347735607416,313.4344730805412,17.704080690070896,2
988,312517,2020-01-16 06:50:00,1750.04922485352,1718.2975476151641,1625.2188811789365,1801.1629993100312,1008.1690074487216,31.751677238355796,2
989,312518,2020-01-16 07:00:00,1831.9407409668,1801.1768314110143,1673.2294934044405,1917.1126027802288,946.4181311565585,30.76390955578563,2
990,312519,2020-01-16 07:10:00,1650.58312988282,1603.2449054909712,1516.0997557318601,1727.2347131137021,2240.907488573031,47.338224391848826,2
991,312553,2020-01-16 12:50:00,2058.7303894043,2027.2114611707598,1913.4351201646268,2150.714444269987,993.4428369910455,31.51892823354001,2
992,312574,2020-01-16 16:20:00,1964.43529663086,2008.1083478181636,1898.5085871091474,2118.3729480024645,1907.3354000088402,43.6730511873036,2
993,312637,2020-01-17 02:50:00,633.670002184416,624.491372490946,535.2874254964175,728.4005918796987,84.24724304984997,9.178629693470043,2
994,312739,2020-01-17 19:50:00,643.686894226074,628.5757934652207,515.5064996470992,742.1818774684712,228.34536620465875,15.111100760853219,2
995,312788,2020-01-18 04:00:00,1479.3625793457,1490.3640978475391,1362.6290045630758,1593.544376735416,121.03340934631024,11.0015185018392,2
996,312825,2020-01-18 10:10:00,359.037680053711,340.2285895668027,253.83373419985742,442.80777006066717,353.7818849447023,18.809090486908246,2
997,312838,2020-01-18 12:20:00,593.826026916504,655.5527924664964,566.9136584378687,753.8835032187594,3810.1935852637243,61.726765549992365,2
998,313071,2020-01-20 03:10:00,1357.63457892923,1430.9685206527047,1316.726443456391,1544.0064412047457,5377.867008701985,73.33394172347471,2
999,313145,2020-01-20 15:30:00,96.2489234924316,120.74672972686416,16.546358176050145,204.07360185914044,600.1425102998028,24.49780623443256,2
0,973841,2017-09-25 08:30:00,149.73654174804688,181.44181410718122,101.13193976030053,282.61527392694035,1005.2242953668881,31.70527235913434,6
1,973994,2017-09-26 10:00:00,131.28663635253906,127.43391697840282,51.80964215153633,214.42440184373604,14.84344657584476,3.8527193741362424,6
2,974011,2017-09-26 12:50:00,-2.831284523010254,8.308450319952044,-92.59195297619344,108.96434844302821,124.09369237150825,11.139734842962298,6
3,974114,2017-09-27 06:00:00,395.1055908203125,407.88043166439314,306.92440156217646,500.3278845303695,163.19655859159104,12.774840844080643,6
4,974187,2017-09-27 18:10:00,301.2373352050781,325.7803431670491,228.79566800824284,435.12395722659033,602.359239821372,24.543007961971,6
5,974208,2017-09-27 21:40:00,645.1887817382812,618.4857824940661,536.7802485545615,715.4514176252451,713.0501686365526,26.702999244215107,6
6,974389,2017-09-29 03:50:00,443.1145629882813,458.71777283351344,358.25630158808235,552.4336159877984,243.46015747434885,15.60320984523213,6
7,974433,2017-09-29 11:10:00,252.54440307617188,228.4785717689894,140.0974635375393,324.0527856587338,579.1642365057636,24.065831307182464,6
8,974481,2017-09-29 19:10:00,386.3412780761719,408.72131498732125,310.50722863946555,502.29973895577973,500.86605214440846,22.380036911149375,6
9,974527,2017-09-30 02:50:00,306.2039794921875,356.09819256691475,246.5279335951308,471.26545696075624,2489.4324983462834,49.89421307472725,6
10,974550,2017-09-30 06:40:00,480.599609375,509.2015712414816,423.04820478222837,601.1898732489009,818.0722226116669,28.601961866481588,6
11,974582,2017-09-30 12:00:00,372.827392578125,410.83473467554205,331.007356481995,518.6149660452493,1444.5580533100904,38.00734209741705,6
12,974629,2017-09-30 19:50:00,575.8961181640625,649.9932976159666,525.4243192260521,750.0469843001748,5490.392002727685,74.09717945190414,6
13,974653,2017-09-30 23:50:00,824.8802490234375,816.7435664834696,732.696373448808,921.0566479037922,66.2056027562179,8.136682539967865,6
14,974697,2017-10-01 07:10:00,271.3968200683594,288.4397974284412,201.53608856880942,382.7261291677704,290.463077296261,17.042977360081807,6
15,974710,2017-10-01 09:20:00,539.76416015625,489.6224622087253,383.3815656762227,577.5220374994848,2514.1898730608004,50.141697947524676,6
16,974747,2017-10-01 15:30:00,1499.04833984375,1497.6660990723315,1392.96169218549,1600.3687252575362,1.9105895501717134,1.3822407714185374,6
17,974768,2017-10-01 19:00:00,1336.1024169921875,1332.0844944161329,1250.3627567369579,1425.619919457283,16.143701827169362,4.017922576054616,6
18,974814,2017-10-02 02:40:00,797.3466796875,820.4180688472857,716.7113833252764,921.322985000593,532.2889977622756,23.071389159785667,6
19,974827,2017-10-02 04:50:00,1105.495361328125,1090.306530679334,996.6477084725408,1195.7106744375362,230.70057647765447,15.188830648791054,6
20,974829,2017-10-02 05:10:00,558.2132568359375,594.453767621598,495.98414478591474,698.477257208004,1313.3746220055743,36.24051078566049,6
21,974835,2017-10-02 06:10:00,1497.1702880859375,1548.5743774320752,1444.2931176684338,1632.0869406699078,2642.3804015057026,51.40408934613765,6
22,974897,2017-10-02 16:50:00,630.9802856445312,695.7561303979322,598.3700025217024,795.8674067668552,4195.910063516704,64.77584475340097,6
23,974914,2017-10-02 19:40:00,930.095703125,1009.1173969926356,908.0188931228446,1106.9297905671883,6244.428101710314,79.02169386763558,6
24,974978,2017-10-03 06:20:00,739.1403198242188,724.9619768927531,629.4500045362048,824.5632044684461,201.02540828224156,14.178342931465636,6
25,974997,2017-10-03 09:30:00,848.6459350585938,987.3254971123215,901.7643311664866,1065.9295769564603,19232.020931413725,138.67956205372775,6
26,975002,2017-10-03 10:20:00,1109.447265625,1133.0600958243044,1046.3773504255294,1227.0174755458265,557.5657500211831,23.612830199304426,6
27,975176,2017-10-04 15:20:00,1241.1884765625,1334.9673558610484,1249.9855575112535,1443.6224118267735,8794.478202491713,93.77887929854842,6
28,975195,2017-10-04 18:30:00,296.6596069335937,331.6039110257129,245.9725917036793,411.2393816651114,1221.1043884824974,34.94430409211918,6
29,975213,2017-10-04 21:30:00,1368.655517578125,1338.594270047312,1234.8301947424166,1440.1317519389222,903.6786031088127,30.061247530813034,6
30,975292,2017-10-05 10:40:00,465.7135009765625,505.9495386182772,403.83511318391317,592.5836577643497,1618.9387251054814,40.23603764171469,6
31,975299,2017-10-05 11:50:00,1041.1822509765625,1117.9319082401232,1024.2494732694531,1205.8620289857654,5890.509890074039,76.74965726356072,6
32,975516,2017-10-07 00:00:00,402.0992126464844,453.84421074735207,343.10222117859024,551.8676866076654,2677.544828458801,51.74499810086769,6
33,975534,2017-10-07 03:00:00,962.7570190429688,1007.6575807984427,919.4176332571029,1099.9603431795415,2016.060445957132,44.90056175547397,6
34,975539,2017-10-07 03:50:00,886.6463623046875,858.086210297687,754.2628246898875,957.2405030338663,815.6822826629754,28.56015200700051,6
35,975568,2017-10-07 08:40:00,1565.6861572265625,1616.3829893780546,1514.6072509808675,1704.891779362328,2570.1687901965647,50.69683215149212,6
36,975574,2017-10-07 09:40:00,1518.5218505859375,1606.951826048661,1520.5041934051096,1689.3524859662818,7819.860560337864,88.4299754627234,6
37,975579,2017-10-07 10:30:00,1347.1300048828125,1377.6985142392257,1272.035615447699,1474.3450584591458,934.4337642731206,30.568509356413188,6
38,975600,2017-10-07 14:00:00,173.89671325683594,213.74159435835335,96.9606689710006,309.1990639399664,1587.6145499940596,39.844881101517416,6
39,975678,2017-10-08 03:00:00,218.8885498046875,231.73484163677543,132.29543761130898,328.18657285508885,165.02721383516902,12.846291832087928,6
40,975693,2017-10-08 05:30:00,104.54537963867188,109.28528224578942,14.998950792938482,235.0559177329442,22.46667672495968,4.739902607117543,6
41,975773,2017-10-08 18:50:00,16.819786071777344,11.257379494426837,-68.43526371308677,101.56808965525695,30.940366931752173,5.562406577350506,6
42,976040,2017-10-10 15:20:00,684.3651123046875,741.4974976820444,661.5926139747717,834.1351077396648,3264.1094589068193,57.132385377356854,6
43,976074,2017-10-10 21:00:00,370.5663146972656,358.1761807671966,266.7168002874637,463.0770602722589,153.51541880504703,12.390133930068998,6
44,976140,2017-10-11 08:00:00,1243.99267578125,1223.1190990007829,1128.3498135097284,1323.557187127329,435.7062076100572,20.873576780467147,6
45,976360,2017-10-12 20:40:00,950.414794921875,1047.0833948122743,945.8943944571979,1153.6245278757635,9344.818204770101,96.66859989039926,6
46,976391,2017-10-13 01:50:00,1194.85400390625,1279.8541702658401,1193.2634995810236,1386.2301542870741,7225.028281157999,85.00016635959014,6
47,976453,2017-10-13 23:10:00,1021.1778564453124,1028.5719114940591,935.9416899937935,1126.4232707253036,54.6720500638971,7.394055048746736,6
48,976503,2017-10-14 07:30:00,633.1309204101562,628.5612153665925,521.7912314686764,728.2276483446865,20.882204185172174,4.569705043563772,6
49,976536,2017-10-14 13:00:00,524.2932739257812,572.5489159618388,463.96236930752207,680.1666457729884,2328.606988312126,48.255642036057566,6
50,976549,2017-10-14 15:10:00,386.4548950195313,455.7694901816671,372.18241671433566,548.3706065177877,4804.513102490778,69.31459516213579,6
51,976642,2017-10-15 06:40:00,383.6773681640625,446.3084341896667,333.0289925180372,534.8945737940746,3922.650431503591,62.631066025604184,6
52,976651,2017-10-15 08:10:00,493.7191467285156,516.5263490060897,418.7506333317197,609.4285600497956,520.1684757301815,22.807202277574106,6
53,976713,2017-10-15 18:30:00,307.98223876953125,364.70529769505276,270.0666756415005,464.54543377745614,3217.5054138681858,56.723058925521514,6
54,976775,2017-10-16 04:50:00,92.80287170410156,99.21951592098738,3.6443948318629316,202.56286941631058,41.17332300609416,6.416644216885814,6
55,976797,2017-10-16 08:30:00,1145.7462158203125,1117.5666223886637,1022.4595358633309,1209.7095944770117,794.0894859730216,28.179593431648755,6
56,976902,2017-10-17 02:00:00,1784.3255615234375,1806.730664831205,1706.9612351462924,1889.0377906848767,501.98865423173885,22.405103307767604,6
57,976925,2017-10-17 05:50:00,664.0172119140625,838.9319436034627,747.044485014899,931.4421758864261,30595.163361974875,174.91473168940024,6
58,976976,2017-10-17 14:20:00,243.13365173339844,279.9276869570438,185.92393107849915,373.4134725142468,1353.8010280388569,36.79403522364538,6
59,977085,2017-10-18 08:30:00,70.76634216308594,92.36715824116835,5.027521092656259,180.48924032492803,466.59525523914385,21.600816078082417,6
60,977124,2017-10-18 15:00:00,167.50181579589844,135.18818728961628,34.650109980042856,230.87885181093498,1044.170587242011,32.31362850628216,6
61,977195,2017-10-19 02:50:00,110.62387084960938,96.43294782245113,-17.629425796412434,178.4276785592633,201.38229636273024,14.190923027158249,6
62,977269,2017-10-19 15:10:00,577.7264404296875,608.0388553167799,522.9941029785584,703.8018538924869,918.8424962872185,30.31241488709236,6
63,977334,2017-10-20 02:00:00,993.1028442382812,965.6238942057156,871.3276925849941,1050.6719563294077,755.0926948922397,27.47895003256565,6
64,977463,2017-10-20 23:30:00,1042.352783203125,1118.183565669183,1028.7549402820487,1230.1605668826046,5750.307569414617,75.83078246605805,6
65,977478,2017-10-21 02:00:00,838.3295288085938,878.8178553899531,781.5043366392957,972.402126474737,1639.3045893588132,40.48832658135939,6
66,977498,2017-10-21 05:20:00,1681.1060791015625,1773.0755619318822,1678.7796059296447,1868.6289524745252,8458.385772076479,91.96948283031975,6
67,977672,2017-10-22 10:20:00,2030.4830322265625,2030.294116271869,1920.7627165421231,2131.296973142594,0.035689237937788415,0.18891595469358435,6
68,977699,2017-10-22 14:50:00,1711.96240234375,1729.5016398587736,1635.5071219673787,1818.3350326650993,307.62485260841174,17.539237515023615,6
69,977781,2017-10-23 04:30:00,264.2821044921875,255.24561595531677,164.06173824433813,364.31081400306374,81.6581250769962,9.036488536870735,6
70,977877,2017-10-23 21:20:00,337.3089904785156,391.22481336870186,304.4842532545562,493.5718412232607,2906.91595792593,53.915822890186234,6
71,977898,2017-10-24 00:50:00,652.0126953125,668.2508871271469,576.4311460487847,782.9998727980924,263.6788734092668,16.23819181464694,6
72,977927,2017-10-24 05:40:00,818.051513671875,809.1512215817256,710.0813485709966,905.1114080723697,79.21519928997559,8.900292090149378,6
73,977987,2017-10-24 15:40:00,1053.13818359375,1094.9915899101952,1003.5588767480539,1200.5367273473942,1751.7076202894564,41.853406316445216,6
74,978001,2017-10-24 18:00:00,807.8685302734375,756.9786392323706,663.790192948926,863.9088951949183,2589.7810101716614,50.8898910410669,6
75,978058,2017-10-25 03:30:00,1905.702880859375,1838.1298953014434,1733.2298185181571,1925.585859649718,4566.108377212431,67.57298555793159,6
76,978206,2017-10-26 04:10:00,198.9531097412109,235.9937180601961,142.55273511892432,323.0257676117922,1372.006664640475,37.04060831898519,6
77,978307,2017-10-26 21:00:00,168.24342346191406,195.6976313283335,108.58452578256129,289.98138273675045,753.7335295725669,27.454207866419438,6
78,978361,2017-10-27 06:00:00,251.5941162109375,272.7158598064265,188.5347296270922,362.77413085480464,446.1280525135815,21.121743595489022,6
79,978525,2017-10-28 09:20:00,1742.6534423828125,1738.295294783087,1639.024382356499,1869.7009028525804,18.993450500993124,4.358147599725498,6
80,978630,2017-10-29 02:50:00,1419.8997802734375,1466.9807483587088,1393.1824245110786,1563.4297752157245,2216.61755584633,47.08096808527125,6
81,978667,2017-10-29 09:00:00,1423.1126708984375,1497.6338038540396,1411.9411923365499,1596.4032111132717,5553.399256986521,74.52113295560207,6
82,978682,2017-10-29 11:30:00,529.6366577148438,520.5391491789485,431.7850282523119,624.7963124321958,82.76466156068709,9.097508535895258,6
83,978713,2017-10-29 16:40:00,183.20643615722656,205.69183895820984,111.63414869276974,304.54924424341874,505.5933391224668,22.48540280098328,6
84,978869,2017-10-30 18:40:00,33.38109588623047,63.26556872172235,-41.4349828045767,158.69890851751822,893.0817166552523,29.884472835491884,6
85,978880,2017-10-30 20:30:00,119.8519287109375,120.16249486082611,22.63476221108926,216.20308127245133,0.09645133345663766,0.310566149888615,6
86,978904,2017-10-31 00:30:00,187.94573974609372,247.75007546528155,164.12376435458182,351.9107250597195,3576.558570813326,59.80433571918783,6
87,978908,2017-10-31 01:10:00,108.45296478271484,136.23491835067045,40.757258436819356,218.37681548458215,771.8369440520415,27.78195356795561,6
88,978932,2017-10-31 05:10:00,168.38909912109375,174.97551961343575,88.85191891170328,265.3871693023785,43.38093490194264,6.586420492342,6
89,978975,2017-10-31 12:20:00,235.3251190185547,219.0228742212598,123.66807171734155,315.13180831224884,265.7631854309283,16.30224479729489,6
90,979043,2017-10-31 23:40:00,131.06521606445312,238.94851968037875,138.68527934646215,340.8343757145461,11638.807199085992,107.88330361592563,6
91,979073,2017-11-01 04:40:00,181.098876953125,206.00134952602912,111.79405506294862,311.6430540225609,620.1331402442418,24.902472572904117,6
92,979145,2017-11-01 16:40:00,342.94793701171875,427.8086678678544,336.11169315447046,528.845781859657,7201.343641437495,84.86073085613566,6
93,979147,2017-11-01 17:00:00,446.3456726074219,487.02062198261547,387.6832866696098,582.8683745955663,1654.4515066745616,40.67494937519359,6
94,979293,2017-11-02 17:20:00,-0.7767760157585144,2.1667496873174508,-112.64293091380426,86.47098546872313,8.664343564668854,2.943525703075965,6
95,979449,2017-11-03 19:20:00,313.6200866699219,406.95736972265706,317.11895905076176,518.0861813833963,8711.848407666408,93.33728305273519,6
96,979637,2017-11-05 02:40:00,289.4590148925781,316.8770703482428,222.90990676900418,404.11768691823954,751.7497649699033,27.41805545566467,6
97,979659,2017-11-05 06:20:00,490.1791687011719,415.14506979596615,328.67356770489164,502.44048350625627,5630.115998516195,75.03409890520572,6
98,979722,2017-11-05 16:50:00,482.5187072753906,578.3682424702467,492.81426981220096,678.651368710529,9187.133397069962,95.84953519485612,6
99,979745,2017-11-05 20:40:00,388.4124145507813,394.734311417836,294.57277124303766,479.59613541910375,39.966379997676086,6.321896867054704,6
100,979764,2017-11-05 23:50:00,233.70692443847656,213.7486316153296,115.30770446978818,325.9994320238003,398.33345241447955,19.958292823146962,6
101,979950,2017-11-07 06:50:00,827.7618408203125,821.8435610720238,728.9143167685464,906.3665910896619,35.026035179003955,5.918279748288683,6
102,979975,2017-11-07 11:00:00,1375.12353515625,1373.1193494633724,1285.5920693559308,1461.4349659199183,4.016760291535373,2.004185692877627,6
103,979990,2017-11-07 13:30:00,1038.9259033203125,1208.2291542601454,1115.2366302413461,1289.5180123421005,28663.590778796024,169.30325093983288,6
104,979993,2017-11-07 14:00:00,767.9671020507812,798.7054874913304,708.5213717285409,890.7003312317349,944.8483394917614,30.73838544054911,6
105,980256,2017-11-09 09:50:00,310.28076171875,295.1327623742929,202.43090745920307,391.64718774461704,229.4618841396729,15.147999344457105,6
106,980450,2017-11-10 18:10:00,675.5474243164062,657.6668561484022,563.2518223085436,753.9493555427275,319.71471801064007,17.88056816800406,6
107,980573,2017-11-11 14:40:00,52.2966194152832,47.2102804480841,-55.53202664411809,140.6700474004847,25.870844089248052,5.086338967199104,6
108,981952,2017-11-21 06:00:00,692.1488037109375,632.2617450357948,544.4911902724809,756.1862365864035,3586.4597967599875,59.887058675142725,6
109,981955,2017-11-21 06:30:00,784.482666015625,811.6749582528713,712.1635434619043,918.2538747535904,739.4207571158057,27.192292237246306,6
110,982067,2017-11-22 01:10:00,2027.0555419921875,1984.888803567263,1893.9529972224102,2087.85730357691,1778.033829396001,42.16673842492446,6
111,982229,2017-11-23 04:10:00,1565.163330078125,1590.743871295484,1492.1744891338108,1699.713769684374,654.3640889730048,25.58054121735904,6
112,982292,2017-11-23 14:40:00,1661.476318359375,1780.3219573202555,1687.8448116542988,1878.7705375444493,14124.285900019951,118.84563896088048,6
113,982465,2017-11-24 19:30:00,111.32609558105467,127.00928553849577,26.338094836334985,221.22304329454053,245.9624472411814,15.683189957441101,6
114,982541,2017-11-25 08:10:00,1511.664794921875,1384.2069814013005,1290.0465606637338,1482.6648558108539,16245.494227445548,127.45781352057452,6
115,982547,2017-11-25 09:10:00,1022.7630004882812,1070.4008389829269,967.1031271577265,1162.3664420166892,2269.3636564419403,47.63783849464562,6
116,982601,2017-11-25 18:10:00,568.9425659179688,594.0255926982339,501.3029172428948,691.6577689180878,629.1582324595005,25.083026780265186,6
117,982667,2017-11-26 05:10:00,484.7350158691406,446.7739709215442,352.89878252934716,536.7813206531376,1441.0409335134345,37.961044947596406,6
118,982698,2017-11-26 10:20:00,458.8655700683594,508.4983389860378,410.4879346685296,613.0936668983395,2463.4117504356677,49.63276891767845,6
119,982732,2017-11-26 16:00:00,1081.40478515625,1022.9001591298688,917.6595567869583,1128.448530117966,3422.7912664867176,58.504626026381175,6
120,982739,2017-11-26 17:10:00,377.2690734863281,419.50111626063625,301.5363776338546,517.3528666857156,1783.5454368909914,42.23204277430813,6
121,982754,2017-11-26 19:40:00,1449.4697265625,1495.7302697228945,1392.1158928359662,1589.96448715706,2140.0378534947213,46.26054316039449,6
122,982758,2017-11-26 20:20:00,833.82275390625,855.9887826795165,749.1903286707816,960.2046689483644,491.3328315772773,22.166028773266476,6
123,982764,2017-11-26 21:20:00,544.4603271484375,609.4663108692814,507.82341044139764,709.1556499270192,4225.777919514624,65.00598372084391,6
124,982770,2017-11-26 22:20:00,930.5326538085938,911.860020970903,812.1790494644125,1000.5809511520449,348.6672170912087,18.6726328376908,6
125,982801,2017-11-27 03:30:00,2023.29736328125,2000.5135407273583,1901.1448885124626,2109.0872256459875,519.1025701672239,22.783822553891696,6
126,982814,2017-11-27 05:40:00,1767.9151611328125,1689.562573061078,1564.5882747780183,1790.7219154634174,6139.128057538918,78.35258807173454,6
127,982860,2017-11-27 13:20:00,911.74853515625,872.1718992896658,775.717702177466,971.6412527804296,1566.3101065161977,39.57663586658418,6
128,982930,2017-11-28 01:00:00,780.9746704101562,768.7153367895214,676.1249886486702,866.1506025758819,150.2912608220276,12.259333620634834,6
129,983062,2017-11-28 23:00:00,696.5317993164062,695.9566738410164,609.6681364520641,781.3183152213635,0.3307693124424378,0.575125475389882,6
130,983073,2017-11-29 00:50:00,947.0722045898438,893.0469952846237,813.7610023521189,984.227231943441,2918.7232404728375,54.02520930522007,6
131,983074,2017-11-29 01:00:00,1118.9473876953125,1157.536079709064,1068.8616309866306,1267.5868901057663,1489.0871513321763,38.5886920137516,6
132,983090,2017-11-29 03:40:00,1059.3800048828125,1156.4076832820044,1068.2031692827152,1256.9184654557257,9414.370375537015,97.02767839919193,6
133,983104,2017-11-29 06:00:00,1692.656494140625,1641.8678302053713,1564.0532652609088,1727.3199457294882,2579.4883843281377,50.78866393525368,6
134,983217,2017-11-30 00:50:00,421.6755981445313,423.86199308142363,338.04652526996216,525.5039030348732,4.780322820068403,2.1863949368923272,6
135,983294,2017-11-30 13:40:00,1561.6392822265625,1690.6954040843068,1577.8717011215062,1788.7356033251292,16655.482588960946,129.0561218577443,6
136,983313,2017-11-30 16:50:00,1365.544921875,1446.0550484908276,1355.4005852360567,1530.6243527003232,6481.880487696597,80.51012661582763,6
137,983402,2017-12-01 07:40:00,1263.8214111328125,1278.7606266004527,1173.3912158654875,1372.1352726696964,223.1801587885809,14.939215467640224,6
138,983410,2017-12-01 09:00:00,1598.3720703125,1532.2855906642221,1424.5267619733897,1627.6078157814718,4367.422792302245,66.08647964827787,6
139,983447,2017-12-01 15:10:00,614.29345703125,625.6993132149356,544.1856655073097,730.2851508157249,130.09355528291937,11.405856183685614,6
140,983454,2017-12-01 16:20:00,459.7970886230469,469.4550045175246,371.0178800517117,552.2691415677161,93.27533942480602,9.657915894477753,6
141,983484,2017-12-01 21:20:00,330.7726745605469,320.7356129309137,223.49523408435905,421.63557826403843,100.74260615705451,10.037061629633172,6
142,983622,2017-12-02 20:20:00,223.4327087402344,243.4150421267536,142.05344878203553,333.6984331920161,399.2936475699999,19.9823333865192,6
143,983690,2017-12-03 07:40:00,80.9184341430664,107.58848053786838,6.833162485768273,202.82200770813358,711.2913747008896,26.67004639480197,6
144,983692,2017-12-03 08:00:00,121.74440002441406,121.20613105290212,26.53687351066687,192.0591650788438,0.2897334856925214,0.5382689715119398,6
145,983743,2017-12-03 16:30:00,166.60816955566406,178.60518287762338,96.37402042030274,277.99580226273395,143.92832864726927,11.997013321959315,6
146,983757,2017-12-03 18:50:00,464.4500427246094,522.4490179959946,413.2129281540843,628.8765040319815,3363.881132530756,57.998975271385234,6
147,983817,2017-12-04 04:50:00,420.2003784179688,391.2795480713197,293.3057775010229,489.6890247689886,836.4144279396594,28.920830346649097,6
148,983818,2017-12-04 05:00:00,496.1424865722656,367.9222986457325,272.6304178944137,457.5437853216589,16440.416591915473,128.22018792653313,6
149,983819,2017-12-04 05:10:00,471.12933349609375,419.12650506721513,315.17203111064526,514.8546261664488,2704.294164603386,52.002828428878615,6
150,983842,2017-12-04 09:00:00,911.7847900390624,852.366783457688,769.2672219239346,945.7271830972147,3530.4995061042464,59.41800658137436,6
151,983848,2017-12-04 10:00:00,601.561767578125,545.7041317471479,453.70697964901854,647.4599376457678,3120.075480626054,55.857635830977074,6
152,983865,2017-12-04 12:50:00,543.5565185546875,587.337064268552,486.90454795890537,683.4500127043891,1916.7361830037803,43.78054571386451,6
153,983880,2017-12-04 15:20:00,351.55596923828125,360.32190846691884,276.8068721091787,447.62088249178004,76.84169056016742,8.765939228637592,6
154,984006,2017-12-05 12:20:00,315.1316223144531,313.9985673540317,213.66824348595244,399.25444131168206,1.283813543335582,1.1330549604214184,6
155,984101,2017-12-06 04:10:00,340.26904296875,415.29054328788385,314.5232936107805,525.5248666166038,5628.2255101338005,75.02150031913385,6
156,984108,2017-12-06 05:20:00,355.1407470703125,394.107553855925,284.9233823951339,500.71219114414316,1518.4120310672567,38.966806785612505,6
157,984126,2017-12-06 08:20:00,573.2578125,608.1368824450187,518.1403050300976,701.613137667873,1216.5495202295087,34.87906994501873,6
158,984393,2017-12-08 05:40:00,1695.810791015625,1676.0692935692084,1575.1924284566876,1780.1210981896372,389.72672142687264,19.741497446416588,6
159,984450,2017-12-08 15:10:00,997.6634521484376,959.204829968891,864.9102303617437,1050.2984163343701,1479.0656199491166,38.45862217954664,6
160,984458,2017-12-08 16:30:00,1251.514404296875,1278.1105818872386,1182.1776370894843,1376.400281412152,707.3566624181587,26.596177590363595,6
161,984568,2017-12-09 10:50:00,470.7265319824219,435.5594499367877,334.4209411770566,535.5046611617422,1236.7236596043656,35.167082045634174,6
162,984768,2017-12-10 20:10:00,302.1400756835937,384.0206320947378,289.31763327049504,465.50598621433755,6704.425518198549,81.88055641114408,6
163,984824,2017-12-11 05:30:00,949.2079467773438,902.4904394123587,806.8301814400967,973.9538292106877,2182.525494397434,46.71750736498507,6
164,984858,2017-12-11 11:10:00,1678.961181640625,1498.345022149356,1386.8195936894085,1583.8430054551982,32622.1970693755,180.61615949126895,6
165,985000,2017-12-12 10:50:00,431.04339599609375,424.4592261664686,322.5596505114064,517.2369793345972,43.35129234534575,6.584169829625125,6
166,985015,2017-12-12 13:20:00,406.8412170410156,469.3625863127362,376.4995431499479,557.1771167444567,3908.9216156108455,62.52136927172057,6
167,985017,2017-12-12 13:40:00,749.555419921875,853.0964530781225,768.7482218227103,946.5975859485172,10720.745547063148,103.54103315624752,6
168,985236,2017-12-14 02:10:00,2046.949462890625,2049.1237432449802,1948.1088070027852,2144.49297309277,4.727495059335117,2.1742803543552327,6
169,985252,2017-12-14 04:50:00,2048.5703125,2055.0378462937306,1955.2841439632555,2149.9781044271367,41.82899337304708,6.467533793730581,6
170,985436,2017-12-15 11:30:00,1554.006591796875,1521.153456259397,1432.05543564611,1616.4154461591543,1079.3285146439005,32.85313553747801,6
171,985466,2017-12-15 16:30:00,1511.9892578125,1502.3412324411893,1415.2027002832865,1599.7292038997539,93.08439356545541,9.648025371310723,6
172,985541,2017-12-16 05:00:00,236.62484741210935,176.90377591355292,77.35116255837951,267.6499171498768,3566.606380935689,59.72107149855643,6
173,985672,2017-12-17 02:50:00,42.8289909362793,75.73715892668386,-31.690116902983497,168.65680702698162,1082.9475204846876,32.908167990404564,6
174,985681,2017-12-17 04:20:00,-3.648074626922608,26.730380091409405,-56.504225561451,127.29151402654713,922.8505110737485,30.378454718332012,6
175,985746,2017-12-17 15:10:00,885.1422729492188,880.6360929269612,792.6508238485022,980.6216146717868,20.305658392993333,4.506180022257581,6
176,985795,2017-12-17 23:20:00,828.6245727539062,815.4074506220676,722.8736221049853,909.7279958693326,174.69231744793944,13.217122131838664,6
177,985799,2017-12-18 00:00:00,1007.8870239257812,993.7169045807924,904.6144751049093,1082.6398514767336,200.79228225122716,14.170119344988848,6
178,985806,2017-12-18 01:10:00,886.7242431640625,877.2999412607404,777.2332664400166,962.7687958314385,88.81746636496035,9.424301903322089,6
179,985817,2017-12-18 03:00:00,1031.748291015625,1047.191085599248,944.7954804257716,1139.1802425395003,238.4799045519767,15.442794583623026,6
180,985841,2017-12-18 07:00:00,464.0173645019531,441.02846810481464,344.50215963992,528.5541118232561,528.489357558367,22.98889639713849,6
181,985882,2017-12-18 13:50:00,-2.164942979812622,-1.9854128440757854,-96.79772797772848,101.88339137484213,0.03223106963768698,0.17953013573683663,6
182,985951,2017-12-19 01:20:00,724.72265625,536.4852479731406,424.5371863573111,642.8066993634528,35433.32187478904,188.23740827685936,6
183,986008,2017-12-19 10:50:00,254.4742126464844,203.75306149180506,104.2726056544906,289.8061460626991,2572.63517445583,50.72115115467935,6
184,986075,2017-12-19 22:00:00,499.6307373046875,509.6400028066376,406.0226894521268,619.7648465177159,100.18539588852832,10.009265501950097,6
185,986190,2017-12-20 17:10:00,94.06414794921876,114.37849402202984,15.929900471906576,209.53924155990927,412.6726563659348,20.314346072811077,6
186,986203,2017-12-20 19:20:00,121.3762664794922,154.80553193982757,56.839830110233244,257.621834797972,1117.5157892175716,33.42926546033537,6
187,986209,2017-12-20 20:20:00,84.60989379882812,98.36478986883023,3.99477628435733,202.86691458741726,189.19716589655934,13.754896070002104,6
188,986384,2017-12-22 01:30:00,387.8874206542969,345.36649640374446,237.90946634974446,456.4477457877325,1808.0289991212162,42.52092425055241,6
189,986501,2017-12-22 21:00:00,305.5077209472656,321.88210665443637,215.71217997924396,419.7708261403659,268.1205072871976,16.374385707170745,6
190,986530,2017-12-23 01:50:00,440.937255859375,426.4283285481586,327.77245233253956,530.4327955346256,210.50897172216065,14.508927311216382,6
191,986542,2017-12-23 03:50:00,603.4056396484375,574.8813702164276,489.5267682715192,666.5886018410696,813.6339466298929,28.524269432009874,6
192,986636,2017-12-23 19:30:00,1646.9049072265625,1621.8163694100524,1535.500105769859,1720.0797798791482,629.4347297704572,25.088537816510097,6
193,986639,2017-12-23 20:00:00,1763.7203369140625,1773.3857386355066,1672.871743654248,1855.6209954285887,93.41999043689536,9.665401721444141,6
194,986740,2017-12-24 12:50:00,1467.83349609375,1409.883909178946,1301.7067248594615,1510.0588895982964,3358.1546235964297,57.94958691480406,6
195,986768,2017-12-24 17:30:00,728.4020385742188,729.5532969407578,645.685858377261,825.5456071831404,1.3253958265262356,1.151258366539082,6
196,986784,2017-12-24 20:10:00,786.9622802734375,826.0908318229456,728.1043924436228,924.0243590982446,1531.0435463625108,39.128551549508074,6
197,986826,2017-12-25 03:10:00,1772.499267578125,1761.772214168876,1671.373935324236,1858.4456938397802,115.0696748448814,10.727053409249038,6
198,986902,2017-12-25 15:50:00,1675.156005859375,1812.8144504838833,1712.360334604708,1911.4241124265911,18949.84737643882,137.65844462450832,6
199,986995,2017-12-26 07:20:00,1736.74658203125,1633.201142943604,1550.1199848197652,1723.5685727608072,10721.657955853398,103.54543908764595,6
200,987192,2017-12-27 16:10:00,1744.7603759765625,1729.4801629247147,1628.0265163003298,1819.439730410306,233.4849109098597,15.280213051847795,6
201,987254,2017-12-28 02:30:00,1116.5506591796875,1188.2546047661758,1088.427828081463,1275.7999263788279,5141.455812670078,71.70394558648832,6
202,987306,2017-12-28 11:10:00,783.673828125,698.1434872383164,604.6698717286682,786.4333831847533,7315.4392121922965,85.53034088668358,6
203,987336,2017-12-28 16:10:00,1001.8693237304688,1131.218433464844,1036.8779832069151,1223.6016481309546,16731.19218907548,129.34910973437536,6
204,987361,2017-12-28 20:20:00,719.0154418945312,749.1725878208684,644.8322099870128,846.3673836611397,909.453450422396,30.157145926337193,6
205,987502,2017-12-29 19:50:00,2040.882080078125,2014.4849198033658,1903.7588984015224,2095.759068955183,696.8100705713275,26.397160274759244,6
206,987527,2017-12-30 00:00:00,837.8167724609375,947.7753144954837,856.8227481771991,1034.213031463892,12090.880966363065,109.95854203454621,6
207,987578,2017-12-30 08:30:00,2046.979248046875,2019.7505369159037,1923.7163086770292,2115.940788719693,741.4027098538807,27.228711130971305,6
208,987581,2017-12-30 09:00:00,2050.083984375,2057.341934232831,1949.6075904051274,2167.8229489120613,52.67783613879101,7.257949857831136,6
209,987603,2017-12-30 12:40:00,1743.5262451171875,1752.0789220445156,1645.7336778096885,1847.3735037011777,73.14828262325031,8.552676927328093,6
210,987675,2017-12-31 00:40:00,1200.5433349609375,1294.8881401547783,1212.3571806533666,1411.130493608192,8900.942267063767,94.34480519384078,6
211,987785,2017-12-31 19:00:00,853.1292114257812,1034.9955342253506,938.5707631053438,1144.199193009465,33075.359368637175,181.8663227995694,6
212,987839,2018-01-01 04:00:00,1649.1895751953125,1613.8012103556714,1525.1472616283597,1728.418143863847,1252.3363660235464,35.3883648396411,6
213,987864,2018-01-01 08:10:00,741.8240356445312,718.1966800377886,632.0271867707661,823.6708784938885,558.2519329674728,23.62735560674264,6
214,987894,2018-01-01 13:10:00,335.90478515625,355.9118364143216,276.3292487091719,445.6501405841366,400.2821000431049,20.007051258071613,6
215,988447,2018-01-05 09:20:00,266.0145263671875,244.68486723999797,153.30195429216408,354.9099040671625,454.9543584820996,21.32965912718953,6
216,988803,2018-01-07 20:40:00,1468.717529296875,1413.9675721907877,1320.0883506073865,1510.6742763907414,2997.557803118402,54.74995710608732,6
217,988806,2018-01-07 21:10:00,1543.5931396484375,1430.4857470198933,1331.0397407008693,1534.09743777177,12793.282267227649,113.10739262854418,6
218,988840,2018-01-08 02:50:00,1062.226318359375,1138.5631612620102,1040.770331661653,1237.7519202456792,5827.31358434161,76.33684290263523,6
219,988890,2018-01-08 11:10:00,256.9263000488281,288.9793860062105,186.62043871660387,378.6317039129944,1027.4003193913443,32.05308595738239,6
220,988908,2018-01-08 14:10:00,180.44747924804688,171.31018696813348,65.81470880969279,291.31261069976637,83.49011020856494,9.137292279913396,6
221,988997,2018-01-09 05:00:00,213.96778869628903,208.01209160077616,100.71545344906414,306.8154061428773,35.47032789350049,5.955697095512875,6
222,989073,2018-01-09 17:40:00,110.08452606201172,94.58794948999318,-1.2581105403382788,186.33747038509,240.1438854524339,15.49657657201854,6
223,989124,2018-01-10 02:10:00,279.6932678222656,267.68421259061034,176.2224085799965,356.45304678342944,144.21740755694708,12.009055231655282,6
224,989172,2018-01-10 10:10:00,138.48509216308594,201.5050235402665,94.60348198151806,297.83312024358537,3971.511750784548,63.01993137718057,6
225,989216,2018-01-10 17:30:00,26.726381301879883,20.474304040210374,-83.66206740116357,115.66576080949399,39.08847008588491,6.252077261669509,6
226,989248,2018-01-10 22:50:00,124.5203628540039,96.19665064206455,14.122093254297793,182.1545997331316,802.2326734647623,28.323712211939352,6
227,989415,2018-01-12 02:40:00,-1.6325100660324097,3.1572315146697982,-90.53495196748327,104.59419134707856,22.941624409907682,4.7897415807022075,6
228,989420,2018-01-12 03:30:00,-1.167831540107727,3.2084427044756803,-110.15770668574396,116.28739863110717,19.151776263804074,4.376274244583407,6
229,989559,2018-01-13 02:40:00,533.4482421875,520.1285569982842,425.38835047820027,609.0460625754271,177.4140135398137,13.319685189215761,6
230,989569,2018-01-13 04:20:00,908.521728515625,879.4075264529422,787.4577180188527,972.80085090571,847.6367617467238,29.114202062682807,6
231,989621,2018-01-13 13:00:00,710.4020385742188,712.4467214051803,616.76673683753,805.0456027772312,4.180727879228757,2.0446828309615057,6
232,989637,2018-01-13 15:40:00,895.8519287109375,867.0523329015562,772.2730106480486,961.5529788792828,829.4167187837355,28.799595809381344,6
233,989651,2018-01-13 18:00:00,1121.395263671875,1093.67805165985,990.8437424351159,1204.6337415915332,768.2438417195375,27.717212012024902,6
234,989666,2018-01-13 20:30:00,391.3927612304688,400.87140098419843,304.03064740799664,478.63546343929784,89.84461158098358,9.478639753729624,6
235,989693,2018-01-14 01:00:00,128.8201141357422,110.77264160302325,21.730074867018324,209.15991864861462,325.71126481924466,18.047472532718942,6
236,989863,2018-01-15 05:20:00,2023.438232421875,2026.2221198156312,1929.9741666023338,2119.2152831475105,7.7500290211148615,2.783887393756231,6
237,989890,2018-01-15 09:50:00,1134.3189697265625,1253.8189251684653,1166.4324892080595,1331.8246334942064,14280.23935061675,119.49995544190278,6
238,989961,2018-01-15 21:40:00,1842.6573486328125,1955.073854336678,1849.2163470150485,2046.7048226383772,12637.470754667245,112.4165057038656,6
239,989992,2018-01-16 02:50:00,1400.650390625,1503.0000387830335,1399.4912876791004,1594.8624154711763,10475.450478073242,102.34964815803346,6
240,989995,2018-01-16 03:20:00,1426.098388671875,1474.6439459561218,1386.8112844313955,1571.5700850966941,2356.6711320380873,48.5455572842468,6
241,990029,2018-01-16 09:00:00,1931.960205078125,1897.4563274778056,1807.6572737406163,1989.7889162907027,1190.5175694578197,34.503877600319356,6
242,990065,2018-01-16 15:00:00,1624.03662109375,1644.2611156521712,1561.0367856574119,1737.7564544970157,409.03018014360697,20.224494558421156,6
243,990074,2018-01-16 16:30:00,956.551025390625,862.4020172073153,772.5416189810143,982.5977818992013,8864.035741900909,94.14900818330966,6
244,1021021,2018-08-20 21:50:00,31.079891204833984,14.557457085257228,-74.02910383793804,115.22431698592172,272.9908292357542,16.522434119576758,6
245,1021054,2018-08-21 03:20:00,12.5543851852417,6.61832268892501,-100.83570348996852,118.55712721827167,35.23683796017752,5.936062496316689,6
246,1021108,2018-08-21 12:20:00,241.25852966308597,173.17679949089333,84.69361441056596,258.15304183337093,4635.121983239245,68.08173017219264,6
247,1021200,2018-08-22 03:40:00,190.1508636474609,173.53118928829994,75.230222286894,269.0647605412179,276.21357580455253,16.619674359160967,6
248,1021210,2018-08-22 05:20:00,10.127305030822754,16.5429410001638,-67.77941069242385,94.76797741781726,41.16038489110263,6.4156359693410465,6
249,1021220,2018-08-22 07:00:00,38.97041320800781,45.73603148653838,-39.49328800406488,136.54016442940568,45.77359069078692,6.765618278530567,6
250,1021290,2018-08-22 18:40:00,118.3415756225586,115.85198097502051,20.974127931633603,201.4024982495486,6.198081509050276,2.489594647538084,6
251,1021305,2018-08-22 21:10:00,115.0181655883789,125.78581105652363,18.2016100542537,209.93167477425385,115.94218892765755,10.767645468144721,6
252,1021358,2018-08-23 06:00:00,87.00603485107422,86.3019917107849,-27.63560012137513,174.52612195537336,0.4956767433884398,0.7040431402893148,6
253,1021375,2018-08-23 08:50:00,43.84809875488281,58.772987386932435,-30.79468269579512,151.84301934619265,222.75230067908404,14.924888632049623,6
254,1021437,2018-08-23 19:10:00,579.9083251953125,576.8300234504146,483.8936591035951,678.7242662679496,9.475941632641366,3.0783017448978853,6
255,1021468,2018-08-24 00:20:00,665.9208374023438,693.0940874627433,583.9759472636184,787.9297746079335,738.3855188450067,27.173250060399596,6
256,1021517,2018-08-24 08:30:00,1038.748779296875,1112.4211678483464,991.528970111298,1197.8047468208363,5427.620834878972,73.67238855147139,6
257,1021628,2018-08-25 03:00:00,930.9402465820312,981.9451535781121,898.5735004818562,1064.168225780576,2601.50053767886,51.00490699608088,6
258,1021740,2018-08-25 21:40:00,91.09497833251952,80.21791278470955,-23.221964889869184,174.40232280076137,118.31055493135445,10.877065547809963,6
259,1021788,2018-08-26 05:40:00,319.4633178710937,310.4443407764034,206.9781595122194,397.48062235395764,81.34194783454802,9.018977094690285,6
260,1021841,2018-08-26 14:30:00,1206.08349609375,1123.8209956514697,1033.512301229128,1227.924663573678,6767.118979016162,82.26250044228027,6
261,1021846,2018-08-26 15:20:00,535.886474609375,429.65532464481936,337.7336914600836,518.5380240533909,11285.05722279191,106.23114996455564,6
262,1022219,2018-08-29 05:30:00,17.70880889892578,41.13648295817033,-47.47659155461288,146.5546752297249,548.8559118262001,23.427674059244552,6
263,1022687,2018-09-01 11:30:00,169.8067626953125,230.87301674797058,128.5898562485589,327.18818820748265,3729.0873840237796,61.06625405265808,6
264,1022720,2018-09-01 17:00:00,145.75927734375,138.020708422037,49.41577700060715,226.29690070692172,59.88544895610247,7.738568921713011,6
265,1022744,2018-09-01 21:00:00,253.94546508789065,259.57940816209174,172.65716687164922,346.4611805278123,31.74131456333837,5.633943074201085,6
266,1022888,2018-09-02 21:00:00,408.9839172363281,389.67605938628856,274.29548759806886,489.78950267727197,372.79337475733456,19.307857850039568,6
267,1023027,2018-09-03 20:10:00,287.88885498046875,309.8940390584792,203.23289585928262,408.6738294096554,484.2281263071256,22.005184078010473,6
268,1023164,2018-09-04 19:00:00,171.2279815673828,172.3550528046483,86.90560332077153,284.64284303495657,1.2702895738711462,1.1270712372654828,6
269,1023261,2018-09-05 11:10:00,290.1670837402344,326.76843283939195,240.37798515835235,419.0356531250454,1339.6587558784029,36.601349099157574,6
270,1023313,2018-09-05 19:50:00,4.864929676055908,12.945495533385886,-95.30858304244364,144.80038569268896,65.29554457464695,8.080565857329978,6
271,1023369,2018-09-06 05:10:00,219.63497924804688,260.9028704247254,168.50357989133798,363.7349582592565,1703.0388421701807,41.26789117667852,6
272,1023454,2018-09-06 19:20:00,101.60405731201172,130.13312175382327,22.08764094148244,231.59485017849104,813.9075179250365,28.529064441811556,6
273,1023500,2018-09-07 03:00:00,313.28985595703125,249.17946899892502,132.94511825085078,343.7962634786987,4110.141715918117,64.11038695810623,6
274,1023699,2018-09-08 12:10:00,706.9415893554688,735.0219685119328,643.322102738731,814.1073133566849,788.5076935707782,28.080379156464005,6
275,1023803,2018-09-09 05:30:00,618.1434326171875,660.7160507403739,562.411325075098,750.2538328960322,1812.4278138626617,42.57261812318643,6
276,1023832,2018-09-09 10:20:00,1255.336669921875,1264.3719489141652,1167.9585156575179,1366.4337343645889,81.63626646851988,9.03527899229016,6
277,1024162,2018-09-11 17:20:00,107.99626159667967,102.80726689360323,16.575939135717096,185.0620706214301,26.925666028555415,5.188994703076446,6
278,1024174,2018-09-11 19:20:00,330.4306335449219,398.66281886718406,311.66022079087514,501.826952339808,4655.631113851531,68.23218532226218,6
279,1024274,2018-09-12 12:00:00,33.7319450378418,24.217591218484202,-72.04966782097759,125.55315023810041,90.52292859992446,9.514353819357595,6
280,1024323,2018-09-12 20:10:00,115.86540222167967,109.439894168478,8.141109768376438,206.07503433728704,41.28715374175949,6.425508053201668,6
281,1024326,2018-09-12 20:40:00,193.44805908203125,182.84612730843335,99.76404520834221,283.467885045683,112.40095733202466,10.601931773597897,6
282,1024391,2018-09-13 07:30:00,55.52544021606445,42.58861864753014,-49.61831204900484,132.7074021907011,167.3613522960946,12.936821568534313,6
283,1024437,2018-09-13 15:10:00,212.2908935546875,198.39396099572008,106.79832540866776,301.4539091264584,193.1247345484888,13.896932558967421,6
284,1024469,2018-09-13 20:30:00,113.33390808105467,91.76182981595908,-12.201436138741364,190.50573491699376,465.3545606754099,21.5720782650956,6
285,1024533,2018-09-14 07:10:00,289.5865478515625,251.83704766383372,149.18952729186918,337.9451736051889,1425.0247644233355,37.749500187728785,6
286,1024534,2018-09-14 07:20:00,272.6047058105469,243.3695645760319,149.89176894528572,347.35405414971956,854.6934830020375,29.23514123451497,6
287,1024544,2018-09-14 09:00:00,271.4495544433594,274.31360947570136,187.6424334516949,368.3104682650475,8.202811228283421,2.8640550323419802,6
288,1024599,2018-09-14 18:10:00,342.1646728515625,333.68074371902134,225.82366022293112,433.43630598354844,71.97705352598066,8.483929132541164,6
289,1024632,2018-09-14 23:40:00,348.1381225585937,360.4068777131439,263.9878719455314,461.81517561058536,150.52235304230226,12.268755154550206,6
290,1024667,2018-09-15 05:30:00,570.169189453125,603.0353568164772,513.2342232888351,685.080745869097,1080.1849571558803,32.86616736335225,6
291,1024711,2018-09-15 12:50:00,453.5221862792969,375.7984217854994,270.72234623644124,468.87047753683953,6040.983567087295,77.72376449379749,6
292,1024800,2018-09-16 03:40:00,627.3162841796875,685.8256167625623,592.7721856632123,785.4308788407162,3423.341999293452,58.50933258287478,6
293,1024811,2018-09-16 05:30:00,607.1926879882812,563.0305961433775,468.62190740675106,658.7575867789574,1950.2903561177172,44.162091844903784,6
294,1024959,2018-09-17 06:10:00,582.3198852539062,666.7678825481489,570.702013351768,753.0055863880548,7131.464247008417,84.44799729424267,6
295,1025145,2018-09-18 13:10:00,2010.880615234375,1994.5093897868674,1875.9516855224226,2095.0588713979096,268.0170226531217,16.37122544750764,6
296,1025215,2018-09-19 00:50:00,1456.1949462890625,1478.0716270020725,1387.3989494341806,1566.2547990315372,478.58915901898575,21.876680713010046,6
297,1025230,2018-09-19 03:20:00,705.9742431640625,776.507399206887,679.2686516248183,869.3765431349074,4974.926101361437,70.53315604282454,6
298,1025413,2018-09-20 09:50:00,-1.2686630487442017,-14.11173701831276,-114.27251437721195,80.67566435265528,164.9445489878095,12.84307396956856,6
299,1025424,2018-09-20 11:40:00,51.16748428344727,42.75709609498127,-70.97747026352165,142.90887013081218,70.73462948068843,8.410388188466001,6
300,1025537,2018-09-21 06:30:00,1906.275634765625,1810.548092362191,1713.5546922243375,1913.2851761552595,9163.762374601249,95.72754240343397,6
301,1025558,2018-09-21 10:00:00,2043.1719970703125,2035.648461467935,1931.871683095669,2130.344393747987,56.60358796024145,7.523535602377478,6
302,1025710,2018-09-22 11:20:00,124.62809753417967,146.41539147246266,46.682537288022864,233.37863051368032,474.6861771531425,21.787293938282986,6
303,1025790,2018-09-23 00:40:00,-2.191617965698242,-6.700851588985222,-110.39881025279709,87.75052085285435,20.33318786938182,4.509233623286979,6
304,1025809,2018-09-23 03:50:00,71.56205749511719,68.89763853057502,-54.00916005006573,146.06618751567254,7.099128418611941,2.6644189645421648,6
305,1025866,2018-09-23 13:20:00,1178.706787109375,1167.716761355442,1076.0625006964433,1289.1262109354357,120.78066607210991,10.990025753932969,6
306,1025934,2018-09-24 00:40:00,520.3905029296875,556.9518418038508,457.9823156449404,670.0546727447598,1336.7315002714054,36.56133887416331,6
307,1025955,2018-09-24 04:10:00,474.8827819824219,478.16723696589327,366.0831248926865,579.6469849557989,10.78764453845006,3.2844549834713916,6
308,1026008,2018-09-24 13:00:00,251.7440948486328,159.5919438569295,74.47090904299968,266.7144569517425,8492.018932397685,92.15215099170331,6
309,1026053,2018-09-24 20:30:00,143.82516479492188,162.7750194483775,64.1915071142828,259.428695655463,359.0969913870935,18.949854653455617,6
310,1026096,2018-09-25 03:40:00,-1.264394998550415,4.440115001564063,-110.7415996655332,116.8604635884065,32.54143434140608,5.704510000114478,6
311,1026146,2018-09-25 12:00:00,379.853515625,372.9614831414439,273.3322477712158,469.97356629115876,47.50011175439218,6.892032483556079,6
312,1026175,2018-09-25 16:50:00,734.651611328125,704.9350236157244,625.3145183722863,802.1495307525149,883.0755852687989,29.71658771240061,6
313,1026189,2018-09-25 19:10:00,511.1523742675781,445.8118479082517,340.0633272507243,547.2682567728544,4269.38438491383,65.34052635932642,6
314,1026225,2018-09-26 01:10:00,951.7203369140624,1050.680507128588,941.0833152175348,1149.381304857092,9793.11528888789,98.96017021452565,6
315,1026230,2018-09-26 02:00:00,660.636474609375,732.7724787632703,631.1021678531341,817.6812805094237,5203.603095290804,72.13600415389533,6
316,1026238,2018-09-26 03:20:00,1242.926513671875,1361.7081372880552,1267.634132050955,1486.2188907929974,14109.074108895908,118.78162361618024,6
317,1026414,2018-09-27 08:40:00,60.94664764404297,61.78290478973774,-61.170951973176635,168.64999343181918,0.6993260137255695,0.8362571456947734,6
318,1026532,2018-09-28 04:20:00,592.3663330078125,601.6991519586996,503.59493762178835,706.5724175043969,87.10150957003822,9.332818950887145,6
319,1026534,2018-09-28 04:40:00,546.3394165039062,560.5587469904084,480.18058025709405,679.2486418232827,202.1893594843693,14.219330486502145,6
320,1026626,2018-09-28 20:00:00,61.31905746459961,59.373901970662835,-31.53649210814396,164.547437656626,3.783629895592415,1.945155493936774,6
321,1026773,2018-09-29 20:30:00,132.28775024414062,144.9663825823662,41.142148297910005,239.7066320535218,160.74771796789952,12.678632338225583,6
322,1026803,2018-09-30 01:30:00,200.7564697265625,185.73771524280198,93.02802401311197,292.1570407815312,225.56298624347664,15.018754483760517,6
323,1027029,2018-10-01 15:10:00,202.14630126953125,171.0654794987128,79.15049091860936,271.45688731150904,966.0174819493827,31.08082177081846,6
324,1027134,2018-10-02 08:40:00,296.1224060058594,239.59629284923784,154.01705917219132,347.94837199180733,3195.201468595182,56.526113156621534,6
325,1027143,2018-10-02 10:10:00,912.7996215820312,722.4554377168823,613.5414222687773,841.5165777609967,36230.90833128962,190.34418386514892,6
326,1027145,2018-10-02 10:30:00,1305.8382568359375,1152.248821780586,1067.735914431016,1255.009609787536,23589.714560622033,153.5894350553515,6
327,1027214,2018-10-02 22:00:00,227.98768615722656,278.57683896627316,177.8215872432115,384.98610672324037,2559.262381937067,50.589152809046595,6
328,1027229,2018-10-03 00:30:00,138.06625366210938,131.21880008048132,26.197953041234356,229.18936902250465,46.887620552550935,6.847453581628059,6
329,1027235,2018-10-03 01:30:00,249.1644744873047,184.51252072203064,96.77415380210336,277.6287684154717,4179.875125667133,64.65195376527404,6
330,1027298,2018-10-03 12:00:00,109.67688751220705,125.10774293438051,42.3797292790895,225.5523205812145,238.11129906002023,15.430855422173465,6
331,1027326,2018-10-03 16:40:00,72.2378921508789,57.078062133490626,-38.307240292739124,154.02674864818295,229.82044615610675,15.15983001738828,6
332,1027372,2018-10-04 00:20:00,85.85575866699219,82.616306388124,-13.418854947478982,172.9779030556691,10.49405106706428,3.2394522788681854,6
333,1027390,2018-10-04 03:20:00,53.93556594848633,61.25324567697,-32.571403144286194,141.5261451643795,53.548436608660914,7.317679728483675,6
334,1027474,2018-10-04 17:20:00,528.2278442382812,561.4863696219226,466.72726509568525,670.538322403765,1106.1295106943135,33.25852538364131,6
335,1027506,2018-10-04 22:40:00,924.2737426757812,918.8497881146902,814.7130127315494,1017.0184397739962,29.419283080780108,5.423954561091023,6
336,1027641,2018-10-05 21:10:00,-2.8126120567321777,3.7471510316795826,-98.3983292828684,85.65198945420362,43.03049177608939,6.55976308841176,6
337,1027731,2018-10-06 12:10:00,1291.5689697265625,1335.5774296946968,1222.4533084821314,1440.4086910029791,1936.744548766877,44.008459968134275,6
338,1027844,2018-10-07 07:00:00,7.053414821624756,18.104324446892353,-70.57907790876253,125.26941701630973,122.12260354583202,11.050909625267597,6
339,1027986,2018-10-08 06:40:00,262.30963134765625,269.644633646843,177.8458437916988,353.1721974429087,53.80225872907456,7.335002299186726,6
340,1028057,2018-10-08 18:30:00,813.411376953125,765.6648045592591,673.8068387011866,866.9311957643965,2279.7351753626776,47.746572393865904,6
341,1028248,2018-10-10 16:00:00,167.83741760253906,228.25983260264883,124.53724929186306,331.9306840850387,3650.8682344454896,60.422415000109766,6
342,1028259,2018-10-10 17:50:00,191.40354919433597,171.46378823390555,55.21931997960236,279.5082683996839,397.59406715910507,19.93976096043042,6
343,1028448,2018-10-12 01:20:00,1069.7081298828125,1062.8431707583823,968.0611218385387,1145.5503402644015,47.12766378009805,6.864959124430243,6
344,1028472,2018-10-12 05:20:00,1780.6260986328125,1615.2861015862923,1521.6099858524103,1700.5241724706561,27337.31462334332,165.33999704652024,6
345,1028560,2018-10-12 20:00:00,2047.45947265625,1976.5804774969308,1848.1290286547735,2116.580076204662,5023.831954794791,70.87899515931917,6
346,1028578,2018-10-12 23:00:00,1725.01220703125,1739.1105648011817,1639.2954085320312,1829.1815195716965,198.763691808993,14.098357769931681,6
347,1028693,2018-10-13 18:10:00,2029.316650390625,2040.6734935600803,1942.9236352714943,2141.762438050337,128.9778867756026,11.35684316945526,6
348,1028724,2018-10-13 23:20:00,876.0839233398438,880.3002732325301,776.5749313014485,983.9632740637611,17.777606417556335,4.216349892686367,6
349,1028740,2018-10-14 02:00:00,418.1265258789063,367.2808647220793,261.21889219764455,457.24795031815813,2585.281258474868,50.84566115682702,6
350,1028744,2018-10-14 02:40:00,504.6955261230469,460.66508461530077,358.72120068948277,556.8155614957719,1938.679779367051,44.030441507746104,6
351,1028793,2018-10-14 10:50:00,960.6143188476562,934.2337947830684,836.6769596568582,1028.828064805902,695.9320499222962,26.380524064587803,6
352,1028830,2018-10-14 17:00:00,510.3349914550781,400.1346756029716,310.819025131952,493.561611944267,12144.109613904044,110.20031585210654,6
353,1028976,2018-10-15 17:20:00,427.5684814453125,450.5255609959517,365.68807568059344,554.354415839902,527.0275014943769,22.957079550639207,6
354,1029024,2018-10-16 01:20:00,-0.7655725479125977,-11.673131895821456,-114.76267759101474,84.96309286788886,118.97485092815391,10.907559347908858,6
355,1029081,2018-10-16 10:50:00,86.5808334350586,69.54795842380818,-11.574026256765123,176.87318750335723,290.1188311488787,17.03287501125041,6
356,1029085,2018-10-16 11:30:00,112.7212905883789,118.69420974801018,24.092660665397297,204.86756662390695,35.67576328749037,5.9729191596312745,6
357,1029283,2018-10-17 20:30:00,177.91204833984375,161.79415165879084,62.90204878198715,249.96480010972476,259.7865934210965,16.117896681052912,6
358,1029577,2018-10-19 21:30:00,126.71106719970705,138.34736741195817,49.575416471472806,243.22062267252906,135.40348262963568,11.636300212251129,6
359,1029744,2018-10-21 01:20:00,78.89949798583984,69.43492724289337,-40.70229549064273,168.2313217325462,89.57809934823844,9.464570742946478,6
360,1029788,2018-10-21 08:40:00,219.27806091308597,197.35717383724946,116.48827552214888,303.3772203506164,480.5252901915759,21.920887075836504,6
361,1029916,2018-10-22 06:00:00,520.2774047851562,588.6341715501192,476.08841956868935,672.8614758148872,4672.6475625595385,68.35676676496291,6
362,1030028,2018-10-23 00:40:00,973.7888793945312,972.8673729658498,883.4154107387417,1061.378967456734,0.8491740981012997,0.9215064286814822,6
363,1031829,2018-11-15 04:30:00,143.9175262451172,179.97428220392328,85.23040383112047,271.7849684844053,1300.0896502728988,36.05675595880609,6
364,1031908,2018-11-15 17:40:00,167.74827575683594,187.8533710104547,90.47457507738991,298.9649230578996,404.214855157084,20.10509525361877,6
365,1032002,2018-11-16 09:20:00,20.9829216003418,16.197959889419455,-69.12666505973174,111.3219867943815,22.895858574992904,4.784961710922346,6
366,1032438,2018-11-19 10:00:00,1131.3748779296875,1055.2294967964544,930.5376515042167,1153.8668414002311,5798.119067925325,76.14538113323306,6
367,1032524,2018-11-20 00:20:00,1352.99365234375,1279.3461438674162,1171.3728157463802,1363.4643603303723,5423.955504771654,73.64750847633377,6
368,1032541,2018-11-20 03:10:00,1572.52392578125,1500.8942474613582,1399.5379489581746,1603.1274395839007,5130.8108162111785,71.62967831989181,6
369,1032597,2018-11-20 12:30:00,773.1402587890625,690.5541470900498,596.685455327512,788.2458656566625,6820.465845561801,82.58611169901269,6
370,1032691,2018-11-21 04:10:00,96.33753967285156,70.42038559930631,-33.32457361872031,162.1043540690566,671.698875271883,25.917154073545248,6
371,1032729,2018-11-21 10:30:00,427.339599609375,393.1658371077279,294.729091440033,498.13072635946264,1167.8460435189818,34.173762501647104,6
372,1032817,2018-11-22 01:10:00,30.34364128112793,41.93465357671994,-53.947513476988085,128.20523360609553,134.35156603656512,11.591012295592009,6
373,1032860,2018-11-22 08:20:00,179.91659545898438,156.61735198930617,65.40429603035966,237.2188838425634,542.8547462593424,23.299243469678203,6
374,1032861,2018-11-22 08:30:00,130.6799774169922,104.08947251595646,2.8964497337858037,198.49369426019555,707.0549508920051,26.59050490103573,6
375,1032948,2018-11-22 23:00:00,-3.064957618713379,-1.2964871508444142,-88.60735426520559,84.06005771660357,3.127487795724675,1.7684704678689647,6
376,1033064,2018-11-23 18:20:00,130.81983947753906,129.14988028655551,21.403249774861223,249.95764476520745,2.788763699550425,1.6699591909835476,6
377,1033115,2018-11-24 02:50:00,505.0866394042969,464.42644325001163,363.9531702122797,552.6512674536912,1653.2515513049527,40.660196154285245,6
378,1033127,2018-11-24 04:50:00,239.59393310546875,209.48000360648902,116.14623020859477,311.7993443127637,906.8487498695215,30.11392949897973,6
379,1033132,2018-11-24 05:40:00,165.1089324951172,183.12139749712523,81.47655022102256,294.0114900105613,324.4488954485646,18.012465002008042,6
380,1033147,2018-11-24 08:10:00,658.532958984375,580.6139415587629,488.1405298093991,670.5773769123518,6071.373276572839,77.91901742561208,6
381,1033159,2018-11-24 10:10:00,515.861328125,447.4660078339566,334.4600482157909,551.2654202234152,4677.919837714412,68.39532029104339,6
382,1033310,2018-11-25 11:20:00,116.19512939453124,133.48540540999755,41.35069264718371,228.24392306548225,298.95364469100986,17.29027601546632,6
383,1033652,2018-11-27 20:20:00,291.8273620605469,243.3613600004978,148.02630023495627,335.7402561093798,2348.9533556846814,48.46600206004908,6
384,1033800,2018-11-28 21:00:00,1808.7843017578125,1817.824832079603,1728.9978243607627,1916.9902827434614,81.73118849921497,9.040530321790584,6
385,1033812,2018-11-28 23:00:00,1771.0699462890625,1786.6220954568157,1688.9311641199754,1886.5089106620967,241.869343736047,15.552149167753214,6
386,1033825,2018-11-29 01:10:00,675.7911987304688,695.5053122957346,591.5328319022188,793.6919174794358,388.64627366419893,19.714113565265848,6
387,1033862,2018-11-29 07:20:00,2017.0028076171875,1987.8128314353228,1896.4542219824762,2079.5730501747767,852.0547094978298,29.189976181864722,6
388,1033933,2018-11-29 19:10:00,1665.740234375,1642.2203571988086,1547.625794940641,1741.1756311364472,553.1846223831271,23.519877176191358,6
389,1033974,2018-11-30 02:00:00,1641.6805419921875,1598.4061639423876,1507.344414543594,1711.2976244636113,1872.671795597004,43.27437804979991,6
390,1034108,2018-12-01 00:20:00,752.4044799804688,797.7554916335616,701.0263829952554,893.0455696402896,2056.7142579589663,45.35101165309288,6
391,1034110,2018-12-01 00:40:00,544.3077392578125,528.0042782002433,438.5057488748266,625.7241363797883,265.8028424556743,16.303461057569166,6
392,1034119,2018-12-01 02:10:00,360.6237487792969,335.40971282147314,244.8465908130918,442.2946083064603,635.7476092824285,25.21403595782374,6
393,1034267,2018-12-02 02:50:00,959.39306640625,878.2221656623497,783.2622328038887,970.7413778886516,6588.715127576122,81.17090074390035,6
394,1034278,2018-12-02 04:40:00,1030.6961669921875,1079.2716961862864,995.2067251276418,1172.0167053273249,2359.582036486751,48.57552919409886,6
395,1034300,2018-12-02 08:20:00,744.4420166015625,844.1706057894678,734.8968724724984,946.7286662192092,9945.791501409982,99.7285891879053,6
396,1034377,2018-12-02 21:10:00,1470.39599609375,1663.9422463849883,1561.2159097330753,1752.7119049994071,37460.15100179865,193.54625029123827,6
397,1034455,2018-12-03 10:10:00,1641.02001953125,1647.1665427433825,1548.3197654637045,1764.897350664496,37.77974759728337,6.146523212132479,6
398,1034461,2018-12-03 11:10:00,892.876953125,898.7635919936528,804.3917495021346,990.5860609979752,34.65251716993353,5.886638868652767,6
399,1034482,2018-12-03 14:40:00,297.8739624023437,337.1757163245513,240.44940365129364,437.12709309899225,1544.627861361759,39.30175392220758,6
400,1034580,2018-12-04 07:00:00,244.89190673828125,313.00116931675274,231.5209330704901,400.36327954248776,4638.871648983177,68.10926257847149,6
401,1034653,2018-12-04 19:10:00,119.90955352783205,152.3630246619209,48.96203299882134,275.315398444959,1053.2277886511379,32.45347113408884,6
402,1034664,2018-12-04 21:00:00,191.50718688964844,190.45817544496373,82.25221800206717,295.7663872249357,1.1004250110794997,1.0490114446847087,6
403,1034698,2018-12-05 02:40:00,328.5846252441406,304.5456702860388,207.98529465974667,406.8935972615446,577.871355477649,24.03895495810184,6
404,1034818,2018-12-05 22:40:00,474.0478210449219,481.6773199450055,386.07901034711176,573.1508913368102,58.20925346637692,7.629498900083604,6
405,1034825,2018-12-05 23:50:00,344.7357482910156,420.52364849215206,314.46016047828806,529.9762635393485,5743.805816897417,75.78790020113644,6
406,1035128,2018-12-08 02:30:00,2039.6116943359373,2053.9410047073525,1951.6739344405146,2150.439899873234,205.32913572034732,14.329310371415204,6
407,1035226,2018-12-08 18:50:00,1364.540283203125,1434.0417160833413,1303.8329271286266,1528.5068438709682,4830.449172403208,69.50143288021627,6
408,1035319,2018-12-09 10:20:00,875.6288452148438,827.5010918748444,721.1268185352669,922.8013403197112,2316.280641555818,48.127753339999344,6
409,1035323,2018-12-09 11:00:00,892.5968017578125,866.6644679900638,779.0719170072721,958.7635263054326,672.4859346419181,25.932333767748673,6
410,1035621,2018-12-11 12:40:00,31.15155601501465,26.08956664121004,-80.45237439865714,123.90020640291371,25.62373642051076,5.061989373804607,6
411,1035655,2018-12-11 18:20:00,329.091552734375,295.53567373726963,205.31329811702395,391.17775169295635,1125.997015268377,33.55587899710537,6
412,1035665,2018-12-11 20:00:00,283.1072998046875,286.6763758331232,175.0671983884013,398.28010339242644,12.738303696754267,3.5690760284356884,6
413,1035759,2018-12-12 11:40:00,321.85772705078125,293.7330823597766,186.16406102642404,388.86619211510856,790.9956389952575,28.124644691004676,6
414,1036024,2018-12-14 07:50:00,686.2841796875,735.982589309071,635.8561120391238,839.209942710434,2469.9319189134653,49.698409621571045,6
415,1036171,2018-12-15 08:20:00,1969.48779296875,1896.0482988041604,1782.2593214138096,1982.0627210790965,5393.359303150794,73.43949416458963,6
416,1036209,2018-12-15 14:40:00,2003.462158203125,2012.5116219035228,1899.592530344,2111.7190094631965,81.89279326481811,9.049463700397837,6
417,1036424,2018-12-17 02:30:00,1033.217041015625,1070.9773123700375,977.4363226149915,1156.4122266756297,1425.8380927588616,37.76027135441245,6
418,1036672,2018-12-18 20:30:00,488.67193603515625,489.1104413878627,380.1725084669701,620.7701838851701,0.19228694435220187,0.43850535270644286,6
419,1036855,2018-12-20 03:00:00,656.8203735351562,702.8696396264048,602.5672367778494,793.2247144447897,2120.534907542615,46.04926609124857,6
420,1036885,2018-12-20 08:00:00,793.1536865234375,726.5712937779676,626.6459086553615,845.1371807725573,4433.215023711998,66.58239274546986,6
421,1036928,2018-12-20 15:10:00,947.4440307617188,990.8611367205342,885.5429977546764,1101.4713120667157,1885.0450898390084,43.417105958815455,6
422,1036965,2018-12-20 21:20:00,747.9094848632812,672.2336612186808,568.834329060857,780.2864738022853,5726.830284288665,75.67582364460043,6
423,1037065,2018-12-21 14:00:00,2045.611328125,2008.3705806101432,1912.7603290298132,2107.3920991137616,1386.8732754653145,37.24074751485682,6
424,1037098,2018-12-21 19:30:00,351.2593078613281,335.1946501521162,242.9737304013615,433.75219418318227,258.07322731414223,16.06465770921193,6
425,1037161,2018-12-22 06:00:00,1750.0855712890625,1643.2716567593422,1541.495712065882,1750.8626294862793,11409.212337162382,106.81391452972025,6
426,1037226,2018-12-22 16:50:00,525.587646484375,539.7131134911708,451.4306996696113,620.6241261169162,199.52881816007715,14.125467006795816,6
427,1037325,2018-12-23 09:20:00,117.1101303100586,114.44075576015021,12.464508234889236,210.70382346575875,7.125560487698583,2.669374549908383,6
428,1037375,2018-12-23 17:40:00,99.72013092041016,86.48867281974955,4.0446937490007855,180.15292253767512,175.0714834695371,13.231458100660603,6
429,1037396,2018-12-23 21:10:00,180.41331481933597,180.3634689352516,81.38768981184228,288.94423279162527,0.002484612160151705,0.049845884084362524,6
430,1037430,2018-12-24 02:50:00,100.02645111083984,89.40344620982323,-18.307058472342778,184.0440778266288,112.84823312702301,10.623004901016614,6
431,1037441,2018-12-24 04:40:00,1.542881965637207,2.338075473596777,-107.40175727536722,95.02480270464144,0.6323327151010464,0.7951935079595698,6
432,1037463,2018-12-24 08:20:00,-1.6287825107574463,2.8787132066707026,-76.42931726402794,91.29022664778033,20.317517642633106,4.507495717428149,6
433,1037529,2018-12-24 19:20:00,348.1957702636719,299.14529847331136,215.17307991812115,391.5556723300054,2405.948782856953,49.05047179036052,6
434,1037760,2018-12-26 09:50:00,198.622314453125,176.361120843604,76.7817405736467,277.49412668925856,495.56074092057867,22.261193609521,6
435,1037793,2018-12-26 15:20:00,79.47950744628906,85.02346075712093,-12.288726220607668,184.5337782378239,30.73541831268362,5.543953310831867,6
436,1037883,2018-12-27 06:20:00,-1.1850199699401855,-4.096619008137129,-97.28037856542524,89.04838046791826,8.477408959229365,2.911599038196943,6
437,1037918,2018-12-27 12:10:00,-1.713127851486206,-5.188413414196158,-95.45587182514969,96.88929533571331,12.077609742380227,3.475285562709952,6
438,1038041,2018-12-28 08:40:00,61.29181671142578,61.306688353811566,-35.81760330708532,153.2939285636249,0.00022116574725067302,0.014871642385784867,6
439,1038220,2018-12-29 14:30:00,704.391845703125,612.2805666165123,526.9566718099632,708.4846419755213,8484.48773497186,92.11127908661274,6
440,1038377,2018-12-30 16:40:00,270.0470275878906,303.9011461520389,183.3350248048737,405.9968387110428,1146.1013437554093,33.85411856414828,6
441,1038530,2018-12-31 18:10:00,197.82730102539065,206.07382468124175,120.78146950792465,294.10376235254876,68.00515240651167,8.246523655851092,6
442,1038713,2019-01-02 00:40:00,319.48846435546875,276.5558912736182,188.61365203658616,369.73739474330023,1843.205831428437,42.932573081850535,6
443,1038813,2019-01-02 17:20:00,-2.7084953784942627,-8.893224255169395,-106.84712233931111,73.27131371553057,38.25087127797924,6.184728876675132,6
444,1038865,2019-01-03 02:00:00,-3.6519479751586914,-3.503027818355157,-96.49036435869904,112.83281303908885,0.022177213102389317,0.14892015680353454,6
445,1038921,2019-01-03 11:20:00,-2.846222400665283,1.982522962028591,-116.49853399911744,134.52035133329943,23.3167817777376,4.8287453626938746,6
446,1038938,2019-01-03 14:10:00,-2.5640010833740234,-4.489127984413687,-125.22953920988355,127.37909068428824,3.70611358510658,1.9251269010396639,6
447,1039022,2019-01-04 04:10:00,91.84197235107422,115.14525176477221,27.59124352105569,205.64166921342968,543.0428314328807,23.303279413697993,6
448,1039405,2019-01-06 20:00:00,93.19324493408205,99.64675568750718,0.04332045133482443,207.57272131419577,41.64780104457385,6.453510753425135,6
449,1039436,2019-01-07 01:10:00,366.2409362792969,344.1492355225382,243.26065046159206,438.49844954543937,488.0432423261709,22.091700756758655,6
450,1039457,2019-01-07 04:40:00,453.8354187011719,413.38211493111834,313.74873028220344,524.4034422844594,1636.4697859122277,40.45330377005354,6
451,1039658,2019-01-08 14:10:00,602.2638549804688,631.3396646829561,556.1336933987952,710.7769169631622,845.4027098552599,29.07580970248739,6
452,1039828,2019-01-09 18:30:00,590.4253540039062,552.9386719178261,440.7268883534091,646.961087780589,1405.2513338228405,37.48668208608012,6
453,1039856,2019-01-09 23:10:00,418.75238037109375,487.9797509672712,399.3241427507486,580.758194447751,4792.428839660491,69.22737059617742,6
454,1039919,2019-01-10 09:40:00,329.4228210449219,239.80987775807696,142.60816483425816,339.4923979098099,8030.479604531282,89.61294328684491,6
455,1040192,2019-01-12 07:30:00,945.534912109375,992.4506507078993,886.8634192912722,1097.8804079411416,2201.0865282450613,46.915738598524285,6
456,1040227,2019-01-12 13:20:00,1093.561279296875,882.7473215267448,789.6366160424691,976.914755163184,44442.52479070623,210.81395777013017,6
457,1040250,2019-01-12 17:10:00,781.8987426757812,763.8303030321567,664.3380216374491,882.66075855158,326.468511155302,18.068439643624515,6
458,1040307,2019-01-13 02:40:00,758.7103271484375,729.4917934376188,626.1156503853795,833.9953801712895,853.7227122102515,29.218533710818747,6
459,1040632,2019-01-15 08:50:00,838.7333374023438,795.0882288228316,716.2864804418721,877.9932400997384,1904.8955029174017,43.64510857951211,6
460,1040639,2019-01-15 10:00:00,861.404296875,860.1375342678124,763.2527654421094,948.8418271055147,1.6046875029687655,1.2667626071876157,6
461,1040706,2019-01-15 21:10:00,779.9540405273438,785.3587328205724,696.1254539724748,878.9282116757204,29.21069878448531,5.404692293228663,6
462,1040711,2019-01-15 22:00:00,1016.262451171875,899.4198997640468,812.3920374902142,995.4509697490176,13652.181819490972,116.84255140782818,6
463,1040881,2019-01-17 02:20:00,209.0539703369141,222.4413805621355,127.56635596399046,332.73550017928784,179.22275253836253,13.387410225221402,6
464,1040930,2019-01-17 10:30:00,1300.5413818359375,1225.6871242950244,1103.8278957497823,1338.049946649991,5603.159872001341,74.85425754091307,6
465,1041011,2019-01-18 00:00:00,47.45518112182617,66.83244323815205,-20.596305712865195,163.7515203648966,375.47828712479816,19.37726211632588,6
466,1041042,2019-01-18 05:10:00,192.2022705078125,231.06021937585217,147.94265538285177,320.88482131112323,1509.9401902311856,38.85794886803967,6
467,1041043,2019-01-18 05:20:00,169.3153533935547,198.2543150338631,104.72492149573003,287.484962401966,837.4635008192414,28.938961640308406,6
468,1041159,2019-01-19 00:40:00,992.4972534179688,897.6961191444917,799.5928552347949,985.763195888493,8987.255059537822,94.80113427347703,6
469,1041392,2019-01-20 15:30:00,-3.366384983062744,10.398768721726531,-74.44609969509189,103.78406777529104,189.47945651647393,13.765153704789276,6
470,1041410,2019-01-20 18:30:00,55.77568435668945,43.47124339597546,-64.74106805019758,131.2087725431516,151.39926735569622,12.30444096071399,6
471,1041553,2019-01-21 19:10:00,844.60546875,840.030301785501,753.1953312140431,940.807056931659,20.932152753042775,4.575166964498976,6
472,1041881,2019-01-24 01:50:00,186.3275604248047,182.71992763943615,80.56464860374142,278.8315008767255,13.015014314065949,3.607632785368537,6
473,1041962,2019-01-24 15:20:00,32.76446533203125,33.411766369431184,-68.47586560376536,145.78509534960855,0.41899863301903123,0.6473010373999344,6
474,1042121,2019-01-25 17:50:00,573.8356323242188,492.91049042793827,408.4055972144974,569.9091167711609,6548.87859093313,80.92514189628048,6
475,1042142,2019-01-25 21:20:00,698.6157836914062,640.4065379112567,532.5491571478376,742.6659708038969,3388.3162942938593,58.20924578014956,6
476,1042217,2019-01-26 09:50:00,561.8193969726562,461.5229918967164,374.77127729789424,539.124654639205,10059.368871157012,100.29640507593984,6
477,1042266,2019-01-26 18:00:00,1571.60205078125,1706.0686348772242,1609.3200451182063,1806.0806066535104,18081.262238439704,134.4665840959742,6
478,1042297,2019-01-26 23:10:00,499.6440734863281,511.81125267061344,419.0121848530881,611.3917931979461,148.0402493025059,12.167179184285317,6
479,1042367,2019-01-27 10:50:00,1865.0919189453125,1933.0181284412881,1840.573967511447,2028.8997691558238,4613.969936491169,67.92620949597563,6
480,1042464,2019-01-28 03:00:00,1725.03125,1600.6030831583848,1499.9817758937586,1684.4271212427536,15482.36870356482,124.42816684161517,6
481,1042486,2019-01-28 06:40:00,1078.6708984375,1019.5786134809292,924.3865424171954,1122.8701673926041,3491.8981413885613,59.09228495657078,6
482,1042492,2019-01-28 07:40:00,1441.3067626953125,1522.0807624771599,1411.1632676013473,1633.9777669369328,6524.439040757876,80.77399978184735,6
483,1042679,2019-01-29 14:50:00,313.968994140625,329.0239787400203,234.79987237613292,417.8218291821895,226.65256128803,15.054984599395311,6
484,1042751,2019-01-30 02:50:00,683.5562744140625,628.9390490714563,538.114007359334,719.471041982183,2983.041304125021,54.61722534260616,6
485,1042761,2019-01-30 04:30:00,458.8895568847656,423.9795782688827,329.9267016600922,518.0890630638853,1218.7066069614048,34.90997861588295,6
486,1042771,2019-01-30 06:10:00,433.2458190917969,400.3778378464963,301.7933079428837,500.63780208158283,1080.3041911414318,32.8679812453006,6
487,1042790,2019-01-30 09:20:00,191.0573272705078,242.53357176020745,151.77272488209104,342.3554905995309,2649.8037467633326,51.47624448969964,6
488,1042803,2019-01-30 11:30:00,180.3775329589844,154.1162875944512,49.77914634140697,246.6634090187703,689.653008096217,26.26124536453321,6
489,1042860,2019-01-30 21:20:00,83.06485748291016,60.81013316047833,-46.18881173145477,161.98175459405343,495.27275466743873,22.254724322431827,6
490,1043028,2019-02-01 01:20:00,982.49560546875,1121.1199429992168,1029.1004495613588,1216.1477692754697,19216.706955760797,138.62433753046685,6
491,1043074,2019-02-01 09:00:00,745.9663696289062,833.4333356690012,723.0068655680916,930.017860349521,7650.470148259117,87.46696604009492,6
492,1043107,2019-02-01 14:30:00,1078.0931396484375,1007.7591244425103,889.192399068688,1096.601130400948,4946.873694987605,70.33401520592724,6
493,1043159,2019-02-01 23:10:00,838.5589599609375,872.325293787248,758.8554347275514,988.6351267055463,1140.1653000698427,33.76633382631053,6
494,1043275,2019-02-02 18:30:00,1392.1624755859375,1289.311673200152,1169.941240455264,1388.5673926814945,10578.287551399906,102.85080238578553,6
495,1043444,2019-02-03 22:40:00,994.5758666992188,970.7451754470692,886.1900765319749,1054.6857103783373,567.9018455552778,23.830691252149563,6
496,1043578,2019-02-04 21:00:00,116.59201049804688,166.13012039090466,66.71169801557195,257.1800249934473,2454.0243317568547,49.53810989285779,6
497,1043863,2019-02-06 20:30:00,384.293008422852,440.8291530298983,332.06569943796546,533.8806533859472,3196.335647028852,56.53614460704631,6
498,1043888,2019-02-07 00:40:00,786.208110046387,723.0364927245688,631.5001301131458,799.8318371563953,3990.6532350542398,63.17161732181819,6
499,1043977,2019-02-07 15:30:00,1786.39779324002,1795.9324246015908,1691.2300265122947,1898.644962737143,90.90919520104842,9.534631361570746,6
500,1044024,2019-02-07 23:20:00,1168.6068895128,1234.5641633778553,1147.640588268493,1316.663771629462,4350.361975709892,65.95727386505519,6
501,1044032,2019-02-08 00:40:00,1190.36404724121,1166.810925008323,1067.1396559703599,1278.393180975435,554.7495669173188,23.553122232887063,6
502,1044103,2019-02-08 12:30:00,2046.95690917969,2051.1531134996967,1960.8445669394628,2149.379518048317,17.60813069524289,4.1962043200067,6
503,1044142,2019-02-08 19:00:00,2028.70154418945,1994.7746468329299,1911.2987135139624,2073.317626910172,1151.0343642398545,33.92689735652016,6
504,1044282,2019-02-09 18:20:00,1009.16751098633,1061.0016935852982,974.0574240314756,1150.9829823270334,2686.7824857031833,51.834182598968255,6
505,1044285,2019-02-09 18:50:00,1207.91408081055,1266.4278340367316,1160.8977252208224,1375.741466604833,3423.8593166144665,58.51375322618151,6
506,1044292,2019-02-09 20:00:00,1113.1595703125,1112.1547482018827,1023.8326921260317,1198.1175077559221,1.0096674739851432,1.0048221106171695,6
507,1044309,2019-02-09 22:50:00,385.621536254883,405.11363298027186,315.91543795125637,485.81075025500627,379.94183475191574,19.492096725388876,6
508,1044455,2019-02-10 23:10:00,563.027337646485,591.9385613162348,505.20531267367267,698.5703237771734,835.8588540823011,28.911223669749802,6
509,1044517,2019-02-11 09:30:00,338.197309875488,277.8599896038184,197.71553567864117,362.22417642627977,3640.5922175660276,60.33732027166957,6
510,1044531,2019-02-11 11:50:00,473.898962402344,471.64459872935373,391.480762560956,558.0703029435798,5.082155570098227,2.25436367299028,6
511,1044582,2019-02-11 20:20:00,265.255307006836,239.17295119315224,124.30745011224587,339.57586035602964,680.2892847916031,26.082355813683762,6
512,1044861,2019-02-13 18:50:00,702.992333984375,671.7668030867634,566.0334522645969,775.1466337875503,975.0337798376988,31.225530897611634,6
513,1044877,2019-02-13 21:30:00,1575.53255004883,1556.202142539776,1456.6676643930946,1654.829277516594,373.6646544660868,19.330407509053884,6
514,1044902,2019-02-14 01:40:00,250.662077331543,248.9139854003073,156.80145189491597,345.63137401432704,3.05582540005138,1.748091931235706,6
515,1045019,2019-02-14 21:10:00,562.172048950195,501.34755527615334,395.6145802550414,579.3448953822987,3699.619030703527,60.824493674041605,6
516,1045097,2019-02-15 10:10:00,251.593167622884,272.0496707643298,173.87096013375992,371.05182689616186,418.468520775981,20.45650314144578,6
517,1045127,2019-02-15 15:10:00,1280.91962890625,1179.1858759835575,1091.1112874193225,1280.4067843791845,10349.75648373544,101.73375292269247,6
518,1045156,2019-02-15 20:00:00,1232.38943481445,1315.184085577605,1233.4258554495664,1394.2468943011527,6854.954194992803,82.794650763155,6
519,1045221,2019-02-16 06:50:00,666.890814208984,623.0786934738243,520.9753245158838,724.2788054329394,1919.5019233122139,43.81212073515974,6
520,1045227,2019-02-16 07:50:00,356.789362335205,317.80611363858986,230.2854487014602,413.79639191497745,1519.6936789421457,38.983248696615135,6
521,1045300,2019-02-16 20:00:00,856.497940063477,834.2965285388589,741.6461555869369,937.1199737980012,492.90267368544767,22.201411524618152,6
522,1045437,2019-02-17 18:50:00,680.883778381348,653.2016261127465,563.7996466468225,744.0310558311218,766.301554222039,27.6821522686015,6
523,1045615,2019-02-19 00:30:00,333.805827331543,315.4089728434807,205.44497279398254,406.5679261878493,338.44425505493916,18.39685448806233,6
524,1045916,2019-02-21 02:40:00,1594.12075966283,1430.6562517190066,1345.6447981304977,1525.0611027658997,26720.645357316334,163.4645079438235,6
525,1045958,2019-02-21 09:40:00,903.736471557618,817.8342903129269,725.8659958004265,904.0782303505448,7379.184742595753,85.90218124469106,6
526,1045973,2019-02-21 12:10:00,345.870630264282,317.849226966703,222.71154493680152,421.63288952453763,785.199042765572,28.021403297579013,6
527,1046122,2019-02-22 13:00:00,207.462440109253,143.53054223252235,35.42940648239005,238.9638437628096,4087.287566120718,63.93189787673066,6
528,1046131,2019-02-22 14:30:00,212.18048286438,185.17241159792283,88.06482075200444,267.69228019604566,729.4359135340292,27.008071266457165,6
529,1046167,2019-02-22 20:30:00,442.467947387695,401.32586485293467,305.1672985013042,506.26637375587256,1692.6709552970312,41.142082534760334,6
530,1046173,2019-02-22 21:30:00,527.013798522949,529.0385127848477,432.61900806388235,636.5791916235509,4.099467842336376,2.0247142618987937,6
531,1046297,2019-02-23 18:10:00,108.251317405701,102.96651075381786,-25.920698236923535,216.88643208376016,27.929181347788333,5.2848066518831445,6
532,1052091,2019-04-04 23:50:00,379.257545471192,365.20787831692746,258.63131343610263,471.38308505673314,197.39314714561905,14.049667154264512,6
533,1052101,2019-04-05 01:30:00,873.765768432618,883.4078195581607,788.6733295516473,991.0894499675429,92.96914990757939,9.642051125542707,6
534,1052291,2019-04-06 09:10:00,439.804647345292,418.509296257055,322.57913595703775,511.2095105065373,453.4919779712767,21.295351088237,6
535,1052393,2019-04-07 02:10:00,93.668305492401,114.20650050990982,29.700101402378742,205.96500139580147,421.81745457722377,20.538195017508812,6
536,1052475,2019-04-07 15:50:00,77.5791266918182,73.94301191760458,-8.780457457806587,189.884432114117,13.221330651254593,3.636114774213624,6
537,1052483,2019-04-07 17:10:00,153.548210144043,147.4919990708112,51.490081747123696,246.52007184343648,36.67769256353539,6.056211073231793,6
538,1052497,2019-04-07 19:30:00,68.1023972034454,91.04517585002002,-23.217440500499382,189.26127887410152,526.3710920257199,22.94277864657461,6
539,1052534,2019-04-08 01:40:00,218.871473312378,237.48560344794527,160.81613838560452,336.18408188299685,346.48584070383396,18.61413013556728,6
540,1052556,2019-04-08 05:20:00,488.45726928711,469.7263376936182,370.31032885003634,562.60034820032,350.84779836007095,18.730931593491846,6
541,1052607,2019-04-08 13:50:00,122.758688992262,113.07670442886233,25.436101485677977,216.78030346976388,93.74082508590944,9.681984563399666,6
542,1052711,2019-04-09 07:10:00,923.079734802247,806.922009610952,704.5508019926054,901.3375648835233,13492.617121616398,116.15772519129496,6
543,1058846,2019-05-21 22:40:00,235.525715637207,226.50181254962706,135.0508317975827,312.12119097405184,81.43082693403501,9.023903087579953,6
544,1059184,2019-05-24 07:00:00,160.42109635297,141.1625096839659,27.164647488703025,238.9396708427619,370.89316048754256,19.258586669004103,6
545,1059443,2019-05-26 02:10:00,897.663241577148,921.0088661944528,834.2540885176609,1016.7289453254513,545.0181887721076,23.345624617304793,6
546,1059461,2019-05-26 05:10:00,368.781607818604,367.4363004460546,274.2928518300711,474.4861836623261,1.8098519266358448,1.3453073725494278,6
547,1059577,2019-05-27 00:30:00,406.866873168945,513.9839069546961,430.37944814225904,597.1879516022053,11474.058927057735,107.11703378575106,6
548,1059672,2019-05-27 16:20:00,347.96312789917,352.19987889523975,245.84335427415158,460.4916920613595,17.950059002698094,4.236750996069759,6
549,1059692,2019-05-27 19:40:00,76.4548490643502,95.04755770015223,-7.674357588749066,190.34558926548678,345.68881441582727,18.592708635802026,6
550,1059749,2019-05-28 05:10:00,293.402422332764,277.48756102026664,180.10444205170603,370.6868408046725,253.2828105960249,15.91486131249735,6
551,1059766,2019-05-28 08:00:00,562.333706665039,524.2619143943762,433.2442165551205,608.8114876849233,1449.461366700504,38.071792270662854,6
552,1059812,2019-05-28 15:40:00,105.612777781486,118.57690269199455,21.382867732241465,217.94375521081076,168.0685346952682,12.964124910508545,6
553,1059826,2019-05-28 18:00:00,-0.756977246867286,7.931963222409428,-111.48664603295752,119.63638189226903,75.49768647863465,8.688940469276714,6
554,1060306,2019-06-01 02:00:00,275.546083831787,256.58416308715107,159.98220798115153,343.1847527368224,359.5544383258534,18.961920744635904,6
555,1060431,2019-06-01 22:50:00,662.827420043945,692.2107717220784,610.905151390035,791.127324783484,863.3813558408654,29.38335167813341,6
556,1060609,2019-06-03 04:30:00,447.065403747559,461.84529009879003,365.88679325646234,557.1905592091263,218.4450405553052,14.779886351231028,6
557,1060845,2019-06-04 19:50:00,252.679972839355,226.7597032713808,129.63620588817182,318.8688766971639,671.8603744764496,25.920269567974202,6
558,1060857,2019-06-04 21:50:00,249.630224609375,266.0182580597046,156.41807164987193,380.51459090316587,268.567640369121,16.388033450329573,6
559,1060864,2019-06-04 23:00:00,168.236526489258,172.3531943849533,84.2481451722887,268.1185914532775,16.94695456344826,4.1166678956952865,6
560,1060878,2019-06-05 01:20:00,146.753749084473,153.15484847130713,57.84827085913179,256.71888344535677,40.97407336012849,6.401099386834147,6
561,1060891,2019-06-05 03:30:00,277.92673034668,277.0338083479985,194.52033833438375,363.82042438198334,0.7973096957293925,0.8929219986815156,6
562,1060976,2019-06-05 17:40:00,53.3881024956703,66.70527733768034,-28.877826703830838,152.9413392685155,177.34714577266513,13.31717484201004,6
563,1061010,2019-06-05 23:20:00,76.058984375,78.61914825586331,-22.77505502260806,175.01834306585013,6.554439096877105,2.560163880863314,6
564,1061125,2019-06-06 18:30:00,164.011393165588,180.48418606875788,74.00700965938739,262.25917061539593,271.3529060307238,16.472792903169875,6
565,1061162,2019-06-07 00:40:00,25.8668386459351,19.683091027295458,-70.12254756583783,105.51350449556318,38.238734611031454,6.183747618639643,6
566,1061280,2019-06-07 20:20:00,4.06560932844877,18.168153914324417,-105.43363770554753,110.60256532177756,198.88176379661056,14.102544585875648,6
567,1061444,2019-06-08 23:40:00,311.188266754151,487.54279500405374,387.471710341041,578.5389195293681,31100.91963424574,176.35452824990273,6
568,1061458,2019-06-09 02:00:00,244.618214416504,320.13721190794604,222.18296767507297,408.7552649103401,5703.118982112429,75.51899749144204,6
569,1061686,2019-06-10 16:00:00,1344.46720275879,1362.0037008762438,1259.3451431804092,1451.376309754856,307.5287662234563,17.536498117453675,6
570,1061766,2019-06-11 05:20:00,2038.69353637696,2019.3424373922132,1907.070823160532,2119.3405880100577,374.46503191747024,19.35109898474684,6
571,1061790,2019-06-11 09:20:00,1994.94434814453,1968.488467947642,1883.633674438139,2061.101101130576,699.9135969920945,26.455880196888074,6
572,1061818,2019-06-11 14:00:00,1575.77852172852,1637.1890948526097,1542.1014688419557,1745.668728367366,3771.2584914291747,61.41057312408975,6
573,1061878,2019-06-12 00:00:00,728.149003601074,762.5170651900157,664.0429489664742,847.0946267122168,1181.163657381291,34.368061588941714,6
574,1062020,2019-06-12 23:40:00,279.578562164307,316.98606468598257,218.9263073965912,417.8134246250432,1399.321244909163,37.40750252167555,6
575,1062107,2019-06-13 14:10:00,626.932333374024,737.7416987392111,648.6290117532342,839.2841015379015,12278.715452635524,110.80936536518709,6
576,1062176,2019-06-14 01:40:00,206.577283477783,228.50297681274844,138.6943881614388,328.39345965814874,480.7360282189481,21.925693334965445,6
577,1062232,2019-06-14 11:00:00,262.481067881865,256.0799951279999,172.93359132721292,341.2107532570393,40.97373240027406,6.401072753865094,6
578,1062287,2019-06-14 20:10:00,442.529847717285,436.3804803498101,339.88752002517293,545.7604984651306,37.814719020165114,6.149367367474895,6
579,1062292,2019-06-14 21:00:00,456.523861694336,480.09382552448517,389.94747205725594,583.503668572722,555.5431949545398,23.569963830149163,6
580,1062480,2019-06-16 04:20:00,237.877598953247,189.30329374134078,105.36402682790448,277.7894447198676,2359.46312681942,48.57430521190622,6
581,1062484,2019-06-16 05:00:00,451.301614379883,416.3484757283221,332.98823768134287,517.2537075030219,1221.7219015952398,34.95313865156089,6
582,1062488,2019-06-16 05:40:00,531.370617675781,483.68931899072,387.2665484707532,596.6954492168496,2273.5062442939993,47.681298685060995,6
583,1062546,2019-06-16 15:20:00,1424.07519683838,1249.8731116752201,1155.0263902607296,1346.191674414976,30346.366475192794,174.20208516315984,6
584,1062559,2019-06-16 17:30:00,1474.79448852539,1550.0051316266063,1452.7630549163612,1655.305133578188,5656.6408356985185,75.21064310121619,6
585,1062687,2019-06-17 14:50:00,864.683953857422,842.240006710006,734.5648448497475,942.7267150496857,503.73076355600267,22.443947147415997,6
586,1062688,2019-06-17 15:00:00,641.904365539551,745.6149415685932,649.2337902925685,860.4991471146491,10755.883580275735,103.71057602904216,6
587,1062912,2019-06-19 04:20:00,-1.88485554456711,-0.5654465334324539,-97.42007166956556,118.24980924751826,1.7408401386633312,1.3194090111346561,6
588,1063014,2019-06-19 21:20:00,112.623414692126,118.83223532963852,20.788317705726946,223.7653482637839,38.54945370880134,6.208820637512517,6
589,1063061,2019-06-20 05:10:00,648.903779602051,645.4002538672302,551.735996618796,742.8597631547061,12.274692574552109,3.503525734820869,6
590,1063107,2019-06-20 12:50:00,1244.5512878418,1207.5373586373787,1112.1999126691915,1290.9890332612072,1370.0309551499195,37.0139292044214,6
591,1063154,2019-06-20 20:40:00,250.358975219727,278.1025907390092,184.28498874140215,370.14804451626696,769.7082020817562,27.7436155192822,6
592,1063307,2019-06-21 22:10:00,-0.97630503475666,-10.979837556887029,-118.816272304642,85.39585999763919,100.07066292131998,10.003532522130369,6
593,1063400,2019-06-22 13:40:00,123.109219019115,101.19780114725387,-3.380249433159727,190.1666208696871,480.1102331553154,21.911417871861133,6
594,1063473,2019-06-23 01:50:00,281.910089111328,265.5313253882165,171.53850828713843,367.89680483042525,268.263901097513,16.37876372311149,6
595,1063493,2019-06-23 05:10:00,69.6693455696106,56.83007160910279,-37.194966648047604,150.51491663531502,164.84695583297392,12.83927396050781,6
596,1063735,2019-06-24 21:30:00,-2.06677901744843,10.423563491717557,-78.51643808862927,109.43599703806672,156.0086559962789,12.490342509165988,6
597,1063758,2019-06-25 01:20:00,-1.74294455647469,-1.2279910480478426,-100.66958022393149,78.46331668518707,0.2651771158411191,0.5149535084268473,6
598,1063809,2019-06-25 09:50:00,261.846028900147,235.05188213936117,155.2177884809179,329.1567496810609,717.9263006385308,26.79414676078585,6
599,1063947,2019-06-26 08:50:00,822.071687316895,753.3692718353337,655.9754815690907,854.2523020893891,4720.021893001071,68.70241548156127,6
600,1063971,2019-06-26 12:50:00,638.787434387207,596.9479460764039,508.5330691837533,694.424443567573,1750.542782109826,41.83948831080306,6
601,1064117,2019-06-27 13:10:00,318.199436569214,373.9610477671601,270.1386721740088,490.30539333607135,3109.3572833909056,55.76161119794608,6
602,1064136,2019-06-27 16:20:00,447.706173706055,476.2384594884102,375.8093361282328,579.5212160317348,814.091331965988,28.53228578235519,6
603,1064160,2019-06-27 20:20:00,142.974164581299,183.4374724291228,83.96590763797607,285.7432279668866,1637.2792819877602,40.46330784782381,6
604,1064203,2019-06-28 03:30:00,771.460707092285,848.9376268429402,744.6236301698792,961.2150821600449,6002.673094049459,77.47691975065516,6
605,1064207,2019-06-28 04:10:00,419.155171966553,431.559590468289,344.1063089607965,526.0749220359611,153.86959836621082,12.404418501736018,6
606,1064223,2019-06-28 06:50:00,491.717827606201,437.6065791630321,354.62652780199255,532.6850325203909,2928.0272080783493,54.111248443168904,6
607,1064228,2019-06-28 07:40:00,330.223573472765,355.09521554432433,253.68827662565948,451.4491055517391,618.5985793357604,24.871642071559336,6
608,1064262,2019-06-28 13:20:00,587.371892547608,543.8087999870847,445.667430596697,639.5559523571177,1897.7430334367182,43.56309256052327,6
609,1064270,2019-06-28 14:40:00,454.711954498291,524.0210472603167,410.5228908763404,615.3647690198912,4803.750339495079,69.30909276202567,6
610,1064271,2019-06-28 14:50:00,579.041865539551,538.9610448019089,443.67332935913413,639.2709942118263,1606.4721910030066,40.08082073764217,6
611,1064288,2019-06-28 17:40:00,433.49664949116,391.7805937855062,283.9236414423907,497.3853994850053,1740.2293036372098,41.71605570565379,6
612,1064297,2019-06-28 19:10:00,287.625267791748,272.7149172018096,162.41644354579296,370.17988425467144,222.31855471487606,14.910350589938389,6
613,1064429,2019-06-29 17:10:00,352.062257385254,351.4943190086369,254.72514029789264,454.35726437752703,0.32255399963442655,0.5679383766170645,6
614,1064641,2019-07-01 04:30:00,545.555142211914,563.3657830153852,477.23117293267893,661.4182379164109,317.2189258302728,17.810640803471188,6
615,1064705,2019-07-01 15:10:00,784.258065795899,759.7209866473081,673.5522432741665,843.7366487458575,602.0682531442153,24.53707914859092,6
616,1064710,2019-07-01 16:00:00,583.184164428711,624.4768411638814,523.4442569913894,718.3798299734748,1705.085151955283,41.2926767351704,6
617,1064772,2019-07-02 02:20:00,436.954907226563,467.41426483162786,377.09664804060264,578.5744214517962,927.7724657132212,30.459357605064838,6
618,1064886,2019-07-02 21:20:00,389.718026733399,437.7903019232265,334.0629718834573,540.127607730148,2310.9436419265053,48.07227518982751,6
619,1065048,2019-07-04 00:20:00,334.280078125,291.4267258792393,196.28331902702715,403.0803562199459,1836.4097986992415,42.853352245760675,6
620,1065062,2019-07-04 02:40:00,72.9911449432373,82.84345975502244,-7.67845695956064,171.92203274106342,97.06810715052076,9.852314811785135,6
621,1065077,2019-07-04 05:10:00,146.827893829346,168.191309697354,75.68073833468135,257.98472619614046,456.3955375494556,21.36341586800799,6
622,1065144,2019-07-04 16:20:00,38.7017608642578,84.57660743267887,-15.121825280863202,189.1051011402906,2104.5015476761746,45.87484656842107,6
623,1065185,2019-07-04 23:10:00,76.8791632932775,86.37644220599027,-5.8439649068970505,188.91326682075646,90.1983067458587,9.497278912712773,6
624,1065214,2019-07-05 04:00:00,85.5745756149292,61.40088326360253,-37.6892782219661,156.78587932924432,584.3674018965896,24.17369235132667,6
625,1065593,2019-07-07 19:10:00,11.0042909145355,21.668774640494824,-65.32228184665003,121.33984520778966,113.73121314125126,10.664483725959323,6
626,1065617,2019-07-07 23:10:00,242.924237823486,255.20704005758074,158.94241642779468,353.77583759994207,150.86723072188252,12.282802234094731,6
627,1065641,2019-07-08 03:10:00,12.6566925704479,14.255885050116051,-84.53086452258123,120.78136569339169,2.5574165870271695,1.599192479668151,6
628,1065732,2019-07-08 18:20:00,247.631509078176,221.72732163619958,121.31499625480193,313.5701520142961,671.0269270290495,25.904187441976433,6
629,1065741,2019-07-08 19:50:00,223.971553421021,228.66411407399224,134.5152135846483,331.6816529064706,22.02012548181372,4.692560652971224,6
630,1065881,2019-07-09 19:10:00,-1.28360103070736,-0.8751762687249178,-99.81490419040797,99.28424465361049,0.16681078620041453,0.40842476198244215,6
631,1065978,2019-07-10 11:20:00,207.062169727526,192.46467647483774,97.69029284294402,280.67806588073057,213.08680926227905,14.597493252688253,6
632,1066141,2019-07-11 14:30:00,266.623303222656,296.02297734551365,203.96526131808648,392.2633878960498,864.3408385302272,29.399674122857675,6
633,1066200,2019-07-12 00:20:00,47.3944780111313,44.217733664819626,-47.781365024266634,137.71752549291972,10.091704641823172,3.176744346311672,6
634,1066208,2019-07-12 01:40:00,331.137112087674,380.0877311421642,297.626517560024,474.60619079165457,2396.1631058178223,48.95061905449023,6
635,1066254,2019-07-12 09:20:00,277.786932373047,282.1928451818202,178.0962536340124,368.55095335304765,19.412067678511452,4.4059128087731665,6
636,1066259,2019-07-12 10:10:00,692.155197143555,839.0106471554877,739.0250936255794,937.4179638242688,21566.523198207266,146.8554500119327,6
637,1066619,2019-07-14 22:10:00,203.684503173828,231.37665732204016,117.33584653145768,331.72697802442707,766.8554013683436,27.692154148212154,6
638,1066682,2019-07-15 08:40:00,-1.27773254215717,-1.1134838765441335,-97.23385969968331,83.62103274181767,0.02697762415566305,0.16424866561303642,6
639,1067067,2019-07-18 00:50:00,417.974440002442,462.38244230251655,330.6421083908149,551.7570989177756,1972.070668283426,44.40800230007454,6
640,1067092,2019-07-18 05:00:00,280.336653137207,207.61243172029097,111.95114888534182,310.4482447715677,5288.81238069663,72.72422141691604,6
641,1067334,2019-07-19 21:20:00,116.376530838013,125.88857164952346,39.445018488948016,213.38974882230357,90.47892039984056,9.51204081151046,6
642,1067372,2019-07-20 03:40:00,568.611369739879,563.7105044505012,477.8527108415258,651.2603194895073,24.01848058462875,4.900865289377862,6
643,1067378,2019-07-20 04:40:00,484.166746520996,537.1057880281173,443.7890535198428,625.5088460877847,2802.5421156927137,52.93904150712132,6
644,1067379,2019-07-20 04:50:00,430.926554870606,408.49268393880743,332.82953933445344,500.534070512249,503.27856498459795,22.433870931798594,6
645,1067428,2019-07-20 13:00:00,817.586294555664,787.07814292159,685.5146525605943,876.3402797808133,930.7473161276528,30.50815163407401,6
646,1067437,2019-07-20 14:30:00,1170.17297210693,1208.5630114151486,1107.3011710720966,1312.1239364723526,1473.7951180865653,38.39003930821855,6
647,1067661,2019-07-22 03:50:00,985.689880371094,999.1907667192679,911.4410443411747,1090.2986232005169,182.27393218630934,13.500886348173935,6
648,1067670,2019-07-22 05:20:00,542.34432220459,510.5133470561511,422.8611985500436,597.9635073753988,1013.2109789005336,31.83097514843888,6
649,1067736,2019-07-22 16:20:00,317.469000752767,364.64320274571475,266.4094085861669,452.8985868891279,2225.405333671436,47.17420199294776,6
650,1067774,2019-07-22 22:40:00,287.248627471924,342.4659764817652,232.21577239605605,446.9918483093502,3048.955631674611,55.2173490098412,6
651,1067883,2019-07-23 16:50:00,478.849573516846,421.71631668673524,322.37681645784386,524.142089708792,3264.2090360154,57.13325683011078,6
652,1068032,2019-07-24 17:50:00,80.1289154855828,76.30074276037365,-25.78800734151372,172.53742166161993,14.654906414035196,3.828172725209143,6
653,1068101,2019-07-25 05:30:00,206.887760925293,194.8317973991573,92.65938438628054,312.41390579557475,145.34625654351464,12.055963526135713,6
654,1068194,2019-07-25 21:00:00,337.815802001953,402.3330447123439,298.38839053343514,493.0242084397399,4162.47460695149,64.51724271039092,6
655,1068322,2019-07-26 18:20:00,-1.78935905694961,8.050895774020084,-96.86248569088919,109.34467625359814,96.83061513842242,9.840254830969695,6
656,1068325,2019-07-26 18:50:00,-1.77922255992889,5.152613602171118,-102.44839811764318,99.69262168322611,48.05035257819736,6.931836162100008,6
657,1068328,2019-07-26 19:20:00,-1.83580162023243,-5.255065680841018,-97.55378888599644,91.75023293418828,11.691366716169533,3.4192640606085885,6
658,1068392,2019-07-27 06:00:00,59.0857834011317,35.793262931639084,-71.61250155012176,143.02652475202692,542.5415098217325,23.292520469492615,6
659,1068431,2019-07-27 12:30:00,444.440408325195,397.4969636573825,314.3706660379309,505.80203336322404,2203.686997279975,46.943444667812514,6
660,1068487,2019-07-27 21:50:00,563.007579040528,605.5528351610977,502.85442442438324,706.1074803471621,1810.09881836488,42.545256120569775,6
661,1068517,2019-07-28 02:50:00,439.113592529297,509.252956247742,415.6938394670022,612.3836710620309,4919.530342828319,70.139363718445,6
662,1068584,2019-07-28 14:00:00,907.253544616699,882.2376992222235,781.7416682124363,968.1968009880532,625.7925208003006,25.01584539447549,6
663,1068610,2019-07-28 18:20:00,566.907153320313,621.7150094454803,525.9274704996349,725.7232628844449,3003.9010930370378,54.80785612516729,6
664,1068857,2019-07-30 11:30:00,720.42663269043,907.1311565041616,811.7380512867453,1007.0875677476546,34858.579212512275,186.7045238137316,6
665,1068898,2019-07-30 18:20:00,890.368801879883,886.0083645383959,785.2483447860296,982.6906565092047,19.013413809035207,4.360437341487113,6
666,1068963,2019-07-31 05:10:00,832.58444519043,768.8192126928587,668.3761675825446,859.3860140177173,4066.0048754693125,63.76523249757122,6
667,1068970,2019-07-31 06:20:00,1094.7553527832,1191.847907795626,1102.6362195650606,1298.3936455336166,9426.964238840997,97.09255501242615,6
668,1068971,2019-07-31 06:30:00,1396.6568725586,1363.5414961441427,1254.1666211714034,1457.545453309118,1096.6281550712006,33.11537641445739,6
669,1068977,2019-07-31 07:30:00,1724.43001098633,1692.162467188146,1582.06051469936,1787.5561378143016,1041.1943827677278,32.26754379818408,6
670,1069167,2019-08-01 15:10:00,170.66197013855,143.3168069842173,42.85248183557679,241.70531465431185,747.7579479370752,27.34516315433271,6
671,1069196,2019-08-01 20:00:00,60.2828993797302,44.31503669069998,-36.299930895393445,133.6615766512814,254.9726388557234,15.96786268903022,6
672,1069261,2019-08-02 06:50:00,181.465593655904,159.4581682617954,50.921994122535565,252.92951502889562,484.3267724772558,22.007425394108594,6
673,1069272,2019-08-02 08:40:00,35.8518784195185,61.7049113096354,-25.536759559693422,148.35165468866336,668.3793096174662,25.8530328901169,6
674,1069319,2019-08-02 16:30:00,70.7023114204406,49.93163004612975,-37.24322494841623,154.29131913672637,431.4212047531435,20.770681374310847,6
675,1069536,2019-08-04 04:40:00,328.929299926758,366.4244113619701,264.9237771251197,464.05744833039057,1405.8833815389728,37.495111435212095,6
676,1069582,2019-08-04 12:20:00,662.626277160645,630.1578506867794,525.7421725576319,732.1542174413354,1054.1987176888188,32.468426473865634,6
677,1069653,2019-08-05 00:10:00,297.677585601807,334.9948209971684,243.60063431365296,434.0160274462231,1392.5760575528154,37.31723539536142,6
678,1069657,2019-08-05 00:50:00,289.14953918457,270.6994225734321,177.39786048135667,348.7469693766822,340.4068029645867,18.4501166111379,6
679,1069699,2019-08-05 07:50:00,429.584673309326,388.1585494136341,295.47364459069746,479.7468974226728,1716.1237410212143,41.42612389569189,6
680,1069913,2019-08-06 19:30:00,1149.11866760254,1028.0862355481643,923.2028589720458,1116.9797196858508,14648.849608997072,121.0324320543757,6
681,1069968,2019-08-07 04:40:00,731.813314819336,725.9648442228555,635.8881442239576,843.7866138738609,34.20460831789726,5.848470596480524,6
682,1069980,2019-08-07 06:40:00,217.568603897095,180.05296567583488,84.17811220154938,280.9869953774154,1407.4231111484721,37.515638221260105,6
683,1070284,2019-08-09 09:20:00,1416.8431640625,1442.008703399846,1334.6736023691833,1532.8257617107108,633.3043701395085,25.16553933734599,6
684,1070387,2019-08-10 02:30:00,1745.16206054688,1636.6329022431898,1537.460660458446,1747.978471737238,11778.578202107428,108.52915830369011,6
685,1070411,2019-08-10 06:30:00,2008.80125732422,1999.569702820098,1898.0108545268708,2093.824126196271,85.22159856257443,9.23155450412196,6
686,1070459,2019-08-10 14:30:00,2001.98428955078,2058.8401877056885,1955.0645118143195,2186.7048038996463,3232.593155001336,56.85589815490857,6
687,1070530,2019-08-11 02:20:00,1158.87115783691,1208.6055000380081,1121.1321663017754,1303.6837294580864,2473.504794175929,49.734342201098116,6
688,1070543,2019-08-11 04:30:00,1223.18647460938,1125.0898514755359,1037.9064839216271,1235.1863189120647,9622.947470263438,98.0966231338441,6
689,1070630,2019-08-11 19:00:00,6.02948951125145,12.493739891179471,-86.77696308682005,104.17832250640562,41.78653297439957,6.464250379928021,6
690,1070856,2019-08-13 08:40:00,149.345122623444,170.53374223603575,71.11289558783575,272.6998509713057,448.9576010871072,21.188619612591737,6
691,1070861,2019-08-13 09:30:00,301.048965835571,240.655513944974,146.9117877118923,326.18654675310864,3647.3690312618533,60.39345189059699,6
692,1070889,2019-08-13 14:10:00,390.048215484619,349.5684923750752,252.78588039077664,432.13869506551504,1638.607983025333,40.479723109543784,6
693,1070988,2019-08-14 06:40:00,149.085276031494,124.42952389305094,36.91502249710841,221.6701760869762,607.9061135123396,24.655752138443063,6
694,1071008,2019-08-14 10:00:00,774.263876342774,741.2184207167021,646.0967734493249,837.372095726481,1092.002137534686,33.045455626071885,6
695,1071062,2019-08-14 19:00:00,555.090444946289,503.75733477732416,428.9961818781576,589.8228892619101,2635.0881996190856,51.33311016896488,6
696,1071095,2019-08-15 00:30:00,931.138201904297,963.3481257388032,855.4188001437522,1067.808700958261,1037.4791934246896,32.209923834506185,6
697,1071179,2019-08-15 14:30:00,730.864612780119,589.6863382198708,499.0588122062424,688.943533649184,19931.305207808844,141.17827456024827,6
698,1071219,2019-08-15 21:10:00,78.7293169021607,109.11594608566114,9.147524592644505,199.73994023619989,923.3472331355601,30.386629183500432,6
699,1071241,2019-08-16 00:50:00,247.594856710995,235.8503393211077,114.05437311568214,347.2966937931764,137.93368872136534,11.744517389887307,6
700,1071271,2019-08-16 05:50:00,330.33303527832,333.0746036627426,232.10425789280606,433.17667415081746,7.516197206465737,2.741568384422635,6
701,1071342,2019-08-16 17:40:00,1681.78947143555,1719.3271051673912,1623.271931708177,1805.8014865500982,1409.073946185862,37.5376337318412,6
702,1071404,2019-08-17 04:00:00,545.532200622559,527.5874231910601,431.71662323755345,612.7010935028363,322.015037066032,17.944777431498892,6
703,1071414,2019-08-17 05:40:00,472.915078735352,461.3578821247951,359.39284677947654,550.8808465393702,133.5687934950679,11.5571966105569,6
704,1071513,2019-08-17 22:10:00,219.244410705567,185.27990303925924,94.36844467409676,282.972783654403,1153.587781014678,33.96450766630775,6
705,1071658,2019-08-18 22:20:00,619.428784538718,622.0874969110561,518.4928658095829,717.8123929216291,7.068751478823543,2.658712372338073,6
706,1071692,2019-08-19 04:00:00,779.387417602539,819.6681589199623,729.8589892904606,908.6521303887293,1622.5381210811674,40.280741317423235,6
707,1071990,2019-08-21 05:40:00,182.039031600952,214.77703589812566,120.93980109164517,302.86309160864425,1071.776925361761,32.73800429717366,6
708,1072086,2019-08-21 21:40:00,385.205360412598,424.06264465882595,335.7163545476326,511.9991680694389,1509.8885389921547,38.85728424622795,6
709,1072116,2019-08-22 02:40:00,292.897622680664,311.76967950571066,220.2924585423544,400.53781461485556,356.154528807789,18.872056825046627,6
710,1072251,2019-08-23 01:10:00,123.545635414124,113.84082066369564,14.08841551048214,227.52392924363846,94.18342934013205,9.704814750428369,6
711,1072352,2019-08-23 18:00:00,49.736104061729,42.89405533262931,-43.91851357004723,132.42728881788895,46.81363081137474,6.8420487290996945,6
712,1072562,2019-08-25 05:00:00,10.9466215565801,23.28248887512289,-73.89998613260127,107.45252669152225,152.1736225006921,12.33586731854279,6
713,1072575,2019-08-25 07:10:00,24.1019616262987,10.184301484237352,-91.37281250116166,96.06610718709113,193.70126382992308,13.917660142061347,6
714,1072645,2019-08-25 18:50:00,30.5697631835938,55.65583419033164,-39.856270093701944,157.37110833794665,629.3109585550928,25.08607100673784,6
715,1072680,2019-08-26 00:40:00,154.009782409668,135.07282046038685,35.40902632034616,235.86253904689798,358.6085278685218,18.93696194928114,6
716,1072683,2019-08-26 01:10:00,129.730868530273,171.5420382231519,72.37354131931922,285.0346124367897,1748.1739110867156,41.811169692878906,6
717,1072988,2019-08-28 04:00:00,150.080369901657,175.6968394733658,80.87409683853183,273.60107981181875,656.2035133182824,25.61646957170879,6
718,1073041,2019-08-28 12:50:00,409.285344696045,409.87278959925,306.3508241957178,507.9326161439409,0.3450915143015112,0.5874449032049824,6
719,1073308,2019-08-30 09:20:00,1486.13367919922,1474.7422154086164,1377.148129317511,1572.333375383565,129.76544729263443,11.391463790603666,6
720,1073358,2019-08-30 17:40:00,485.267462921143,449.5729053566799,345.5135467392835,558.8656903610944,1274.1014397227727,35.69455756446314,6
721,1073560,2019-09-01 03:20:00,290.009131622314,301.2183358346081,194.79270800126125,403.887083526193,125.64625907291267,11.20920421229414,6
722,1073580,2019-09-01 06:40:00,170.273634057296,106.6548239397759,-5.440049402495559,197.7098992633164,4047.3530007690774,63.6188101175201,6
723,1073581,2019-09-01 06:50:00,131.827032661438,121.36341933565163,6.458677747308829,214.85653810996217,109.48720383157438,10.463613325786383,6
724,1073605,2019-09-01 10:50:00,258.984083175659,223.60179210440833,136.52217903784756,313.6121171798965,1251.9065214507054,35.38229107125068,6
725,1073663,2019-09-01 20:30:00,54.5406835455643,27.611736744955955,-71.51830934335906,125.44098192754664,725.1681757899944,26.928946800608344,6
726,1073872,2019-09-03 07:20:00,198.250448608399,209.68023483985073,121.82276753763874,313.7294367083505,130.64001329668318,11.429786231451715,6
727,1073891,2019-09-03 10:30:00,285.811281204224,219.33229434363113,114.41789416943308,310.80732080507664,4419.455694010876,66.47898686059284,6
728,1073904,2019-09-03 12:40:00,454.957958984375,448.0925600941451,353.5564170185047,543.7307095652473,47.1337019219703,6.865398890229926,6
729,1073910,2019-09-03 13:40:00,611.927644428454,547.2749603076486,463.62537421735016,627.0621577342267,4179.969564024637,64.65268412080536,6
730,1073922,2019-09-03 15:40:00,464.024292839898,484.2400635313792,384.2765197647849,579.5638693181884,408.677384650549,20.21577069148117,6
731,1074071,2019-09-04 16:30:00,1987.934765625,1983.115872184629,1886.34535446689,2091.4467216069424,23.221733989649277,4.818893440370857,6
732,1074182,2019-09-05 11:00:00,441.404067993164,468.14811700172453,370.0212097464249,563.5662651558844,715.2441573722871,26.744049008560523,6
733,1074274,2019-09-06 02:20:00,685.897416687012,658.6477850550089,561.1689998548842,755.1315610183406,742.5424240798648,27.249631632003116,6
734,1074369,2019-09-06 18:10:00,444.39347076416,453.74732356866383,357.28195483598944,539.3190780149059,87.49456228832445,9.353852804503845,6
735,1074374,2019-09-06 19:00:00,330.710236358643,327.97026379269295,242.59765270755702,430.34867666047444,7.507449662158849,2.7399725659500405,6
736,1074384,2019-09-06 20:40:00,329.250520324707,330.88054795421357,249.4071253265893,420.7385150055525,2.6569900729548124,1.6300276295065714,6
737,1074469,2019-09-07 10:50:00,265.047411600749,271.92726671992824,177.23327190772875,356.54436484754876,47.33240646089679,6.87985511917924,6
738,1074521,2019-09-07 19:30:00,318.243167114258,308.0120318699324,208.05437807419875,393.09718654077693,104.67612838768088,10.231135244325571,6
739,1074552,2019-09-08 00:40:00,196.194718170166,222.90129583457704,123.54873188765175,327.37138778445586,713.2412905452188,26.706577664411043,6
740,1074572,2019-09-08 04:00:00,119.426709747315,102.7134146505481,9.29438428956535,187.4882781298485,279.33423299161245,16.7132950967669,6
741,1074580,2019-09-08 05:20:00,100.563079452515,91.20265826442304,-5.03103310955976,176.86254060456224,87.61748481848095,9.360421188091962,6
742,1074593,2019-09-08 07:30:00,9.04906148659556,8.31833642239834,-81.24272884036722,118.06727673256027,0.5339591194460307,0.7307250641972196,6
743,1074628,2019-09-08 13:20:00,-1.66452004313469,-0.9741574575103228,-96.09505397869845,85.441538900535,0.4766004996299618,0.6903625856243673,6
744,1074786,2019-09-09 15:40:00,32.4208865880966,22.877041388169808,-72.51112027096475,128.0937233091723,91.08498120016569,9.543845199926793,6
745,1075018,2019-09-11 06:20:00,1100.82747192383,1303.2947295673223,1211.505305923637,1404.0746188359458,40992.990417676294,202.4672576434923,6
746,1075050,2019-09-11 11:40:00,1242.11199592142,1221.929215006169,1120.6665772818258,1327.9126197615262,407.34464547301945,20.182780915250987,6
747,1075074,2019-09-11 15:40:00,709.850904846192,745.2037112463896,650.1481359069851,849.5408886105874,1249.820920369857,35.352806400197665,6
748,1075097,2019-09-11 19:30:00,410.903588867188,441.9858727499918,355.26017666175915,534.5389987873469,966.1083713712071,31.082283882803836,6
749,1075131,2019-09-12 01:10:00,99.9981214523316,112.29318259187288,29.336283933848293,215.9092410825185,151.16852842505799,12.295061139541275,6
750,1075548,2019-09-14 22:40:00,643.302775573731,710.5472682125836,621.657422564332,807.0221845578216,4521.821790256708,67.24449263885265,6
751,1075567,2019-09-15 01:50:00,1102.489453125,1180.0791505562722,1085.8891714737722,1271.6931663790338,6020.161147476379,77.58969743127227,6
752,1075582,2019-09-15 04:20:00,600.53178914388,668.2353682994249,563.252942449546,777.8060135695185,4583.774630471126,67.70357915554484,6
753,1075646,2019-09-15 15:00:00,240.184029340744,228.94824642501035,127.63163282595956,312.8732341247409,126.24281772949186,11.235782915733637,6
754,1075861,2019-09-17 02:50:00,611.785325622559,661.4058302523888,568.7944264158149,758.5249225244227,2462.1944797189644,49.62050462982984,6
755,1075883,2019-09-17 06:30:00,462.896430969238,447.0967174369186,361.67721371878434,569.2616107216542,249.6309477033568,15.799713532319402,6
756,1076052,2019-09-18 10:40:00,-1.44791902601719,10.32770562581144,-98.54814235584097,117.75822856567008,138.66533594075412,11.775624651828629,6
757,1076113,2019-09-18 20:50:00,-1.72123952288377,3.177390978999853,-97.19229969630179,89.73915559106625,23.9965807939846,4.898630501883623,6
758,1076148,2019-09-19 02:40:00,-1.28946953415871,-11.009345474463695,-124.98812988979694,91.90184532358018,94.4759882949197,9.719875940304984,6
759,1076233,2019-09-19 16:50:00,-0.826391527056694,0.8600670996569518,-92.53272585968121,97.08515646122133,2.8441426996168766,1.6864586267136459,6
760,1076244,2019-09-19 18:40:00,-0.871205520629883,-4.5179403939527045,-99.89556163160621,80.44392175897516,13.298675236308815,3.6467348733228215,6
761,1076280,2019-09-20 00:40:00,233.02883605957,214.32300701804022,121.63807806213973,302.69389919069306,349.9080401309395,18.705829041529796,6
762,1076285,2019-09-20 01:30:00,342.098490905762,360.874881646262,250.7216586720643,458.5052452235451,352.55284923993435,18.776390740500005,6
763,1076339,2019-09-20 10:30:00,599.673616027832,533.3115920378235,429.3533949891426,616.5577432100529,4403.918228050468,66.36202399000854,6
764,1076343,2019-09-20 11:10:00,414.622817230225,345.81747781317324,252.85971456981224,444.393397404777,4734.174732295696,68.80533941705175,6
765,1076405,2019-09-20 21:30:00,265.664168463813,303.13536741453316,206.72199531241566,395.9710320593672,1404.0907508044531,37.47119895072018,6
766,1076462,2019-09-21 07:00:00,687.838374328613,748.4599017127136,640.6334265465591,839.0601313038613,3674.9695823812663,60.62152738410066,6
767,1076542,2019-09-21 20:20:00,449.232083129883,429.8333228225625,323.66290336492386,525.4053246389682,376.3119014608739,19.398760307320515,6
768,1076543,2019-09-21 20:30:00,388.723480224609,341.9993723668615,238.76582536791346,455.49390401208757,2183.142255102419,46.72410785774747,6
769,1076579,2019-09-22 02:30:00,144.706065750122,125.16688614190956,35.44435359803825,219.0684717777761,381.77953976198523,19.53917960821245,6
770,1076851,2019-09-23 23:50:00,472.422619628906,438.90850355576765,342.2172886767631,531.5743638474333,1123.1959761637886,33.514116073138325,6
771,1076897,2019-09-24 07:30:00,239.466442108154,242.02725035508993,141.54563195822126,331.9471369459146,6.557738877575022,2.5608082469359204,6
772,1076901,2019-09-24 08:10:00,519.515534973145,545.7153625118652,450.4092308321709,632.5936350756941,686.4309630586829,26.19982753872023,6
773,1077023,2019-09-25 04:30:00,419.842910766602,465.0983556086713,349.370314327556,550.1634977747515,2048.0552878535736,45.25544484206927,6
774,1077083,2019-09-25 14:30:00,269.996198272705,320.5719385999614,223.42292996758312,403.19567853986473,2557.905509650072,50.575740327256426,6
775,1077136,2019-09-25 23:20:00,582.956378173828,587.9501793676671,495.1805164507251,688.0867961763406,24.938050363588722,4.99380119383909,6
776,1077246,2019-09-26 17:40:00,793.78217163086,780.9102150840498,703.0219837620007,859.6035544206117,165.6872653429706,12.871956546810225,6
777,1077257,2019-09-26 19:30:00,956.050503540039,1001.6145932479654,912.8147635249429,1096.3190429573726,2076.086270911967,45.56408970792643,6
778,1077295,2019-09-27 01:50:00,735.76091003418,669.301368919271,566.204691873219,778.7999744094391,4416.8706052042835,66.45954111490903,6
779,1077353,2019-09-27 11:30:00,1675.23717346191,1772.7505872639626,1678.125795459991,1877.1373036751575,9508.86587133034,97.51341380205258,6
780,1077470,2019-09-28 07:00:00,870.132035104852,819.688635481167,736.7330690998239,905.1503263615796,2544.5365655947808,50.44339962368497,6
781,1077477,2019-09-28 08:10:00,1297.63361816406,1222.6705765441698,1118.6817917774138,1326.191731248414,5619.457608905389,74.96304161989019,6
782,1077549,2019-09-28 20:10:00,573.352241516113,629.0990110606999,543.7140426692569,709.6055761738443,3107.702314657278,55.74676954458687,6
783,1077653,2019-09-29 13:30:00,266.744421005249,274.14822170680156,170.53393704367446,377.564167391363,54.8162648283099,7.403800701552541,6
784,1077671,2019-09-29 16:30:00,2057.10415039063,2005.5220647652188,1886.2421646977384,2129.2758018410236,2660.7115574672407,51.58208562541108,6
785,1077724,2019-09-30 01:20:00,238.881645965576,257.9534072184689,156.84261831108017,347.85876539796783,363.7320772873463,19.071761252892884,6
786,1077824,2019-09-30 18:00:00,525.055717468262,570.2155558362176,437.8727610763883,693.3546886170188,2039.4110014198811,45.15983836795567,6
787,1077830,2019-09-30 19:00:00,578.957572937012,530.0370488474291,421.5293562835056,625.8574626483196,2393.217677199455,48.92052408958284,6
788,1077849,2019-09-30 22:10:00,490.827951049805,420.4535781388296,327.0014640860164,527.4001128245312,4952.55236261303,70.37437291097541,6
789,1077953,2019-10-01 15:30:00,1587.3119140625,1728.942051069928,1633.8776166114471,1830.8193250556217,20059.095708742876,141.63013700742817,6
790,1077986,2019-10-01 21:00:00,1389.12074584961,1518.9922642381237,1425.7165621337356,1609.397401568485,16866.611288538013,129.87151838851355,6
791,1078015,2019-10-02 01:50:00,577.151516723633,542.8934766936353,440.17423597566454,636.1083758605268,1173.613306696924,34.25804002999769,6
792,1078165,2019-10-03 02:50:00,-1.19717403352261,-8.497303466596753,-83.95664455586699,76.93110397835578,53.29188973963541,7.300129433074143,6
793,1078246,2019-10-03 16:20:00,542.783959960938,529.6381498223701,438.9092920010482,628.743486015156,172.81232419927375,13.145810138567867,6
794,1078275,2019-10-03 21:10:00,1403.37408447266,1253.7303350350207,1167.4090532784844,1357.1196715289216,22393.251745754926,149.64374943763914,6
795,1078296,2019-10-04 00:40:00,195.569939422608,160.28439647775906,72.1694870355617,251.2079585265445,1245.0695409127788,35.28554294484894,6
796,1078570,2019-10-05 22:20:00,519.120672607422,602.2462565019453,507.5448001689837,703.3739730333034,6909.86269780543,83.12558389452329,6
797,1078772,2019-10-07 08:00:00,187.925441741943,198.96372714529406,117.40966924017786,305.12793483056714,121.84374464583325,11.038285403351068,6
798,1078830,2019-10-07 17:40:00,421.682414335363,404.42248413353474,315.2060052371613,490.62255310948973,297.90519057198264,17.25993020182824,6
799,1078838,2019-10-07 19:00:00,261.376470947266,218.979792907021,117.05102109557939,318.5600283559812,1797.4783088481931,42.39667804024501,6
800,1078954,2019-10-08 14:20:00,933.212593078614,1045.7383716946836,970.8071465719522,1137.3971919203152,12662.050853152707,112.5257786160696,6
801,1079032,2019-10-09 03:20:00,409.329110717774,354.5122624419921,269.86592256395477,435.91227637626764,3004.886854890089,54.816848275781865,6
802,1079062,2019-10-09 08:20:00,532.773291015625,554.2259307021172,442.42635783743344,644.4358876953393,460.2157495184628,21.45263968649226,6
803,1079065,2019-10-09 08:50:00,469.469505310059,501.6498464692408,425.1178777026626,596.8254721965815,1035.5743571213306,32.18034115918181,6
804,1079083,2019-10-09 11:50:00,1990.12442626953,1842.1861199072912,1727.7808588505077,1956.748959842714,21885.742489327622,147.9383063622388,6
805,1079087,2019-10-09 12:30:00,1479.01901550293,1555.5337493144568,1454.9731815945988,1644.706785012245,5854.5044902488125,76.51473381152687,6
806,1079107,2019-10-09 15:50:00,170.88225517273,172.15040344070854,71.41344847510409,262.6933879531497,1.6082000295769863,1.268148267978546,6
807,1079183,2019-10-10 04:30:00,1548.07529296875,1570.1643037147408,1470.654101670913,1672.294958965165,487.92439573649096,22.089010745990663,6
808,1079371,2019-10-11 11:50:00,1704.23845214844,1570.3829858297875,1474.295756925226,1659.6469201829955,17917.28586338394,133.8554663186526,6
809,1079420,2019-10-11 20:00:00,534.580355834961,577.1731295085108,484.713688429236,676.8365760495258,1814.144369206237,42.5927736735498,6
810,1079458,2019-10-12 02:20:00,230.116780471802,200.85642678373392,96.1533527712334,291.4824349973716,856.1682979508392,29.26035368806808,6
811,1079495,2019-10-12 08:30:00,237.837564086914,271.79005303378307,183.3993613411516,372.4531288761604,1152.7715056872662,33.95248894686907,6
812,1079545,2019-10-12 16:50:00,70.3907230854035,78.50110792103294,-32.0251891560174,175.4635947107247,65.77834218200807,8.110384835629446,6
813,1079553,2019-10-12 18:10:00,113.321434402466,162.75338311447584,66.42383579957183,250.79397733371565,2443.5175534667715,49.43194871200984,6
814,1079671,2019-10-13 13:50:00,916.725883483887,897.7298926847038,798.8405840447725,995.8584251313581,360.8476664426497,18.99599079918312,6
815,1079679,2019-10-13 15:10:00,1511.40449523926,1479.7167341710176,1398.331584913458,1566.3882548942565,1004.1142015180238,31.68776106824248,6
816,1079682,2019-10-13 15:40:00,1012.88194274902,1098.571522953687,988.4411539519434,1197.574114176625,7342.704155652055,85.68958020466698,6
817,1079779,2019-10-14 07:50:00,190.890900421143,223.17595198642317,128.13924596863214,331.41077577619143,1042.3245545728005,32.285051565280185,6
818,1079800,2019-10-14 11:20:00,273.968952941894,277.8410601992969,178.89283446028122,377.51359330706936,14.993214612832556,3.872107257402945,6
819,1079903,2019-10-15 04:30:00,64.6355304598808,66.02184027286398,-37.889683440483495,164.37316745913617,1.9218548975734746,1.3863098129831855,6
820,1080090,2019-10-16 11:40:00,438.598219299317,427.3601615408881,332.3022759767331,505.0845695689822,126.29394218178419,11.238057758428909,6
821,1080208,2019-10-17 07:20:00,477.636340332031,545.188432408587,453.4606138219184,627.0259412266471,4563.285143919499,67.552092076556,6
822,1080241,2019-10-17 12:50:00,409.195697784424,468.24647819189016,383.67305363272703,556.3905920248864,3486.9946667307895,59.05078040746616,6
823,1080333,2019-10-18 04:10:00,287.112044525147,310.5479346485856,222.1024369587521,396.2415938118542,549.2409458778887,23.43589012343864,6
824,1080357,2019-10-18 08:10:00,202.72818896645,199.99678590447883,106.8464301866619,290.8120509352985,7.46056268694553,2.7314030619711787,6
825,1080417,2019-10-18 18:10:00,812.968556213379,843.2404469813758,761.7052328413037,945.1042883485927,916.3873706695339,30.271890767996865,6
826,1080427,2019-10-18 19:50:00,1395.7264038086,1412.177700324768,1319.709167783677,1494.126972673892,270.6451570628809,16.451296516167986,6
827,1080634,2019-10-20 06:20:00,354.054005432129,395.2272916509009,300.36413211660954,482.24249522161045,1695.2394980529139,41.17328621877192,6
828,1080684,2019-10-20 14:40:00,774.474629211426,726.010305384579,631.4511453617328,821.8397512233988,2348.790683993481,48.46432382684691,6
829,1080715,2019-10-20 19:50:00,795.127183532715,697.069950402935,601.6859392104034,796.6480154238599,9615.220969068025,98.05723312978,6
830,1080741,2019-10-21 00:10:00,701.415222167969,614.0956624319342,503.62740028942886,700.4350761818117,7624.705512494943,87.31955973603476,6
831,1080757,2019-10-21 02:50:00,822.472369384766,704.9255972921696,614.222623709302,818.5471770429463,13817.243629388793,117.54677209259637,6
832,1080832,2019-10-21 15:20:00,793.572492980957,815.7240714008949,726.150087849765,925.0669664374866,490.6924264946581,22.15157841993789,6
833,1081091,2019-10-23 10:30:00,41.3285710334778,30.781221841846413,-69.03220071797213,137.31047571391156,111.24657497020726,10.547349191631387,6
834,1081284,2019-10-24 18:40:00,157.202484512329,107.87528986543126,17.636216169007376,216.70724203983664,2433.172131732937,49.32719464689774,6
835,1081427,2019-10-25 18:30:00,2020.01454467774,1982.2922553467195,1863.9373478264965,2092.7487058817615,1422.971112373234,37.72228933102065,6
836,1081438,2019-10-25 20:20:00,1987.0767944336,2020.8450417377835,1931.777486497628,2114.90969671893,1140.2945259964918,33.76824730418343,6
837,1081566,2019-10-26 17:40:00,91.5127510070801,102.78129931339119,13.273448395647131,202.635452826861,126.98018093166652,11.26854830631109,6
838,1081684,2019-10-27 13:20:00,288.246911287308,251.37668255716767,154.6212300062907,348.532883992741,1359.4137666128672,36.870228730140354,6
839,1081701,2019-10-27 16:10:00,158.055049180985,116.70815475584214,34.95407077731293,200.65345137570756,1709.56567860391,41.346894425142864,6
840,1081822,2019-10-28 12:20:00,108.958815002441,139.03171689812038,50.12962622069492,230.755373281667,904.3794284271564,30.07290189567938,6
841,1081824,2019-10-28 12:40:00,106.368502092361,114.7276676813814,17.872412491668705,199.02301371521236,69.87564934466288,8.359165589020407,6
842,1081853,2019-10-28 17:30:00,133.39117219713,170.0296397060175,72.70558390971722,272.20986243394754,1342.377301399804,36.63846750888749,6
843,1081911,2019-10-29 03:10:00,87.4878093719483,116.18345661322759,22.017702203577866,201.84721043069754,823.4401705959397,28.69564724127929,6
844,1081976,2019-10-29 14:00:00,618.741577148438,500.08238009202546,397.79626321010755,595.6117746084359,14080.005046072532,118.6591970564125,6
845,1082220,2019-10-31 06:40:00,429.022338867188,449.4008316722515,347.72872364208405,544.7424411730319,415.2829690060249,20.3784928050635,6
846,1082349,2019-11-01 04:10:00,311.066108703613,318.40154710840216,228.1776155060955,418.93211688844485,53.80865659045571,7.3354384047891585,6
847,1082405,2019-11-01 13:30:00,458.045497131348,412.43156385812614,305.66287468144554,517.1788644142555,2080.630908653935,45.613933273221846,6
848,1082461,2019-11-01 22:50:00,514.143894195557,569.7843577359325,478.16841779588395,664.9639188045572,3095.861182987861,55.64046354037555,6
849,1082464,2019-11-01 23:20:00,1106.6590174675,1272.3959659274137,1174.5942204679986,1369.8922152913792,27468.736084804095,165.73694845991372,6
850,1082496,2019-11-02 04:40:00,1116.03373413086,1279.2227407512228,1195.9173405032147,1375.3060354478212,26630.6518817408,163.18900662036276,6
851,1082617,2019-11-03 00:50:00,311.420397949219,331.36778941957675,230.57784978760859,436.36016316610755,397.8984264717003,19.94739147035773,6
852,1082653,2019-11-03 06:50:00,160.834581475509,171.93553427311812,80.54131617442533,268.3415695473581,123.23115301474586,11.100952797609125,6
853,1082712,2019-11-03 16:40:00,316.701107627467,308.92688519879596,221.40917740927048,394.0652538186949,60.43853437045226,7.774222428671067,6
854,1082716,2019-11-03 17:20:00,267.520811898368,283.6406557150683,195.60999681464554,372.9285964820193,259.8493646748117,16.119843816700325,6
855,1083025,2019-11-06 02:50:00,546.088162231445,532.9252547111798,432.4702744521204,642.5324215735368,173.26213438705435,13.162907520265207,6
856,1083141,2019-11-06 22:10:00,278.83801574707,324.4930849519331,212.84322464810327,412.8280985133123,2084.3853441008373,45.65506920486308,6
857,1083194,2019-11-07 07:00:00,11.9348877161741,19.892972234088,-70.99017701031433,110.24490113329807,63.331109194260904,7.9580845179139,6
858,1083236,2019-11-07 14:00:00,161.814367294312,151.05614615749928,69.36921934257445,258.57363571400293,115.73932202856402,10.758221136812722,6
859,1083301,2019-11-08 00:50:00,73.9547086715698,72.96541480334963,-30.454642503300192,171.8056820592781,0.9787023576980332,0.9892938682201731,6
860,1083449,2019-11-09 01:30:00,304.051170349121,352.5272148646547,245.27300904763447,459.5870088180801,2349.9268918720063,48.476044515533715,6
861,1083483,2019-11-09 07:10:00,-2.19481903612614,-14.164327744866998,-120.1242943576637,79.65417200561605,143.26913872862323,11.969508708740857,6
862,1083578,2019-11-09 23:00:00,930.87465209961,940.5283913189854,849.189544695096,1043.7852159494319,93.19468091570751,9.653739219375439,6
863,1083842,2019-11-11 19:00:00,1676.94873657227,1656.3639647701327,1557.1175788381695,1761.4088373772488,423.7328301460674,20.58477180213731,6
864,1083957,2019-11-12 14:10:00,1107.02129821777,1068.0506363072825,981.1629023087997,1176.7847696770732,1518.7124897415197,38.97066191048748,6
865,1084038,2019-11-13 03:40:00,362.698796081543,377.15252636480517,294.5714483178047,487.5972934881711,208.91031910129047,14.453730283262189,6
866,1084073,2019-11-13 09:30:00,367.056709289551,338.4884712664278,233.51710486901857,438.53860710088685,816.1442237458238,28.56823802312323,6
867,1084203,2019-11-14 07:10:00,1725.36479187012,1805.4914421292049,1697.2732195774206,1928.5228257638282,6420.280081741719,80.12665025908495,6
868,1084298,2019-11-14 23:00:00,271.070840454102,267.8396654386785,178.87010760973052,370.5965623826821,10.440491980297073,3.231175015423503,6
869,1084317,2019-11-15 02:10:00,258.354570770264,274.5974147868725,171.5653065321084,373.90939524312165,263.82998174787457,16.2428440166085,6
870,1084382,2019-11-15 13:00:00,870.389569091797,799.4807045079623,691.6280850278823,914.2299921218806,5028.067076568601,70.90886458383466,6
871,1084553,2019-11-16 17:30:00,39.654939699173,29.534206367780516,-85.56458515406737,119.65549808019848,102.42924316515878,10.120733331392483,6
872,1084575,2019-11-16 21:10:00,106.548289489746,86.31812347887791,-14.330986607336868,180.81059127858455,409.2596168272825,20.23016601086809,6
873,1084619,2019-11-17 04:30:00,-1.88325503468514,0.007927745011228731,-114.44697383313793,105.65018158483099,3.576572306220084,1.8911827796963687,6
874,1084706,2019-11-17 19:00:00,684.95891418457,705.0651231261892,588.4161734634268,812.6776166002451,404.25963800404907,20.10620894161923,6
875,1084711,2019-11-17 19:50:00,1313.74098205566,1275.9290951283206,1188.2140756192916,1372.240977406399,1429.7387930059003,37.8118869273394,6
876,1084751,2019-11-18 02:30:00,971.61262512207,987.3753490176972,888.5803623738717,1073.155452334677,248.46346460977776,15.762723895627232,6
877,1084956,2019-11-19 12:40:00,117.832473564148,131.47843225776455,45.91130938036845,231.60443904953297,186.21218866788908,13.64595869361655,6
878,1085040,2019-11-20 02:40:00,288.004091644287,321.10858670652306,224.76388102292808,413.09538868852934,1095.907593325613,33.10449506223608,6
879,1085189,2019-11-21 03:40:00,256.232697296143,261.81569236576246,166.10059077315015,346.3460723298913,31.169833947395325,5.5829950696194715,6
880,1085203,2019-11-21 06:00:00,372.977841186524,443.2445376735103,347.0538932310318,528.3396849576208,4937.4086351942515,70.26669648698629,6
881,1085252,2019-11-21 14:10:00,313.566733551025,295.74669546657026,217.64693868005716,400.29619828601113,317.55375733141676,17.820038084454723,6
882,1085303,2019-11-21 22:40:00,747.979354858398,676.5429899260743,585.6085087595512,759.9053366629466,5103.154234744131,71.43636493232373,6
883,1085334,2019-11-22 03:50:00,325.816107177735,305.22108308215246,191.9945219720136,407.23942181331495,424.15501749762444,20.595024095582517,6
884,1085561,2019-11-23 17:40:00,804.744664001465,813.5869356924039,717.1009203821214,915.5956152605877,78.1857686563795,8.842271690938901,6
885,1085624,2019-11-24 04:10:00,-1.08834003508091,-5.957973090246145,-89.47809811318545,87.40608160767073,23.713326091957896,4.8696330551652345,6
886,1085625,2019-11-24 04:20:00,-1.3450128171179,-12.869337596677232,-106.6012509029098,76.64425656680851,132.81006162476527,11.524324779559333,6
887,1085711,2019-11-24 18:40:00,170.564797973633,183.13094753973266,104.63297741706243,271.4014583723208,157.90811491758652,12.566149566099654,6
888,1085779,2019-11-25 06:00:00,605.09108581543,607.0291450334455,509.8290825939693,700.3821522532727,3.756073532534837,1.9380592180154963,6
889,1086002,2019-11-26 19:10:00,506.709620666504,546.5903388357127,459.9344755654989,639.5011964815477,1590.4716816918533,39.880718169208706,6
890,1086439,2019-11-29 20:00:00,5.20444122950237,15.148228016208341,-95.5441048837391,107.15706873371329,98.87889565946826,9.94378678670597,6
891,1086531,2019-11-30 11:20:00,101.214585590363,79.3650871910327,-13.199625532064744,163.0338207386629,477.4005803023374,21.8494983993303,6
892,1086602,2019-11-30 23:10:00,130.697615051269,144.06242557470557,27.722098710259658,240.2875108287727,178.618160327361,13.364810523436574,6
893,1086603,2019-11-30 23:20:00,144.607339477539,162.50341074572424,82.60540079604175,246.82552840702513,320.26936683596523,17.89607126818524,6
894,1086620,2019-12-01 02:10:00,160.373229217529,147.92963822489276,62.214490747977905,232.80098987111694,154.8429567920179,12.443590992636246,6
895,1086700,2019-12-01 15:30:00,666.573902893066,630.4469598265581,547.9511186278846,715.7070857081758,1305.1560153307046,36.12694306650792,6
896,1086844,2019-12-02 15:30:00,207.062763977051,208.6723115923031,120.07124665933777,302.8779976291719,2.5906435257637135,1.6095476152520973,6
897,1086845,2019-12-02 15:40:00,198.804216766358,199.20492355768994,113.4121859678944,283.76781141786586,0.1605659326195403,0.40070679133194176,6
898,1086866,2019-12-02 19:10:00,244.732398223877,294.5356296318418,194.8420021766897,387.44215464088774,2480.361858675292,49.8032314079648,6
899,1086893,2019-12-02 23:40:00,109.058042144775,111.92631703374427,4.976878514064044,205.29760457318633,8.227000838691664,2.8682748889692675,6
900,1086895,2019-12-03 00:00:00,142.353717041016,170.97220706097667,81.66784999914672,264.5691417905259,819.0179710225879,28.61849001996066,6
901,1086969,2019-12-03 12:20:00,305.773960113526,265.18063979940814,170.50136734753676,366.1537930823681,1647.817654124575,40.593320314117875,6
902,1087030,2019-12-03 22:30:00,228.879088457893,200.63966037955717,113.99104152039035,282.37272675250443,797.4652981915023,28.239428078335834,6
903,1087040,2019-12-04 00:10:00,878.905255126953,929.0198625772944,830.5674018690943,1026.876814935806,2511.4738799018132,50.114607450341396,6
904,1087077,2019-12-04 06:20:00,602.005110168457,666.1552029940428,575.7023190228247,765.3031546253909,4115.234409531278,64.15009282558583,6
905,1087228,2019-12-05 07:30:00,180.436155431411,192.55407233327026,108.70997186528024,292.62577477200335,146.84391004036598,12.117916901859246,6
906,1087320,2019-12-05 22:50:00,1635.52731933594,1745.68262572782,1632.8672470740296,1850.5193420368983,12134.19152628896,110.15530639188,6
907,1087349,2019-12-06 03:40:00,1672.5465637207,1602.7626476385299,1510.19637621672,1699.64921163713,4869.794943763374,69.78391608217021,6
908,1087354,2019-12-06 04:30:00,1753.55668945313,1817.8983418141604,1735.426875462993,1914.1781227342317,4139.848228547683,64.34165236103036,6
909,1087394,2019-12-06 11:10:00,1528.90974121094,1452.5864720611607,1355.935498054734,1550.7466085572664,5825.241413709638,76.32326914977921,6
910,1087432,2019-12-06 17:30:00,842.590351867676,968.0258161336197,877.1579549366558,1096.2089064759775,15734.055695612858,125.43546426594378,6
911,1087531,2019-12-07 10:00:00,618.121569824219,562.0932852651614,479.4151853988295,653.906904211317,3139.168670630735,56.028284559057624,6
912,1087629,2019-12-08 02:20:00,2018.66067665502,2025.4069734514753,1933.5551021224385,2120.1908566248403,45.512520465862046,6.746296796455226,6
913,1087675,2019-12-08 10:00:00,1711.89088745117,1540.2678787444743,1453.837492219472,1645.0396318372354,29454.457117538594,171.62300870669583,6
914,1087678,2019-12-08 10:30:00,1670.35256476151,1574.0627324302966,1467.9011672595013,1674.0348887989308,9271.73181037318,96.28983233121335,6
915,1087694,2019-12-08 13:10:00,1028.97920379639,1103.8967971519123,1022.1731805697302,1201.5301753185963,5612.645794183397,74.91759335552229,6
916,1087699,2019-12-08 14:00:00,1602.85553299754,1511.2036775050865,1416.3249728000021,1607.7244532173602,8400.062615209576,91.65185549245348,6
917,1087742,2019-12-08 21:10:00,1607.41812438965,1809.9864128765212,1723.3641399440828,1902.788500672466,41033.91150050023,202.5682884868711,6
918,1087769,2019-12-09 01:40:00,1536.43093566895,1456.4456555927206,1367.4538279811618,1557.1515675551877,6397.64502887286,79.9852800762294,6
919,1087929,2019-12-10 04:20:00,1394.70793457031,1436.7987068421892,1349.8663219764849,1531.1797581191843,1771.6331104431893,42.09077227187913,6
920,1088070,2019-12-11 03:50:00,240.036774083188,223.32777806264954,135.34861263857206,315.35010696028775,279.19054801436977,16.70899602053845,6
921,1088204,2019-12-12 02:10:00,343.896008300781,373.9705475836439,277.898736226655,488.9461436198695,904.4779130764655,30.07453928286293,6
922,1088293,2019-12-12 17:00:00,710.136880493165,752.2255942253961,638.6639618102636,867.5913553532537,1771.4598236336988,42.0887137322311,6
923,1088295,2019-12-12 17:20:00,498.04931640625,513.3132331500487,425.0876274961601,616.9261194233973,232.9871543616197,15.263916743798745,6
924,1088640,2019-12-15 02:50:00,2007.0283203125,2061.8522984200295,1966.4268495313577,2177.3867627314044,3005.668575534869,54.823978107529456,6
925,1088717,2019-12-15 15:40:00,708.78385925293,745.4608303573032,659.6830571594559,830.6639933209767,1345.200209391022,36.67697110437314,6
926,1088779,2019-12-16 02:00:00,1143.97383728027,1220.2453529626346,1127.011225832376,1329.611077013236,5817.344104485202,76.27151568236468,6
927,1088789,2019-12-16 03:40:00,953.279342651368,924.4878758381495,817.7089847164252,1019.0728948491412,828.9485612566593,28.79146681321845,6
928,1088957,2019-12-17 07:40:00,-1.47032601833344,-11.266012634972954,-102.03851324363616,68.64351289219208,95.95547629141049,9.795686616639514,6
929,1089079,2019-12-18 04:00:00,101.395432281494,101.59211253049592,11.964588177757188,203.5516713546185,0.03868312034746081,0.19668024900192904,6
930,1089100,2019-12-18 07:30:00,182.812058067322,191.3999165274486,103.49227027757163,271.1117908200465,73.75131293116797,8.587858460126597,6
931,1089207,2019-12-19 01:20:00,1437.2278717041,1386.7293961346268,1304.4944521706009,1480.8949616659652,2550.0960348406775,50.49847556947316,6
932,1089297,2019-12-19 16:20:00,1600.82360839844,1644.0170057724588,1541.7320013448693,1756.9766571284651,1865.669576709893,43.19339737401879,6
933,1089343,2019-12-20 00:00:00,718.849443937603,740.3334232655468,648.453205300879,819.6404859739116,461.5613677635147,21.483979327943757,6
934,1089437,2019-12-20 15:40:00,309.71734161377,363.69768044108827,252.0719021841198,470.5259849191101,2913.876979912087,53.98033882731829,6
935,1089628,2019-12-21 23:30:00,227.729763031006,271.49188959878404,171.65599790164438,365.40589651692704,1915.1237217342245,43.76212656777804,6
936,1089640,2019-12-22 01:30:00,47.7112108230591,46.30682032453534,-70.25634588807321,167.4350355337709,1.972312672343816,1.4043904985237603,6
937,1089670,2019-12-22 06:30:00,316.419541168213,295.910832848984,209.372540764099,388.06604971090684,420.6071169232134,20.508708319229015,6
938,1089723,2019-12-22 15:20:00,219.564546966553,245.01287966531828,145.9688802518173,331.0396946398637,647.6176371470464,25.448332698765284,6
939,1089848,2019-12-23 12:10:00,1571.18478088379,1445.800137472792,1359.8586866697854,1535.56617603742,15721.30880330313,125.38464341099802,6
940,1089850,2019-12-23 12:30:00,1161.53344405325,1118.5871623018909,1025.8495160822022,1218.3411723406791,1844.3831162671142,42.94628175135904,6
941,1089867,2019-12-23 15:20:00,780.588955688477,758.2795910527295,663.781207735629,864.0530096985324,497.7077504507386,22.309364635747443,6
942,1089877,2019-12-23 17:00:00,332.166806793213,306.17503537916383,210.14964284023696,405.4719414592398,675.5721812401849,25.991771414049197,6
943,1089926,2019-12-24 01:10:00,180.747892379761,221.05839725057527,116.56334431642092,317.1565666654279,1624.9368029399411,40.31050487081427,6
944,1090057,2019-12-24 23:00:00,837.354753112793,752.3106634669372,641.5123939817478,856.593283267374,7232.497183692361,85.04408964585582,6
945,1090181,2019-12-25 19:40:00,34.7373042106628,34.2938296283685,-55.87669055404656,112.75011810279412,0.1966697051411039,0.44347458229430003,6
946,1090216,2019-12-26 01:30:00,284.996578216553,254.3441072879289,171.6765076163405,355.9251819845992,939.5739740301472,30.652470928624126,6
947,1090333,2019-12-26 21:00:00,344.571440124512,321.7617888314606,217.9565654025508,416.1118512339917,520.2801921106009,22.809651293051388,6
948,1090535,2019-12-28 06:40:00,155.845231628418,181.94287091444966,86.78950358838577,276.41673274287376,681.0867763038234,26.097639286031665,6
949,1090546,2019-12-28 08:30:00,582.005630493164,569.5073027191845,479.88464673974613,653.1370476984276,156.20819714582586,12.49832777397944,6
950,1090581,2019-12-28 14:20:00,290.576268386841,374.0937148752418,284.0242981762176,481.7493315165352,6975.163867942894,83.51744648840082,6
951,1090743,2019-12-29 17:20:00,1019.47269897461,1070.3219394013013,978.5008051792078,1163.6549006798552,2585.6452519714535,50.84924042669127,6
952,1090759,2019-12-29 20:00:00,584.53830871582,527.7188741507878,438.3980213169447,606.9203922983938,3228.4481442899787,56.819434565032225,6
953,1090766,2019-12-29 21:10:00,524.568617248535,473.2016885064679,398.66059316777233,575.4194086458367,2638.5613683925994,51.3669287420671,6
954,1090796,2019-12-30 02:10:00,576.564102172852,544.3207054527451,457.5456001413528,658.133705062698,1039.6366320502032,32.243396720106944,6
955,1090843,2019-12-30 10:00:00,2003.45585801866,1868.1046591375086,1771.1993552369777,1973.3099070860958,18319.947038564966,135.35119888115128,6
956,1090934,2019-12-31 01:10:00,125.388428878784,128.50365963238727,15.928104292806031,235.77128543263927,9.704662648195603,3.115230753603271,6
957,1090947,2019-12-31 03:20:00,173.915998077393,135.94696464178355,44.570329778138685,237.56383247126186,1441.647500034428,37.96903343560945,6
958,1090991,2019-12-31 10:40:00,685.866986083984,568.7193863573092,471.6449710197981,661.8701135260983,13723.560121721217,117.1475997266748,6
959,1090996,2019-12-31 11:30:00,846.794596862794,741.9572778810355,651.2026556589406,829.1116860874981,10990.863451283,104.83731898175859,6
960,1091141,2020-01-01 11:40:00,-1.89392504692078,-11.558911086102292,-89.00013383671687,79.52206722285065,93.41195513757353,9.664986039181512,6
961,1091143,2020-01-01 12:00:00,-2.82648303508759,-11.152646751666298,-110.53774018873719,88.060698325381,69.32500223527177,8.326163716578709,6
962,1091304,2020-01-02 14:50:00,1965.1640625,1887.8451149709588,1788.6173683464622,1982.8643116793162,5978.21964699863,77.31894752904122,6
963,1091317,2020-01-02 17:00:00,1598.39869384766,1563.3201924330656,1472.023577899802,1656.42818179549,1230.5012614937073,35.078501414594484,6
964,1091380,2020-01-03 03:30:00,115.659937095642,138.87031789382846,8.455878512308578,216.3393650928335,538.7217767968228,23.210380798186463,6
965,1091475,2020-01-03 19:20:00,524.749467468262,503.91325383138064,406.0234659591428,607.0272224904236,434.14779872175933,20.836213636881325,6
966,1091550,2020-01-04 07:50:00,499.358085632324,412.04168161808263,303.9407576962998,517.0777951566992,7624.154409978224,87.31640401424136,6
967,1091553,2020-01-04 08:20:00,384.144697570801,322.3475464388229,211.3545100735749,408.686633259583,3818.8878880285383,61.79715113197807,6
968,1091605,2020-01-04 17:00:00,207.247442626953,219.48399186514183,119.00983683190411,317.98704324007946,149.73313725861996,12.236549238188843,6
969,1091606,2020-01-04 17:10:00,241.354081726074,218.72059194565261,120.5686990775059,315.77488778773585,512.2748596404399,22.6334897804214,6
970,1091657,2020-01-05 01:40:00,288.521064758301,224.27391402819504,124.44690968731844,332.990332989657,4127.696376936956,64.24715073010597,6
971,1091761,2020-01-05 19:00:00,513.994512176514,509.056566331268,406.3462275745293,601.2416235659985,24.38330917058243,4.93794584524602,6
972,1091788,2020-01-05 23:30:00,400.933938598633,361.41993798497157,263.4072157906574,447.7032724147685,1561.3562444964364,39.51400061366144,6
973,1091892,2020-01-06 16:50:00,906.384951782227,880.1716398974627,772.0246985265527,987.5540735039139,687.1377199679235,26.213311884764266,6
974,1091945,2020-01-07 01:40:00,304.233646392822,249.80297940428403,148.45391193623428,343.5674600290096,2962.697508817115,54.43066698853795,6
975,1092035,2020-01-07 16:40:00,2034.79873046875,2028.4731855295931,1927.2248365016596,2131.3226423818555,40.01251877729184,6.325544939156771,6
976,1092262,2020-01-09 07:10:00,1775.44809570313,1930.497343909561,1825.7560107946483,2008.997101805152,24040.269369379446,155.049248206431,6
977,1092397,2020-01-10 05:40:00,435.697920227051,426.6568913975357,340.5941148437827,513.22928936103,81.74020229612702,9.041028829515312,6
978,1092415,2020-01-10 08:40:00,112.187741279602,149.57228016944003,37.965498678528974,268.8810281069024,1397.6037480058128,37.38453888983804,6
979,1092754,2020-01-12 17:10:00,103.486365699768,86.40180819978097,-0.7669391083170609,194.39097414392685,291.882104970363,17.084557499987028,6
980,1092788,2020-01-12 22:50:00,883.003903198242,786.5497886908768,703.359429292313,890.8258864801296,9303.39620539993,96.45411450736526,6
981,1092865,2020-01-13 11:40:00,1862.31695861817,1960.4557185150938,1870.5926617144241,2062.59995818104,9631.216194106066,98.13875989692383,6
982,1092922,2020-01-13 21:10:00,1235.31210021973,1324.9009694446688,1248.778579296757,1407.5304777304739,8026.165489003202,89.58886922493889,6
983,1092931,2020-01-13 22:40:00,1401.08096923828,1354.801623801591,1264.3706579945122,1436.9936570551124,2141.7778140483897,46.27934543668903,6
984,1093055,2020-01-14 19:20:00,1922.88636474609,1883.2161048564578,1777.701256599953,1982.5189227620301,1573.729519710964,39.670259889632234,6
985,1093061,2020-01-14 20:20:00,1988.9164428711,1902.019155171448,1800.9681087225406,2012.3503008456992,7551.13860955609,86.897287699652,6
986,1093147,2020-01-15 10:40:00,971.795799618675,1010.8845761499783,918.0084463362259,1105.440790710705,1527.9324507141696,39.088776531303324,6
987,1093198,2020-01-15 19:10:00,1518.75232543945,1398.7408518624413,1284.6661061827808,1510.508292693625,14402.753790125058,120.0114735770087,6
988,1093268,2020-01-16 06:50:00,1251.8921661377,1337.7285412881977,1237.721223774795,1452.686318903696,7367.88329897696,85.83637515049759,6
989,1093269,2020-01-16 07:00:00,1099.9370300293,1225.1057654814854,1121.1710121966498,1309.417204806525,15667.212334699143,125.16873545218527,6
990,1093270,2020-01-16 07:10:00,1080.47108764649,1049.350879731476,960.5779718448226,1161.7889335020634,968.4673406737083,31.120207915014134,6
991,1093304,2020-01-16 12:50:00,1975.47302856445,1977.8753353641484,1858.1124164181745,2073.1058748803825,5.771077959877208,2.402306799698408,6
992,1093325,2020-01-16 16:20:00,1854.02849731446,1891.8706539766172,1796.452143302333,1977.2607714559163,1432.0288208432405,37.842156662157095,6
993,1093388,2020-01-17 02:50:00,441.388429340563,447.24803571088813,363.6639974291749,533.6157140979377,34.33498681515495,5.859606370325139,6
994,1093490,2020-01-17 19:50:00,177.404732894898,131.4493981049377,27.840489421955425,226.8940319835882,2111.892795657335,45.95533478996029,6
995,1093539,2020-01-18 04:00:00,799.474420166016,782.2203816901995,685.3421942629532,884.558930116181,297.7018437249567,17.254038475816515,6
996,1093576,2020-01-18 10:10:00,159.841883659363,149.2906825873376,56.31168373423418,238.51963085180924,111.3278440623095,10.551201072025378,6
997,1093589,2020-01-18 12:20:00,394.279724884033,374.79100352831995,292.9955359286775,478.44576150078245,379.8102600806255,19.48872135571304,6
998,1093822,2020-01-20 03:10:00,351.180147806803,426.9937866965978,339.40969567097517,537.8418401706833,5747.707841712205,75.81363888979479,6
999,1093896,2020-01-20 15:30:00,8.955397605896,26.17574395062964,-69.8378435127928,118.71623531078245,296.5403282325813,17.220346344733642,6
