,Date.time,Power.me,Means,Lowers,Uppers,Squared Error,Absolute Error
0,2017-09-25 08:30:00,846.0009384155273,991.4076553672808,616.4893985330026,1327.8918677024326,21143.113334687336,145.40671695175342
1,2017-09-26 10:00:00,783.0284729003906,805.2476294737429,390.63386144965966,1202.8287854772109,493.6909188311438,22.21915657335228
2,2017-09-26 12:50:00,-10.237331628799438,63.62275436109748,-390.216871596477,465.78938903400143,5455.312302434967,73.86008598989692
3,2017-09-27 06:00:00,1914.539794921875,2209.354024407927,1811.799058532505,2653.7235494518022,86915.42990745467,294.8142294860522
4,2017-09-27 18:10:00,3084.491485595703,3089.025778846786,2606.8978688415064,3480.5554533158465,20.55981528681684,4.534293251083
5,2017-09-27 21:40:00,3870.3004760742188,3968.748078050462,3616.987736373808,4412.797284147844,9691.93033487282,98.44760197624328
6,2017-09-29 03:50:00,3206.2193298339844,3295.083330378549,2910.5307328128256,3664.383532463248,7896.810592784365,88.86400054456453
7,2017-09-29 11:10:00,2584.5348510742188,2461.781199865218,2134.182501082935,2826.4139235375865,15068.458885141064,122.75365120900096
8,2017-09-29 19:10:00,2997.4541015625,3246.269320683788,2828.6379364142595,3628.356403877756,61909.01326637457,248.815219121288
9,2017-09-30 02:50:00,2762.670928955078,3028.466468940759,2637.0084198687637,3442.029284888045,70647.26907627974,265.795539985681
10,2017-09-30 06:40:00,2972.827682495117,3146.998816690498,2739.706749231587,3519.3405254275353,30335.583986905414,174.171134195381
11,2017-09-30 12:00:00,1990.022933959961,2190.5857880070066,1795.8504605563296,2528.919330234517,40225.458423496544,200.56285404704568
12,2017-09-30 19:50:00,3904.33740234375,3930.232987494495,3576.848149882298,4360.7899993555575,670.5813302994779,25.895585150744864
13,2017-09-30 23:50:00,6574.734069824219,6501.646434084543,6176.5145298046555,6859.483185864302,5341.802498015496,73.08763573967553
14,2017-10-01 07:10:00,2125.9451751708984,2050.698607169917,1663.537433620609,2412.220268256854,5662.0459959263135,75.24656800098137
15,2017-10-01 09:20:00,3647.5352783203125,3653.678764754901,3265.3404578330023,4044.399922917356,37.74242557197095,6.14348643458834
16,2017-10-01 15:30:00,7865.086181640625,8687.184849950303,8293.581430467208,9075.427751767373,675846.220436546,822.098668309678
17,2017-10-01 19:00:00,9760.81884765625,9621.592227962474,9323.204236710808,9976.708991006764,19384.0516313554,139.22661969377623
18,2017-10-02 02:40:00,8251.137084960938,8494.081596396443,8091.963753201991,8884.498985712473,59022.03563663659,242.94451143550577
19,2017-10-02 04:50:00,6999.641540527344,7386.099529815829,7016.7216111592625,7783.000259371647,149349.77748489872,386.4579892884849
20,2017-10-02 05:10:00,5102.380554199219,5403.931902491179,5003.533349930069,5853.057860673445,90933.21565669926,301.5513482919605
21,2017-10-02 06:10:00,8526.195556640625,8565.12191633074,8182.755354714349,8911.831412748848,1515.2614787241805,38.92635969011462
22,2017-10-02 16:50:00,4976.780700683594,5104.0251467408325,4736.690106190429,5542.7004380044145,16191.14905241354,127.24444605723876
23,2017-10-02 19:40:00,5786.14697265625,6120.195580510424,5758.158518177328,6502.873289878286,111588.472409312,334.0486078541744
24,2017-10-03 06:20:00,6884.032958984375,7141.823431214346,6738.644234354154,7521.820687780462,66455.92757255139,257.7904722299709
25,2017-10-03 09:30:00,6792.60498046875,7204.04974219664,6779.401806554727,7582.270044694386,169286.79195332032,411.4447617278902
26,2017-10-03 10:20:00,7131.1058349609375,7460.531802328845,7063.230237832453,7847.491315808799,108521.467976282,329.425967367908
27,2017-10-04 15:20:00,9218.325927734375,9564.679817146103,9185.868022689196,9925.852517319816,119961.01671063168,346.35388941172823
28,2017-10-04 18:30:00,4160.522888183594,4431.418867734827,4030.964709804102,4828.578754738704,73384.63173702195,270.8959795512328
29,2017-10-04 21:30:00,10640.349609375,10729.541581365103,10348.531556894157,11127.978845614523,7955.207867483716,89.19197199010523
30,2017-10-05 10:40:00,4165.094879150391,4247.866922835905,3808.294226876809,4626.353846521723,6851.211215876686,82.77204368551429
31,2017-10-05 11:50:00,9588.907470703125,9743.291299116518,9429.54741465936,10123.565614528112,23834.366475575855,154.38382841339262
32,2017-10-07 00:00:00,6202.660980224609,6336.213479275482,5984.960831406239,6748.290504187417,17836.270002733418,133.55249905087294
33,2017-10-07 03:00:00,9406.200134277344,9305.988840078558,8959.44318124068,9764.24758023736,10042.303484995493,100.21129419878524
34,2017-10-07 03:50:00,8810.107177734375,8664.317267396218,8288.133788140469,9122.067567052272,21254.697956407832,145.78991033815691
35,2017-10-07 08:40:00,8671.539855957031,8738.612663514981,8382.001746491995,9163.07925367759,4498.761513705795,67.07280755795
36,2017-10-07 09:40:00,9107.23291015625,9411.446909023804,8981.32675679996,9817.236163053189,92546.15710698786,304.2139988675535
37,2017-10-07 10:30:00,8002.508483886719,8325.41697694185,7903.586029606485,8760.892109117294,104269.89488713542,322.90849305513075
38,2017-10-07 14:00:00,2532.9420776367188,2509.335664527236,2128.2634766289016,2904.324320769001,557.2627398955555,23.606413109482673
39,2017-10-08 03:00:00,2315.7332763671875,2629.1369293189273,2191.2440725451847,3020.0979636361517,98221.84968349455,313.4036529517398
40,2017-10-08 05:30:00,1372.874828338623,1338.548133057715,988.6996281518324,1683.0880738448966,1178.3220089083184,34.3266952809081
41,2017-10-08 18:50:00,465.1651442050934,597.6205717526716,132.11157870643012,1032.6205305551428,17544.44028681174,132.4554275475782
42,2017-10-10 15:20:00,5867.8895263671875,6271.448939442946,5879.930542716997,6667.527250893703,162860.1998820504,403.5594130757582
43,2017-10-10 21:00:00,4200.193817138672,4416.945543802903,3976.131541627019,4839.895180790957,46981.31101192541,216.75172666423077
44,2017-10-11 08:00:00,8919.328857421875,9270.503540709757,8876.76338069225,9643.816275407687,123323.65818234398,351.17468328788163
45,2017-10-12 20:40:00,6290.003601074219,6902.731289540304,6518.784581330256,7240.222562602742,375435.22021299176,612.727688466085
46,2017-10-13 01:50:00,7825.059020996094,8381.242875573964,8070.682151688929,8769.609558535894,309340.4800930973,556.1838545778701
47,2017-10-13 23:10:00,6826.442687988281,7183.584040900737,6810.512584952058,7562.306234294964,127549.9459601392,357.14135291245566
48,2017-10-14 07:30:00,4102.1287841796875,4034.771192709361,3640.4011900268424,4445.707139540254,4537.0451286834,67.3575914703265
49,2017-10-14 13:00:00,5441.020568847656,5767.542330200849,5371.325898894308,6170.008611041852,106616.46063719162,326.52176135319314
50,2017-10-14 15:10:00,4642.636657714844,5032.069388556395,4686.550524005762,5403.606994613033,151657.8518507082,389.43273084155135
51,2017-10-15 06:40:00,2505.2758178710938,2852.497066090459,2442.01985159164,3241.572665309397,120562.59521501415,347.2212482193654
52,2017-10-15 08:10:00,3049.5647583007812,3273.7645993436167,2945.138052760907,3627.23293068891,50265.5687236327,224.1998410428355
53,2017-10-15 18:30:00,2142.2525787353516,2281.839478757677,1915.9603128852789,2704.5449042473883,19484.502657842724,139.5869000223256
54,2017-10-16 04:50:00,669.399242401123,693.8910210241935,348.78704863117093,1076.3033499251858,599.8472201214904,24.491778623070445
55,2017-10-16 08:30:00,5968.432312011719,6151.084133299298,5759.372376871965,6482.023336641568,33361.687819669685,182.65182128757897
56,2017-10-17 02:00:00,11720.321411132812,11653.576348766774,11291.822537087548,12012.921602710678,4454.9033502464135,66.74506236603884
57,2017-10-17 05:50:00,5795.2047119140625,6527.063114996436,6159.5111711140335,6933.531421584508,535616.7221622813,731.8584030823731
58,2017-10-17 14:20:00,2604.2884979248047,2699.215518343924,2286.8674879425594,3065.2096137914536,9011.139205651902,94.92702041911934
59,2017-10-18 08:30:00,1064.2624053955078,1106.173482453221,730.3498930112829,1494.9089925201472,1756.5383801375654,41.9110770577131
60,2017-10-18 15:00:00,801.0547409057617,700.8547003877044,293.3546838534596,1090.5615281165876,10040.048119820332,100.20004051805734
61,2017-10-19 02:50:00,880.0875549316406,853.0436545768815,503.5416873627217,1225.872188093209,731.3725463981395,27.043900354759103
62,2017-10-19 15:10:00,3503.7439575195312,3831.457495903025,3459.727029546028,4239.828757362761,107396.16323982972,327.71353838349387
63,2017-10-20 02:00:00,6483.764404296875,6983.411071911389,6576.8172211221245,7377.684354666083,249646.7924582883,499.6466676145137
64,2017-10-20 23:30:00,9596.2265625,9787.603625242014,9415.122169965962,10152.188785487597,36625.18014376094,191.3770627420145
65,2017-10-21 02:00:00,7007.355041503906,6908.612752500019,6550.595969835332,7303.371494666725,9750.03963772714,98.74228900388698
66,2017-10-21 05:20:00,10771.639404296875,11038.850569539232,10630.372877212933,11440.048720765004,71401.80683017838,267.2111652423573
67,2017-10-22 10:20:00,12128.608276367188,12182.46403249077,11824.195533338963,12593.701050340916,2900.4424676428453,53.85575612358298
68,2017-10-22 14:50:00,11291.048583984375,11510.265891985084,11146.166321347033,11828.152047002166,48056.22812707759,219.21730800070873
69,2017-10-23 04:30:00,1561.804428100586,1581.9113050468472,1134.239030165594,2008.59271545872,404.2865005320945,20.10687694626131
70,2017-10-23 21:20:00,2978.9707946777344,3184.081238574367,2801.963894215446,3547.935832139308,42070.294195473696,205.11044389663263
71,2017-10-24 00:50:00,5337.2205810546875,5756.94540236291,5408.839129646617,6124.590594134754,176168.92562221896,419.7248213082221
72,2017-10-24 05:40:00,5105.216552734375,5630.547090161023,5298.842617658114,6059.81422354621,275972.17355297116,525.3305374266483
73,2017-10-24 15:40:00,9042.928955078125,9235.008190589497,8851.951160055443,9632.675448397442,36894.43271463301,192.0792355113717
74,2017-10-24 18:00:00,4613.803527832031,4791.747521756607,4353.739127308492,5243.932715014354,31664.06497382947,177.9439939245758
75,2017-10-25 03:30:00,11979.178833007812,11586.20010917582,11183.544321061792,11971.01144521032,154432.27738462196,392.9787238319932
76,2017-10-26 04:10:00,1027.5602340698242,1416.0804753810787,1017.9362452368218,1802.184291442542,150947.97790855542,388.5202413112545
77,2017-10-26 21:00:00,2051.011947631836,2171.364152898015,1768.5696583509553,2603.0902262305185,14484.653312432538,120.35220526617924
78,2017-10-27 06:00:00,1712.0686950683594,1575.548896158166,1232.7626519975722,1924.4337029665976,18637.65549447966,136.51979891019346
79,2017-10-28 09:20:00,11797.64013671875,11700.22286428472,11348.763445543236,12128.013330979857,9490.124968485954,97.41727243402966
80,2017-10-29 02:50:00,10037.452880859375,10192.542758795396,9811.23845867304,10636.307332567329,24052.870238210005,155.08987793602137
81,2017-10-29 09:00:00,9125.864379882812,9584.01470325896,9219.68613708142,10063.092283120795,209901.71880966792,458.1503233761469
82,2017-10-29 11:30:00,2878.1922912597656,2941.7834076447116,2553.911425259308,3334.123748715098,4043.830083083743,63.59111638494596
83,2017-10-29 16:40:00,1264.3840446472168,1436.236184945911,1053.9975189162817,1842.1849755444848,29533.158125242066,171.85214029869417
84,2017-10-30 18:40:00,782.2676849365234,896.6063439760463,517.6162199376074,1271.1169419106263,13073.328950956273,114.3386590395229
85,2017-10-30 20:30:00,2430.370849609375,2479.065098533269,2116.926109884809,2801.7378632182304,2371.1298782621584,48.694248923894065
86,2017-10-31 00:30:00,3232.056671142578,3316.224509643126,2961.482512776057,3684.8716055885743,7084.225037854328,84.16783850054799
87,2017-10-31 01:10:00,2879.5895919799805,3047.4901755124883,2641.007234597993,3444.879921228293,28190.605950556655,167.90058353250788
88,2017-10-31 05:10:00,2403.6082611083984,2502.8207934355705,2140.9182677547583,2822.7741400591563,9843.126570770166,99.21253232717208
89,2017-10-31 12:20:00,1657.6020202636719,1678.7676238162671,1316.811453437005,2019.3487975839232,447.982773745633,21.165603552595257
90,2017-10-31 23:40:00,3517.3221740722656,3642.526001409555,3222.402322463757,4025.746290458219,15675.99837990582,125.20382733728955
91,2017-11-01 04:40:00,1979.391342163086,2091.369805841846,1649.614033560338,2525.4759050428797,12539.176327855352,111.97846367875992
92,2017-11-01 16:40:00,2354.016311645508,2685.274425674165,2320.4099398038297,3054.8412515867576,109731.93810982272,331.258114028657
93,2017-11-01 17:00:00,2891.4451751708984,3085.860835158833,2671.580537933447,3540.9475340357817,37797.448848544256,194.41565998793476
94,2017-11-02 17:20:00,-4.790830180048943,56.79442978819813,-398.0453278562322,556.07173240662,3792.744245356575,61.58525996824707
95,2017-11-03 19:20:00,1839.3435974121094,2423.144471107031,2109.659423785497,2799.5761902737363,340823.4601269541,583.8008736949218
96,2017-11-05 02:40:00,3787.384521484375,3745.850738327928,3361.8496253714175,4092.4673638938934,1725.0551432867264,41.53378315644659
97,2017-11-05 06:20:00,5163.343566894531,4960.883620212159,4594.995526696734,5277.614531127578,40990.03001062891,202.459946682372
98,2017-11-05 16:50:00,2991.162109375,3155.001386575526,2796.448904792486,3545.8743129930685,26843.30875359076,163.83927720052588
99,2017-11-05 20:40:00,1740.742919921875,1860.6190934597328,1500.825625900925,2263.185928091658,14370.296982078591,119.87617353785777
100,2017-11-05 23:50:00,1824.1064453125,1856.8761510649335,1438.7749134067485,2260.5240729275865,1073.8536151010758,32.76970575243354
101,2017-11-07 06:50:00,5816.01513671875,5626.505307592754,5263.073597915293,6030.930631466774,35913.97533536404,189.50982912599557
102,2017-11-07 11:00:00,7095.3004150390625,7291.1003709633715,6903.916943402862,7675.303011737025,38337.622739961334,195.79995592430896
103,2017-11-07 13:30:00,6966.352355957031,7590.76483259584,7220.840587582939,7971.934334273542,389890.9409822107,624.4124766388086
104,2017-11-07 14:00:00,5824.121643066406,6286.085133171903,5910.582785316813,6650.526224515816,213410.26619045157,461.963490105497
105,2017-11-09 09:50:00,2030.123046875,2058.2767131004734,1707.3845978570355,2403.384952095311,792.6289219353641,28.153666225473444
106,2017-11-10 18:10:00,6910.058166503906,6883.64268210912,6541.533900152413,7237.618977773382,697.777815811198,26.41548439478629
107,2017-11-11 14:40:00,797.9989547729492,885.198176740074,583.0713624162644,1226.90915239507,7603.7043116719005,87.1992219671248
108,2017-11-21 06:00:00,8122.7493896484375,8177.392966065061,7822.346187261377,8543.480767521134,2985.920443599377,54.643576416623546
109,2017-11-21 06:30:00,9248.592163085938,9390.081377876491,9006.68964616264,9768.328115260329,20019.197902048007,141.4892147905557
110,2017-11-22 01:10:00,12275.454223632812,12063.078090166158,11661.0553026238,12438.387787447477,45103.62206624612,212.3761334666542
111,2017-11-23 04:10:00,10230.966552734375,10401.906740513765,10012.300150675295,10725.860865367566,29220.54779805243,170.940187779388
112,2017-11-23 14:40:00,11285.1904296875,11575.27658871378,11216.333918982808,11929.03086901506,84149.97965862088,290.08615902628117
113,2017-11-24 19:30:00,3831.7350311279297,4321.284179546106,3951.5237306749,4690.778359898747,239658.3687169619,489.5491484181766
114,2017-11-25 08:10:00,11169.286499023438,10948.10806136709,10526.197737147198,11331.984641334571,48919.90128410313,221.17843765634825
115,2017-11-25 09:10:00,8675.443786621094,8736.19019407408,8336.088275794687,9064.299629463392,3690.126018444329,60.746407452987114
116,2017-11-25 18:10:00,5575.03515625,5435.544951474293,5077.17597881413,5852.846867240901,19457.51722836863,139.49020477570684
117,2017-11-26 05:10:00,6674.870147705078,6338.759707387902,5990.485020220291,6745.194756636429,112970.22809020575,336.11044031717574
118,2017-11-26 10:20:00,3926.1966552734375,4062.9762702329913,3744.5243182657487,4467.134842816585,18708.663068483787,136.77961495955378
119,2017-11-26 16:00:00,6288.629333496094,6368.200747201222,5965.247093391336,6713.601572910185,6331.6098790326605,79.57141370512818
120,2017-11-26 17:10:00,3641.659957885742,4025.2125295995993,3623.4745106283776,4362.230772982904,147112.5752683135,383.5525717138571
121,2017-11-26 19:40:00,8462.926147460938,8542.695550014047,8163.932536599576,8921.05862883624,6363.157583679969,79.7694025531091
122,2017-11-26 20:20:00,6930.9326171875,6941.907978186781,6628.512448657191,7331.869084920577,120.45854906454484,10.975360999281293
123,2017-11-26 21:20:00,4662.410400390625,4846.392365430162,4480.230852529496,5206.010205600681,33849.36345980926,183.9819650395366
124,2017-11-26 22:20:00,6771.1329345703125,6762.183856811737,6393.363734554743,7112.476860067989,80.08599272902507,8.949077758575186
125,2017-11-27 03:30:00,12287.317138671875,12256.22533900661,11897.010418637208,12698.69583165952,966.7000064249268,31.09179966526426
126,2017-11-27 05:40:00,9753.230102539062,9904.257854443513,9485.573337098724,10303.982748744618,22809.381845312186,151.02775190445027
127,2017-11-27 13:20:00,6639.2349853515625,6648.564427317749,6235.647442699472,7060.414837192706,87.03848740043428,9.329441966186096
128,2017-11-28 01:00:00,6440.101013183594,6599.411475320115,6223.809946211169,7020.504254329182,25379.823346151887,159.31046213652098
129,2017-11-28 23:00:00,5525.9388427734375,5657.867697393958,5307.021991146595,5996.277523412745,17405.222681482493,131.92885462052072
130,2017-11-29 00:50:00,6986.024658203125,6911.404298004306,6513.834202892191,7339.103166104519,5568.198156201502,74.62036019881907
131,2017-11-29 01:00:00,7289.401062011719,7407.084939847356,7018.833338977172,7747.392571765953,13849.4951024331,117.68387783563684
132,2017-11-29 03:40:00,6533.958251953125,6831.820512797438,6462.7228314990225,7172.057079380716,88721.92643528551,297.8622608443129
133,2017-11-29 06:00:00,9264.57275390625,9071.245772463126,8688.064688655595,9426.75773117767,37375.32175391007,193.32698144312417
134,2017-11-30 00:50:00,3691.3619232177734,3867.402891210756,3417.79209772877,4279.816218686792,30990.42241190632,176.0409679929826
135,2017-11-30 13:40:00,9764.730834960938,10156.826023653524,9797.108029089944,10545.496334536709,153738.63699587525,392.0951886925868
136,2017-11-30 16:50:00,8039.468017578125,8242.016964694047,7887.483136783572,8667.700663490821,41026.07597776844,202.5489471159217
137,2017-12-01 07:40:00,9149.102478027344,8629.939794997457,8235.728983891717,9092.180808332594,269529.89145079034,519.1626830298865
138,2017-12-01 09:00:00,9078.509643554688,8611.64904066401,8249.249354816617,9006.234924500044,217958.82253144725,466.8606028906779
139,2017-12-01 15:10:00,3809.8228454589844,3851.609472363728,3428.9498994272285,4173.521400119596,1746.122188076277,41.786626904744026
140,2017-12-01 16:20:00,2780.6947631835938,2925.4400256705,2585.5717369460067,3317.0975718821114,20951.191012403346,144.74526248690609
141,2017-12-01 21:20:00,2207.857940673828,2099.543113847624,1646.3136452765684,2469.6758902632273,11732.101710390638,108.31482682620435
142,2017-12-02 20:20:00,2288.119613647461,2567.354107410082,2192.3064414681603,2963.71361831248,77971.90250686737,279.23449376262124
143,2017-12-03 07:40:00,1515.9367065429688,1780.5294535461246,1367.5247476483023,2195.8946827085956,70009.32176667605,264.59274700315586
144,2017-12-03 08:00:00,1502.0827865600586,1717.3964758679856,1299.3191409414949,2109.6449674218843,46359.98480339052,215.313689307927
145,2017-12-03 16:30:00,1472.3244094848633,1469.751410724611,1165.9371053757054,1810.3653662712711,6.620322620258064,2.5729987602519486
146,2017-12-03 18:50:00,2991.9208374023438,3268.485091684729,2836.361347339254,3676.5334116867225,76487.78674677186,276.56425428238526
147,2017-12-04 04:50:00,3990.1390075683594,4215.444975688106,3855.860690622048,4586.73650722744,50762.77927037621,225.30596811974647
148,2017-12-04 05:00:00,4258.431243896484,4181.522051884572,3795.22328442389,4593.915495336193,5915.023815925247,76.90919201191264
149,2017-12-04 05:10:00,4529.193084716797,4661.767774472225,4242.42436539606,5091.045211842322,17576.048363748025,132.57468975542815
150,2017-12-04 09:00:00,4706.649566650391,4493.485514371491,4051.2232010188086,4891.116659324558,45438.91318396134,213.16405227889936
151,2017-12-04 10:00:00,3482.4290161132812,3482.6203318871194,3137.2813263543567,3882.6814713497574,0.0366017253192869,0.1913157738381414
152,2017-12-04 12:50:00,6464.0560302734375,6440.046478958709,6052.524355239317,6913.070106719688,576.4585543346014,24.009551314728924
153,2017-12-04 15:20:00,3810.8670501708984,3843.189604500572,3515.5735130342523,4192.878437996077,1044.747518394695,32.322554329673494
154,2017-12-05 12:20:00,2688.03125,2636.210363921582,2214.3990806590255,3044.2615889110175,2685.4042339523735,51.82088607841797
155,2017-12-06 04:10:00,5052.9150390625,4705.039515168379,4369.947487706331,5092.792313200958,121017.3801246093,347.8755238941212
156,2017-12-06 05:20:00,2522.3631896972656,2806.88018928251,2435.2031787931833,3147.500027165344,80949.92305298992,284.5169995852443
157,2017-12-06 08:20:00,4550.9847412109375,4600.447009986237,4221.58410720137,4954.118574867084,2446.5160324000067,49.46226877529989
158,2017-12-08 05:40:00,11902.109985351562,11826.088659723586,11477.427360098767,12203.634817110413,5779.241950234866,76.0213256279767
159,2017-12-08 15:10:00,7787.968933105469,8001.83195625785,7630.667543020923,8362.301741909754,45737.392671875925,213.86302315238115
160,2017-12-08 16:30:00,9399.00537109375,9434.390905273644,9076.934180674987,9747.732083544077,1252.136029196412,35.38553417989351
161,2017-12-09 10:50:00,4191.7694091796875,4025.174650386318,3600.2711486522057,4434.8019437833855,27753.81365742118,166.59475879337015
162,2017-12-10 20:10:00,2546.8652954101562,2654.467226054517,2266.314777116308,3037.147595334356,11578.175478393852,107.60193064436088
163,2017-12-11 05:30:00,7918.455139160156,7283.727546448257,6895.314277568347,7626.43286170497,402879.1169498423,634.727592711899
164,2017-12-11 11:10:00,10888.54296875,10174.010065437247,9831.047086501982,10576.010045012348,510557.26991655165,714.5329033127528
165,2017-12-12 10:50:00,2505.1818237304688,2442.220179399934,2017.2405292489825,2838.586288698149,3964.1686568047785,62.96164433053491
166,2017-12-12 13:20:00,4747.974761962891,4921.3754383583355,4524.6217410814725,5386.966396369213,30067.794574397787,173.40067639544486
167,2017-12-12 13:40:00,6801.0521240234375,7297.104160545708,6885.36112203513,7665.805610958227,246067.6229378916,496.0520365222701
168,2017-12-14 02:10:00,12255.096313476562,12148.902417634185,11701.18235559243,12546.989926416709,11277.14351418182,106.19389584237796
169,2017-12-14 04:50:00,12289.27587890625,12304.107848517257,11901.928124456868,12698.279412586304,219.98732254176844,14.831969611004752
170,2017-12-15 11:30:00,9316.859344482422,9017.168291794813,8637.76119556348,9440.392269674068,89814.72706100835,299.69105268761086
171,2017-12-15 16:30:00,8324.335266113281,8304.263695909107,7921.679491153172,8683.552880099522,402.86793046109955,20.07157020417435
172,2017-12-16 05:00:00,2103.4785766601562,2247.629249978579,1907.1301698686384,2663.7235281273256,20779.41661815466,144.15067331842283
173,2017-12-17 02:50:00,670.3574485778809,799.893214491714,384.05022613697616,1179.6921414665426,16779.51465088339,129.5357659138332
174,2017-12-17 04:20:00,427.5851140022278,466.6906662030856,62.38305545872413,810.4894005083285,1529.2442129340145,39.1055522008578
175,2017-12-17 15:10:00,6997.337341308594,7033.701739636411,6656.302487514864,7410.326881596507,1322.369465744145,36.36439832781707
176,2017-12-17 23:20:00,4620.360122680664,4550.245870849544,4122.509041666614,4968.60032312052,4916.008309837696,70.11425183111987
177,2017-12-18 00:00:00,5083.170654296875,5065.066540150079,4728.75795800785,5526.874599551821,327.75894904021317,18.104114146795837
178,2017-12-18 01:10:00,4496.505527496338,4401.215453014259,4027.366262584804,4806.5934294525,9080.19829480017,95.29007448207904
179,2017-12-18 03:00:00,5084.129302978516,5221.635753929338,4843.547177542545,5641.909186991647,18908.024053090816,137.506450950822
180,2017-12-18 07:00:00,2530.6841735839844,2357.679252690861,1981.7893608894935,2741.962132843506,29930.702653235818,173.0049208931232
181,2017-12-18 13:50:00,-9.388533055782318,22.516352606760655,-313.7980952306638,398.0619785165055,1017.9217291399402,31.904885662542977
182,2017-12-19 01:20:00,6737.045471191406,6769.830799414714,6399.065061582791,7118.338644235266,1074.8777467100472,32.78532822330817
183,2017-12-19 10:50:00,1265.7999954223633,1092.4161925382864,691.8147787813666,1511.0970982984206,30061.94310254443,173.38380288407689
184,2017-12-19 22:00:00,3198.9701538085938,3226.8888488084226,2743.608570634148,3633.581692153915,779.4535304934689,27.91869499982886
185,2017-12-20 17:10:00,940.1513900756836,932.3986104040356,524.7906671251062,1346.9395915923103,60.10559263711847,7.752779671648
186,2017-12-20 19:20:00,971.9172515869141,1228.224741668644,788.5883596475898,1639.2529016226947,65693.52947199604,256.30749008172984
187,2017-12-20 20:20:00,706.4313735961914,772.8369981983243,336.0174989639168,1156.3287353433795,4409.706978799397,66.40562460213289
188,2017-12-22 01:30:00,3393.0440368652344,3162.5700109920103,2722.466677563983,3569.0682716573588,53118.27660221154,230.47402587322404
189,2017-12-22 21:00:00,1863.74755859375,1885.842087532557,1505.968895129983,2217.752051649214,488.168209027765,22.09452893880666
190,2017-12-23 01:50:00,3034.9107666015625,2860.8707958493146,2496.034093100427,3294.4988983404855,30289.9114194433,174.03997075224788
191,2017-12-23 03:50:00,2685.2632904052734,2690.0695315821145,2358.757313675747,3103.1927660980314,23.099954249962085,4.806241176841013
192,2017-12-23 19:30:00,9778.54443359375,9627.344598358372,9188.140585415356,9987.239153476212,22861.39017520505,151.19983523537667
193,2017-12-23 20:00:00,10100.010009765625,10073.110589040576,9691.808533116626,10472.5922325815,723.5788353431909,26.899420725048913
194,2017-12-24 12:50:00,11198.56591796875,11342.203724370584,11004.873066310038,11727.705221801383,20631.819427930623,143.6378064018336
195,2017-12-24 17:30:00,6083.247741699219,5986.37619117302,5594.153842326895,6350.98721644088,9384.09730134991,96.87155052619892
196,2017-12-24 20:10:00,4902.919036865234,5069.790976556576,4724.428056169923,5443.832893198355,27846.2442563509,166.87193969134205
197,2017-12-25 03:10:00,11633.827758789062,11691.885564477348,11345.690889456282,12076.937324581402,3370.708801338558,58.057805688284134
198,2017-12-25 15:50:00,11487.9453125,11747.022696311264,11368.94673403129,12097.351786796542,67121.09080248882,259.07738381126364
199,2017-12-26 07:20:00,11742.455200195312,11496.308621259166,11134.263379196522,11854.290699131065,60588.13832196855,246.1465789361464
200,2017-12-27 16:10:00,11022.363403320312,10849.322555095809,10451.56670502226,11348.64447547897,29943.13515425641,173.04084822450568
201,2017-12-28 02:30:00,7928.0667724609375,8056.203459480585,7642.392012281909,8494.689182219417,16419.01056037099,128.13668701964707
202,2017-12-28 11:10:00,7018.7752685546875,6778.224587365963,6408.385062199956,7172.711912180164,57864.63022035933,240.5506811887244
203,2017-12-28 16:10:00,7608.097106933594,8038.258687663573,7592.011691090468,8454.310048070627,185038.98553611463,430.1615807299795
204,2017-12-28 20:20:00,5220.2032470703125,5738.868627037544,5362.543674465361,6100.635057073568,269013.7763765524,518.6653799672313
205,2017-12-29 19:50:00,12290.628173828125,12197.044874365049,11830.14533973491,12612.596722072512,8757.833938396176,93.58329946307822
206,2017-12-30 00:00:00,5600.1597900390625,6232.939815805994,5821.074930612351,6640.433738040599,400410.5610095984,632.7800257669314
207,2017-12-30 08:30:00,12162.199462890625,11967.65629719356,11584.678603798337,12326.743670666743,37847.04331943568,194.54316569706495
208,2017-12-30 09:00:00,12307.257568359375,12369.419981114585,11967.52919140418,12706.3468784469,3864.1655595488087,62.1624127552077
209,2017-12-30 12:40:00,11896.778442382812,11886.2035440754,11422.83322401886,12333.499594271943,111.82847421213911,10.574898307413603
210,2017-12-31 00:40:00,7585.512634277344,8043.431366155776,7605.595341038337,8409.945384703658,209689.56500515173,457.9187318784325
211,2017-12-31 19:00:00,5858.103454589844,6726.451424311706,6316.643546291238,7153.722277059463,754028.1965200809,868.3479697218627
212,2018-01-01 04:00:00,11718.101196289062,11659.009430138824,11105.867506509469,12024.010117545631,3491.8368267545297,59.09176615023898
213,2018-01-01 08:10:00,4274.067047119141,4468.49274635131,4099.06188643889,4866.004140133865,37801.35252191815,194.4256992321698
214,2018-01-01 13:10:00,2180.836715698242,2202.9731255874667,1788.8260130094966,2558.319602128339,490.0206427837573,22.136409889224524
215,2018-01-05 09:20:00,2019.518539428711,2094.700919436271,1714.0589209645595,2441.2825992806283,5652.390263601144,75.18238000755991
216,2018-01-07 20:40:00,9152.434875488281,8674.961849785053,8272.744008950298,9107.130794491364,227980.49027419533,477.4730257032279
217,2018-01-07 21:10:00,9483.043884277344,8773.449484805962,8387.482451198688,9177.716690418862,503524.21176115074,709.5943994713816
218,2018-01-08 02:50:00,7535.689025878906,7303.721333530015,6901.973625514025,7757.477066944751,53809.01029366995,231.96769234889143
219,2018-01-08 11:10:00,1710.8214569091797,1913.3576452052516,1537.4730582233683,2336.8552752896157,41020.907569501906,202.5361882960719
220,2018-01-08 14:10:00,1359.7525634765625,1396.0090136989938,1016.1463745254754,1807.823988421396,1314.5301827316416,36.25645022243134
221,2018-01-09 05:00:00,1815.3250579833984,1863.6656177901757,1401.2097818378325,2251.751290570944,2336.8097224326098,48.340559806777264
222,2018-01-09 17:40:00,579.653977394104,595.5818521010366,175.7351570195458,994.0928585485852,253.69719267974276,15.927874706932585
223,2018-01-10 02:10:00,1624.3532485961914,1636.9715274057514,1235.7645696372952,2089.3447820553392,159.22096011579154,12.618278809560024
224,2018-01-10 10:10:00,1806.7266387939453,2171.0780414597552,1814.496132988788,2560.1698932716404,132751.94462454316,364.3514026658099
225,2018-01-10 17:30:00,772.7038059234619,855.6691303831631,407.3643376407224,1297.236086583605,6883.245062703486,82.96532445970115
226,2018-01-10 22:50:00,1553.9687194824219,1463.8754599865288,1110.166102094135,1870.4627181569087,8116.795406594334,90.09325949589312
227,2018-01-12 02:40:00,-5.563871573656797,-10.482250821487808,-323.6157512638101,411.2278402014411,24.19045442549474,4.918379247831011
228,2018-01-12 03:30:00,-7.5671641528606415,-80.19050914940637,-407.0860120958908,357.1895403856623,5274.150238487303,72.62334499654573
229,2018-01-13 02:40:00,3419.8136444091797,3541.647196077889,3116.3754691096005,3935.303114594348,14843.414312211957,121.83355166870888
230,2018-01-13 04:20:00,5998.264831542969,6106.512052545738,5689.432088172388,6500.089659173945,11717.460854822322,108.24722100276904
231,2018-01-13 13:00:00,5008.039306640625,4880.141991642381,4469.469089493194,5295.898230926002,16357.723183760032,127.89731499824391
232,2018-01-13 15:40:00,4988.894012451172,5198.147835930253,4793.639066754689,5569.834528583463,43787.16264061435,209.2538234790809
233,2018-01-13 18:00:00,6512.352722167969,6412.604100317349,6071.8900823342565,6795.862845322952,9949.787561098008,99.74862185062013
234,2018-01-13 20:30:00,1966.4927673339844,2061.0878581756156,1704.0992297615974,2449.408257590821,8948.231211336457,94.5950908416312
235,2018-01-14 01:00:00,879.6583557128906,805.6834180620991,447.4067471325867,1149.3860065073195,5472.29140043849,73.9749376507915
236,2018-01-15 05:20:00,12121.287231445312,12089.763373755824,11623.171198960095,12472.255165413608,993.753603627096,31.523857689488068
237,2018-01-15 09:50:00,9190.1845703125,9574.021552433607,9215.346665857584,9965.733417529867,147330.82884383918,383.8369821211072
238,2018-01-15 21:40:00,11513.484252929688,11576.604045549368,11174.16051023508,11992.657252172045,3984.10822035142,63.11979261968008
239,2018-01-16 02:50:00,8374.976257324219,9199.600179312978,8839.569314601255,9666.750556658488,680004.6127161235,824.6239219887593
240,2018-01-16 03:20:00,8945.75732421875,9178.673167728171,8810.969165019842,9643.60886514439,54249.79015770612,232.9158435094232
241,2018-01-16 09:00:00,10765.323364257812,10469.15707806632,10023.825787505984,10912.235565554234,87714.4690764618,296.1662861914938
242,2018-01-16 15:00:00,9045.509033203125,9362.851672602665,9000.255100206543,9777.496319851412,100706.35078106624,317.3426393995396
243,2018-01-16 16:30:00,9947.03125,9948.128409347792,9635.508061350716,10291.389235692846,1.203758634446496,1.097159347791603
244,2018-08-20 21:50:00,659.5477066040039,711.1265108584588,313.06932036337736,1080.60854758886,2660.3730483193744,51.578804254454894
245,2018-08-21 03:20:00,163.69585740566257,174.8327190101257,-275.34690587499,545.9549565326388,124.02968639696552,11.13686160446315
246,2018-08-21 12:20:00,1214.3503799438477,1118.9736210533072,767.3318680417564,1478.5932643670335,9096.726136464296,95.37675889054049
247,2018-08-22 03:40:00,1266.369773864746,1319.3558420478523,875.9112766240931,1699.295527980703,2807.5234215048063,52.986068183106454
248,2018-08-22 05:20:00,822.1614503860474,844.2327622663212,471.7802882943721,1212.4778140116907,487.14280811631585,22.07131188027381
249,2018-08-22 07:00:00,1005.7333831787109,984.4627257983504,630.8769134063522,1328.6532646133155,452.44086539268415,21.27065738036049
250,2018-08-22 18:40:00,1598.6791458129883,1498.9451296537268,1154.5277072772442,1853.048299357243,9946.873979255834,99.7340161592615
251,2018-08-22 21:10:00,1851.5509567260742,1731.007227955027,1325.3340846736746,2135.9670906273145,14530.790546027793,120.5437287710472
252,2018-08-23 06:00:00,395.1958694458008,443.9485901721875,34.572686228701784,790.8701656474018,2376.827778225062,48.75272072638677
253,2018-08-23 08:50:00,496.18995666503906,470.65262468613946,53.5396149782353,809.9066132261328,652.1553246005283,25.5373319788996
254,2018-08-23 19:10:00,5586.925354003906,5773.013251175281,5401.86846491357,6150.913073115666,34628.70547366409,186.0878971713746
255,2018-08-24 00:20:00,4260.676330566406,4353.449332170042,3940.8868467481466,4711.599414975838,8606.8298265482,92.77300160363576
256,2018-08-24 08:30:00,6888.0540771484375,6815.39837234234,6401.108609777116,7282.481447160618,5278.851440870804,72.65570480609767
257,2018-08-25 03:00:00,8640.534362792969,8359.471643160565,7934.901068593426,8706.691455497432,78996.25236716332,281.06271963240397
258,2018-08-25 21:40:00,941.9359741210938,809.6042760105919,395.92194540695374,1154.1698740394695,17511.678324809003,132.33169811050186
259,2018-08-26 05:40:00,2427.9063568115234,2382.228746178097,2056.1239021452484,2757.50761600847,2086.4441131789513,45.677610633426866
260,2018-08-26 14:30:00,9098.828857421875,8725.764533677577,8285.485527869398,9199.554663178897,139176.98965079055,373.06432374429824
261,2018-08-26 15:20:00,3988.5804748535156,3613.7572606287895,3141.962865329242,3997.9249641056263,140492.44192175494,374.82321422472614
262,2018-08-29 05:30:00,825.5869827270508,997.5917914524508,574.904442909789,1395.0487303968844,29585.65422466149,172.00480872540015
263,2018-09-01 11:30:00,2388.015869140625,2376.968896826491,2013.8968536264376,2810.00519124976,122.03559730924552,11.04697231413411
264,2018-09-01 17:00:00,937.1977920532227,854.6309345784041,449.1345412627533,1229.1861729330387,6817.285953267002,82.56685747481856
265,2018-09-01 21:00:00,1577.0677185058594,1596.9302315910368,1170.1370786037664,2074.03249988747,394.51942605884335,19.862513085177397
266,2018-09-02 21:00:00,2709.4360427856445,2612.790218121791,2236.3745427791696,3019.2859902189643,9340.415424956234,96.64582466385308
267,2018-09-03 20:10:00,2203.491455078125,2273.2156646138533,1933.263904065274,2656.7278592357675,4861.465395382143,69.72420953572828
268,2018-09-04 19:00:00,1126.0792922973633,1053.4612211051249,621.2157708436725,1479.0122923194383,5273.384263681005,72.6180711922384
269,2018-09-05 11:10:00,1665.7489471435547,1685.1409502515978,1318.249730379885,2092.9864454520516,376.0497845423543,19.392003108043127
270,2018-09-05 19:50:00,337.7019553184509,395.8901710575062,2.5976543611005813,800.1545493510096,3385.868450894842,58.188215739055295
271,2018-09-06 05:10:00,1782.164894104004,1660.3820846723029,1300.0008749636977,2047.3934886620573,14831.052673078008,121.78280943170104
272,2018-09-06 19:20:00,1392.193489074707,1475.4668626529558,1107.2401372194936,1805.4016436243544,6934.45474710258,83.27337357824877
273,2018-09-07 03:00:00,3281.9613647460938,3091.6001610078943,2718.9660036361515,3492.9239266146,36237.387888656296,190.3612037381995
274,2018-09-08 12:10:00,5506.9134521484375,5475.956749019845,5104.135323173513,5937.818240890879,958.3174685918012,30.95670312859238
275,2018-09-09 05:30:00,4311.544952392578,4109.392872234031,3723.6017252062297,4468.405578925621,40865.463512427814,202.1520801585475
276,2018-09-09 10:20:00,10412.590698242188,10631.028312126828,10218.962909466189,10999.42004027042,47714.99115961511,218.4376138846401
277,2018-09-11 17:20:00,717.3424682617188,673.338981871302,320.10811868294445,1096.2154790656275,1936.3068145115872,44.0034863904167
278,2018-09-11 19:20:00,2141.494384765625,2143.3972592410423,1802.8574369296207,2456.004284855266,3.620931269194742,1.9028744754173204
279,2018-09-12 12:00:00,401.19806003570557,296.840077213521,-118.1003718225292,728.0827946440645,10890.58857871537,104.35798282218455
280,2018-09-12 20:10:00,1178.8230228424072,1102.6962467591811,753.607262790219,1471.496542628356,5795.2860368256115,76.12677608322588
281,2018-09-12 20:40:00,1196.27703332901,1164.8360393202713,795.1930866011962,1560.386102524605,988.5361042575428,31.4409940087387
282,2018-09-13 07:30:00,307.32154619693756,271.3559902195148,-118.74427658257088,648.9471135631146,1293.5212167651296,35.96555597742275
283,2018-09-13 15:10:00,2230.318603515625,2016.3014601343696,1611.137177978293,2389.2065514477836,45803.337661072845,214.01714338125544
284,2018-09-13 20:30:00,1122.4465637207031,1001.8084693077222,572.6112264331362,1430.6716217509625,14553.549823595287,120.63809441298088
285,2018-09-14 07:10:00,3985.9112548828125,3983.248440605922,3617.5392076734265,4305.062417739081,7.090579873211653,2.662814276890458
286,2018-09-14 07:20:00,3575.042449951172,3776.282725878853,3283.983303005908,4125.816538094595,40497.648655449215,201.24027592768107
287,2018-09-14 09:00:00,2988.109649658203,2813.742324937614,2455.4700295573643,3250.005685587196,30403.963930215432,174.3673247205893
288,2018-09-14 18:10:00,5615.0196533203125,5565.439814978886,5194.982445168316,5927.088004797014,2458.160369962005,49.579838341426694
289,2018-09-14 23:40:00,2456.4479370117188,2586.477229553792,2252.3563540392083,2935.762910489336,16907.61691899203,130.0292925420731
290,2018-09-15 05:30:00,4985.038269042969,4959.260983124924,4596.673311516605,5314.067393927551,664.4684693006401,25.77728591804498
291,2018-09-15 12:50:00,2785.9874877929688,2519.4119140245075,2128.7290596582075,2866.7057249679165,71062.53652998433,266.57557376846125
292,2018-09-16 03:40:00,5017.0216064453125,4950.826531685051,4554.956485330759,5370.176518759098,4381.7879225165925,66.19507476026138
293,2018-09-16 05:30:00,4018.6456909179688,3851.2695113418304,3484.9574870571932,4227.266689677592,28014.785489503724,167.37617957613838
294,2018-09-17 06:10:00,3985.0712280273438,4040.559896202012,3549.00572202155,4460.67284206141,3078.99229579846,55.48866817466842
295,2018-09-18 13:10:00,11903.34619140625,11985.523892653804,11545.193572866025,12383.978192862667,6753.17458233225,82.17770124755407
296,2018-09-19 00:50:00,8805.173950195312,8873.57790528403,8456.45503705096,9277.557342300448,4679.101071779259,68.40395508871734
297,2018-09-19 03:20:00,5203.22509765625,5093.6751267205245,4681.9823178824345,5510.173661371657,12001.196132018296,109.54997093572548
298,2018-09-20 09:50:00,-4.7513511180877686,-108.96907068949696,-548.2458791607144,270.5624554777458,10861.33307266489,104.2177195714092
299,2018-09-20 11:40:00,529.0370445251465,459.2543120882526,57.1491971565421,918.7463471538448,4869.629746359119,69.78273243689387
300,2018-09-21 06:30:00,11621.459350585938,11363.59724256217,10972.897936798336,11732.472585289472,66492.86675446144,257.8621080237681
301,2018-09-21 10:00:00,12109.869873046875,12178.572749338862,11769.283086843712,12537.599298104258,4720.085210792096,68.7028762919872
302,2018-09-22 11:20:00,1860.6466522216797,1857.2192265324768,1455.2079909112597,2240.3945582480915,11.747246855007916,3.4274256892028916
303,2018-09-23 00:40:00,102.57740592956543,84.41736661310641,-250.76453976431847,467.1058014833728,329.7870279753374,18.16003931645902
304,2018-09-23 03:50:00,1230.1563262939453,1307.2296745774595,961.1604300919106,1683.2368780378551,5940.301015631913,77.0733482835144
305,2018-09-23 13:20:00,5925.009948730469,5769.956039866358,5412.712801413387,6149.833204650885,24041.714654039977,155.05390886411078
306,2018-09-24 00:40:00,5574.931091308594,6131.088224480247,5755.763006500998,6556.104644009032,309310.75677771197,556.1571331716532
307,2018-09-24 04:10:00,4831.260223388672,5307.581245982343,4980.550083522839,5679.326537656765,226881.71656468036,476.32102259367093
308,2018-09-24 13:00:00,1266.5650482177734,1008.130292528833,648.6220697396014,1370.080279025731,66788.52294800233,258.4347556889404
309,2018-09-24 20:30:00,1009.3652648925781,1087.397937122487,609.7704041541435,1465.2638992850889,6089.097935340402,78.03267222990894
310,2018-09-25 03:40:00,-6.1011060774326324,-2.823834291858254,-402.72157868268846,404.9655305017768,10.740510356521874,3.2772717855743783
311,2018-09-25 12:00:00,2712.3753967285156,2568.7528414681465,2196.0654263566776,2927.76145515102,20627.438379517793,143.62255526036915
312,2018-09-25 16:50:00,4071.113494873047,4063.6520310217097,3714.765588604472,4487.88346190427,55.67344280481112,7.461463851337157
313,2018-09-25 19:10:00,3474.3150329589844,3484.76185932539,3108.607734333077,3829.9177152596576,109.13618112982996,10.44682636640573
314,2018-09-26 01:10:00,8199.959106445312,8577.207216143624,8102.416242705195,8996.288976905142,142316.13627094962,377.248109698312
315,2018-09-26 02:00:00,6343.1063232421875,7108.38507213503,6721.456000149916,7538.804890477233,585651.5635069943,765.2787488928425
316,2018-09-26 03:20:00,7966.8699951171875,8711.594958024762,8402.961252136613,9128.240587254531,554615.2703776876,744.7249629075741
317,2018-09-27 08:40:00,897.175178527832,856.792980023498,500.5272041146669,1238.1453669408222,1630.7219560434385,40.38219850433404
318,2018-09-28 04:20:00,3579.87255859375,3482.9128321162298,3101.3933813777644,3876.9448312545665,9401.18855859554,96.95972647752023
319,2018-09-28 04:40:00,3214.4047241210938,3129.171781130839,2828.932831913326,3554.1211631431033,7264.654570780015,85.23294299025474
320,2018-09-28 20:00:00,610.480396270752,659.8531575742422,258.1230435739963,1055.9952917961714,2437.669558731427,49.37276130349028
321,2018-09-29 20:30:00,2130.6971435546875,1874.783593101014,1495.5924383177498,2303.310957535299,65491.74530580487,255.91355045367345
322,2018-09-30 01:30:00,2765.493377685547,2945.9984436467766,2563.29977143477,3320.747349185989,32582.078837667912,180.50506596122975
323,2018-10-01 15:10:00,1909.149154663086,1862.920293852591,1379.2764994487088,2269.9240073836945,2137.107571836121,46.22886081049501
324,2018-10-02 08:40:00,2462.251434326172,2213.654561480312,1781.241353097778,2633.339024914583,61800.40518874054,248.5968728458597
325,2018-10-02 10:10:00,9256.113952636719,8791.45438796726,8427.25926790214,9151.590620246252,215908.5110388108,464.65956466945863
326,2018-10-02 10:30:00,10773.2314453125,10115.802824772389,9635.42198061076,10471.789505215169,432212.39110527607,657.4286205401131
327,2018-10-02 22:00:00,3659.531021118164,3392.194514299149,3038.6467538840607,3780.3134002161646,71468.8078781933,267.3365068190151
328,2018-10-03 00:30:00,3241.672561645508,3180.8856556877,2726.9046031311364,3610.596254869215,3695.047935923382,60.7869059578079
329,2018-10-03 01:30:00,2334.6773376464844,2152.4178992884617,1778.4931886319528,2526.5306044110007,33218.502870581855,182.25943835802263
330,2018-10-03 12:00:00,1178.8041458129883,1113.462174817926,680.7975308642555,1472.6408702802566,4269.573173519548,65.34197099506218
331,2018-10-03 16:40:00,435.20025062561035,385.64426660147853,35.00238210714576,806.8915263527175,2455.795552600008,49.55598402413182
332,2018-10-04 00:20:00,1845.7942810058594,1802.580608371902,1429.8531411539225,2126.9511052762573,1867.421502514824,43.21367263395723
333,2018-10-04 03:20:00,1156.1472206115723,1306.0996254818403,958.6037983276176,1694.2099601742668,22485.7237263768,149.95240487026808
334,2018-10-04 17:20:00,3499.422882080078,3925.941169167967,3579.419252688103,4322.452186598674,181917.8492203872,426.51828708788935
335,2018-10-04 22:40:00,5133.095245361328,5391.2524426524005,5037.708338854629,5839.060043497739,66645.13851318168,258.1571972910724
336,2018-10-05 21:10:00,164.47146075963974,306.2812143703342,-146.61128356583524,651.0955702545543,20110.006219125877,141.8097536106945
337,2018-10-06 12:10:00,8971.686645507812,8974.714444482368,8625.277007933564,9491.23333317211,9.16756663031922,3.0277989745554805
338,2018-10-07 07:00:00,312.9226336479187,401.5484384770565,-4.4137461426112985,783.0128942100964,7854.533281612414,88.62580482913773
339,2018-10-08 06:40:00,3936.0162963867188,4136.424238767544,3715.923525495616,4505.664687030199,40163.34336931618,200.4079423808253
340,2018-10-08 18:30:00,4551.956298828125,4403.80998911395,4038.114359567706,4800.875819816443,21947.329081928263,148.146309714175
341,2018-10-10 16:00:00,1870.889892578125,2120.1034292266045,1700.1371888838155,2578.365802415078,62107.38684884302,249.21353664847948
342,2018-10-10 17:50:00,874.8890686035156,853.1682260971432,430.44495169866815,1283.1241100108325,471.7949991866331,21.720842506372374
343,2018-10-12 01:20:00,7721.3551025390625,7492.804463769618,7126.567436146473,7875.860067473993,52235.3944819209,228.55063876944405
344,2018-10-12 05:20:00,11265.002563476562,10897.835083344948,10513.025599550992,11322.377021833576,134811.9584661998,367.16748013161487
345,2018-10-12 20:00:00,12074.534545898438,11836.549338514362,11251.392145335769,12432.78934099652,56636.95893364152,237.9852073840757
346,2018-10-12 23:00:00,11485.358764648438,11258.343599913958,10833.910012154596,11655.406837016562,51535.88501942272,227.0151647344792
347,2018-10-13 18:10:00,12215.611083984375,12085.268739128558,11648.84766470183,12514.202715030098,16989.1268625127,130.34234485581692
348,2018-10-13 23:20:00,6397.291259765625,6096.231324762347,5725.589409434023,6429.536028808035,90637.084464178,301.05993500327804
349,2018-10-14 02:00:00,3292.7557373046875,3336.8575922316163,2898.750778765806,3719.994390556307,1944.9736079958748,44.10185492692881
350,2018-10-14 02:40:00,3515.581329345703,3521.2759784186446,3097.2290894043795,3858.612410540867,32.4290280639535,5.694649072941502
351,2018-10-14 10:50:00,6207.941955566406,5746.069786287965,5381.744189700698,6127.973318514886,213325.90075397296,461.8721692784411
352,2018-10-14 17:00:00,4127.434844970703,3825.0946341687386,3425.1970163122955,4216.821439144963,91409.60306777636,302.34021080196453
353,2018-10-15 17:20:00,4159.4163818359375,4224.444174848278,3799.988380846718,4548.923523654302,4228.613864055765,65.02779301234023
354,2018-10-16 01:20:00,-4.92313814163208,-85.52167283502084,-523.2380117608174,350.3610665140144,6496.123794721391,80.59853469338876
355,2018-10-16 10:50:00,512.6366081237793,472.2964589786172,97.69546051805214,855.2828302749837,1627.3276330539238,40.340149145162115
356,2018-10-16 11:30:00,779.3396072387695,828.3833580831923,476.1177243044348,1183.028059448796,2405.289496889821,49.04375084442279
357,2018-10-17 20:30:00,2544.505889892578,2409.937489350179,1998.296930463665,2794.01191859748,18108.65442453956,134.5684005423991
358,2018-10-19 21:30:00,2332.9455642700195,2293.480185083752,1887.9416802574767,2678.5359613565706,1557.5161543158724,39.465379186267455
359,2018-10-21 01:20:00,1352.8767929077148,1143.5704196154054,753.4989637621431,1555.900432601154,43809.15790077959,209.30637329230944
360,2018-10-21 08:40:00,2000.316177368164,1767.1765694213173,1365.6067776290645,2128.9757709024852,54354.076793609434,233.1396079468468
361,2018-10-22 06:00:00,3214.6592559814453,3296.4161132596287,2934.4960062748955,3715.155567187194,6684.183712005243,81.75685727818336
362,2018-10-23 00:40:00,8691.359619140625,8701.226881513086,8329.460493912919,9043.82581594446,97.3628667269942,9.867262372461482
363,2018-11-15 04:30:00,1068.1036529541016,1194.3701052495835,734.6666272570749,1602.365169346801,15943.216975287274,126.26645229548215
364,2018-11-15 17:40:00,1563.3890075683594,1592.003803012738,1264.1123712805986,1951.9443266875337,818.8065183236312,28.614795444378615
365,2018-11-16 09:20:00,164.59779822826385,204.45176956731845,-219.204928643484,572.8268891293212,1588.339031494185,39.853971339054596
366,2018-11-19 10:00:00,6562.623718261719,6491.692800269399,6001.099125147667,6930.913409223663,5031.195127233131,70.93091799231934
367,2018-11-20 00:20:00,9349.019165039062,9154.277084493744,8722.95033748005,9512.448068492924,37924.4779351193,194.7420805453185
368,2018-11-20 03:10:00,10109.68115234375,9746.725366777344,9366.506178266873,10184.390200004324,131736.902276127,362.9557855664061
369,2018-11-20 12:30:00,6282.16064453125,6154.809766571499,5777.128121247704,6514.695581882783,16218.2461171195,127.3508779597514
370,2018-11-21 04:10:00,1001.1664047241211,859.7747782872061,508.63123148609145,1344.0516047590684,19991.592026476115,141.39162643691498
371,2018-11-21 10:30:00,3187.2174072265625,3103.107206105662,2717.250895170347,3557.8765983625317,7074.525932598324,84.11020112090046
372,2018-11-22 01:10:00,387.5275287628174,440.0923285942713,81.2436047586358,878.6202209196615,2763.0581813208173,52.56479983145391
373,2018-11-22 08:20:00,1619.4249725341797,1561.5670769589292,1177.3625176929688,1915.1160374275323,3347.536080396591,57.857895575250495
374,2018-11-22 08:30:00,1150.6346054077148,1103.6144588932736,637.1860952702266,1551.9101672766208,2210.8941782395164,47.020146514441194
375,2018-11-22 23:00:00,200.1968069076538,246.7453758152954,-181.6627838066951,615.7674050060507,2166.769267349458,46.548568907641595
376,2018-11-23 18:20:00,1210.4901580810547,1124.4002084120873,724.1564735490365,1522.7575125303706,7411.479434005339,86.08994966896739
377,2018-11-24 02:50:00,3389.200408935547,3191.701884181225,2798.924021525476,3601.2797132113737,39005.667280133464,197.4985247543218
378,2018-11-24 04:50:00,1900.5677795410156,1911.7769685944131,1515.137364255195,2258.0133844236693,125.64591923480624,11.209189053397496
379,2018-11-24 05:40:00,2124.036148071289,2490.433704342319,2094.284826340778,2887.6933530044853,134247.16924138242,366.39755627102977
380,2018-11-24 08:10:00,4248.93310546875,3970.751318615752,3638.137596949507,4335.79794333334,77385.106536727,278.18178685299836
381,2018-11-24 10:10:00,3936.9573974609375,3776.7404302110617,3288.33060374966,4158.891510964033,25669.476594747768,160.21696724987578
382,2018-11-25 11:20:00,1106.9659957885742,1254.6109376895647,783.4005269799535,1647.3732016422446,21799.028868946854,147.6449419009905
383,2018-11-27 20:20:00,1810.6453857421875,1656.76383364428,1256.3021100756473,2038.9300049203375,23679.532076060987,153.8815520979074
384,2018-11-28 21:00:00,11709.886474609375,11572.647538280637,11197.246267550723,11957.381366349318,18834.525644643516,137.23893632873842
385,2018-11-28 23:00:00,11452.988403320312,11376.169004991889,10976.07142708125,11755.243169173043,5901.219959541016,76.81939832842363
386,2018-11-29 01:10:00,5356.2901611328125,5251.041697044776,4843.045891587592,5643.081020634823,11077.23919289073,105.2484640880366
387,2018-11-29 07:20:00,12236.162353515625,12072.765863529685,11681.367358695446,12497.78597556019,26698.41293972605,163.39648998594205
388,2018-11-29 19:10:00,10346.350952148438,10342.922105340953,9974.592516399403,10717.662862272346,11.75699042919775,3.4288468074846605
389,2018-11-30 02:00:00,11391.064575195312,11100.772659983137,10757.446914199694,11501.199489653687,84269.39603755307,290.2919152121758
390,2018-12-01 00:20:00,5043.273376464844,5214.916939372564,4836.601450050068,5601.733461924524,29461.5126876566,171.64356290772048
391,2018-12-01 00:40:00,3678.6194458007812,3644.642068687719,3227.7389768799267,3970.514337485417,1154.4621554832413,33.977377113062175
392,2018-12-01 02:10:00,2154.8428802490234,2091.4839543864136,1671.680686113696,2456.539259428454,4014.353486463685,63.358925862609794
393,2018-12-02 02:50:00,8362.684692382812,7933.391350161275,7559.44807102799,8313.71605372705,184292.773675738,429.2933422215374
394,2018-12-02 04:40:00,9382.76953125,8940.58702785806,8523.193446161804,9350.913925926068,195525.36630596255,442.18250339193946
395,2018-12-02 08:20:00,7733.0465087890625,7957.752901745493,7582.780905221912,8367.758830892684,50492.96303548959,224.70639295643016
396,2018-12-02 21:10:00,11354.363647460938,11250.181158164629,10864.827186405522,11643.264143523473,10853.991075975842,104.18248929631044
397,2018-12-03 10:10:00,10566.534545898438,10710.918184967695,10281.402849451692,11088.243681706865,20846.63523088168,144.3836390692577
398,2018-12-03 11:10:00,7282.8438720703125,7661.593186509549,7296.325236573061,8013.863348708942,143451.04318819166,378.7493144392365
399,2018-12-03 14:40:00,4224.467544555664,4212.633313179455,3816.2634096429656,4564.583931054228,140.0490322656416,11.834231376208663
400,2018-12-04 07:00:00,3584.2863159179688,3861.7438253881537,3468.1812388193657,4199.470697283527,76982.66956139752,277.4575094701845
401,2018-12-04 19:10:00,1088.721206665039,1124.782352950328,665.9711973694621,1509.4842840200745,1300.4062714090085,36.06114628528894
402,2018-12-04 21:00:00,1441.9387588500977,1465.1419571032502,1124.5618244518023,1829.199600131684,538.3884091751015,23.20319825315255
403,2018-12-05 02:40:00,1923.4452285766602,1930.416231820944,1487.69957647104,2329.4932101443233,48.594886231818336,6.97100324428402
404,2018-12-05 22:40:00,3648.512237548828,3554.7384648242764,3169.7284587214863,3921.0117549686856,8793.520450995875,93.77377272455168
405,2018-12-05 23:50:00,2315.2076110839844,2495.773556642358,2075.9519577971314,2967.6790235671874,32604.060695389555,180.56594555837364
406,2018-12-08 02:30:00,12292.332641601562,12288.427093651842,11953.914436258365,12713.501903987984,15.253304787563115,3.9055479497201304
407,2018-12-08 18:50:00,10817.188110351562,10848.011317022816,10493.120707810742,11298.639517070946,950.0700694988064,30.8232066712535
408,2018-12-09 10:20:00,8148.599670410156,7939.969949061205,7540.900397227033,8281.38149406678,43526.36063014117,208.6297213489515
409,2018-12-09 11:00:00,7625.5579833984375,7492.175516428038,7133.686379698213,7841.18046029529,17790.882495109832,133.38246697039995
410,2018-12-11 12:40:00,352.39344596862793,224.21306820333177,-185.50896207519665,557.5921414304701,16430.20924405403,128.18037776529616
411,2018-12-11 18:20:00,2258.3388671875,2260.40084862384,1909.1448611379517,2644.396589965214,4.25176744381044,2.06198143633992
412,2018-12-11 20:00:00,2072.8944091796875,1819.1971601256084,1422.016255913885,2126.023909723953,64362.29417760742,253.69724905407907
413,2018-12-12 11:40:00,2046.646957397461,2028.358945873079,1698.315793898575,2421.463503578811,334.45136551592884,18.288011524382
414,2018-12-14 07:50:00,4293.323669433594,4887.325501875607,4477.554844583803,5279.790572225654,352838.1769444698,594.0018324420134
415,2018-12-15 08:20:00,11220.616943359375,11007.14944428759,10628.98270913115,11417.29186497687,45568.373159962495,213.4674990717849
416,2018-12-15 14:40:00,12198.88623046875,12091.97295527312,11683.004403081804,12452.346035588302,11430.4484130564,106.91327519562948
417,2018-12-17 02:30:00,6813.6065673828125,6678.131216230377,6227.628411890625,7044.412751650831,18353.570769875816,135.4753511524359
418,2018-12-18 20:30:00,2728.3829650878906,2831.1743154246315,2435.605514129678,3236.764499753822,10566.06170405059,102.79135033674083
419,2018-12-20 03:00:00,4481.377746582031,4310.189060994092,3892.269077389426,4767.229095584237,29305.566073326332,171.1886855879393
420,2018-12-20 08:00:00,6033.965148925781,5987.632068993865,5560.457376847383,6349.408302995494,2146.754295977361,46.33307993191647
421,2018-12-20 15:10:00,8156.754089355469,7862.400145145818,7389.669284526755,8235.717387098062,86644.24447177819,294.35394420965076
422,2018-12-20 21:20:00,3870.6819763183594,3595.6465139881507,3190.838199659243,3973.65231134751,75644.50553919165,275.0354623302087
423,2018-12-21 14:00:00,12145.832275390625,12048.399968129595,11731.836555276572,12380.993716061948,9493.05449820732,97.43230726102774
424,2018-12-21 19:30:00,2167.8414611816406,2057.0741755252698,1630.8573332926524,2417.2120715572564,12269.391571680062,110.76728565637086
425,2018-12-22 06:00:00,9622.28564453125,9203.3593245152,8815.30488661645,9713.490145332307,175499.261602191,418.9263200160513
426,2018-12-22 16:50:00,3806.8969116210938,3712.0444675078343,3287.94921677201,4164.285667927148,8996.986154259013,94.85244411325948
427,2018-12-23 09:20:00,892.1254577636719,818.0641718345756,423.7952296188584,1238.5163875374622,5485.074073471349,74.06128592909624
428,2018-12-23 17:40:00,593.5463809967041,651.8550072687212,254.01847037489688,1081.8640610327918,3399.895897729767,58.308626272017136
429,2018-12-23 21:10:00,1098.9588012695312,1104.009612378729,773.0642543106687,1470.239776674459,25.510692860791988,5.0508111091974115
430,2018-12-24 02:50:00,1409.837532043457,1108.0226997863294,715.4949915116357,1469.5327343340125,91092.19297039809,301.8148322571276
431,2018-12-24 04:40:00,393.42198276519775,315.5695589587163,-135.6724783217648,713.0430612966525,6060.999892544,77.85242380648145
432,2018-12-24 08:20:00,227.24028944969177,199.5427749930543,-152.81602908045485,598.4675502076926,767.1523070756413,27.697514456637464
433,2018-12-24 19:20:00,2314.622283935547,2065.759381582316,1647.4105842460835,2529.2354583514,61932.74416767367,248.86290235323077
434,2018-12-26 09:50:00,1357.7096710205078,1249.8359079036672,853.7345610018072,1624.225313383107,11636.748768988233,107.87376311684056
435,2018-12-26 15:20:00,664.9453659057617,692.6664859520869,312.93335727076465,1077.900496418564,768.4604966227703,27.72112004632515
436,2018-12-27 06:20:00,99.64767336845398,101.39525802860678,-321.5269411388571,503.0315066432656,3.054052144401364,1.7475846601527962
437,2018-12-27 12:10:00,10.241187393665314,90.57571751392295,-298.66623310099834,481.8545452687732,6453.636729642584,80.33453012025765
438,2018-12-28 08:40:00,646.9249725341797,655.6245033166987,191.43939412717037,1026.832444302271,75.68183583599549,8.699530782518991
439,2018-12-29 14:30:00,4470.2698974609375,4207.2447379159485,3868.886252300283,4551.977754269408,69182.23455366693,263.02515954498904
440,2018-12-30 16:40:00,1814.285400390625,1915.391958865289,1545.7762974650132,2330.116485166672,10222.536166590717,101.10655847466433
441,2018-12-31 18:10:00,2412.343276977539,2360.085053821088,2024.3094600606505,2764.043810815535,2730.9218874694416,52.258223156451095
442,2019-01-02 00:40:00,2238.3783111572266,2165.593634913539,1781.1319174940168,2595.9696369386293,5297.609095898408,72.7846762436875
443,2019-01-02 17:20:00,-10.677893549203873,-3.0307879332816037,-358.69821220486455,358.4423780816211,58.478224301069915,7.647105615922269
444,2019-01-03 02:00:00,-13.082487165927887,-4.394229136157008,-363.6877453397513,354.0819842532981,75.48582759187815,8.688258029770878
445,2019-01-03 11:20:00,-10.723883748054504,20.200202896989826,-379.7605088335,415.7373352773581,956.2991348302088,30.924086645044326
446,2019-01-03 14:10:00,-12.516977071762085,-22.292266340926247,-456.6590338794213,381.34402987603414,95.55628029583602,9.775289269164162
447,2019-01-04 04:10:00,717.8407287597656,727.9037718131954,262.594205821546,1123.5839704742568,101.26483549518048,10.063043053429736
448,2019-01-06 20:00:00,840.2601737976074,934.9131045572142,568.9883063061085,1278.5992170136196,8959.177301382912,94.65293075960676
449,2019-01-07 01:10:00,2680.8771209716797,2584.656340796447,2106.3235813576,3034.7164263278432,9258.438537530494,96.2207801752329
450,2019-01-07 04:40:00,3095.4790649414062,2960.3491086607332,2629.5000400079225,3331.3784870660484,18260.1050844166,135.129956280673
451,2019-01-08 14:10:00,4859.381866455078,4682.273502690202,4305.793510055814,5080.335493242081,31367.372515471725,177.10836376487623
452,2019-01-09 18:30:00,2904.552001953125,2940.5271085971567,2549.544952823603,3374.638428722781,1294.2082980494547,35.97510664403171
453,2019-01-09 23:10:00,3210.2357177734375,3522.3982156263355,3165.1987041496145,3901.4857355200465,97445.42506576056,312.162497852898
454,2019-01-10 09:40:00,2859.4202880859375,2653.3255419415664,2272.1415333580667,3127.68365564153,42475.04438831278,206.09474614437113
455,2019-01-12 07:30:00,5741.676239013672,5617.871167435765,5200.993206105767,5996.089203344451,15327.69574841074,123.80507157790726
456,2019-01-12 13:20:00,8447.447631835938,8220.538296155584,7846.210669320125,8664.56329223177,51487.84661889923,226.90933568035325
457,2019-01-12 17:10:00,7320.296813964844,7475.757789961146,7027.235518938623,7832.851136139707,24168.11505772288,155.4609759963023
458,2019-01-13 02:40:00,7527.9405517578125,7396.407399790464,7044.672465103049,7812.644937751815,17300.970066465517,131.5331519673482
459,2019-01-15 08:50:00,4798.709503173828,4681.09873768875,4285.348305447113,5090.564582318447,13832.29215798612,117.61076548507845
460,2019-01-15 10:00:00,5537.191375732422,5721.018251731349,5354.262171376632,6123.331648890006,33792.32033952484,183.82687599892688
461,2019-01-15 21:10:00,5169.877685546875,5182.800733469663,4787.03055115839,5528.891211524812,167.00516761467784,12.9230479227881
462,2019-01-15 22:00:00,6616.380920410156,6569.993210362611,6165.328265761366,6961.093878114318,2151.819643455165,46.387710047545625
463,2019-01-17 02:20:00,3038.325225830078,2990.3743172956833,2652.3832053576866,3418.764958873862,2299.2896292738947,47.950908534394785
464,2019-01-17 10:30:00,7776.142150878906,7235.593195798074,6881.76831488945,7625.405211498569,292193.1728389798,540.5489550808325
465,2019-01-18 00:00:00,359.62596130371094,332.61151894471294,-76.63231575716095,776.0046813717289,729.7800959676252,27.014442358997997
466,2019-01-18 05:10:00,1432.3381423950195,1937.863169488232,1535.5837336023371,2320.248072129843,255555.55301759316,505.5250270932124
467,2019-01-18 05:20:00,1316.1427459716797,1627.6173530328372,1256.375740127285,2107.1199379039817,97016.43084390246,311.4746070611575
468,2019-01-19 00:40:00,5996.427795410156,5920.981535984069,5548.892612658677,6291.838162928309,5692.138061388518,75.44625942608764
469,2019-01-20 15:30:00,4.778052568435669,97.62542047286094,-230.09945850524716,470.67439698737695,8620.633726779699,92.84736790442528
470,2019-01-20 18:30:00,406.16114234924316,493.2851187354347,78.84423605503139,934.6863359402408,7590.587261341671,87.1239763861916
471,2019-01-21 19:10:00,5314.480743408203,5194.339856220339,4797.42393417373,5643.2261109866,14433.832774287035,120.14088718786388
472,2019-01-24 01:50:00,1629.2831268310547,1780.089126100225,1362.1694221429636,2134.8389242936805,22742.449415573006,150.80599926917034
473,2019-01-24 15:20:00,263.1312041282654,267.881308101353,-158.85795637075665,669.9124105167436,22.56348775514278,4.750103973087619
474,2019-01-25 17:50:00,5714.540283203125,5393.992992119638,5019.450044137655,5769.272015142078,102750.5658209617,320.5472910834869
475,2019-01-25 21:20:00,8275.056701660156,8020.824790029147,7627.352264952174,8441.429305196078,64633.86489155722,254.2319116310091
476,2019-01-26 09:50:00,5331.439636230469,5121.468641244566,4706.761930198476,5494.9609926944995,44087.818735369896,209.9709949859025
477,2019-01-26 18:00:00,11157.468872070312,11104.664138030656,10702.760509187474,11479.204708622186,2788.3399369987164,52.80473403965516
478,2019-01-26 23:10:00,3038.2996826171875,3139.428626792102,2760.1862201584477,3504.2316760993253,10227.063349932978,101.12894417491452
479,2019-01-27 10:50:00,11757.998413085938,11847.19599349718,11470.042731600091,12246.641447255775,7956.208351220089,89.1975804112426
480,2019-01-28 03:00:00,10578.620849609375,10401.105966691108,10027.373856717775,10785.483518541489,31511.533657486103,177.51488291826718
481,2019-01-28 06:40:00,7025.89306640625,7353.991384714066,6939.306684177253,7767.871597891851,107648.50647641698,328.09831830781604
482,2019-01-28 07:40:00,7906.7965087890625,8112.132422515446,7706.438501917863,8475.901736866308,42162.83746584872,205.3359137263833
483,2019-01-29 14:50:00,2079.3341674804688,2091.8974390403664,1728.8827850919693,2498.537560787108,157.8357922877333,12.563271559897656
484,2019-01-30 02:50:00,7197.4345703125,6739.850980965063,6330.890995397524,7128.740364258311,209382.7412400837,457.5835893474368
485,2019-01-30 04:30:00,5450.808746337891,5173.601674195606,4756.471527941931,5528.539479649944,76843.76084569757,277.20707214228423
486,2019-01-30 06:10:00,6301.260223388672,5820.309631767516,5418.590543448406,6251.744575582126,231313.47158073957,480.9505916211556
487,2019-01-30 09:20:00,3444.081314086914,3374.566153880804,2998.93091071126,3752.130010387647,4832.3574984811485,69.51516020611007
488,2019-01-30 11:30:00,1863.0693664550781,1703.3226247283783,1357.8049600819545,2097.857519587186,25519.021492296943,159.74674172669984
489,2019-01-30 21:20:00,1082.907974243164,1266.0509191306012,852.5401453622411,1759.8579996124313,33541.33826204283,183.14294488743712
490,2019-02-01 01:20:00,7357.8197021484375,7701.362032381216,7264.581080575286,8062.61315940475,118021.33266176716,343.5423302327781
491,2019-02-01 09:00:00,6596.5164794921875,6973.265029583234,6528.838590548327,7350.511810053275,141939.4699957055,376.7485500910461
492,2019-02-01 14:30:00,6877.883361816406,6724.495114177367,6317.5791247392335,7165.428969497511,23527.954513775163,153.38824763903904
493,2019-02-01 23:10:00,6069.9844970703125,6195.508336460427,5838.27256962054,6553.8738009889985,15756.234255235266,125.52383939011452
494,2019-02-02 18:30:00,6686.687438964844,6748.837999301071,6342.760172895411,7070.843944069831,3862.692150107055,62.1505603362275
495,2019-02-03 22:40:00,7375.682312011719,7455.98995766754,7063.16472848112,7823.928106530078,6449.317950780911,80.30764565582103
496,2019-02-04 21:00:00,1041.3878021240234,1127.453887086957,723.5288534521552,1584.4475426065085,7407.370980846883,86.06608496293347
497,2019-02-06 20:30:00,3473.329634094239,3695.59013337164,3351.7851558009033,4122.959604110312,49399.72953903971,222.26049927740132
498,2019-02-07 00:40:00,5769.342684936528,6018.383146038835,5615.504130818161,6381.3609203555,62021.1512660496,249.04046110230684
499,2019-02-07 15:30:00,9732.358764648448,9937.730847249755,9515.094636565327,10311.784958086091,42177.69231199874,205.37208260130865
500,2019-02-07 23:20:00,7550.977259764207,7573.0901839077505,7193.568916016416,7976.549594513938,488.98141417812013,22.11292414354375
501,2019-02-08 00:40:00,8030.880841064451,7462.472599045889,7096.327654110165,7834.522635654798,323087.92959463043,568.4082420185605
502,2019-02-08 12:30:00,12281.55524902345,12273.949010680466,11875.534909747785,12690.270589580789,57.8548617302722,7.606238342983488
503,2019-02-08 19:00:00,12163.90579223633,12089.529359414662,11635.889237217974,12509.315307614264,5531.853759275756,74.37643282166573
504,2019-02-09 18:20:00,7353.354095459,7975.1037501043,7542.722632106052,8312.809728232965,386572.63305155025,621.7496546453003
505,2019-02-09 18:50:00,9418.79414367678,9285.001180000958,8929.240310469519,9664.687042472984,17900.557129159755,133.79296367582174
506,2019-02-09 20:00:00,7499.592404174803,7601.004048559557,7164.452782595201,7986.541838125855,10284.321616820043,101.41164438475516
507,2019-02-09 22:50:00,3181.304910278321,3366.714657898835,3039.1350949228504,3789.625422837684,34376.7745127028,185.40974762051428
508,2019-02-10 23:10:00,3225.817075729371,3363.0289422216047,2937.4180748251033,3711.425773325941,18827.09630628255,137.21186649223364
509,2019-02-11 09:30:00,1241.530821689963,1080.4477328153455,699.6162177493828,1560.6837069910566,25947.76152138784,161.08308887461726
510,2019-02-11 11:50:00,2364.919096374513,2206.742292002792,1806.0842344835728,2585.238208464601,25019.90144124959,158.17680437172066
511,2019-02-11 20:20:00,1367.601578842966,1385.2258770680464,963.1759396093132,1773.8784869547965,310.6158879265619,17.62429822508011
512,2019-02-13 18:50:00,4559.4885879516605,4713.452694268209,4265.001700286978,5073.6075505839635,23704.946033853343,153.96410631654817
513,2019-02-13 21:30:00,8693.627633667,8987.814894011552,8565.521578844191,9352.360984999454,86546.14414903308,294.18726034455176
514,2019-02-14 01:40:00,2384.381835937501,2310.9406302245447,1947.7055842016673,2665.1958235419634,5393.610696572745,73.44120571295616
515,2019-02-14 21:10:00,4365.594553375243,4210.751089069518,3838.716476298565,4598.123352113184,23976.498438198432,154.84346430572532
516,2019-02-15 10:10:00,2165.4938749123735,2034.6737392981995,1620.9210150259437,2412.599051956931,17113.907882110812,130.82013561417375
517,2019-02-15 15:10:00,6386.019927978513,6087.778505770488,5749.231239886487,6451.745176500247,88947.94592066552,298.24142220802514
518,2019-02-15 20:00:00,9021.00430908204,8867.481000702872,8475.267302185779,9257.54158822344,23569.406215685165,153.52330837916816
519,2019-02-16 06:50:00,2871.771734237671,2735.224408193031,2333.3618026568283,3183.460272886835,18645.17224994114,136.5473260446397
520,2019-02-16 07:50:00,2146.836700057983,1878.8148763872944,1445.0991455052106,2242.129650614789,71835.69796376176,268.0218236706887
521,2019-02-16 20:00:00,5607.981250000002,5247.2649688095535,4787.518924345881,5602.996821864043,130116.23551586713,360.7162811904491
522,2019-02-17 18:50:00,4970.502624511719,4545.463516318691,4122.113558395703,4985.273489416352,180658.2434935241,425.03910819302746
523,2019-02-19 00:30:00,5046.316139221185,4982.89965297785,4589.685241907573,5292.954394102847,4021.650727451146,63.416486243335385
524,2019-02-21 02:40:00,9550.00585857192,8841.762793635902,8482.064276316585,9186.242309687748,501608.2390299641,708.2430649360176
525,2019-02-21 09:40:00,6789.338671875012,6254.132309280388,5880.100499444682,6667.480229282442,286445.85056176805,535.2063625946239
526,2019-02-21 12:10:00,4449.945741653443,4296.187267790589,3928.734421409867,4672.962551898752,23641.668284633914,153.75847386285386
527,2019-02-22 13:00:00,916.8322600515272,765.7564009828283,382.68683902328416,1166.6092843829344,22823.91519334542,151.07585906869906
528,2019-02-22 14:30:00,1208.99628419876,1127.846860577397,752.3811785217956,1521.1398288693802,6585.2289540794245,81.14942362136298
529,2019-02-22 20:30:00,3307.358615112304,2868.195563547119,2510.934397836086,3257.370286240064,192864.18586004537,439.163051565185
530,2019-02-22 21:30:00,3821.951129150391,3734.091357012029,3333.9785603830555,4090.8944272250783,7719.339560204835,87.85977213836168
531,2019-02-23 18:10:00,758.578269273043,812.6594314581621,395.4268851149669,1241.4499071797068,2924.7721032931527,54.08116218511907
532,2019-04-04 23:50:00,2027.660525231613,2055.9293160629923,1596.862517106575,2465.1609609776824,799.1245350682683,28.268790831379192
533,2019-04-05 01:30:00,5145.240708923347,4969.924286730682,4532.8803243263565,5350.072523946649,30735.847890436587,175.3164221926645
534,2019-04-06 09:10:00,3203.403985452931,3237.9533160999936,2855.07870272768,3666.752182342902,1193.6562481600877,34.549330647063016
535,2019-04-07 02:10:00,1339.890695095062,1433.7911163773156,1086.0932431074843,1904.9111320095149,8817.289116984652,93.90042128225332
536,2019-04-07 15:50:00,938.9568486213682,984.1256013905722,640.9434736511739,1313.4932022864907,2040.2162267254785,45.16875276920405
537,2019-04-07 17:10:00,690.8584065751021,757.2074623754947,369.5558001815928,1189.3380696847885,4402.1972056036175,66.34905580039265
538,2019-04-07 19:30:00,807.0765361309054,983.08350866999,565.1885556202201,1370.4487586214525,30978.454382374035,176.00697253908447
539,2019-04-08 01:40:00,1756.096039581299,1882.165153776064,1453.1185156824604,2315.253253697754,15893.4215538527,126.069114194765
540,2019-04-08 05:20:00,3223.919546763103,3459.2926677018177,3062.5795842733587,3852.6384062506945,55400.5060604306,235.37312093871424
541,2019-04-08 13:50:00,2289.416643208265,2030.769243166346,1671.4512664783194,2449.0873236516377,66898.47754844431,258.6474000419187
542,2019-04-09 07:10:00,5366.231901550297,5098.611465878381,4708.832030799857,5451.310711358709,71620.6975892263,267.6204356719163
543,2019-05-21 22:40:00,2191.216495895385,2076.0568729097336,1687.2169227240513,2460.0222861970483,13261.738766197468,115.15962298565182
544,2019-05-24 07:00:00,1405.340032016531,1298.7735848703833,885.0830099320997,1740.848964992239,11356.407657352704,106.56644714614777
545,2019-05-26 02:10:00,5822.888048553465,5987.5918195635995,5599.555899234722,6453.1912717597725,27127.33218495896,164.70377101013491
546,2019-05-26 05:10:00,3470.261256408692,3394.639671231156,3027.282041399244,3779.405703901348,5718.6241447633265,75.62158517753596
547,2019-05-27 00:30:00,2922.204564666748,3291.5620494615573,2896.9707893442937,3672.869511752247,136424.95157394782,369.35748479480935
548,2019-05-27 16:20:00,4140.982889556887,3908.821474106175,3533.6204538093375,4293.96832470147,53898.92282407808,232.16141545071196
549,2019-05-27 19:40:00,524.7381350020563,559.3235304171415,206.18813718372655,944.118256014326,1196.1495760177925,34.585395415085145
550,2019-05-28 05:10:00,2766.948825836182,2586.2915378076136,2189.699886432561,2957.106211887013,32637.055717836985,180.657288028568
551,2019-05-28 08:00:00,3172.682870101928,2902.002716581665,2521.7319659535347,3298.281296562646,73267.74550975318,270.68015352026305
552,2019-05-28 15:40:00,1214.4327659726139,1329.4523788141803,978.756100361132,1685.496726062695,13229.511338223829,115.0196128415664
553,2019-05-28 18:00:00,-4.408453573344966,49.95664692094608,-334.25977309699147,481.74717965654133,2955.564151754364,54.36510049429104
554,2019-06-01 02:00:00,1631.3700989723197,1486.340876455217,1044.9825518723774,1944.3324176941217,21033.47538391534,145.02922251710288
555,2019-06-01 22:50:00,5223.084298706052,5129.10028697148,4754.466750559811,5524.639561992668,8832.994461724005,93.98401173457114
556,2019-06-03 04:30:00,3078.030982971192,3088.026501753004,2744.711004866175,3458.1965927818833,99.91039571755294,9.995518781811825
557,2019-06-04 19:50:00,1912.1927837496119,1906.7805772656584,1542.4370927818934,2316.9871140972577,29.291979024947967,5.412206483953469
558,2019-06-04 21:50:00,1620.1429115295412,1717.1775768192483,1278.4017723323734,2059.6298038912723,9415.726267885544,97.0346652897074
559,2019-06-04 23:00:00,1160.2923099696634,1167.3030992122683,715.5179697733752,1636.760865439299,49.15116580422798,7.010789242605142
560,2019-06-05 01:20:00,1218.441443920137,1376.2512983583322,998.3695310860284,1778.98503411123,24903.950157804393,157.80985443819532
561,2019-06-05 03:30:00,2395.402554702759,2157.438453832405,1745.707321868323,2507.5138058982084,56626.91330303615,237.9641008703543
562,2019-06-05 17:40:00,674.1786414191129,592.0586599164337,105.6091231800845,955.2508316557148,6743.691362000364,82.11998150267914
563,2019-06-05 23:20:00,541.6417593956,519.362151581109,133.14959927751974,934.2399958651904,496.38092436753294,22.2796078144911
564,2019-06-06 18:30:00,1169.750678348541,1242.2028036219426,822.1437642787337,1633.2526118470512,5249.310456632651,72.4521252734014
565,2019-06-07 00:40:00,411.4683689475061,450.0481555889603,99.49932263283634,822.3713060760122,1488.399937300126,38.57978664145418
566,2019-06-07 20:20:00,114.50535564621286,203.04438419537843,-132.79899863260405,543.6697209894058,7839.159576429953,88.53902854916555
567,2019-06-08 23:40:00,5615.065998077387,5847.318210220951,5426.466729404864,6269.260387433532,53941.09004557867,232.25221214356316
568,2019-06-09 02:00:00,4602.966900634765,4531.10562604411,4130.243514140536,4907.772344584681,5164.042785793624,71.86127459065574
569,2019-06-10 16:00:00,8373.587570190433,8231.643107331494,7788.416990630301,8703.77624059642,20148.230536312716,141.944462858939
570,2019-06-11 05:20:00,12222.61472778322,12191.080519610652,11745.623728702698,12583.868680359185,994.406285070884,31.53420817256847
571,2019-06-11 09:20:00,12054.90333862306,11999.461049115926,11591.194416677652,12304.279029722336,3073.8474657929464,55.442289507134774
572,2019-06-11 14:00:00,11273.6939366391,11041.393154342675,10669.727497659953,11423.378966170274,53963.65345553,232.30078229642277
573,2019-06-12 00:00:00,4108.745116424561,3988.575460582492,3601.274315497605,4308.738751762256,14440.7461852012,120.16965584206856
574,2019-06-12 23:40:00,2081.671343913831,2354.991353750727,2004.445827882848,2737.7470989537414,74703.82777724075,273.3200098368957
575,2019-06-13 14:10:00,3724.668191909791,3805.0337171616234,3456.4621596066954,4187.254330971566,6458.617649002842,80.36552525183197
576,2019-06-14 01:40:00,1425.493477610538,1504.0792295800368,1042.144475572239,1912.4967221544723,6175.720412611603,78.58575196949892
577,2019-06-14 11:00:00,2237.802673090517,1979.499118059412,1632.1915503330215,2351.1961393251077,66720.72654170728,258.30355503110536
578,2019-06-14 20:10:00,3104.12980117798,2994.791215393583,2606.0774262385203,3394.3950339857597,11954.92634133191,109.33858578439686
579,2019-06-14 21:00:00,3225.799993896485,3152.4252993597875,2721.0067239415953,3541.11104541855,5383.84579835366,73.37469453669746
580,2019-06-16 04:20:00,1703.2110668182381,1544.001824268876,1122.2626308198628,1911.894675038075,25347.582913141647,159.20924254936222
581,2019-06-16 05:00:00,2666.728314971925,2571.512799371731,2158.9636516323976,2922.7708374786,9065.9944110108,95.21551560019408
582,2019-06-16 05:40:00,2464.113150024413,2577.9482633687535,2154.2127973522533,2945.11922380869,12958.433030118891,113.8351133443407
583,2019-06-16 15:20:00,9223.20075836182,8662.25600205623,8210.79540869259,9065.241542097723,314659.0196267368,560.9447563055892
584,2019-06-16 17:30:00,8365.003479003914,8545.147001867366,8133.036187751776,8889.40210062614,32451.68882965532,180.14352286345274
585,2019-06-17 14:50:00,5653.046200561531,5880.6722642265795,5542.509807202951,6294.298857287345,51813.62485964476,227.6260636650486
586,2019-06-17 15:00:00,5587.517604064936,5644.020386160502,5234.131897952089,6086.2501840949935,3192.5643845390755,56.502782095566545
587,2019-06-19 04:20:00,-8.92972322450951,39.45218505517284,-347.7077647894705,407.2133574122946,2340.8090487835957,48.38190827968235
588,2019-06-19 21:20:00,1158.4292307803512,1314.7214659117813,908.3703683179948,1717.6578240081938,24427.26276237822,156.29223513143006
589,2019-06-20 05:10:00,5558.836460876469,5458.924628717303,5029.6242343416325,5831.987272525891,9982.374205401336,99.9118321591659
590,2019-06-20 12:50:00,6848.513449096687,6760.26320636283,6357.985557386668,7203.383648237546,7788.105342584644,88.2502427338568
591,2019-06-20 20:40:00,1549.882500076294,1618.5624835925978,1279.8041972080257,1936.9248430006216,4716.940135799757,68.67998351630376
592,2019-06-21 22:10:00,-5.3782136371359215,-72.9711410006982,-489.1481885861261,297.9848457017631,4568.803829575805,67.59292736356227
593,2019-06-22 13:40:00,784.094472901524,677.2061280293747,236.4758279652664,1039.1233122015767,11425.118269507531,106.88834487214932
594,2019-06-23 01:50:00,1330.944593048096,1333.8588563068313,940.1462774826024,1807.1140234523195,8.492930341212688,2.914263258734991
595,2019-06-23 05:10:00,571.7267437934887,515.4273645694044,161.80852433741228,884.1409313287393,3169.6201010172554,56.299379224084305
596,2019-06-24 21:30:00,133.36094263792037,178.80159028601818,-211.0956599167699,537.3316090677351,2064.8524586785793,45.44064764809784
597,2019-06-25 01:20:00,-11.568922106176618,45.06697042035846,-310.208021425339,425.6350548352035,3207.6243222772314,56.63589252653507
598,2019-06-25 09:50:00,2640.19281146401,2482.399755929829,2142.8332898931694,2837.5949126919036,24898.64837481295,157.79305553418044
599,2019-06-26 08:50:00,5719.460455322271,5686.169091765574,5281.756210691624,6052.086641882151,1108.3148874641415,33.291363556696524
600,2019-06-26 12:50:00,5692.970513916015,5843.8365534775985,5498.940345210313,6246.97069261583,22760.561892997255,150.86603956158342
601,2019-06-27 13:10:00,2486.539592742921,2457.0960107549763,2027.6536064553263,2856.0613953784855,866.9245202808113,29.44358198794453
602,2019-06-27 16:20:00,4089.8196449279812,4115.012661259879,3717.828343741012,4504.311222087608,634.6880718992783,25.19301633189798
603,2019-06-27 20:20:00,2412.532568359376,2587.041963553947,2236.5756878162265,2998.286278040005,30453.529011174793,174.50939519457052
604,2019-06-28 03:30:00,4766.369399261476,4954.773710334032,4556.588232593691,5419.827497247037,35496.184430724476,188.40431107255608
605,2019-06-28 04:10:00,3591.776826477052,3624.022815965934,3160.684600138675,3982.700691758991,1039.803838117063,32.245989488881605
606,2019-06-28 06:50:00,2714.452272796631,2567.831576922794,2172.325083228365,2974.2087101205516,21497.628458528103,146.62069587383667
607,2019-06-28 07:40:00,2231.815396426018,2357.2922617384247,1961.7608216438216,2713.5285654321983,15744.443728627806,125.47686531240652
608,2019-06-28 13:20:00,3006.712958526612,3004.073392917761,2600.6135436169866,3436.729610616061,6.967306603429855,2.6395656088511714
609,2019-06-28 14:40:00,2355.913068008424,2830.113965963591,2485.3224753443756,3258.450691876351,224866.49162148667,474.20089795516697
610,2019-06-28 14:50:00,2985.070203399658,3152.7215444645567,2720.2652060933683,3536.144645636054,28106.972160858953,167.6513410648986
611,2019-06-28 17:40:00,2805.83092352661,2684.059214249945,2363.0737594357415,3080.67780391101,14828.34918016067,121.7717092766652
612,2019-06-28 19:10:00,2383.964550781252,2514.298121213148,2200.089657171921,2883.7791368192393,16986.839581526016,130.33357043189608
613,2019-06-29 17:10:00,2130.021320343018,2286.807483889618,1930.4138536122896,2632.8559076151564,24581.901079661253,156.78616354660016
614,2019-07-01 04:30:00,3521.745674133301,3555.595625384735,3165.2221694556665,3906.044674227099,1145.8191997244,33.84995125143314
615,2019-07-01 15:10:00,3902.788426780703,3998.154971029837,3628.82435606716,4468.419747467003,9094.77776202199,95.36654424913375
616,2019-07-01 16:00:00,3370.357146453859,3651.636475866469,3196.2630644325955,4099.027855828052,79118.06115480729,281.2793294126095
617,2019-07-02 02:20:00,3035.620793151857,3222.5924457241135,2829.0370351685488,3678.8680012004297,34958.39886560043,186.9716525722561
618,2019-07-02 21:20:00,2153.881499671937,2330.923722142945,1921.0292064674509,2736.5963846341833,31343.948537473974,177.04222247100824
619,2019-07-04 00:20:00,2715.157612609864,2601.9777356177424,2187.402669161149,2956.162601890493,12809.684555951762,113.17987699212154
620,2019-07-04 02:40:00,767.3088790893557,868.325873629208,466.14247940130144,1261.0558474556726,10204.433185864538,101.01699453985223
621,2019-07-04 05:10:00,1446.669379425049,1663.2420695797734,1291.8932434678377,2072.230600430067,46903.730120854234,216.5726901547243
622,2019-07-04 16:20:00,810.5232594490058,882.5633797762009,500.4658927386709,1247.9186234147985,5189.778936756757,72.04012032719515
623,2019-07-04 23:10:00,768.8541040701026,884.8052440420212,535.7475526659964,1259.6448697714793,13444.66686078745,115.95113997191856
624,2019-07-05 04:00:00,1425.32815437317,1350.70544657682,1009.4368590132364,1683.021429737231,5568.548518859457,74.62270779635014
625,2019-07-07 19:10:00,88.7409694492817,67.36668811751635,-353.1015051499602,504.81186190982373,456.8599024494531,21.37428133176536
626,2019-07-07 23:10:00,1340.027351098312,1316.742198034383,986.6727996724072,1647.3954708682752,542.1983532106068,23.2851530639291
627,2019-07-08 03:10:00,277.2182345092296,218.53913632741504,-107.69210465082382,610.2920176516261,3443.2365634310336,58.67909818181457
628,2019-07-08 18:20:00,1022.84703927291,858.9062343950866,365.4854884795546,1227.341140527244,26876.587503988616,163.94080487782355
629,2019-07-08 19:50:00,1877.60779838562,1934.3892736811536,1567.056074638902,2355.699892418449,3224.1359367372793,56.78147529553348
630,2019-07-09 19:10:00,-5.623090146854524,-37.96856311861681,-502.2664642330641,340.80024853700246,1046.2296217670043,32.345472971762284
631,2019-07-10 11:20:00,2193.437476489419,2034.7450240089945,1656.267074300028,2450.819571089811,25183.29447425184,158.69245248042466
632,2019-07-11 14:30:00,1515.9823668586569,1668.5783284068757,1252.195137559457,2007.307076564329,23285.527480825414,152.5959615482186
633,2019-07-12 00:20:00,716.2309115886683,776.793383537417,287.95109703293065,1191.7782260304248,3667.8130085429702,60.56247194874868
634,2019-07-12 01:40:00,2654.3911394356132,2733.4997980975654,2281.719636209881,3128.214488393708,6258.179875293333,79.10865866195263
635,2019-07-12 09:20:00,3734.346545410161,3836.091810641351,3515.2093752743467,4232.494934217628,10352.098996965187,101.74526523118992
636,2019-07-12 10:10:00,6412.97750734028,7069.266322383615,6700.391991853882,7475.960991830487,430715.00875098543,656.2888150433355
637,2019-07-14 22:10:00,1391.838730621338,1768.800576562672,1295.1947284237187,2130.686647313484,142100.23329549795,376.9618459413339
638,2019-07-15 08:40:00,-4.855383642017841,-68.75928993888054,-475.0456051329152,264.83121869263545,4083.709239998208,63.9039062968627
639,2019-07-18 00:50:00,2889.705885314943,3206.435521472833,2839.492921676821,3706.2770675787465,100317.66242070946,316.7296361578901
640,2019-07-18 05:00:00,1804.2867467880242,1611.1260395880968,1167.825239235053,1996.935149991459,37311.058805976085,193.1607071999274
641,2019-07-19 21:20:00,793.9729111611848,764.3451632257409,315.6226216690729,1142.3599138022323,877.8034477262032,29.62774793544395
642,2019-07-20 03:40:00,4165.11990966797,3683.740520005693,3311.175532293989,4033.6931944328344,231726.1167916271,481.37938966227784
643,2019-07-20 04:40:00,3394.500043487549,3592.4855901968176,3231.9447244759067,3927.1966765068887,39198.27670576809,197.98554670926887
644,2019-07-20 04:50:00,3081.285009002686,2944.228781203425,2528.9487322307737,3338.396994435765,18784.409578562867,137.0562277992608
645,2019-07-20 13:00:00,9089.517550659184,9114.11980421782,8755.902028917817,9488.563312985449,605.2708801634286,24.60225355863622
646,2019-07-20 14:30:00,8288.1597366333,8253.010969662719,7886.803691347761,8650.965284421285,1235.4358195521534,35.148766970580255
647,2019-07-22 03:50:00,6439.255372619631,6491.707555091853,6126.477592999375,6866.376404759499,2751.231446099217,52.452182472221466
648,2019-07-22 05:20:00,3751.668259510242,3405.561972293192,2990.5288283027608,3857.229389645088,119789.56205117116,346.10628721705007
649,2019-07-22 16:20:00,5630.537660217291,5832.549668576018,5414.463678145525,6297.521616471072,40808.851521126075,202.01200835872623
650,2019-07-22 22:40:00,1830.6891712188735,1932.873263888995,1494.3885761189842,2375.7667542571553,10441.588794815993,102.18409267012156
651,2019-07-23 16:50:00,2816.130846625881,2740.940162512412,2355.2686543233435,3121.3446098501868,5653.638977451572,75.19068411346962
652,2019-07-24 17:50:00,431.10101183464656,445.18361159580223,-27.24007426121418,810.6738820361521,198.3196160329003,14.08259976115562
653,2019-07-25 05:30:00,1492.587917518617,1357.5148097115894,967.3799882334348,1755.1609204116194,18244.744452648887,135.07310780702755
654,2019-07-25 21:00:00,2858.384233093262,3490.4453530525307,2983.160502762265,3880.3083324841073,399501.2593641649,632.0611199592686
655,2019-07-26 18:20:00,-8.25751321613788,19.02726592817542,-338.74851639714393,459.9012969208685,744.4591729539543,27.284779144313305
656,2019-07-26 18:50:00,-8.283121213316909,3.989473932425961,-384.9543717032891,411.9620782197187,150.61659161131143,12.27259514574287
657,2019-07-26 19:20:00,-8.410431172659518,-23.547042633658137,-404.97677287039494,342.5086435913507,229.1170065212347,15.13661146099862
658,2019-07-27 06:00:00,573.9351876825098,498.6348263279028,190.29097923423947,854.7817002129161,5670.144420134381,75.30036135460693
659,2019-07-27 12:30:00,2247.505435276032,2086.969749174276,1673.7078864991408,2470.7838973599455,25771.706512161614,160.53568610175626
660,2019-07-27 21:50:00,4223.133207702641,4305.380270090436,3910.1699156958703,4709.252699607315,6764.579271421887,82.24706238779527
661,2019-07-28 02:50:00,5486.140383911131,5901.5961732896385,5474.7180888633275,6331.490543866851,172603.51292811817,415.4557893785068
662,2019-07-28 14:00:00,8119.255363464359,7621.202595470956,7239.935884905829,8065.502645570934,248056.5597058905,498.052767993403
663,2019-07-28 18:20:00,5289.1581741332975,5238.492965146454,4849.287152396971,5614.775036023258,2566.9634016805717,50.665208986843936
664,2019-07-30 11:30:00,5750.898431396485,5957.601401551846,5554.276093138983,6288.344996128096,42726.11787104809,206.70297015536107
665,2019-07-30 18:20:00,6309.418864440928,6230.369576696999,5877.609232561217,6593.154974547994,6248.789892822515,79.0492877439292
666,2019-07-31 05:10:00,7443.513708496092,7216.092408900683,6864.210411753008,7621.518800020812,51720.44750966456,227.42129959540853
667,2019-07-31 06:20:00,8690.63556518555,8517.231325222276,8152.444566361521,8863.383521033245,30069.03043724087,173.40423996327445
668,2019-07-31 06:30:00,9070.14171905519,9047.362488840778,8588.130201117765,9448.965906122612,518.8933291612477,22.779230214413474
669,2019-07-31 07:30:00,10517.6511871338,10624.90605855196,10221.781710852609,11007.313405461971,11503.607442925902,107.25487141815938
670,2019-08-01 15:10:00,923.0964306831358,928.1268980786292,478.74687031955847,1291.416713386934,25.305602217121756,5.0304673954933605
671,2019-08-01 20:00:00,647.1566819727421,508.30303401909447,137.3155918936051,886.7797248196385,19280.33555003553,138.85364795364768
672,2019-08-02 06:50:00,1072.9383708074988,947.205930105213,561.4459360361531,1357.377720625164,15808.646644953751,125.73244070228554
673,2019-08-02 08:40:00,381.6396338373425,416.94041270013815,22.96496931643894,823.197797474964,1246.1449883199964,35.300778862795596
674,2019-08-02 16:30:00,666.045519888401,543.6172025539137,143.40348676092506,921.3011976884848,14988.692885353938,122.42831733448736
675,2019-08-04 04:40:00,2309.641260528565,2336.9632891528454,1957.0299848554591,2731.8292612841724,746.4932481459971,27.322028624280392
676,2019-08-04 12:20:00,4741.035787963872,4539.675760932326,4174.864457759061,4952.940833262027,40545.86048614512,201.36002703154645
677,2019-08-05 00:10:00,1835.6223664283757,2084.5844462328364,1686.300870097667,2512.515984235036,61982.11718056266,248.9620798044607
678,2019-08-05 00:50:00,1546.095413208008,1544.4726998390277,1161.076258123759,1995.131046384748,2.633198677866933,1.6227133689801576
679,2019-08-05 07:50:00,2956.099815368653,2665.6944047196284,2263.059522574734,3005.9934736105465,84335.30253422847,290.40541064902436
680,2019-08-06 19:30:00,7243.974285888677,7007.319272917577,6496.173427608531,7427.57978387699,56005.59516435127,236.6550129710995
681,2019-08-07 04:40:00,5370.050942993167,5549.511587691088,5061.1314237548695,6011.942408816799,32206.12299539295,179.46064469791963
682,2019-08-07 06:40:00,2299.74797859192,2107.3124882571415,1766.921374001598,2484.183617839126,37031.41794038662,192.43549033477848
683,2019-08-09 09:20:00,9143.07946166992,9055.15392075081,8683.946682808823,9443.51763861838,7730.9007459180975,87.92554091911006
684,2019-08-10 02:30:00,9772.29633178712,9879.924965902092,9501.512431935837,10248.519848187412,11583.92288145444,107.62863411497165
685,2019-08-10 06:30:00,12190.31623535158,12166.781965509965,11813.180286564431,12539.929845109044,553.8618569779607,23.53426984161524
686,2019-08-10 14:30:00,12208.463250732439,12254.762735223523,11821.879433153974,12794.584584678196,2143.6422641401755,46.29948449108451
687,2019-08-11 02:20:00,7861.51751403809,8177.189602453916,7794.789221627612,8572.49682907559,99648.8674048095,315.6720884158267
688,2019-08-11 04:30:00,8023.181420898458,7720.820270453145,7297.144653601529,8147.4022771741265,91422.26529861311,302.3611504453129
689,2019-08-11 19:00:00,299.92829634547246,362.54056098440793,65.40989098822503,678.1050037450348,3920.2956832160894,62.61226463893547
690,2019-08-13 08:40:00,1705.913239860535,1648.6305372876584,1252.58079112145,2068.453266344365,3281.308014052642,57.28270257287659
691,2019-08-13 09:30:00,2432.779108810425,2358.6014359086953,1942.092871956152,2781.428888720583,5502.327157116004,74.1776729017297
692,2019-08-13 14:10:00,2530.0551242828383,2427.3007554677065,2046.281310008044,2755.5132301925896,10558.460310596129,102.75436881513178
693,2019-08-14 06:40:00,884.7454220294945,829.9449658305534,434.8737227313353,1206.9076526603385,3003.0899996120625,54.800456198941106
694,2019-08-14 10:00:00,7325.269393920914,6912.469113008441,6569.513790057408,7280.773738030113,170404.07192141644,412.8002809124728
695,2019-08-14 19:00:00,3374.990880584717,3271.415578262335,2916.7116842666132,3670.094396926687,10727.843251172728,103.5753023223815
696,2019-08-15 00:30:00,5654.739657592774,5936.344720301372,5475.849582425625,6376.375699531405,79301.41134311385,281.6050627085988
697,2019-08-15 14:30:00,6090.717304751751,6085.708561218833,5664.470081704349,6509.611637406631,25.08751177854622,5.008743532917833
698,2019-08-15 21:10:00,1320.0950975418077,1446.8000546712476,1048.3406505545354,1865.1476295839768,16054.1461611732,126.70495712943988
699,2019-08-16 00:50:00,1289.9700756072996,1264.3106110043725,903.0413412129424,1645.4719727861348,658.4081237088558,25.65946460292685
700,2019-08-16 05:50:00,2148.047277069092,2198.22252594726,1824.1941867236808,2551.984963940924,2517.555599986061,50.17524887816762
701,2019-08-16 17:40:00,11287.95361328127,11230.120566266907,10869.907385054834,11605.826449957873,3344.66132696529,57.833047014361
702,2019-08-17 04:00:00,3896.936439755088,3849.247429382541,3498.8793361820467,4193.399419745585,2274.241710312878,47.68901037254682
703,2019-08-17 05:40:00,4179.803784179689,4089.190467713264,3681.526764922319,4480.539838783435,8210.77312104436,90.6133164664243
704,2019-08-17 22:10:00,3172.243853759766,2971.2362815271986,2632.166721002836,3305.012347704849,40404.04409483077,201.00757223256733
705,2019-08-18 22:20:00,5147.878843020767,5303.355230679038,4880.014089391595,5667.7989202299395,24172.90711926498,155.47638765827105
706,2019-08-19 04:00:00,5547.703225708014,5758.999668024237,5368.024713048939,6152.405819546055,44646.186535492554,211.29644231622208
707,2019-08-21 05:40:00,3336.832574081421,3370.8258348872396,2993.5976894825008,3752.6382307315753,1155.54178021239,33.99326080581841
708,2019-08-21 21:40:00,2757.800296401977,2653.154164811683,2269.166314791499,2985.7380247324622,10950.812856813194,104.64613159029432
709,2019-08-22 02:40:00,1726.089352607728,1730.2941547948951,1327.0708978057985,2132.004235591117,17.68036143320765,4.204802187167388
710,2019-08-23 01:10:00,2031.606321144103,1882.6267244674832,1491.7552162646946,2296.167630835105,22194.92022592832,148.97959667661985
711,2019-08-23 18:00:00,497.9237396717076,496.6980266980464,44.22700685860116,923.5984806394508,1.502372293801354,1.2257129736611887
712,2019-08-25 05:00:00,311.9090739995238,342.32167456056186,-87.63747627592075,707.738826961173,924.9262728852492,30.412600561038005
713,2019-08-25 07:10:00,518.7457627432416,528.711699535269,189.83560528927083,870.5877588141294,99.31989614268495,9.965936792027378
714,2019-08-25 18:50:00,637.338930977715,827.07966133037,379.880198145133,1218.9397134335147,36001.544754758965,189.74073035265508
715,2019-08-26 00:40:00,863.3641853809352,765.7658332682954,338.63824514832567,1142.131447750529,9525.438335102814,97.59835211263976
716,2019-08-26 01:10:00,975.5727178573602,1129.6115013858268,682.8835483276241,1510.1095588293815,23727.946830929806,154.03878352846664
717,2019-08-28 04:00:00,3438.847914457321,3477.634491536695,3066.7816695465817,3906.0610943798906,1504.3985615341994,38.78657707937373
718,2019-08-28 12:50:00,5159.313780975348,4828.896832767079,4392.206918090048,5216.4946863992855,109175.35966326584,330.4169482082689
719,2019-08-30 09:20:00,7852.996539306648,7661.859041229319,7199.217028102638,8121.692675676197,36533.54317126092,191.13749807732893
720,2019-08-30 17:40:00,3664.142616271974,3548.704649633929,3203.5440641780133,3860.058172168829,13325.9241415263,115.4379666380446
721,2019-09-01 03:20:00,3334.788095855712,3463.818658987246,3065.8221665830783,3817.4256069645226,16648.886222041045,129.03056313153502
722,2019-09-01 06:40:00,1959.001332995765,1805.8608285238577,1419.9706109826705,2181.567786972941,23452.01410991037,153.14050447190766
723,2019-09-01 06:50:00,1520.5370832443239,1470.1665578575012,1059.1451525950988,1892.3532885957457,2537.189827744572,50.37052538682292
724,2019-09-01 10:50:00,2079.894131851196,1848.8044297551735,1487.0946163024348,2270.542319669529,53402.450414828374,231.0897020960224
725,2019-09-01 20:30:00,1691.6318789933869,1711.2651874381706,1328.6617961534116,2075.243488729009,385.466800488027,19.633308444784006
726,2019-09-03 07:20:00,1480.446421241762,1528.4273854782296,1148.4879660983488,1906.4283559051944,2302.17292906118,47.98096423646757
727,2019-09-03 10:30:00,1977.449997329713,1752.845391144216,1428.7634136181257,2093.2590842682034,50447.2291197422,224.604606185497
728,2019-09-03 12:40:00,3471.239268112184,3386.0801960640574,2949.514979827886,3879.2333309125574,7252.067552098042,85.15907204812675
729,2019-09-03 13:40:00,4873.091543659411,4588.905295746804,4190.22981605581,4976.590493209942,80761.82350264603,284.18624791260754
730,2019-09-03 15:40:00,4192.289692772762,4040.331081335351,3637.001420003205,4422.176939366021,23091.419589986068,151.95861143741104
731,2019-09-04 16:30:00,11211.6993865967,11294.302215803536,10921.959689076566,11743.653204469754,6823.227392973544,82.60282920683494
732,2019-09-05 11:00:00,2405.277659988405,2473.5676966004803,2114.814754706347,2882.987862433256,4663.529100478579,68.29003661207526
733,2019-09-06 02:20:00,6746.752561950689,6545.63132035907,6151.611264121688,6953.070981921047,40449.753819354315,201.12124159161883
734,2019-09-06 18:10:00,2753.144730377198,2910.9108640853465,2557.9403019480255,3354.897467379589,24890.15294521727,157.76613370814812
735,2019-09-06 19:00:00,3623.4483291625993,3825.722724606232,3446.936063233936,4175.204934309631,40914.93105208695,202.27439544363233
736,2019-09-06 20:40:00,3886.571073913577,3827.816385669036,3492.5699926611715,4213.885234413641,3452.1133907131843,58.75468824454083
737,2019-09-07 10:50:00,1921.157760620118,1685.834641237538,1290.5474771305298,2097.3235297058372,55376.97051594799,235.32311938258
738,2019-09-07 19:30:00,3103.084161376954,3267.827066121829,2919.345641660658,3697.090502383271,27140.2246637788,164.74290474487452
739,2019-09-08 00:40:00,2341.616066741943,2432.927680480551,2070.4818219693634,2843.3257720516845,8337.810803548704,91.31161373860778
740,2019-09-08 04:00:00,1518.8125705719,1448.1916797371994,1074.0997636735167,1850.113216562464,4987.310222286717,70.62089083470073
741,2019-09-08 05:20:00,1519.486568832399,1429.5340853993382,1065.6837621079085,1835.8551255768225,8091.44927577506,89.9524834330607
742,2019-09-08 07:30:00,311.84552947220055,282.08128302128716,-148.61814094009776,638.5153094180858,885.9103667907103,29.76424645091339
743,2019-09-08 13:20:00,-6.646876681596051,-50.914964933031904,-488.3341874764329,361.52483754733186,1959.6636374369132,44.268088251435856
744,2019-09-09 15:40:00,448.2525297768409,325.1900543922791,-86.60817535940075,800.5538682060765,15144.37284777587,123.06247538456176
745,2019-09-11 06:20:00,10713.42278442384,10428.88014411244,10062.775746961051,10798.440522988249,80964.51415538261,284.54264031139974
746,2019-09-11 11:40:00,9754.65321125704,9180.131349407646,8839.434507182392,9542.867063707728,330075.3697428927,574.5218618493927
747,2019-09-11 15:40:00,5728.915654754647,5930.935985940232,5579.206537079696,6308.709887095942,40812.21421233375,202.02033118558575
748,2019-09-11 19:30:00,3410.677337646484,3746.550992109795,3414.078239765554,4129.981876710238,112811.11176254004,335.8736544633116
749,2019-09-12 01:10:00,1830.9479787826547,2064.788020795202,1720.2561478902082,2453.013842219858,54681.16524842995,233.84004201254743
750,2019-09-14 22:40:00,5191.20896034241,5305.770303765611,4885.5567969765125,5716.113494288163,13124.301406928582,114.56134342320092
751,2019-09-15 01:50:00,7673.437348937998,7493.964644047405,7107.928953724498,7944.635579067029,32210.451800745697,179.47270489059247
752,2019-09-15 04:20:00,4658.120590209962,4563.044340235744,4195.83672826219,5007.443654502806,9039.493309159934,95.07624997421772
753,2019-09-15 15:00:00,1317.071116924285,1286.002454879899,889.3058173188541,1705.4638326774782,965.2617612282696,31.068662044385977
754,2019-09-17 02:50:00,3273.278522491456,3418.7457846238317,3033.53341875098,3812.725110617484,21160.724352289308,145.4672621323757
755,2019-09-17 06:30:00,2393.675648799696,2168.633391397629,1798.8729335162786,2539.357924548902,50644.017616617864,225.0422574020663
756,2019-09-18 10:40:00,-6.753576573170716,-24.096527547713603,-549.3527127779719,361.3701090337623,300.7779485053981,17.342950974542887
757,2019-09-18 20:50:00,-11.395619052413272,111.92412382432568,-331.1979409011367,559.0116475331652,15207.758983185004,123.31974287673894
758,2019-09-19 02:40:00,-5.403288108948622,-30.840889874441583,-448.12934236071743,399.1903917025179,647.0715835798107,25.437601765492964
759,2019-09-19 16:50:00,-4.195977611839769,-30.25470043962925,-412.2895017588861,388.768887803115,679.0570354155566,26.05872282778948
760,2019-09-19 18:40:00,-4.326151607558127,3.1635706175680047,-394.2246046705127,370.77916298031744,56.095939009548346,7.489722225126132
761,2019-09-20 00:40:00,1749.348734283448,1544.4331569722383,1193.220679704507,1917.331832137289,41990.39382478638,204.91557731120977
762,2019-09-20 01:30:00,2478.803913879394,2769.634916091393,2394.925101196108,3233.4081379915515,84582.67184763578,290.831002211999
763,2019-09-20 10:30:00,2651.2302339553844,2475.5469283987672,2116.030878135833,2905.602830705439,30864.623851299544,175.6833055566167
764,2019-09-20 11:10:00,2207.9993986129757,2185.303544870376,1823.9106873641997,2571.456414648553,515.1017771054843,22.695853742599866
765,2019-09-20 21:30:00,2735.9833251853397,2775.038330218,2403.968749155331,3163.0827645825925,1525.2934181010717,39.055005032659665
766,2019-09-21 07:00:00,5316.776565551758,5419.0986006077455,5109.233112102004,5787.307145592001,10469.798857998596,102.32203505598682
767,2019-09-21 20:20:00,2668.910114167866,2443.66135441471,2090.6417876476457,2861.303576487339,50737.0037703349,225.2487597531558
768,2019-09-21 20:30:00,2558.660627964565,2354.9650830891346,1933.709903657123,2784.0196892666977,41491.87500209839,203.6955448754302
769,2019-09-22 02:30:00,1212.528729629517,996.8100506491804,622.3764862597352,1429.4002485044848,46534.5484610215,215.71867898033656
770,2019-09-23 23:50:00,3127.23283996582,2918.3373481212866,2577.3091203330464,3241.317069731628,43637.32651296969,208.8954918445338
771,2019-09-24 07:30:00,1647.996218299864,1608.0900023923214,1236.9249256422524,1960.861907969276,1592.5060680594302,39.9062159075429
772,2019-09-24 08:10:00,3188.491049957277,3308.8887399079977,2858.503084444373,3746.9406789454815,14495.603745469964,120.39768995072107
773,2019-09-25 04:30:00,2805.726596069337,2891.2934791637554,2484.668070030038,3257.282349579604,7321.6914824938385,85.56688309441824
774,2019-09-25 14:30:00,2179.917925262453,2341.8347900341564,1979.676433445189,2737.233732441209,26217.071097498065,161.91686477170333
775,2019-09-25 23:20:00,3692.361107635499,3757.495053918864,3425.54497137213,4113.46818265086,4242.430958444314,65.13394628336528
776,2019-09-26 17:40:00,6177.457937622069,6474.425324102635,6065.888298880638,6883.198211416668,88189.62863309807,296.96738648056635
777,2019-09-26 19:30:00,6820.8812622070345,6666.725755668019,6264.213587214735,7044.003328451389,23763.92019630052,154.15550653901573
778,2019-09-27 01:50:00,3607.363045461556,3529.418802812503,3180.1610624900836,3872.9097637653185,6075.304962134483,77.9442426490532
779,2019-09-27 11:30:00,10242.92414245606,10499.934136713293,10093.88501109064,10906.776530078418,66054.13714810263,257.0099942572324
780,2019-09-28 07:00:00,6229.684653513052,6214.0855384143415,5814.740082987929,6636.51390842109,243.33239186280767,15.599115098710172
781,2019-09-28 08:10:00,9966.95556030274,9880.458353031076,9512.277648181249,10248.413027228684,7481.766865797306,86.49720727166459
782,2019-09-28 20:10:00,5348.58481063843,5327.978174855872,4928.793246375043,5750.898136767223,424.633438275018,20.60663578255844
783,2019-09-29 13:30:00,2506.352463150026,2625.2905536365206,2248.5220497941373,3014.8957099976883,14146.269368573609,118.93809048649472
784,2019-09-29 16:30:00,11543.281381225599,11388.11743423536,10828.552301991203,11886.15116227506,24075.85044559064,155.16394699024204
785,2019-09-30 01:20:00,2707.300888061523,2714.2807127277597,2304.79509796908,3105.9033601206265,48.71795237140639,6.979824666236709
786,2019-09-30 18:00:00,3627.9284934997568,3440.2297110141344,3057.1923752701327,3782.9772784341985,35230.832946584975,187.69878248562236
787,2019-09-30 19:00:00,4059.236480712893,3891.6191178484432,3524.8509537381224,4275.689755728044,28095.580333632435,167.6173628644492
788,2019-09-30 22:10:00,3725.038513183594,3307.864068904123,2991.4267887322035,3671.5817188291617,174034.51695988554,417.1744442794711
789,2019-10-01 15:30:00,11480.02359619142,11578.801528796626,11178.391687371755,11946.553389849372,9757.079969758606,98.77793260520592
790,2019-10-01 21:00:00,8460.280307006837,8594.120291884428,8243.637907929357,9001.943440497716,17913.141552033958,133.83998487759163
791,2019-10-02 01:50:00,3355.7836372375496,3167.0773310225645,2821.732523897153,3575.4793967277096,35610.07000530387,188.7063062149855
792,2019-10-03 02:50:00,-5.962396128755074,-24.76758432993143,-453.6256568468432,462.6564663658336,353.63510328166257,18.80518820117636
793,2019-10-03 16:20:00,2807.978189849855,2903.599100627539,2436.1168928947677,3282.874806417265,9143.358577953804,95.620910777684
794,2019-10-03 21:10:00,8171.71390838625,7849.59260977562,7459.561937992221,8239.257142083357,103762.1310185988,322.1212986106302
795,2019-10-04 00:40:00,2646.5742419594208,2586.7932416799968,2136.598423494677,3010.97162872839,3573.7679944085476,59.78100027942446
796,2019-10-05 22:20:00,3707.303271484375,3750.970934668133,3380.581704222459,4056.120126016775,1906.864807930105,43.66766318375767
797,2019-10-07 08:00:00,2157.005673980712,2334.450743587119,1986.0663710571907,2678.1773851439075,31486.752727622727,177.4450696064073
798,2019-10-07 17:40:00,2707.272925233529,2529.1610634859203,2104.090588523586,2938.0720974457386,31723.83529519924,178.1118617476086
799,2019-10-07 19:00:00,1793.285300064087,1548.9842785153417,1169.7475751650672,1940.0859139223292,59682.98912976047,244.3010215487452
800,2019-10-08 14:20:00,7678.028958129904,8159.064580542956,7774.496366066841,8505.991957079357,231395.27003031224,481.0356224130519
801,2019-10-09 03:20:00,2247.733140563966,2205.003202794322,1879.136324421167,2528.122977708681,1825.847581797652,42.72993776964404
802,2019-10-09 08:20:00,6169.218571472162,6312.939183732949,5866.186022262958,6750.147773983727,20655.61438861541,143.72061226078677
803,2019-10-09 08:50:00,5325.084181213385,5176.220167560002,4814.311329843718,5508.539719024274,22160.494560994375,148.86401365338224
804,2019-10-09 11:50:00,9002.2853591919,8533.396895909662,8120.392215641608,8944.18123513248,219856.39099917977,468.8884632822392
805,2019-10-09 12:30:00,9458.28523158024,9733.60108459118,9358.983240007896,10095.399336674973,75798.81891914122,275.31585301093946
806,2019-10-09 15:50:00,2256.015215301515,2347.141904232022,1999.915492480103,2743.7840209354013,8304.073435437478,91.1266889305075
807,2019-10-10 04:30:00,8605.414739990247,8315.39846513286,7918.814554406246,8689.336039670818,84109.43968215576,290.01627485738754
808,2019-10-11 11:50:00,11372.987546503,11363.659077934011,10922.809070293417,11744.761226586164,87.02032584257583,9.328468568986864
809,2019-10-11 20:00:00,3584.352098464966,3911.945003227681,3456.9594425237483,4283.857830430468,107317.1112508733,327.5929047627151
810,2019-10-12 02:20:00,4167.160680007934,3859.848235364144,3507.9264289598664,4224.991254158401,94440.93863294196,307.31244464378915
811,2019-10-12 08:30:00,1408.723000144959,1443.6204305769068,1061.4430650634438,1812.5039021913933,1217.8306507526431,34.897430431947896
812,2019-10-12 16:50:00,1004.4517588138588,1011.2527806448855,588.73983151075,1366.1917736856133,46.25389794610295,6.801021831026787
813,2019-10-12 18:10:00,957.247192804437,1029.6135167900418,602.3224199334915,1392.1690212422802,5236.884847189507,72.36632398560471
814,2019-10-13 13:50:00,9690.360621643067,9720.434788047069,9328.665115097416,10110.337107025398,904.455484895464,30.074166403999698
815,2019-10-13 15:10:00,11298.70594177247,11315.365169606055,10972.498320911996,11716.551363837816,277.529872011345,16.659227833586556
816,2019-10-13 15:40:00,9712.35977172852,9964.622921483824,9553.444571576556,10351.140434708555,63636.69672446732,252.26314975530477
817,2019-10-14 07:50:00,1206.3708890914913,1370.3469744357776,971.5247686198816,1736.9135667962546,26888.156564836656,163.97608534428628
818,2019-10-14 11:20:00,1695.642895507812,1602.2651533169192,1217.8261908124982,1958.9429099097597,8719.402736668848,93.37774219089285
819,2019-10-15 04:30:00,914.9760418772704,1040.0315792708434,715.8325764331422,1445.5669537274982,15638.887432795333,125.055537393573
820,2019-10-16 11:40:00,4083.234780883791,4041.215037970501,3699.381828068175,4483.815397420402,1765.658794498983,42.019742913289974
821,2019-10-17 07:20:00,3088.303574371337,3355.9613246594604,2984.046421052986,3762.0752228553447,71640.67128929932,267.6577502881232
822,2019-10-17 12:50:00,3653.982400512696,3673.639396498064,3322.858157879488,4096.063965421696,386.3974911687999,19.656995985368667
823,2019-10-18 04:10:00,1991.696342267489,2143.301153270783,1765.2877133972354,2550.605949267373,22984.01871934446,151.6048110032939
824,2019-10-18 08:10:00,2601.518775819478,2344.004867873005,1956.383467359004,2712.5888503380684,66313.41278586455,257.51390794647295
825,2019-10-18 18:10:00,6485.244346618649,6502.160942720826,6122.52255897441,6885.674567917372,286.1712236841971,16.91659610217721
826,2019-10-18 19:50:00,9577.71188354493,9532.303726099934,9111.56993570824,9918.907889739625,2061.9007625495087,45.408157444995595
827,2019-10-20 06:20:00,1662.6806352615358,1706.338394838884,1310.5609782800814,2149.3601201941497,1905.999971313509,43.65775957734786
828,2019-10-20 14:40:00,3797.2506019592292,3821.438216758856,3423.5150083704784,4158.646597565164,585.040709695146,24.187614799627227
829,2019-10-20 19:50:00,5456.769885253906,5238.928609931866,4876.513855080842,5629.065231301154,47454.82123393284,217.84127532204
830,2019-10-21 00:10:00,4853.056372070314,4866.8156564538485,4468.415670864184,5280.295611481224,189.3179067469785,13.759284383534578
831,2019-10-21 02:50:00,5105.06777648926,4561.490447104943,4152.404615829398,4894.75583961247,295476.313020586,543.5773293843167
832,2019-10-21 15:20:00,3680.913156890871,3747.4782087145472,3326.51980542937,4150.385002706891,4430.906124288696,66.56505182367619
833,2019-10-23 10:30:00,356.8515480007977,259.12552253094276,-151.4528850318007,683.080993060324,9550.37605413474,97.72602546985496
834,2019-10-24 18:40:00,2681.80492515564,2360.3415318569346,1959.300093167154,2798.620123329545,103338.7132311184,321.4633932987058
835,2019-10-25 18:30:00,12088.79293823244,12140.25763824249,11773.655114021854,12501.572498979203,2648.615347124478,51.464700010050365
836,2019-10-25 20:20:00,12152.6999572754,12204.824456398854,11852.94290721953,12565.97425252643,2716.963408870806,52.12449912345255
837,2019-10-26 17:40:00,548.0918094232678,666.969224340044,252.63626963189057,1052.0684828339183,14131.839777295356,118.87741491677616
838,2019-10-27 13:20:00,2570.190264606476,2524.8047262696714,2157.4693274573533,2936.270422813497,2059.8470901215537,45.38553833680453
839,2019-10-27 16:10:00,1613.844102525712,1461.627269583148,1113.8909339862007,1838.3093764908183,23169.96423106437,152.21683294256377
840,2019-10-28 12:20:00,1253.8317434310911,1185.3427379756938,846.1075085385622,1595.0942133118815,4690.743868269444,68.48900545539732
841,2019-10-28 12:40:00,1334.332479143143,1330.5523569635795,899.6248722887267,1808.0909364346596,14.289323692427734,3.7801221795634774
842,2019-10-28 17:30:00,2058.651506189715,2260.50843849406,1834.5128646956025,2638.3585177899,40746.221119321024,201.8569323043453
843,2019-10-29 03:10:00,1400.2439498901363,1692.8167406177806,1277.7405802618523,2089.7458612827845,85598.83787416185,292.57279072764413
844,2019-10-29 14:00:00,4796.013247680666,4587.77503559443,4155.039463049901,4957.647822444072,43363.152972872485,208.23821208623667
845,2019-10-31 06:40:00,4555.994509887697,4429.391395218024,4003.530572451767,4844.9585037201905,16028.34864406243,126.60311466967325
846,2019-11-01 04:10:00,2160.647754669189,2272.2898549344072,1828.8058852265185,2628.845050438035,12463.95855162904,111.64210026521825
847,2019-11-01 13:30:00,3715.890573120117,3720.728968274723,3283.991742906695,4112.115992430244,23.4100676721117,4.838395154605678
848,2019-11-01 22:50:00,4451.650344085695,4426.274980146048,4044.5309618276633,4829.176924400126,643.9090950695519,25.375363939647286
849,2019-11-01 23:20:00,9755.61382398605,10366.95965909553,9939.133795245552,10798.905106386355,373743.730105707,611.3458351094796
850,2019-11-02 04:40:00,7663.650225830086,8160.451010409482,7723.868625911879,8543.836284371246,246811.0195587029,496.80078457939544
851,2019-11-03 00:50:00,2719.7583877563493,3065.6021101391416,2644.307978771065,3413.9832183721137,119607.88031158622,345.84372238279275
852,2019-11-03 06:50:00,991.950493150009,987.4422344811004,587.9753433798866,1417.6473767019877,20.324396225790913,4.508258668908752
853,2019-11-03 16:40:00,2162.430763606022,2362.3866518490927,2011.687609963099,2736.4067661442436,39982.35724307534,199.9558882430706
854,2019-11-03 17:20:00,1618.44350705828,1860.6798826782197,1461.0494800366182,2253.918225738409,58678.461673484424,242.2363756199395
855,2019-11-06 02:50:00,3142.097720336914,3069.782498987819,2634.2288045837045,3472.6549786144674,5229.49123876858,72.31522134909483
856,2019-11-06 22:10:00,1811.2941242218012,1873.4282771549565,1507.1740722237455,2316.427089785839,3860.6529607207303,62.13415293315529
857,2019-11-07 07:00:00,474.4642362356193,619.8224756255208,187.24487039648935,985.6168906359876,21129.017758531925,145.35823938990154
858,2019-11-07 14:00:00,2592.885172653199,2383.78266862346,2013.7959893072657,2812.772300476554,43723.85719150704,209.10250402973907
859,2019-11-08 00:50:00,748.9413617610942,793.3742927978747,425.31152782028664,1112.935822933265,1974.2853605192895,44.432931036780474
860,2019-11-09 01:30:00,2080.498676300049,2254.5068595335797,1835.78310707403,2655.0633924564218,30278.847832234056,174.00818323353087
861,2019-11-09 07:10:00,-11.640436709485943,-76.44207357033291,-508.6518243949917,383.7906255828869,4199.252139845081,64.80163686084697
862,2019-11-09 23:00:00,7645.58747100831,7527.528328595309,7150.517990771235,7891.108661775596,13937.96110729318,118.0591424130007
863,2019-11-11 19:00:00,9634.263243103042,9656.692446578934,9285.277536662665,10078.108672405118,503.06916856300126,22.42920347589279
864,2019-11-12 14:10:00,8201.55283813477,8074.280780457418,7628.106290116686,8507.547976929478,16198.176665427389,127.27205767735268
865,2019-11-13 03:40:00,3084.640356445314,3420.8888812314635,3036.716220947847,3763.52713739849,113063.07042086154,336.2485247861491
866,2019-11-13 09:30:00,2470.947028315695,2456.3909833079533,2134.502481398597,2863.5712185840134,211.8784462674075,14.556045007741886
867,2019-11-14 07:10:00,11661.23133239749,11582.382681743671,11083.481975928134,11958.776711406224,6217.109709927749,78.84865065381746
868,2019-11-14 23:00:00,1840.0106018066408,1791.007298455257,1421.1587026806994,2121.7708536913956,2401.323739347799,49.003303351384375
869,2019-11-15 02:10:00,1595.643220520019,1770.6173283592104,1406.1710848471328,2140.5962312600213,30615.938414121,174.97410783919145
870,2019-11-15 13:00:00,5721.310227966311,5553.032937182213,5167.4496975581305,5936.795831423947,28317.24659363591,168.2772907840981
871,2019-11-16 17:30:00,1377.114742708205,1311.3086345236998,938.5530996161808,1708.3131369272296,4330.443874390818,65.80610818450532
872,2019-11-16 21:10:00,1026.1548049926764,922.2266887370878,544.232951861789,1333.902241606297,10801.053348435147,103.92811625558863
873,2019-11-17 04:30:00,167.29922667965297,212.86744010080952,-237.42647404617568,625.8996607849476,2076.4620743960713,45.56821342115654
874,2019-11-17 19:00:00,5089.406484985354,5057.176540429267,4683.3630281924625,5392.054244676801,1038.7693260884744,32.2299445560875
875,2019-11-17 19:50:00,9186.37682189942,9029.28081604206,8706.316160199958,9433.09146508786,24679.15505633571,157.09600585736007
876,2019-11-18 02:30:00,6398.452835083009,6171.067158748099,5832.4683360781355,6514.33547043727,51704.24580228421,227.38567633490948
877,2019-11-19 12:40:00,740.340420675278,741.7995373291992,392.3525059130654,1102.0107908581283,2.129021409750281,1.459116653921228
878,2019-11-20 02:40:00,3172.003217315675,3102.226334773611,2706.988886004511,3468.961543144091,4868.81333728899,69.77688254206396
879,2019-11-21 03:40:00,1986.2451934814449,2092.736813776217,1721.3388430835384,2426.946021514769,11340.4651930059,106.49162029477202
880,2019-11-21 06:00:00,2808.5895587318832,2937.2012858255034,2571.048489258231,3291.369340699885,16540.976346003834,128.61172709362015
881,2019-11-21 14:10:00,2045.447157287598,1934.9400163812395,1583.7299868769146,2342.5077020021276,12211.828191297764,110.50714090635849
882,2019-11-21 22:40:00,5073.860538228359,4971.065470189716,4618.92396509151,5401.544244703131,10566.826013069236,102.79506803864297
883,2019-11-22 03:50:00,2412.023031234743,2511.792894333252,2124.673990932466,2887.912693642694,9954.025582695354,99.76986309850965
884,2019-11-23 17:40:00,5409.843507385251,5480.098230453381,5096.011747304667,5944.831715070406,4935.726113379675,70.25472306813026
885,2019-11-24 04:10:00,-5.732457629591228,-31.17736193413423,-436.9079546143244,406.4542071735576,647.443155067351,25.444904304543
886,2019-11-24 04:20:00,-5.099168187867829,-42.64380271473028,-461.47355902086537,333.54683028732586,1409.5995817556716,37.544634526862446
887,2019-11-24 18:40:00,1483.36215133667,1462.965619245039,1125.3966451540489,1825.7451988449145,416.0185213649287,20.39653209163089
888,2019-11-25 06:00:00,3657.310712432863,3607.647023482076,3249.524842802168,4004.380587008296,2466.482000200499,49.66368895078677
889,2019-11-26 19:10:00,3894.675488281252,4008.175973040299,3609.301558647626,4412.10845039454,12882.360040538691,113.50048475904714
890,2019-11-29 20:00:00,211.62688236844295,265.07294172488184,-167.49538869838688,707.2121644931244,2856.4812607319864,53.446059356438866
891,2019-11-30 11:20:00,806.48737745285,768.6062689059528,406.4653969621626,1121.3065942535293,1434.9783847418057,37.88110854689717
892,2019-11-30 23:10:00,1309.039168167114,1325.6464182237014,913.2934629345352,1745.7762301369987,275.8007544420303,16.607250056587645
893,2019-11-30 23:20:00,1514.128902435302,1446.783763990703,1088.2959594437252,1848.0378181555905,4535.367672122222,67.34513844459912
894,2019-12-01 02:10:00,2027.370493918972,1834.5809782833544,1456.054134990649,2244.8474403585187,37167.79733901604,192.7895156356176
895,2019-12-01 15:30:00,3733.381922912598,3648.7392886953103,3272.779777272804,4014.666224219425,7164.375527241554,84.64263421728765
896,2019-12-02 15:30:00,2335.20177307129,2590.599000179822,2245.40921848721,2980.6810188563013,65227.743614726714,255.3972271085313
897,2019-12-02 15:40:00,2134.019626617433,2240.485058821186,1880.2485585835373,2600.5877446615914,11334.88825433196,106.46543220375317
898,2019-12-02 19:10:00,3274.323885345459,3553.690218428836,3208.462162137584,3964.886690376212,78045.54806045258,279.3663330833774
899,2019-12-02 23:40:00,1761.552906036377,1733.923565839175,1404.770965132634,2063.135833839219,763.3804397327378,27.62934019720228
900,2019-12-03 00:00:00,1346.850616836548,1496.8055471020025,1190.5588564093805,1847.5818509238943,22486.481110917335,149.95493026545455
901,2019-12-03 12:20:00,1934.136097621919,1831.324060591136,1337.1808842374835,2203.878154605745,10570.31495841912,102.81203703078312
902,2019-12-03 22:30:00,1241.5722303670989,1168.5098905000762,747.7672838865508,1570.3286762284065,5338.105506844338,73.06233986702273
903,2019-12-04 00:10:00,6264.982986450196,6596.640176807755,6090.755091701695,7019.262855688163,109996.49191586988,331.65719035755865
904,2019-12-04 06:20:00,5180.474243927018,5483.1683256564875,5072.407141358399,5887.403258591697,91623.707114047,302.6940817294699
905,2019-12-05 07:30:00,4000.229353960821,3990.8486773599143,3546.5370268984375,4381.605820642517,87.99709349079575,9.380676600906554
906,2019-12-05 22:50:00,10243.90903015138,10463.536594553554,10074.303713024168,10834.70199523729,48236.267045230845,219.62756440217345
907,2019-12-06 03:40:00,11199.76219177247,11092.937634567124,10689.757765227288,11501.60329104538,11411.486022118548,106.82455720534745
908,2019-12-06 04:30:00,11595.45676269533,11522.47759884702,11165.71342182571,11848.686694911306,5325.958355998114,72.97916384830751
909,2019-12-06 11:10:00,10563.32224121094,10164.878959851749,9789.329059296586,10575.62842923488,158757.04846028172,398.44328135919386
910,2019-12-06 17:30:00,7825.621230838179,7712.694459182187,7292.269059567022,8110.883723199361,12752.455756644677,112.92677165599252
911,2019-12-07 10:00:00,4759.308172607427,4604.9702168638105,4256.269015916565,4985.935528191087,23820.204583118517,154.33795574361648
912,2019-12-08 02:20:00,12233.83635639393,12149.246605226104,11777.922721572128,12581.24570614212,7155.426002634541,84.58975116782494
913,2019-12-08 10:00:00,11830.68687744142,11712.413882607354,11235.359418280945,12080.871300103798,13988.501307019358,118.2729948340675
914,2019-12-08 10:30:00,11764.85112561679,11694.19746126406,11295.583867589929,12053.34172984214,4991.940286468319,70.65366435273063
915,2019-12-08 13:10:00,9329.10023040773,9857.965358943313,9436.966414071803,10241.15757875188,279698.3241809584,528.8651285355827
916,2019-12-08 14:00:00,11401.61970600331,11419.276888406264,11089.88467657528,11773.2509956746,311.7760904111339,17.657182402952458
917,2019-12-08 21:10:00,10623.49094543458,11001.396609305362,10663.499843911728,11380.625811469978,142812.69078561687,377.9056638707825
918,2019-12-09 01:40:00,8739.889143451916,8499.234995686134,8101.980398611052,8933.007373159937,57914.41883687527,240.6541477657829
919,2019-12-10 04:20:00,9054.07893371582,9181.03672288969,8807.979914173642,9592.200925358236,16118.280231916817,126.95778917386995
920,2019-12-11 03:50:00,2962.31617817126,2783.816862245233,2386.9298489572157,3115.290811910133,31862.00578605962,178.49931592602707
921,2019-12-12 02:10:00,4322.214920204566,4399.753994533176,4023.331837901714,4753.260259927922,6012.308047737814,77.5390743286107
922,2019-12-12 17:00:00,4010.134819793704,3974.8878920484776,3577.2234185521233,4333.161827658487,1242.3459154771826,35.246927745226
923,2019-12-12 17:20:00,4088.874734497072,3946.468260022938,3553.103974122563,4337.311374431267,20279.603972152316,142.40647447413448
924,2019-12-15 02:50:00,12220.5158569336,12073.427846499297,11718.518765293184,12465.446887082826,21634.882813522225,147.08801043430503
925,2019-12-15 15:40:00,4687.75862731934,4850.046443464115,4438.847983414271,5192.5207998405995,26337.33526904036,162.2878161447752
926,2019-12-16 02:00:00,6796.492906188967,7221.121601814477,6845.254605853356,7570.906860360972,180309.5291486219,424.62869562550986
927,2019-12-16 03:40:00,6035.111723327637,6110.554939033901,5727.818377465204,6501.401889755487,5691.678796101849,75.4432157062638
928,2019-12-17 07:40:00,-8.979338614456358,-33.69962526103441,-457.9379786182692,352.59654378254277,611.0925718889852,24.720286646578053
929,2019-12-18 04:00:00,725.7146373748782,811.9198902366147,414.6588855282188,1187.6904565998311,7431.345620955936,86.20525286173654
930,2019-12-18 07:30:00,1463.597943305969,1657.3412944853592,1305.5897995239854,2004.0315331852923,37536.48612622051,193.74335117939015
931,2019-12-19 01:20:00,9855.11854826275,9803.657121881495,9450.134165328816,10240.144018973144,2648.278405193471,51.46142638125639
932,2019-12-19 16:20:00,11677.41298924496,11659.228573964663,11306.565694812987,12030.866016510745,330.67295908622884,18.18441528029507
933,2019-12-20 00:00:00,6422.704567838973,6729.280588120127,6357.776196089032,7159.614202235726,93988.8562114302,306.57602028115343
934,2019-12-20 15:40:00,3552.647460937501,3907.9702816603094,3524.4057965606817,4279.649474700635,126254.3069264131,355.3228207228085
935,2019-12-21 23:30:00,1735.815238761903,2079.208092350381,1750.5395740817903,2408.2366112200725,117918.65189563768,343.3928535884777
936,2019-12-22 01:30:00,618.2449958205225,706.1759943326624,355.0388757261297,1040.1745036823995,7731.860499341953,87.93099851213992
937,2019-12-22 06:30:00,3041.021281814574,3103.312717157704,2727.7315971985417,3524.2495399595477,3880.2229171073654,62.29143534313016
938,2019-12-22 15:20:00,3106.044079971316,3154.1123827344463,2731.734721951341,3555.3646880157376,2310.5617305279607,48.068302763130305
939,2019-12-23 12:10:00,8008.88381347657,7532.214583186841,7105.952836512137,7876.527643923578,227213.5551050027,476.66923028972906
940,2019-12-23 12:30:00,7276.335729498616,6970.06343297581,6549.736236111204,7351.85650392613,93802.71961735297,306.27229652280494
941,2019-12-23 15:20:00,5095.767270660398,5003.980755205825,4613.720557359399,5301.813885557942,8424.764419292645,91.78651545457342
942,2019-12-23 17:00:00,5498.209964752201,4755.242939520836,4384.407976319874,5137.536894494556,552000.0005811444,742.9670252313654
943,2019-12-24 01:10:00,1255.25580368042,1363.391969849227,972.9150841491702,1801.634256766408,11693.430433687838,108.136166168807
944,2019-12-24 23:00:00,8261.789297485357,8189.482309567981,7801.221152695701,8552.282241653944,5228.30050168321,72.30698791737359
945,2019-12-25 19:40:00,186.25371232032774,183.36192301923452,-233.2390540957489,619.916089439406,8.362445361917167,2.891789301093212
946,2019-12-26 01:30:00,2253.072306823732,2000.060159315216,1638.7957299759769,2390.024379732128,64015.14678687101,253.0121475085159
947,2019-12-26 21:00:00,1769.3280616059901,1793.6332297794854,1377.9406808576407,2167.4957941316843,590.741199941878,24.305168173495076
948,2019-12-28 06:40:00,1475.281405305862,1479.3437125522487,1148.668763363783,1897.7950265727925,16.50234016404308,4.062307246386354
949,2019-12-28 08:30:00,4268.859545898438,3877.965823694464,3488.7083498461116,4238.194316095091,152797.90205847687,390.8937222039731
950,2019-12-28 14:20:00,3277.376710128788,3597.0297744221916,3207.361433968208,3989.3490359479033,102178.08151216275,319.65306429340353
951,2019-12-29 17:20:00,9207.753872680672,9058.657667002508,8668.608634277356,9443.3914361207,22229.678547625543,149.09620567816455
952,2019-12-29 20:00:00,3863.050305175782,3643.020077627531,3248.172033467804,4015.097019909248,48413.30103493526,220.03022754825133
953,2019-12-29 21:10:00,3517.04372329712,3326.4794293162936,2879.3513489153947,3678.71444612322,36314.75014041078,190.56429398082628
954,2019-12-30 02:10:00,5689.453976440431,5334.891237074958,4966.526238807532,5741.105831222443,125714.73614634844,354.56273936547313
955,2019-12-30 10:00:00,12080.19722315025,11534.07306085582,11122.45629637975,11923.1117500838,298251.6006417938,546.1241622944308
956,2019-12-31 01:10:00,891.6493960112336,842.2653651316754,454.46243718292254,1268.4435074115574,2438.782505913166,49.38403087955828
957,2019-12-31 03:20:00,2149.8644340515148,1994.5178174797757,1662.763601255423,2358.645870637007,24132.571280286928,155.3466165717391
958,2019-12-31 10:40:00,4437.707557678225,3973.4725164076135,3582.273815963909,4364.657893148005,215514.17354352583,464.23504127061096
959,2019-12-31 11:30:00,5085.775724792484,4918.668500970997,4565.8537761586995,5286.482272780437,27924.82425332439,167.1072238214865
960,2020-01-01 11:40:00,-6.168860664963729,-42.533757651147546,-430.25244045529655,310.5280774725675,1322.4057328157608,36.364896986183815
961,2020-01-01 12:00:00,-7.554303994559154,-67.77050435955712,-496.28231561873184,328.6342776158121,3625.990786397582,60.21620036499797
962,2020-01-02 14:50:00,11836.48797302247,11918.710606338827,11596.912724057163,12344.648750986757,6760.561429476272,82.22263331635804
963,2020-01-02 17:00:00,11291.621673584,11122.844911748518,10692.453903368583,11547.394651243996,28485.595335671907,168.77676183548465
964,2020-01-03 03:30:00,2095.548024559021,2103.4885306129627,1730.4604629737692,2565.587719813521,63.05163639268304,7.94050605394159
965,2020-01-03 19:20:00,4843.641767883298,4841.454540971754,4411.338595466322,5252.515902569736,4.783961562581443,2.187226911543803
966,2020-01-04 07:50:00,3643.01095275879,3429.637662460444,3077.5269965038487,3799.112712977627,45528.161012742275,213.3732902983461
967,2020-01-04 08:20:00,2748.890844726563,2725.530273746666,2306.2739795588104,3148.600781006311,545.7162765067915,23.360570979896693
968,2020-01-04 17:00:00,1832.4270957946778,1872.4136694061517,1495.953838019025,2250.859844382646,1598.9260691857835,39.98657361147343
969,2020-01-04 17:10:00,1513.765558815003,1583.587493846775,1171.201861411151,1973.6376685200612,4875.102611580958,69.82193503177177
970,2020-01-05 01:40:00,2201.993886375428,1876.9467082470053,1509.411224588716,2294.510056624279,105655.66800925042,325.0471781284225
971,2020-01-05 19:00:00,3786.2119087219253,3740.489203957524,3412.2156736743227,4130.771744635145,2090.5657309725766,45.72270476440099
972,2020-01-05 23:30:00,3525.823420715333,3119.2813941070144,2718.681892120257,3537.8812719251914,165276.419398799,406.5420266083188
973,2020-01-06 16:50:00,9063.478414916997,9010.315911042013,8621.891681203517,9362.497022546362,2826.251818257924,53.162503874986214
974,2020-01-07 01:40:00,4641.6730537414505,4512.378768387229,4161.915472527559,4900.83876306396,16717.012225259157,129.2942853542227
975,2020-01-07 16:40:00,12067.018182373049,11955.33256172726,11515.732666802953,12308.086072787251,12473.677859035844,111.68562064579235
976,2020-01-09 07:10:00,11322.2587036133,11662.54787169202,11284.877277976944,12057.261387300783,115796.71791170842,340.28916807872156
977,2020-01-10 05:40:00,2989.8271364212032,2824.9717052646133,2467.9333083087627,3305.5236763824,27177.31318182516,164.85543115658993
978,2020-01-10 08:40:00,2345.577008628846,2261.663463626921,1882.214120785524,2613.7453161450067,7041.48303479014,83.91354500192529
979,2020-01-12 17:10:00,1327.326287344882,1307.4074017624532,973.389846174602,1606.968714671587,396.7620028458922,19.918885582428857
980,2020-01-12 22:50:00,5317.683062744141,4889.988573627517,4554.180513170265,5279.342789453848,182922.57602073,427.694489116624
981,2020-01-13 11:40:00,10702.14605712891,11253.696748699123,10899.795104908066,11650.651819901506,304208.1653715808,551.5506915702135
982,2020-01-13 21:10:00,9573.65382690431,9641.79601978616,9331.946978686305,9991.01270467594,4643.358450747366,68.14219288185086
983,2020-01-13 22:40:00,10086.5305053711,9951.703613385682,9603.304359606424,10300.7954313503,18178.29080244711,134.8268919854163
984,2020-01-14 19:20:00,12111.53469238282,12102.32367360537,11697.202967550957,12571.735478072347,84.84286691851386,9.211018777448771
985,2020-01-14 20:20:00,11874.04497070313,11708.373888481276,11358.462614801863,12125.348999269878,27446.907484559637,165.67108222185198
986,2020-01-15 10:40:00,7125.801713925325,7293.825516859226,6867.284778981865,7643.460480182395,28231.998352370298,168.0238029339007
987,2020-01-15 19:10:00,8391.381994628904,8096.336951737237,7635.030111211926,8457.19902246681,87051.57733494588,295.04504289166744
988,2020-01-16 06:50:00,9905.38412475588,9733.943589755225,9357.822507149358,10257.690449118703,29391.85704131191,171.4405350006582
989,2020-01-16 07:00:00,9801.18721923828,9771.19000947436,9385.076188991528,10166.6156253006,899.8325936206284,29.997209763920186
990,2020-01-16 07:10:00,9219.21846618655,8936.391563469515,8522.13350479556,9309.71285908409,79991.05690051141,282.8269027170354
991,2020-01-16 12:50:00,12212.52991333008,12157.443096691344,11655.386306764249,12635.680977933358,3034.557367389655,55.0868166387354
992,2020-01-16 16:20:00,11638.6275756836,11674.313784989006,11292.68807209469,12170.43462025184,1273.5055345892465,35.68620930540601
993,2020-01-17 02:50:00,3148.12297138415,3082.597590981547,2667.9221943066714,3518.495134228096,4293.575476905813,65.52538040260288
994,2020-01-17 19:50:00,3095.70368309021,2810.327839425649,2376.22291860006,3249.904684495112,81439.37214726009,285.3758436645612
995,2020-01-18 04:00:00,7006.337445068358,7042.425518164626,6636.317170393732,7455.925403947423,1302.3490198015231,36.08807309626718
996,2020-01-18 10:10:00,1580.7436723709109,1504.7348917240693,1078.7770668055823,1911.343419034822,5777.3347354197185,76.00878064684184
997,2020-01-18 12:20:00,3126.347232055665,3118.6580097945853,2753.215960691155,3539.420165819892,59.12413898028087,7.689222261079522
998,2020-01-20 03:10:00,5470.605233036616,6021.6700977882,5587.630727623565,6369.213542786211,303672.48516368214,551.0648647515845
999,2020-01-20 15:30:00,373.6614736318589,409.5608673983339,-7.776513142902533,760.130059257698,1288.7664728004313,35.8993937664751
